AoA,Re,U_inf,ambient_pressure_Pa,case,fn,fp,min_pred_margin_Pa,min_truth_margin_Pa,model,naca,pred_risky_fraction,tn,tp,truth_risky_fraction
-4.0,100000.0,0.09999999999999999,2500.0,case_161,0,0,195.72216796875,193.923583984375,unet,0018,0.0,7970,0,0.0
-4.0,100000.0,0.09999999999999999,3000.0,case_161,0,0,695.72216796875,693.923583984375,unet,0018,0.0,7970,0,0.0
-4.0,100000.0,0.09999999999999999,5000.0,case_161,0,0,2695.72216796875,2693.923828125,unet,0018,0.0,7970,0,0.0
-4.0,100000.0,0.09999999999999999,10000.0,case_161,0,0,7695.7216796875,7693.923828125,unet,0018,0.0,7970,0,0.0
-4.0,100000.0,0.09999999999999999,25000.0,case_161,0,0,22695.72265625,22693.923828125,unet,0018,0.0,7970,0,0.0
-4.0,100000.0,0.09999999999999999,101325.0,case_161,0,0,99020.71875,99018.921875,unet,0018,0.0,7970,0,0.0
-4.0,200000.0,0.19999999999999998,2500.0,case_162,0,0,182.88916015625,175.363525390625,unet,0018,0.0,7970,0,0.0
-4.0,200000.0,0.19999999999999998,3000.0,case_162,0,0,682.88916015625,675.363525390625,unet,0018,0.0,7970,0,0.0
-4.0,200000.0,0.19999999999999998,5000.0,case_162,0,0,2682.88916015625,2675.36376953125,unet,0018,0.0,7970,0,0.0
-4.0,200000.0,0.19999999999999998,10000.0,case_162,0,0,7682.888671875,7675.36328125,unet,0018,0.0,7970,0,0.0
-4.0,200000.0,0.19999999999999998,25000.0,case_162,0,0,22682.888671875,22675.36328125,unet,0018,0.0,7970,0,0.0
-4.0,200000.0,0.19999999999999998,101325.0,case_162,0,0,99007.890625,99000.3671875,unet,0018,0.0,7970,0,0.0
-4.0,500000.0,0.5,2500.0,case_163,0,0,93.0634765625,46.363525390625,unet,0018,0.0,7970,0,0.0
-4.0,500000.0,0.5,3000.0,case_163,0,0,593.0634765625,546.363525390625,unet,0018,0.0,7970,0,0.0
-4.0,500000.0,0.5,5000.0,case_163,0,0,2593.0634765625,2546.36376953125,unet,0018,0.0,7970,0,0.0
-4.0,500000.0,0.5,10000.0,case_163,0,0,7593.0634765625,7546.36328125,unet,0018,0.0,7970,0,0.0
-4.0,500000.0,0.5,25000.0,case_163,0,0,22593.0625,22546.36328125,unet,0018,0.0,7970,0,0.0
-4.0,500000.0,0.5,101325.0,case_163,0,0,98918.0625,98871.3671875,unet,0018,0.0,7970,0,0.0
-4.0,1000000.0,1.0,2500.0,case_164,202,107,-227.701416015625,-416.660400390625,unet,0018,0.013425345043914681,7661,0,0.02534504391468005
-4.0,1000000.0,1.0,3000.0,case_164,0,0,272.298583984375,83.339599609375,unet,0018,0.0,7970,0,0.0
-4.0,1000000.0,1.0,5000.0,case_164,0,0,2272.298828125,2083.33935546875,unet,0018,0.0,7970,0,0.0
-4.0,1000000.0,1.0,10000.0,case_164,0,0,7272.298828125,7083.33984375,unet,0018,0.0,7970,0,0.0
-4.0,1000000.0,1.0,25000.0,case_164,0,0,22272.298828125,22083.33984375,unet,0018,0.0,7970,0,0.0
-4.0,1000000.0,1.0,101325.0,case_164,0,0,98597.296875,98408.3359375,unet,0018,0.0,7970,0,0.0
-2.0,100000.0,0.09999999999999999,2500.0,case_165,0,0,195.721923828125,195.628173828125,unet,0018,0.0,7970,0,0.0
-2.0,100000.0,0.09999999999999999,3000.0,case_165,0,0,695.721923828125,695.628173828125,unet,0018,0.0,7970,0,0.0
-2.0,100000.0,0.09999999999999999,5000.0,case_165,0,0,2695.72216796875,2695.62841796875,unet,0018,0.0,7970,0,0.0
-2.0,100000.0,0.09999999999999999,10000.0,case_165,0,0,7695.7216796875,7695.6279296875,unet,0018,0.0,7970,0,0.0
-2.0,100000.0,0.09999999999999999,25000.0,case_165,0,0,22695.72265625,22695.62890625,unet,0018,0.0,7970,0,0.0
-2.0,100000.0,0.09999999999999999,101325.0,case_165,0,0,99020.71875,99020.625,unet,0018,0.0,7970,0,0.0
-2.0,200000.0,0.19999999999999998,2500.0,case_166,0,0,182.888427734375,182.422119140625,unet,0018,0.0,7970,0,0.0
-2.0,200000.0,0.19999999999999998,3000.0,case_166,0,0,682.888427734375,682.422119140625,unet,0018,0.0,7970,0,0.0
-2.0,200000.0,0.19999999999999998,5000.0,case_166,0,0,2682.88818359375,2682.42236328125,unet,0018,0.0,7970,0,0.0
-2.0,200000.0,0.19999999999999998,10000.0,case_166,0,0,7682.888671875,7682.421875,unet,0018,0.0,7970,0,0.0
-2.0,200000.0,0.19999999999999998,25000.0,case_166,0,0,22682.888671875,22682.421875,unet,0018,0.0,7970,0,0.0
-2.0,200000.0,0.19999999999999998,101325.0,case_166,0,0,99007.890625,99007.421875,unet,0018,0.0,7970,0,0.0
-2.0,500000.0,0.5,2500.0,case_167,0,0,93.058837890625,89.1865234375,unet,0018,0.0,7970,0,0.0
-2.0,500000.0,0.5,3000.0,case_167,0,0,593.058837890625,589.1865234375,unet,0018,0.0,7970,0,0.0
-2.0,500000.0,0.5,5000.0,case_167,0,0,2593.05908203125,2589.1865234375,unet,0018,0.0,7970,0,0.0
-2.0,500000.0,0.5,10000.0,case_167,0,0,7593.05859375,7589.1865234375,unet,0018,0.0,7970,0,0.0
-2.0,500000.0,0.5,25000.0,case_167,0,0,22593.05859375,22589.1875,unet,0018,0.0,7970,0,0.0
-2.0,500000.0,0.5,101325.0,case_167,0,0,98918.0625,98914.1875,unet,0018,0.0,7970,0,0.0
-2.0,1000000.0,1.0,2500.0,case_168,118,107,-227.71875,-244.521240234375,unet,0018,0.013425345043914681,7745,0,0.014805520702634882
-2.0,1000000.0,1.0,3000.0,case_168,0,0,272.28125,255.478759765625,unet,0018,0.0,7970,0,0.0
-2.0,1000000.0,1.0,5000.0,case_168,0,0,2272.28125,2255.47900390625,unet,0018,0.0,7970,0,0.0
-2.0,1000000.0,1.0,10000.0,case_168,0,0,7272.28125,7255.478515625,unet,0018,0.0,7970,0,0.0
-2.0,1000000.0,1.0,25000.0,case_168,0,0,22272.28125,22255.478515625,unet,0018,0.0,7970,0,0.0
-2.0,1000000.0,1.0,101325.0,case_168,0,0,98597.28125,98580.4765625,unet,0018,0.0,7970,0,0.0
0.0,100000.0,0.09999999999999999,2500.0,case_169,0,0,195.721923828125,196.777587890625,unet,0018,0.0,7970,0,0.0
0.0,100000.0,0.09999999999999999,3000.0,case_169,0,0,695.721923828125,696.777587890625,unet,0018,0.0,7970,0,0.0
0.0,100000.0,0.09999999999999999,5000.0,case_169,0,0,2695.7216796875,2696.77734375,unet,0018,0.0,7970,0,0.0
0.0,100000.0,0.09999999999999999,10000.0,case_169,0,0,7695.7216796875,7696.77734375,unet,0018,0.0,7970,0,0.0
0.0,100000.0,0.09999999999999999,25000.0,case_169,0,0,22695.72265625,22696.77734375,unet,0018,0.0,7970,0,0.0
0.0,100000.0,0.09999999999999999,101325.0,case_169,0,0,99020.71875,99021.78125,unet,0018,0.0,7970,0,0.0
0.0,200000.0,0.19999999999999998,2500.0,case_170,0,0,182.8876953125,187.0283203125,unet,0018,0.0,7970,0,0.0
0.0,200000.0,0.19999999999999998,3000.0,case_170,0,0,682.8876953125,687.0283203125,unet,0018,0.0,7970,0,0.0
0.0,200000.0,0.19999999999999998,5000.0,case_170,0,0,2682.8876953125,2687.0283203125,unet,0018,0.0,7970,0,0.0
0.0,200000.0,0.19999999999999998,10000.0,case_170,0,0,7682.8876953125,7687.0283203125,unet,0018,0.0,7970,0,0.0
0.0,200000.0,0.19999999999999998,25000.0,case_170,0,0,22682.88671875,22687.029296875,unet,0018,0.0,7970,0,0.0
0.0,200000.0,0.19999999999999998,101325.0,case_170,0,0,99007.890625,99012.03125,unet,0018,0.0,7970,0,0.0
0.0,500000.0,0.5,2500.0,case_171,0,0,93.054443359375,118.266845703125,unet,0018,0.0,7970,0,0.0
0.0,500000.0,0.5,3000.0,case_171,0,0,593.054443359375,618.266845703125,unet,0018,0.0,7970,0,0.0
0.0,500000.0,0.5,5000.0,case_171,0,0,2593.0546875,2618.2666015625,unet,0018,0.0,7970,0,0.0
0.0,500000.0,0.5,10000.0,case_171,0,0,7593.0546875,7618.2666015625,unet,0018,0.0,7970,0,0.0
0.0,500000.0,0.5,25000.0,case_171,0,0,22593.0546875,22618.267578125,unet,0018,0.0,7970,0,0.0
0.0,500000.0,0.5,101325.0,case_171,0,0,98918.0546875,98943.265625,unet,0018,0.0,7970,0,0.0
0.0,1000000.0,1.0,2500.0,case_172,49,87,-227.736328125,-127.8173828125,unet,0018,0.013425345043914681,7814,20,0.008657465495608531
0.0,1000000.0,1.0,3000.0,case_172,0,0,272.263671875,372.1826171875,unet,0018,0.0,7970,0,0.0
0.0,1000000.0,1.0,5000.0,case_172,0,0,2272.263671875,2372.1826171875,unet,0018,0.0,7970,0,0.0
0.0,1000000.0,1.0,10000.0,case_172,0,0,7272.263671875,7372.1826171875,unet,0018,0.0,7970,0,0.0
0.0,1000000.0,1.0,25000.0,case_172,0,0,22272.263671875,22372.18359375,unet,0018,0.0,7970,0,0.0
0.0,1000000.0,1.0,101325.0,case_172,0,0,98597.265625,98697.1796875,unet,0018,0.0,7970,0,0.0
2.0,100000.0,0.09999999999999999,2500.0,case_173,0,0,195.7216796875,196.198974609375,unet,0018,0.0,7970,0,0.0
2.0,100000.0,0.09999999999999999,3000.0,case_173,0,0,695.7216796875,696.198974609375,unet,0018,0.0,7970,0,0.0
2.0,100000.0,0.09999999999999999,5000.0,case_173,0,0,2695.7216796875,2696.19921875,unet,0018,0.0,7970,0,0.0
2.0,100000.0,0.09999999999999999,10000.0,case_173,0,0,7695.7216796875,7696.19921875,unet,0018,0.0,7970,0,0.0
2.0,100000.0,0.09999999999999999,25000.0,case_173,0,0,22695.720703125,22696.19921875,unet,0018,0.0,7970,0,0.0
2.0,100000.0,0.09999999999999999,101325.0,case_173,0,0,99020.71875,99021.1953125,unet,0018,0.0,7970,0,0.0
2.0,200000.0,0.19999999999999998,2500.0,case_174,0,0,182.886962890625,184.7294921875,unet,0018,0.0,7970,0,0.0
2.0,200000.0,0.19999999999999998,3000.0,case_174,0,0,682.886962890625,684.7294921875,unet,0018,0.0,7970,0,0.0
2.0,200000.0,0.19999999999999998,5000.0,case_174,0,0,2682.88671875,2684.7294921875,unet,0018,0.0,7970,0,0.0
2.0,200000.0,0.19999999999999998,10000.0,case_174,0,0,7682.88671875,7684.7294921875,unet,0018,0.0,7970,0,0.0
2.0,200000.0,0.19999999999999998,25000.0,case_174,0,0,22682.88671875,22684.728515625,unet,0018,0.0,7970,0,0.0
2.0,200000.0,0.19999999999999998,101325.0,case_174,0,0,99007.890625,99009.7265625,unet,0018,0.0,7970,0,0.0
2.0,500000.0,0.5,2500.0,case_175,0,0,93.050048828125,104.596435546875,unet,0018,0.0,7970,0,0.0
2.0,500000.0,0.5,3000.0,case_175,0,0,593.050048828125,604.596435546875,unet,0018,0.0,7970,0,0.0
2.0,500000.0,0.5,5000.0,case_175,0,0,2593.0498046875,2604.5966796875,unet,0018,0.0,7970,0,0.0
2.0,500000.0,0.5,10000.0,case_175,0,0,7593.0498046875,7604.5966796875,unet,0018,0.0,7970,0,0.0
2.0,500000.0,0.5,25000.0,case_175,0,0,22593.05078125,22604.595703125,unet,0018,0.0,7970,0,0.0
2.0,500000.0,0.5,101325.0,case_175,0,0,98918.046875,98929.59375,unet,0018,0.0,7970,0,0.0
2.0,1000000.0,1.0,2500.0,case_176,7,39,-227.75390625,-181.80224609375,unet,0018,0.013550815558343789,7855,69,0.009535759096612296
2.0,1000000.0,1.0,3000.0,case_176,0,0,272.24609375,318.19775390625,unet,0018,0.0,7970,0,0.0
2.0,1000000.0,1.0,5000.0,case_176,0,0,2272.24609375,2318.19775390625,unet,0018,0.0,7970,0,0.0
2.0,1000000.0,1.0,10000.0,case_176,0,0,7272.24609375,7318.1982421875,unet,0018,0.0,7970,0,0.0
2.0,1000000.0,1.0,25000.0,case_176,0,0,22272.24609375,22318.197265625,unet,0018,0.0,7970,0,0.0
2.0,1000000.0,1.0,101325.0,case_176,0,0,98597.2421875,98643.1953125,unet,0018,0.0,7970,0,0.0
4.0,100000.0,0.09999999999999999,2500.0,case_177,0,0,195.721435546875,194.564697265625,unet,0018,0.0,7970,0,0.0
4.0,100000.0,0.09999999999999999,3000.0,case_177,0,0,695.721435546875,694.564697265625,unet,0018,0.0,7970,0,0.0
4.0,100000.0,0.09999999999999999,5000.0,case_177,0,0,2695.7216796875,2694.56494140625,unet,0018,0.0,7970,0,0.0
4.0,100000.0,0.09999999999999999,10000.0,case_177,0,0,7695.7216796875,7694.564453125,unet,0018,0.0,7970,0,0.0
4.0,100000.0,0.09999999999999999,25000.0,case_177,0,0,22695.720703125,22694.564453125,unet,0018,0.0,7970,0,0.0
4.0,100000.0,0.09999999999999999,101325.0,case_177,0,0,99020.71875,99019.5625,unet,0018,0.0,7970,0,0.0
4.0,200000.0,0.19999999999999998,2500.0,case_178,0,0,182.88623046875,178.11181640625,unet,0018,0.0,7970,0,0.0
4.0,200000.0,0.19999999999999998,3000.0,case_178,0,0,682.88623046875,678.11181640625,unet,0018,0.0,7970,0,0.0
4.0,200000.0,0.19999999999999998,5000.0,case_178,0,0,2682.88623046875,2678.11181640625,unet,0018,0.0,7970,0,0.0
4.0,200000.0,0.19999999999999998,10000.0,case_178,0,0,7682.8857421875,7678.1123046875,unet,0018,0.0,7970,0,0.0
4.0,200000.0,0.19999999999999998,25000.0,case_178,0,0,22682.88671875,22678.111328125,unet,0018,0.0,7970,0,0.0
4.0,200000.0,0.19999999999999998,101325.0,case_178,0,0,99007.8828125,99003.109375,unet,0018,0.0,7970,0,0.0
4.0,500000.0,0.5,2500.0,case_179,0,0,93.045654296875,62.71044921875,unet,0018,0.0,7970,0,0.0
4.0,500000.0,0.5,3000.0,case_179,0,0,593.045654296875,562.71044921875,unet,0018,0.0,7970,0,0.0
4.0,500000.0,0.5,5000.0,case_179,0,0,2593.04541015625,2562.71044921875,unet,0018,0.0,7970,0,0.0
4.0,500000.0,0.5,10000.0,case_179,0,0,7593.0458984375,7562.7109375,unet,0018,0.0,7970,0,0.0
4.0,500000.0,0.5,25000.0,case_179,0,0,22593.044921875,22562.7109375,unet,0018,0.0,7970,0,0.0
4.0,500000.0,0.5,101325.0,case_179,0,0,98918.046875,98887.7109375,unet,0018,0.0,7970,0,0.0
4.0,1000000.0,1.0,2500.0,case_180,35,3,-227.771484375,-349.804931640625,unet,0018,0.013550815558343789,7827,105,0.01756587202007528
4.0,1000000.0,1.0,3000.0,case_180,0,0,272.228515625,150.195068359375,unet,0018,0.0,7970,0,0.0
4.0,1000000.0,1.0,5000.0,case_180,0,0,2272.228515625,2150.19482421875,unet,0018,0.0,7970,0,0.0
4.0,1000000.0,1.0,10000.0,case_180,0,0,7272.228515625,7150.1953125,unet,0018,0.0,7970,0,0.0
4.0,1000000.0,1.0,25000.0,case_180,0,0,22272.228515625,22150.1953125,unet,0018,0.0,7970,0,0.0
4.0,1000000.0,1.0,101325.0,case_180,0,0,98597.2265625,98475.1953125,unet,0018,0.0,7970,0,0.0
6.0,100000.0,0.09999999999999999,2500.0,case_181,0,0,195.72119140625,192.713623046875,unet,0018,0.0,7970,0,0.0
6.0,100000.0,0.09999999999999999,3000.0,case_181,0,0,695.72119140625,692.713623046875,unet,0018,0.0,7970,0,0.0
6.0,100000.0,0.09999999999999999,5000.0,case_181,0,0,2695.72119140625,2692.7138671875,unet,0018,0.0,7970,0,0.0
6.0,100000.0,0.09999999999999999,10000.0,case_181,0,0,7695.7216796875,7692.7138671875,unet,0018,0.0,7970,0,0.0
6.0,100000.0,0.09999999999999999,25000.0,case_181,0,0,22695.720703125,22692.712890625,unet,0018,0.0,7970,0,0.0
6.0,100000.0,0.09999999999999999,101325.0,case_181,0,0,99020.71875,99017.7109375,unet,0018,0.0,7970,0,0.0
6.0,200000.0,0.19999999999999998,2500.0,case_182,0,0,182.885498046875,170.652587890625,unet,0018,0.0,7970,0,0.0
6.0,200000.0,0.19999999999999998,3000.0,case_182,0,0,682.885498046875,670.652587890625,unet,0018,0.0,7970,0,0.0
6.0,200000.0,0.19999999999999998,5000.0,case_182,0,0,2682.88525390625,2670.65283203125,unet,0018,0.0,7970,0,0.0
6.0,200000.0,0.19999999999999998,10000.0,case_182,0,0,7682.8857421875,7670.65234375,unet,0018,0.0,7970,0,0.0
6.0,200000.0,0.19999999999999998,25000.0,case_182,0,0,22682.884765625,22670.65234375,unet,0018,0.0,7970,0,0.0
6.0,200000.0,0.19999999999999998,101325.0,case_182,0,0,99007.8828125,98995.65625,unet,0018,0.0,7970,0,0.0
6.0,500000.0,0.5,2500.0,case_183,0,0,93.041015625,15.696533203125,unet,0018,0.0,7970,0,0.0
6.0,500000.0,0.5,3000.0,case_183,0,0,593.041015625,515.696533203125,unet,0018,0.0,7970,0,0.0
6.0,500000.0,0.5,5000.0,case_183,0,0,2593.041015625,2515.6962890625,unet,0018,0.0,7970,0,0.0
6.0,500000.0,0.5,10000.0,case_183,0,0,7593.041015625,7515.6962890625,unet,0018,0.0,7970,0,0.0
6.0,500000.0,0.5,25000.0,case_183,0,0,22593.041015625,22515.697265625,unet,0018,0.0,7970,0,0.0
6.0,500000.0,0.5,101325.0,case_183,0,0,98918.0390625,98840.6953125,unet,0018,0.0,7970,0,0.0
6.0,1000000.0,1.0,2500.0,case_184,121,1,-227.789306640625,-538.44677734375,unet,0018,0.013676286072772898,7740,108,0.028732747804265997
6.0,1000000.0,1.0,3000.0,case_184,1,0,272.210693359375,-38.44677734375,unet,0018,0.0,7969,0,0.00012547051442910915
6.0,1000000.0,1.0,5000.0,case_184,0,0,2272.2109375,1961.55322265625,unet,0018,0.0,7970,0,0.0
6.0,1000000.0,1.0,10000.0,case_184,0,0,7272.2109375,6961.552734375,unet,0018,0.0,7970,0,0.0
6.0,1000000.0,1.0,25000.0,case_184,0,0,22272.2109375,21961.552734375,unet,0018,0.0,7970,0,0.0
6.0,1000000.0,1.0,101325.0,case_184,0,0,98597.2109375,98286.5546875,unet,0018,0.0,7970,0,0.0
8.0,100000.0,0.09999999999999999,2500.0,case_185,0,0,195.72119140625,190.0263671875,unet,0018,0.0,7970,0,0.0
8.0,100000.0,0.09999999999999999,3000.0,case_185,0,0,695.72119140625,690.0263671875,unet,0018,0.0,7970,0,0.0
8.0,100000.0,0.09999999999999999,5000.0,case_185,0,0,2695.72119140625,2690.0263671875,unet,0018,0.0,7970,0,0.0
8.0,100000.0,0.09999999999999999,10000.0,case_185,0,0,7695.720703125,7690.0263671875,unet,0018,0.0,7970,0,0.0
8.0,100000.0,0.09999999999999999,25000.0,case_185,0,0,22695.720703125,22690.02734375,unet,0018,0.0,7970,0,0.0
8.0,100000.0,0.09999999999999999,101325.0,case_185,0,0,99020.71875,99015.0234375,unet,0018,0.0,7970,0,0.0
8.0,200000.0,0.19999999999999998,2500.0,case_186,0,0,182.884765625,161.822265625,unet,0018,0.0,7970,0,0.0
8.0,200000.0,0.19999999999999998,3000.0,case_186,0,0,682.884765625,661.822265625,unet,0018,0.0,7970,0,0.0
8.0,200000.0,0.19999999999999998,5000.0,case_186,0,0,2682.884765625,2661.822265625,unet,0018,0.0,7970,0,0.0
8.0,200000.0,0.19999999999999998,10000.0,case_186,0,0,7682.884765625,7661.822265625,unet,0018,0.0,7970,0,0.0
8.0,200000.0,0.19999999999999998,25000.0,case_186,0,0,22682.884765625,22661.822265625,unet,0018,0.0,7970,0,0.0
8.0,200000.0,0.19999999999999998,101325.0,case_186,0,0,99007.8828125,98986.8203125,unet,0018,0.0,7970,0,0.0
8.0,500000.0,0.5,2500.0,case_187,3,0,93.03662109375,-40.1259765625,unet,0018,0.0,7967,0,0.0003764115432873275
8.0,500000.0,0.5,3000.0,case_187,0,0,593.03662109375,459.8740234375,unet,0018,0.0,7970,0,0.0
8.0,500000.0,0.5,5000.0,case_187,0,0,2593.03662109375,2459.8740234375,unet,0018,0.0,7970,0,0.0
8.0,500000.0,0.5,10000.0,case_187,0,0,7593.037109375,7459.8740234375,unet,0018,0.0,7970,0,0.0
8.0,500000.0,0.5,25000.0,case_187,0,0,22593.037109375,22459.873046875,unet,0018,0.0,7970,0,0.0
8.0,500000.0,0.5,101325.0,case_187,0,0,98918.0390625,98784.875,unet,0018,0.0,7970,0,0.0
8.0,1000000.0,1.0,2500.0,case_188,213,0,-227.806396484375,-763.091796875,unet,0018,0.013676286072772898,7648,109,0.04040150564617315
8.0,1000000.0,1.0,3000.0,case_188,7,0,272.193603515625,-263.091796875,unet,0018,0.0,7963,0,0.0008782936010037642
8.0,1000000.0,1.0,5000.0,case_188,0,0,2272.193359375,1736.908203125,unet,0018,0.0,7970,0,0.0
8.0,1000000.0,1.0,10000.0,case_188,0,0,7272.193359375,6736.908203125,unet,0018,0.0,7970,0,0.0
8.0,1000000.0,1.0,25000.0,case_188,0,0,22272.193359375,21736.908203125,unet,0018,0.0,7970,0,0.0
8.0,1000000.0,1.0,101325.0,case_188,0,0,98597.1953125,98061.90625,unet,0018,0.0,7970,0,0.0
10.0,100000.0,0.09999999999999999,2500.0,case_189,0,0,195.720947265625,186.980712890625,unet,0018,0.0,7970,0,0.0
10.0,100000.0,0.09999999999999999,3000.0,case_189,0,0,695.720947265625,686.980712890625,unet,0018,0.0,7970,0,0.0
10.0,100000.0,0.09999999999999999,5000.0,case_189,0,0,2695.720703125,2686.98095703125,unet,0018,0.0,7970,0,0.0
10.0,100000.0,0.09999999999999999,10000.0,case_189,0,0,7695.720703125,7686.98046875,unet,0018,0.0,7970,0,0.0
10.0,100000.0,0.09999999999999999,25000.0,case_189,0,0,22695.720703125,22686.98046875,unet,0018,0.0,7970,0,0.0
10.0,100000.0,0.09999999999999999,101325.0,case_189,0,0,99020.71875,99011.984375,unet,0018,0.0,7970,0,0.0
10.0,200000.0,0.19999999999999998,2500.0,case_190,0,0,182.884033203125,147.224365234375,unet,0018,0.0,7970,0,0.0
10.0,200000.0,0.19999999999999998,3000.0,case_190,0,0,682.884033203125,647.224365234375,unet,0018,0.0,7970,0,0.0
10.0,200000.0,0.19999999999999998,5000.0,case_190,0,0,2682.8837890625,2647.224609375,unet,0018,0.0,7970,0,0.0
10.0,200000.0,0.19999999999999998,10000.0,case_190,0,0,7682.8837890625,7647.224609375,unet,0018,0.0,7970,0,0.0
10.0,200000.0,0.19999999999999998,25000.0,case_190,0,0,22682.884765625,22647.224609375,unet,0018,0.0,7970,0,0.0
10.0,200000.0,0.19999999999999998,101325.0,case_190,0,0,99007.8828125,98972.2265625,unet,0018,0.0,7970,0,0.0
10.0,500000.0,0.5,2500.0,case_191,7,0,93.0322265625,-119.437744140625,unet,0018,0.0,7963,0,0.0008782936010037642
10.0,500000.0,0.5,3000.0,case_191,0,0,593.0322265625,380.562255859375,unet,0018,0.0,7970,0,0.0
10.0,500000.0,0.5,5000.0,case_191,0,0,2593.0322265625,2380.56201171875,unet,0018,0.0,7970,0,0.0
10.0,500000.0,0.5,10000.0,case_191,0,0,7593.0322265625,7380.5625,unet,0018,0.0,7970,0,0.0
10.0,500000.0,0.5,25000.0,case_191,0,0,22593.03125,22380.5625,unet,0018,0.0,7970,0,0.0
10.0,500000.0,0.5,101325.0,case_191,0,0,98918.03125,98705.5625,unet,0018,0.0,7970,0,0.0
10.0,1000000.0,1.0,2500.0,case_192,318,0,-227.823974609375,-1081.6754150390625,unet,0018,0.013676286072772898,7543,109,0.05357590966122961
10.0,1000000.0,1.0,3000.0,case_192,15,0,272.176025390625,-581.6754150390625,unet,0018,0.0,7955,0,0.0018820577164366374
10.0,1000000.0,1.0,5000.0,case_192,0,0,2272.17626953125,1418.32470703125,unet,0018,0.0,7970,0,0.0
10.0,1000000.0,1.0,10000.0,case_192,0,0,7272.17578125,6418.32421875,unet,0018,0.0,7970,0,0.0
10.0,1000000.0,1.0,25000.0,case_192,0,0,22272.17578125,21418.32421875,unet,0018,0.0,7970,0,0.0
10.0,1000000.0,1.0,101325.0,case_192,0,0,98597.1796875,97743.328125,unet,0018,0.0,7970,0,0.0
-4.0,100000.0,0.09999999999999999,2500.0,case_321,0,0,194.475341796875,195.163818359375,unet,4418,0.0,7975,0,0.0
-4.0,100000.0,0.09999999999999999,3000.0,case_321,0,0,694.475341796875,695.163818359375,unet,4418,0.0,7975,0,0.0
-4.0,100000.0,0.09999999999999999,5000.0,case_321,0,0,2694.4755859375,2695.1640625,unet,4418,0.0,7975,0,0.0
-4.0,100000.0,0.09999999999999999,10000.0,case_321,0,0,7694.4755859375,7695.1640625,unet,4418,0.0,7975,0,0.0
-4.0,100000.0,0.09999999999999999,25000.0,case_321,0,0,22694.474609375,22695.1640625,unet,4418,0.0,7975,0,0.0
-4.0,100000.0,0.09999999999999999,101325.0,case_321,0,0,99019.4765625,99020.1640625,unet,4418,0.0,7975,0,0.0
-4.0,200000.0,0.19999999999999998,2500.0,case_322,0,0,177.902099609375,180.60693359375,unet,4418,0.0,7975,0,0.0
-4.0,200000.0,0.19999999999999998,3000.0,case_322,0,0,677.902099609375,680.60693359375,unet,4418,0.0,7975,0,0.0
-4.0,200000.0,0.19999999999999998,5000.0,case_322,0,0,2677.90234375,2680.60693359375,unet,4418,0.0,7975,0,0.0
-4.0,200000.0,0.19999999999999998,10000.0,case_322,0,0,7677.90234375,7680.6064453125,unet,4418,0.0,7975,0,0.0
-4.0,200000.0,0.19999999999999998,25000.0,case_322,0,0,22677.90234375,22680.607421875,unet,4418,0.0,7975,0,0.0
-4.0,200000.0,0.19999999999999998,101325.0,case_322,0,0,99002.8984375,99005.609375,unet,4418,0.0,7975,0,0.0
-4.0,500000.0,0.5,2500.0,case_323,0,0,61.8974609375,78.342529296875,unet,4418,0.0,7975,0,0.0
-4.0,500000.0,0.5,3000.0,case_323,0,0,561.8974609375,578.342529296875,unet,4418,0.0,7975,0,0.0
-4.0,500000.0,0.5,5000.0,case_323,0,0,2561.8974609375,2578.34228515625,unet,4418,0.0,7975,0,0.0
-4.0,500000.0,0.5,10000.0,case_323,0,0,7561.8974609375,7578.3427734375,unet,4418,0.0,7975,0,0.0
-4.0,500000.0,0.5,25000.0,case_323,0,0,22561.8984375,22578.341796875,unet,4418,0.0,7975,0,0.0
-4.0,500000.0,0.5,101325.0,case_323,0,0,98886.8984375,98903.34375,unet,4418,0.0,7975,0,0.0
-4.0,1000000.0,1.0,2500.0,case_324,56,182,-352.345458984375,-287.235107421875,unet,4418,0.02821316614420063,7694,43,0.012413793103448275
-4.0,1000000.0,1.0,3000.0,case_324,0,0,147.654541015625,212.764892578125,unet,4418,0.0,7975,0,0.0
-4.0,1000000.0,1.0,5000.0,case_324,0,0,2147.654296875,2212.76513671875,unet,4418,0.0,7975,0,0.0
-4.0,1000000.0,1.0,10000.0,case_324,0,0,7147.654296875,7212.7646484375,unet,4418,0.0,7975,0,0.0
-4.0,1000000.0,1.0,25000.0,case_324,0,0,22147.654296875,22212.765625,unet,4418,0.0,7975,0,0.0
-4.0,1000000.0,1.0,101325.0,case_324,0,0,98472.65625,98537.765625,unet,4418,0.0,7975,0,0.0
-2.0,100000.0,0.09999999999999999,2500.0,case_325,0,0,194.4755859375,196.4130859375,unet,4418,0.0,7975,0,0.0
-2.0,100000.0,0.09999999999999999,3000.0,case_325,0,0,694.4755859375,696.4130859375,unet,4418,0.0,7975,0,0.0
-2.0,100000.0,0.09999999999999999,5000.0,case_325,0,0,2694.4755859375,2696.4130859375,unet,4418,0.0,7975,0,0.0
-2.0,100000.0,0.09999999999999999,10000.0,case_325,0,0,7694.4755859375,7696.4130859375,unet,4418,0.0,7975,0,0.0
-2.0,100000.0,0.09999999999999999,25000.0,case_325,0,0,22694.474609375,22696.4140625,unet,4418,0.0,7975,0,0.0
-2.0,100000.0,0.09999999999999999,101325.0,case_325,0,0,99019.4765625,99021.4140625,unet,4418,0.0,7975,0,0.0
-2.0,200000.0,0.19999999999999998,2500.0,case_326,0,0,177.90283203125,185.549072265625,unet,4418,0.0,7975,0,0.0
-2.0,200000.0,0.19999999999999998,3000.0,case_326,0,0,677.90283203125,685.549072265625,unet,4418,0.0,7975,0,0.0
-2.0,200000.0,0.19999999999999998,5000.0,case_326,0,0,2677.90283203125,2685.548828125,unet,4418,0.0,7975,0,0.0
-2.0,200000.0,0.19999999999999998,10000.0,case_326,0,0,7677.90234375,7685.548828125,unet,4418,0.0,7975,0,0.0
-2.0,200000.0,0.19999999999999998,25000.0,case_326,0,0,22677.90234375,22685.548828125,unet,4418,0.0,7975,0,0.0
-2.0,200000.0,0.19999999999999998,101325.0,case_326,0,0,99002.90625,99010.546875,unet,4418,0.0,7975,0,0.0
-2.0,500000.0,0.5,2500.0,case_327,0,0,61.90185546875,109.31884765625,unet,4418,0.0,7975,0,0.0
-2.0,500000.0,0.5,3000.0,case_327,0,0,561.90185546875,609.31884765625,unet,4418,0.0,7975,0,0.0
-2.0,500000.0,0.5,5000.0,case_327,0,0,2561.90185546875,2609.31884765625,unet,4418,0.0,7975,0,0.0
-2.0,500000.0,0.5,10000.0,case_327,0,0,7561.9013671875,7609.3193359375,unet,4418,0.0,7975,0,0.0
-2.0,500000.0,0.5,25000.0,case_327,0,0,22561.90234375,22609.318359375,unet,4418,0.0,7975,0,0.0
-2.0,500000.0,0.5,101325.0,case_327,0,0,98886.8984375,98934.3203125,unet,4418,0.0,7975,0,0.0
-2.0,1000000.0,1.0,2500.0,case_328,20,131,-352.328369140625,-163.20556640625,unet,4418,0.02821316614420063,7730,94,0.014294670846394984
-2.0,1000000.0,1.0,3000.0,case_328,0,0,147.671630859375,336.79443359375,unet,4418,0.0,7975,0,0.0
-2.0,1000000.0,1.0,5000.0,case_328,0,0,2147.671875,2336.79443359375,unet,4418,0.0,7975,0,0.0
-2.0,1000000.0,1.0,10000.0,case_328,0,0,7147.671875,7336.794921875,unet,4418,0.0,7975,0,0.0
-2.0,1000000.0,1.0,25000.0,case_328,0,0,22147.671875,22336.794921875,unet,4418,0.0,7975,0,0.0
-2.0,1000000.0,1.0,101325.0,case_328,0,0,98472.671875,98661.796875,unet,4418,0.0,7975,0,0.0
0.0,100000.0,0.09999999999999999,2500.0,case_329,0,0,194.475830078125,195.641357421875,unet,4418,0.0,7975,0,0.0
0.0,100000.0,0.09999999999999999,3000.0,case_329,0,0,694.475830078125,695.641357421875,unet,4418,0.0,7975,0,0.0
0.0,100000.0,0.09999999999999999,5000.0,case_329,0,0,2694.4755859375,2695.6416015625,unet,4418,0.0,7975,0,0.0
0.0,100000.0,0.09999999999999999,10000.0,case_329,0,0,7694.4755859375,7695.6416015625,unet,4418,0.0,7975,0,0.0
0.0,100000.0,0.09999999999999999,25000.0,case_329,0,0,22694.4765625,22695.640625,unet,4418,0.0,7975,0,0.0
0.0,100000.0,0.09999999999999999,101325.0,case_329,0,0,99019.4765625,99020.640625,unet,4418,0.0,7975,0,0.0
0.0,200000.0,0.19999999999999998,2500.0,case_330,0,0,177.903564453125,182.413818359375,unet,4418,0.0,7975,0,0.0
0.0,200000.0,0.19999999999999998,3000.0,case_330,0,0,677.903564453125,682.413818359375,unet,4418,0.0,7975,0,0.0
0.0,200000.0,0.19999999999999998,5000.0,case_330,0,0,2677.9033203125,2682.4140625,unet,4418,0.0,7975,0,0.0
0.0,200000.0,0.19999999999999998,10000.0,case_330,0,0,7677.9033203125,7682.4140625,unet,4418,0.0,7975,0,0.0
0.0,200000.0,0.19999999999999998,25000.0,case_330,0,0,22677.904296875,22682.4140625,unet,4418,0.0,7975,0,0.0
0.0,200000.0,0.19999999999999998,101325.0,case_330,0,0,99002.90625,99007.4140625,unet,4418,0.0,7975,0,0.0
0.0,500000.0,0.5,2500.0,case_331,0,0,61.906005859375,89.517578125,unet,4418,0.0,7975,0,0.0
0.0,500000.0,0.5,3000.0,case_331,0,0,561.906005859375,589.517578125,unet,4418,0.0,7975,0,0.0
0.0,500000.0,0.5,5000.0,case_331,0,0,2561.90625,2589.517578125,unet,4418,0.0,7975,0,0.0
0.0,500000.0,0.5,10000.0,case_331,0,0,7561.90625,7589.517578125,unet,4418,0.0,7975,0,0.0
0.0,500000.0,0.5,25000.0,case_331,0,0,22561.90625,22589.517578125,unet,4418,0.0,7975,0,0.0
0.0,500000.0,0.5,101325.0,case_331,0,0,98886.90625,98914.515625,unet,4418,0.0,7975,0,0.0
0.0,1000000.0,1.0,2500.0,case_332,3,53,-352.311279296875,-244.50146484375,unet,4418,0.02821316614420063,7747,172,0.0219435736677116
0.0,1000000.0,1.0,3000.0,case_332,0,0,147.688720703125,255.49853515625,unet,4418,0.0,7975,0,0.0
0.0,1000000.0,1.0,5000.0,case_332,0,0,2147.6884765625,2255.49853515625,unet,4418,0.0,7975,0,0.0
0.0,1000000.0,1.0,10000.0,case_332,0,0,7147.6884765625,7255.4990234375,unet,4418,0.0,7975,0,0.0
0.0,1000000.0,1.0,25000.0,case_332,0,0,22147.689453125,22255.498046875,unet,4418,0.0,7975,0,0.0
0.0,1000000.0,1.0,101325.0,case_332,0,0,98472.6875,98580.5,unet,4418,0.0,7975,0,0.0
2.0,100000.0,0.09999999999999999,2500.0,case_333,0,0,194.475830078125,194.81201171875,unet,4418,0.0,7975,0,0.0
2.0,100000.0,0.09999999999999999,3000.0,case_333,0,0,694.475830078125,694.81201171875,unet,4418,0.0,7975,0,0.0
2.0,100000.0,0.09999999999999999,5000.0,case_333,0,0,2694.47607421875,2694.81201171875,unet,4418,0.0,7975,0,0.0
2.0,100000.0,0.09999999999999999,10000.0,case_333,0,0,7694.4755859375,7694.8115234375,unet,4418,0.0,7975,0,0.0
2.0,100000.0,0.09999999999999999,25000.0,case_333,0,0,22694.4765625,22694.8125,unet,4418,0.0,7975,0,0.0
2.0,100000.0,0.09999999999999999,101325.0,case_333,0,0,99019.4765625,99019.8125,unet,4418,0.0,7975,0,0.0
2.0,200000.0,0.19999999999999998,2500.0,case_334,0,0,177.904296875,179.06689453125,unet,4418,0.0,7975,0,0.0
2.0,200000.0,0.19999999999999998,3000.0,case_334,0,0,677.904296875,679.06689453125,unet,4418,0.0,7975,0,0.0
2.0,200000.0,0.19999999999999998,5000.0,case_334,0,0,2677.904296875,2679.06689453125,unet,4418,0.0,7975,0,0.0
2.0,200000.0,0.19999999999999998,10000.0,case_334,0,0,7677.904296875,7679.0673828125,unet,4418,0.0,7975,0,0.0
2.0,200000.0,0.19999999999999998,25000.0,case_334,0,0,22677.904296875,22679.06640625,unet,4418,0.0,7975,0,0.0
2.0,200000.0,0.19999999999999998,101325.0,case_334,0,0,99002.90625,99004.0703125,unet,4418,0.0,7975,0,0.0
2.0,500000.0,0.5,2500.0,case_335,0,0,61.910400390625,68.273681640625,unet,4418,0.0,7975,0,0.0
2.0,500000.0,0.5,3000.0,case_335,0,0,561.910400390625,568.273681640625,unet,4418,0.0,7975,0,0.0
2.0,500000.0,0.5,5000.0,case_335,0,0,2561.91064453125,2568.2734375,unet,4418,0.0,7975,0,0.0
2.0,500000.0,0.5,10000.0,case_335,0,0,7561.91015625,7568.2734375,unet,4418,0.0,7975,0,0.0
2.0,500000.0,0.5,25000.0,case_335,0,0,22561.91015625,22568.2734375,unet,4418,0.0,7975,0,0.0
2.0,500000.0,0.5,101325.0,case_335,0,0,98886.9140625,98893.2734375,unet,4418,0.0,7975,0,0.0
2.0,1000000.0,1.0,2500.0,case_336,46,4,-352.2939453125,-328.09521484375,unet,4418,0.02821316614420063,7704,221,0.03347962382445141
2.0,1000000.0,1.0,3000.0,case_336,0,0,147.7060546875,171.90478515625,unet,4418,0.0,7975,0,0.0
2.0,1000000.0,1.0,5000.0,case_336,0,0,2147.7060546875,2171.90478515625,unet,4418,0.0,7975,0,0.0
2.0,1000000.0,1.0,10000.0,case_336,0,0,7147.7060546875,7171.904296875,unet,4418,0.0,7975,0,0.0
2.0,1000000.0,1.0,25000.0,case_336,0,0,22147.705078125,22171.904296875,unet,4418,0.0,7975,0,0.0
2.0,1000000.0,1.0,101325.0,case_336,0,0,98472.703125,98496.90625,unet,4418,0.0,7975,0,0.0
4.0,100000.0,0.09999999999999999,2500.0,case_337,0,0,194.47607421875,193.659423828125,unet,4418,0.0,7975,0,0.0
4.0,100000.0,0.09999999999999999,3000.0,case_337,0,0,694.47607421875,693.659423828125,unet,4418,0.0,7975,0,0.0
4.0,100000.0,0.09999999999999999,5000.0,case_337,0,0,2694.47607421875,2693.6591796875,unet,4418,0.0,7975,0,0.0
4.0,100000.0,0.09999999999999999,10000.0,case_337,0,0,7694.4765625,7693.6591796875,unet,4418,0.0,7975,0,0.0
4.0,100000.0,0.09999999999999999,25000.0,case_337,0,0,22694.4765625,22693.66015625,unet,4418,0.0,7975,0,0.0
4.0,100000.0,0.09999999999999999,101325.0,case_337,0,0,99019.4765625,99018.65625,unet,4418,0.0,7975,0,0.0
4.0,200000.0,0.19999999999999998,2500.0,case_338,0,0,177.90478515625,174.443359375,unet,4418,0.0,7975,0,0.0
4.0,200000.0,0.19999999999999998,3000.0,case_338,0,0,677.90478515625,674.443359375,unet,4418,0.0,7975,0,0.0
4.0,200000.0,0.19999999999999998,5000.0,case_338,0,0,2677.90478515625,2674.443359375,unet,4418,0.0,7975,0,0.0
4.0,200000.0,0.19999999999999998,10000.0,case_338,0,0,7677.9052734375,7674.443359375,unet,4418,0.0,7975,0,0.0
4.0,200000.0,0.19999999999999998,25000.0,case_338,0,0,22677.904296875,22674.443359375,unet,4418,0.0,7975,0,0.0
4.0,200000.0,0.19999999999999998,101325.0,case_338,0,0,99002.90625,98999.4453125,unet,4418,0.0,7975,0,0.0
4.0,500000.0,0.5,2500.0,case_339,0,0,61.914794921875,39.06787109375,unet,4418,0.0,7975,0,0.0
4.0,500000.0,0.5,3000.0,case_339,0,0,561.914794921875,539.06787109375,unet,4418,0.0,7975,0,0.0
4.0,500000.0,0.5,5000.0,case_339,0,0,2561.9150390625,2539.06787109375,unet,4418,0.0,7975,0,0.0
4.0,500000.0,0.5,10000.0,case_339,0,0,7561.9150390625,7539.068359375,unet,4418,0.0,7975,0,0.0
4.0,500000.0,0.5,25000.0,case_339,0,0,22561.9140625,22539.068359375,unet,4418,0.0,7975,0,0.0
4.0,500000.0,0.5,101325.0,case_339,0,0,98886.9140625,98864.0703125,unet,4418,0.0,7975,0,0.0
4.0,1000000.0,1.0,2500.0,case_340,156,0,-352.276611328125,-445.319091796875,unet,4418,0.02821316614420063,7594,225,0.047774294670846394
4.0,1000000.0,1.0,3000.0,case_340,0,0,147.723388671875,54.680908203125,unet,4418,0.0,7975,0,0.0
4.0,1000000.0,1.0,5000.0,case_340,0,0,2147.7236328125,2054.68115234375,unet,4418,0.0,7975,0,0.0
4.0,1000000.0,1.0,10000.0,case_340,0,0,7147.7236328125,7054.6806640625,unet,4418,0.0,7975,0,0.0
4.0,1000000.0,1.0,25000.0,case_340,0,0,22147.72265625,22054.681640625,unet,4418,0.0,7975,0,0.0
4.0,1000000.0,1.0,101325.0,case_340,0,0,98472.7265625,98379.6796875,unet,4418,0.0,7975,0,0.0
6.0,100000.0,0.09999999999999999,2500.0,case_341,0,0,194.476318359375,192.252197265625,unet,4418,0.0,7975,0,0.0
6.0,100000.0,0.09999999999999999,3000.0,case_341,0,0,694.476318359375,692.252197265625,unet,4418,0.0,7975,0,0.0
6.0,100000.0,0.09999999999999999,5000.0,case_341,0,0,2694.47607421875,2692.25244140625,unet,4418,0.0,7975,0,0.0
6.0,100000.0,0.09999999999999999,10000.0,case_341,0,0,7694.4765625,7692.251953125,unet,4418,0.0,7975,0,0.0
6.0,100000.0,0.09999999999999999,25000.0,case_341,0,0,22694.4765625,22692.251953125,unet,4418,0.0,7975,0,0.0
6.0,100000.0,0.09999999999999999,101325.0,case_341,0,0,99019.4765625,99017.25,unet,4418,0.0,7975,0,0.0
6.0,200000.0,0.19999999999999998,2500.0,case_342,0,0,177.905517578125,168.659912109375,unet,4418,0.0,7975,0,0.0
6.0,200000.0,0.19999999999999998,3000.0,case_342,0,0,677.905517578125,668.659912109375,unet,4418,0.0,7975,0,0.0
6.0,200000.0,0.19999999999999998,5000.0,case_342,0,0,2677.90576171875,2668.66015625,unet,4418,0.0,7975,0,0.0
6.0,200000.0,0.19999999999999998,10000.0,case_342,0,0,7677.9052734375,7668.66015625,unet,4418,0.0,7975,0,0.0
6.0,200000.0,0.19999999999999998,25000.0,case_342,0,0,22677.90625,22668.66015625,unet,4418,0.0,7975,0,0.0
6.0,200000.0,0.19999999999999998,101325.0,case_342,0,0,99002.90625,98993.65625,unet,4418,0.0,7975,0,0.0
6.0,500000.0,0.5,2500.0,case_343,0,0,61.919189453125,5.263671875,unet,4418,0.0,7975,0,0.0
6.0,500000.0,0.5,3000.0,case_343,0,0,561.919189453125,505.263671875,unet,4418,0.0,7975,0,0.0
6.0,500000.0,0.5,5000.0,case_343,0,0,2561.91943359375,2505.263671875,unet,4418,0.0,7975,0,0.0
6.0,500000.0,0.5,10000.0,case_343,0,0,7561.9189453125,7505.263671875,unet,4418,0.0,7975,0,0.0
6.0,500000.0,0.5,25000.0,case_343,0,0,22561.919921875,22505.263671875,unet,4418,0.0,7975,0,0.0
6.0,500000.0,0.5,101325.0,case_343,0,0,98886.921875,98830.265625,unet,4418,0.0,7975,0,0.0
6.0,1000000.0,1.0,2500.0,case_344,295,0,-352.259033203125,-589.191650390625,unet,4418,0.02821316614420063,7455,225,0.0652037617554859
6.0,1000000.0,1.0,3000.0,case_344,7,0,147.740966796875,-89.191650390625,unet,4418,0.0,7968,0,0.0008777429467084639
6.0,1000000.0,1.0,5000.0,case_344,0,0,2147.7412109375,1910.80810546875,unet,4418,0.0,7975,0,0.0
6.0,1000000.0,1.0,10000.0,case_344,0,0,7147.7412109375,6910.80859375,unet,4418,0.0,7975,0,0.0
6.0,1000000.0,1.0,25000.0,case_344,0,0,22147.740234375,21910.80859375,unet,4418,0.0,7975,0,0.0
6.0,1000000.0,1.0,101325.0,case_344,0,0,98472.7421875,98235.8046875,unet,4418,0.0,7975,0,0.0
8.0,100000.0,0.09999999999999999,2500.0,case_345,0,0,194.4765625,190.67626953125,unet,4418,0.0,7975,0,0.0
8.0,100000.0,0.09999999999999999,3000.0,case_345,0,0,694.4765625,690.67626953125,unet,4418,0.0,7975,0,0.0
8.0,100000.0,0.09999999999999999,5000.0,case_345,0,0,2694.4765625,2690.67626953125,unet,4418,0.0,7975,0,0.0
8.0,100000.0,0.09999999999999999,10000.0,case_345,0,0,7694.4765625,7690.6767578125,unet,4418,0.0,7975,0,0.0
8.0,100000.0,0.09999999999999999,25000.0,case_345,0,0,22694.4765625,22690.67578125,unet,4418,0.0,7975,0,0.0
8.0,100000.0,0.09999999999999999,101325.0,case_345,0,0,99019.4765625,99015.6796875,unet,4418,0.0,7975,0,0.0
8.0,200000.0,0.19999999999999998,2500.0,case_346,0,0,177.90625,163.216796875,unet,4418,0.0,7975,0,0.0
8.0,200000.0,0.19999999999999998,3000.0,case_346,0,0,677.90625,663.216796875,unet,4418,0.0,7975,0,0.0
8.0,200000.0,0.19999999999999998,5000.0,case_346,0,0,2677.90625,2663.216796875,unet,4418,0.0,7975,0,0.0
8.0,200000.0,0.19999999999999998,10000.0,case_346,0,0,7677.90625,7663.216796875,unet,4418,0.0,7975,0,0.0
8.0,200000.0,0.19999999999999998,25000.0,case_346,0,0,22677.90625,22663.216796875,unet,4418,0.0,7975,0,0.0
8.0,200000.0,0.19999999999999998,101325.0,case_346,0,0,99002.90625,98988.21875,unet,4418,0.0,7975,0,0.0
8.0,500000.0,0.5,2500.0,case_347,6,0,61.923828125,-32.08056640625,unet,4418,0.0,7969,0,0.0007523510971786833
8.0,500000.0,0.5,3000.0,case_347,0,0,561.923828125,467.91943359375,unet,4418,0.0,7975,0,0.0
8.0,500000.0,0.5,5000.0,case_347,0,0,2561.923828125,2467.91943359375,unet,4418,0.0,7975,0,0.0
8.0,500000.0,0.5,10000.0,case_347,0,0,7561.923828125,7467.919921875,unet,4418,0.0,7975,0,0.0
8.0,500000.0,0.5,25000.0,case_347,0,0,22561.923828125,22467.919921875,unet,4418,0.0,7975,0,0.0
8.0,500000.0,0.5,101325.0,case_347,0,0,98886.921875,98792.921875,unet,4418,0.0,7975,0,0.0
8.0,1000000.0,1.0,2500.0,case_348,421,0,-352.2412109375,-731.254150390625,unet,4418,0.02821316614420063,7329,225,0.08100313479623825
8.0,1000000.0,1.0,3000.0,case_348,22,0,147.7587890625,-231.254150390625,unet,4418,0.0,7953,0,0.002758620689655172
8.0,1000000.0,1.0,5000.0,case_348,0,0,2147.7587890625,1768.745849609375,unet,4418,0.0,7975,0,0.0
8.0,1000000.0,1.0,10000.0,case_348,0,0,7147.7587890625,6768.74609375,unet,4418,0.0,7975,0,0.0
8.0,1000000.0,1.0,25000.0,case_348,0,0,22147.7578125,21768.74609375,unet,4418,0.0,7975,0,0.0
8.0,1000000.0,1.0,101325.0,case_348,0,0,98472.7578125,98093.7421875,unet,4418,0.0,7975,0,0.0
10.0,100000.0,0.09999999999999999,2500.0,case_349,0,0,194.4765625,188.794677734375,unet,4418,0.0,7975,0,0.0
10.0,100000.0,0.09999999999999999,3000.0,case_349,0,0,694.4765625,688.794677734375,unet,4418,0.0,7975,0,0.0
10.0,100000.0,0.09999999999999999,5000.0,case_349,0,0,2694.4765625,2688.794921875,unet,4418,0.0,7975,0,0.0
10.0,100000.0,0.09999999999999999,10000.0,case_349,0,0,7694.4765625,7688.794921875,unet,4418,0.0,7975,0,0.0
10.0,100000.0,0.09999999999999999,25000.0,case_349,0,0,22694.4765625,22688.794921875,unet,4418,0.0,7975,0,0.0
10.0,100000.0,0.09999999999999999,101325.0,case_349,0,0,99019.4765625,99013.796875,unet,4418,0.0,7975,0,0.0
10.0,200000.0,0.19999999999999998,2500.0,case_350,0,0,177.906982421875,155.97265625,unet,4418,0.0,7975,0,0.0
10.0,200000.0,0.19999999999999998,3000.0,case_350,0,0,677.906982421875,655.97265625,unet,4418,0.0,7975,0,0.0
10.0,200000.0,0.19999999999999998,5000.0,case_350,0,0,2677.9072265625,2655.97265625,unet,4418,0.0,7975,0,0.0
10.0,200000.0,0.19999999999999998,10000.0,case_350,0,0,7677.9072265625,7655.97265625,unet,4418,0.0,7975,0,0.0
10.0,200000.0,0.19999999999999998,25000.0,case_350,0,0,22677.90625,22655.97265625,unet,4418,0.0,7975,0,0.0
10.0,200000.0,0.19999999999999998,101325.0,case_350,0,0,99002.90625,98980.9765625,unet,4418,0.0,7975,0,0.0
10.0,500000.0,0.5,2500.0,case_351,20,0,61.92822265625,-77.8056640625,unet,4418,0.0,7955,0,0.0025078369905956114
10.0,500000.0,0.5,3000.0,case_351,0,0,561.92822265625,422.1943359375,unet,4418,0.0,7975,0,0.0
10.0,500000.0,0.5,5000.0,case_351,0,0,2561.92822265625,2422.1943359375,unet,4418,0.0,7975,0,0.0
10.0,500000.0,0.5,10000.0,case_351,0,0,7561.9287109375,7422.1943359375,unet,4418,0.0,7975,0,0.0
10.0,500000.0,0.5,25000.0,case_351,0,0,22561.927734375,22422.1953125,unet,4418,0.0,7975,0,0.0
10.0,500000.0,0.5,101325.0,case_351,0,0,98886.9296875,98747.1953125,unet,4418,0.0,7975,0,0.0
10.0,1000000.0,1.0,2500.0,case_352,563,0,-352.2235107421875,-914.831787109375,unet,4418,0.02821316614420063,7187,225,0.09880877742946709
10.0,1000000.0,1.0,3000.0,case_352,40,0,147.7763671875,-414.831787109375,unet,4418,0.0,7935,0,0.005015673981191223
10.0,1000000.0,1.0,5000.0,case_352,0,0,2147.7763671875,1585.168212890625,unet,4418,0.0,7975,0,0.0
10.0,1000000.0,1.0,10000.0,case_352,0,0,7147.7763671875,6585.16796875,unet,4418,0.0,7975,0,0.0
10.0,1000000.0,1.0,25000.0,case_352,0,0,22147.77734375,21585.16796875,unet,4418,0.0,7975,0,0.0
10.0,1000000.0,1.0,101325.0,case_352,0,0,98472.7734375,97910.171875,unet,4418,0.0,7975,0,0.0
-4.0,100000.0,0.09999999999999999,2500.0,case_161,0,0,198.646240234375,193.923583984375,pinn,0018,0.0,7970,0,0.0
-4.0,100000.0,0.09999999999999999,3000.0,case_161,0,0,698.646240234375,693.923583984375,pinn,0018,0.0,7970,0,0.0
-4.0,100000.0,0.09999999999999999,5000.0,case_161,0,0,2698.64599609375,2693.923828125,pinn,0018,0.0,7970,0,0.0
-4.0,100000.0,0.09999999999999999,10000.0,case_161,0,0,7698.646484375,7693.923828125,pinn,0018,0.0,7970,0,0.0
-4.0,100000.0,0.09999999999999999,25000.0,case_161,0,0,22698.646484375,22693.923828125,pinn,0018,0.0,7970,0,0.0
-4.0,100000.0,0.09999999999999999,101325.0,case_161,0,0,99023.6484375,99018.921875,pinn,0018,0.0,7970,0,0.0
-4.0,200000.0,0.19999999999999998,2500.0,case_162,0,0,194.046142578125,175.363525390625,pinn,0018,0.0,7970,0,0.0
-4.0,200000.0,0.19999999999999998,3000.0,case_162,0,0,694.046142578125,675.363525390625,pinn,0018,0.0,7970,0,0.0
-4.0,200000.0,0.19999999999999998,5000.0,case_162,0,0,2694.0458984375,2675.36376953125,pinn,0018,0.0,7970,0,0.0
-4.0,200000.0,0.19999999999999998,10000.0,case_162,0,0,7694.0458984375,7675.36328125,pinn,0018,0.0,7970,0,0.0
-4.0,200000.0,0.19999999999999998,25000.0,case_162,0,0,22694.046875,22675.36328125,pinn,0018,0.0,7970,0,0.0
-4.0,200000.0,0.19999999999999998,101325.0,case_162,0,0,99019.046875,99000.3671875,pinn,0018,0.0,7970,0,0.0
-4.0,500000.0,0.5,2500.0,case_163,0,0,157.73486328125,46.363525390625,pinn,0018,0.0,7970,0,0.0
-4.0,500000.0,0.5,3000.0,case_163,0,0,657.73486328125,546.363525390625,pinn,0018,0.0,7970,0,0.0
-4.0,500000.0,0.5,5000.0,case_163,0,0,2657.73486328125,2546.36376953125,pinn,0018,0.0,7970,0,0.0
-4.0,500000.0,0.5,10000.0,case_163,0,0,7657.734375,7546.36328125,pinn,0018,0.0,7970,0,0.0
-4.0,500000.0,0.5,25000.0,case_163,0,0,22657.734375,22546.36328125,pinn,0018,0.0,7970,0,0.0
-4.0,500000.0,0.5,101325.0,case_163,0,0,98982.734375,98871.3671875,pinn,0018,0.0,7970,0,0.0
-4.0,1000000.0,1.0,2500.0,case_164,202,0,42.420654296875,-416.660400390625,pinn,0018,0.0,7768,0,0.02534504391468005
-4.0,1000000.0,1.0,3000.0,case_164,0,0,542.420654296875,83.339599609375,pinn,0018,0.0,7970,0,0.0
-4.0,1000000.0,1.0,5000.0,case_164,0,0,2542.4208984375,2083.33935546875,pinn,0018,0.0,7970,0,0.0
-4.0,1000000.0,1.0,10000.0,case_164,0,0,7542.4208984375,7083.33984375,pinn,0018,0.0,7970,0,0.0
-4.0,1000000.0,1.0,25000.0,case_164,0,0,22542.419921875,22083.33984375,pinn,0018,0.0,7970,0,0.0
-4.0,1000000.0,1.0,101325.0,case_164,0,0,98867.421875,98408.3359375,pinn,0018,0.0,7970,0,0.0
-2.0,100000.0,0.09999999999999999,2500.0,case_165,0,0,198.350341796875,195.628173828125,pinn,0018,0.0,7970,0,0.0
-2.0,100000.0,0.09999999999999999,3000.0,case_165,0,0,698.350341796875,695.628173828125,pinn,0018,0.0,7970,0,0.0
-2.0,100000.0,0.09999999999999999,5000.0,case_165,0,0,2698.35009765625,2695.62841796875,pinn,0018,0.0,7970,0,0.0
-2.0,100000.0,0.09999999999999999,10000.0,case_165,0,0,7698.3505859375,7695.6279296875,pinn,0018,0.0,7970,0,0.0
-2.0,100000.0,0.09999999999999999,25000.0,case_165,0,0,22698.349609375,22695.62890625,pinn,0018,0.0,7970,0,0.0
-2.0,100000.0,0.09999999999999999,101325.0,case_165,0,0,99023.3515625,99020.625,pinn,0018,0.0,7970,0,0.0
-2.0,200000.0,0.19999999999999998,2500.0,case_166,0,0,193.5,182.422119140625,pinn,0018,0.0,7970,0,0.0
-2.0,200000.0,0.19999999999999998,3000.0,case_166,0,0,693.5,682.422119140625,pinn,0018,0.0,7970,0,0.0
-2.0,200000.0,0.19999999999999998,5000.0,case_166,0,0,2693.5,2682.42236328125,pinn,0018,0.0,7970,0,0.0
-2.0,200000.0,0.19999999999999998,10000.0,case_166,0,0,7693.5,7682.421875,pinn,0018,0.0,7970,0,0.0
-2.0,200000.0,0.19999999999999998,25000.0,case_166,0,0,22693.5,22682.421875,pinn,0018,0.0,7970,0,0.0
-2.0,200000.0,0.19999999999999998,101325.0,case_166,0,0,99018.5,99007.421875,pinn,0018,0.0,7970,0,0.0
-2.0,500000.0,0.5,2500.0,case_167,0,0,153.561767578125,89.1865234375,pinn,0018,0.0,7970,0,0.0
-2.0,500000.0,0.5,3000.0,case_167,0,0,653.561767578125,589.1865234375,pinn,0018,0.0,7970,0,0.0
-2.0,500000.0,0.5,5000.0,case_167,0,0,2653.5615234375,2589.1865234375,pinn,0018,0.0,7970,0,0.0
-2.0,500000.0,0.5,10000.0,case_167,0,0,7653.5615234375,7589.1865234375,pinn,0018,0.0,7970,0,0.0
-2.0,500000.0,0.5,25000.0,case_167,0,0,22653.5625,22589.1875,pinn,0018,0.0,7970,0,0.0
-2.0,500000.0,0.5,101325.0,case_167,0,0,98978.5625,98914.1875,pinn,0018,0.0,7970,0,0.0
-2.0,1000000.0,1.0,2500.0,case_168,118,0,20.21435546875,-244.521240234375,pinn,0018,0.0,7852,0,0.014805520702634882
-2.0,1000000.0,1.0,3000.0,case_168,0,0,520.21435546875,255.478759765625,pinn,0018,0.0,7970,0,0.0
-2.0,1000000.0,1.0,5000.0,case_168,0,0,2520.21435546875,2255.47900390625,pinn,0018,0.0,7970,0,0.0
-2.0,1000000.0,1.0,10000.0,case_168,0,0,7520.2138671875,7255.478515625,pinn,0018,0.0,7970,0,0.0
-2.0,1000000.0,1.0,25000.0,case_168,0,0,22520.21484375,22255.478515625,pinn,0018,0.0,7970,0,0.0
-2.0,1000000.0,1.0,101325.0,case_168,0,0,98845.2109375,98580.4765625,pinn,0018,0.0,7970,0,0.0
0.0,100000.0,0.09999999999999999,2500.0,case_169,0,0,197.70068359375,196.777587890625,pinn,0018,0.0,7970,0,0.0
0.0,100000.0,0.09999999999999999,3000.0,case_169,0,0,697.70068359375,696.777587890625,pinn,0018,0.0,7970,0,0.0
0.0,100000.0,0.09999999999999999,5000.0,case_169,0,0,2697.70068359375,2696.77734375,pinn,0018,0.0,7970,0,0.0
0.0,100000.0,0.09999999999999999,10000.0,case_169,0,0,7697.7001953125,7696.77734375,pinn,0018,0.0,7970,0,0.0
0.0,100000.0,0.09999999999999999,25000.0,case_169,0,0,22697.701171875,22696.77734375,pinn,0018,0.0,7970,0,0.0
0.0,100000.0,0.09999999999999999,101325.0,case_169,0,0,99022.703125,99021.78125,pinn,0018,0.0,7970,0,0.0
0.0,200000.0,0.19999999999999998,2500.0,case_170,0,0,190.939697265625,187.0283203125,pinn,0018,0.0,7970,0,0.0
0.0,200000.0,0.19999999999999998,3000.0,case_170,0,0,690.939697265625,687.0283203125,pinn,0018,0.0,7970,0,0.0
0.0,200000.0,0.19999999999999998,5000.0,case_170,0,0,2690.939453125,2687.0283203125,pinn,0018,0.0,7970,0,0.0
0.0,200000.0,0.19999999999999998,10000.0,case_170,0,0,7690.939453125,7687.0283203125,pinn,0018,0.0,7970,0,0.0
0.0,200000.0,0.19999999999999998,25000.0,case_170,0,0,22690.939453125,22687.029296875,pinn,0018,0.0,7970,0,0.0
0.0,200000.0,0.19999999999999998,101325.0,case_170,0,0,99015.9375,99012.03125,pinn,0018,0.0,7970,0,0.0
0.0,500000.0,0.5,2500.0,case_171,0,0,143.377197265625,118.266845703125,pinn,0018,0.0,7970,0,0.0
0.0,500000.0,0.5,3000.0,case_171,0,0,643.377197265625,618.266845703125,pinn,0018,0.0,7970,0,0.0
0.0,500000.0,0.5,5000.0,case_171,0,0,2643.37744140625,2618.2666015625,pinn,0018,0.0,7970,0,0.0
0.0,500000.0,0.5,10000.0,case_171,0,0,7643.376953125,7618.2666015625,pinn,0018,0.0,7970,0,0.0
0.0,500000.0,0.5,25000.0,case_171,0,0,22643.376953125,22618.267578125,pinn,0018,0.0,7970,0,0.0
0.0,500000.0,0.5,101325.0,case_171,0,0,98968.375,98943.265625,pinn,0018,0.0,7970,0,0.0
0.0,1000000.0,1.0,2500.0,case_172,65,7,-23.67724609375,-127.8173828125,pinn,0018,0.0013801756587202008,7894,4,0.008657465495608531
0.0,1000000.0,1.0,3000.0,case_172,0,0,476.32275390625,372.1826171875,pinn,0018,0.0,7970,0,0.0
0.0,1000000.0,1.0,5000.0,case_172,0,0,2476.32275390625,2372.1826171875,pinn,0018,0.0,7970,0,0.0
0.0,1000000.0,1.0,10000.0,case_172,0,0,7476.3232421875,7372.1826171875,pinn,0018,0.0,7970,0,0.0
0.0,1000000.0,1.0,25000.0,case_172,0,0,22476.322265625,22372.18359375,pinn,0018,0.0,7970,0,0.0
0.0,1000000.0,1.0,101325.0,case_172,0,0,98801.3203125,98697.1796875,pinn,0018,0.0,7970,0,0.0
2.0,100000.0,0.09999999999999999,2500.0,case_173,0,0,196.84423828125,196.198974609375,pinn,0018,0.0,7970,0,0.0
2.0,100000.0,0.09999999999999999,3000.0,case_173,0,0,696.84423828125,696.198974609375,pinn,0018,0.0,7970,0,0.0
2.0,100000.0,0.09999999999999999,5000.0,case_173,0,0,2696.84423828125,2696.19921875,pinn,0018,0.0,7970,0,0.0
2.0,100000.0,0.09999999999999999,10000.0,case_173,0,0,7696.8447265625,7696.19921875,pinn,0018,0.0,7970,0,0.0
2.0,100000.0,0.09999999999999999,25000.0,case_173,0,0,22696.84375,22696.19921875,pinn,0018,0.0,7970,0,0.0
2.0,100000.0,0.09999999999999999,101325.0,case_173,0,0,99021.84375,99021.1953125,pinn,0018,0.0,7970,0,0.0
2.0,200000.0,0.19999999999999998,2500.0,case_174,0,0,187.82177734375,184.7294921875,pinn,0018,0.0,7970,0,0.0
2.0,200000.0,0.19999999999999998,3000.0,case_174,0,0,687.82177734375,684.7294921875,pinn,0018,0.0,7970,0,0.0
2.0,200000.0,0.19999999999999998,5000.0,case_174,0,0,2687.82177734375,2684.7294921875,pinn,0018,0.0,7970,0,0.0
2.0,200000.0,0.19999999999999998,10000.0,case_174,0,0,7687.822265625,7684.7294921875,pinn,0018,0.0,7970,0,0.0
2.0,200000.0,0.19999999999999998,25000.0,case_174,0,0,22687.822265625,22684.728515625,pinn,0018,0.0,7970,0,0.0
2.0,200000.0,0.19999999999999998,101325.0,case_174,0,0,99012.8203125,99009.7265625,pinn,0018,0.0,7970,0,0.0
2.0,500000.0,0.5,2500.0,case_175,0,0,128.4326171875,104.596435546875,pinn,0018,0.0,7970,0,0.0
2.0,500000.0,0.5,3000.0,case_175,0,0,628.4326171875,604.596435546875,pinn,0018,0.0,7970,0,0.0
2.0,500000.0,0.5,5000.0,case_175,0,0,2628.4326171875,2604.5966796875,pinn,0018,0.0,7970,0,0.0
2.0,500000.0,0.5,10000.0,case_175,0,0,7628.4326171875,7604.5966796875,pinn,0018,0.0,7970,0,0.0
2.0,500000.0,0.5,25000.0,case_175,0,0,22628.43359375,22604.595703125,pinn,0018,0.0,7970,0,0.0
2.0,500000.0,0.5,101325.0,case_175,0,0,98953.4296875,98929.59375,pinn,0018,0.0,7970,0,0.0
2.0,1000000.0,1.0,2500.0,case_176,36,11,-99.796875,-181.80224609375,pinn,0018,0.006398996235884567,7883,40,0.009535759096612296
2.0,1000000.0,1.0,3000.0,case_176,0,0,400.203125,318.19775390625,pinn,0018,0.0,7970,0,0.0
2.0,1000000.0,1.0,5000.0,case_176,0,0,2400.203125,2318.19775390625,pinn,0018,0.0,7970,0,0.0
2.0,1000000.0,1.0,10000.0,case_176,0,0,7400.203125,7318.1982421875,pinn,0018,0.0,7970,0,0.0
2.0,1000000.0,1.0,25000.0,case_176,0,0,22400.203125,22318.197265625,pinn,0018,0.0,7970,0,0.0
2.0,1000000.0,1.0,101325.0,case_176,0,0,98725.203125,98643.1953125,pinn,0018,0.0,7970,0,0.0
4.0,100000.0,0.09999999999999999,2500.0,case_177,0,0,195.943359375,194.564697265625,pinn,0018,0.0,7970,0,0.0
4.0,100000.0,0.09999999999999999,3000.0,case_177,0,0,695.943359375,694.564697265625,pinn,0018,0.0,7970,0,0.0
4.0,100000.0,0.09999999999999999,5000.0,case_177,0,0,2695.943359375,2694.56494140625,pinn,0018,0.0,7970,0,0.0
4.0,100000.0,0.09999999999999999,10000.0,case_177,0,0,7695.943359375,7694.564453125,pinn,0018,0.0,7970,0,0.0
4.0,100000.0,0.09999999999999999,25000.0,case_177,0,0,22695.943359375,22694.564453125,pinn,0018,0.0,7970,0,0.0
4.0,100000.0,0.09999999999999999,101325.0,case_177,0,0,99020.9453125,99019.5625,pinn,0018,0.0,7970,0,0.0
4.0,200000.0,0.19999999999999998,2500.0,case_178,0,0,184.08154296875,178.11181640625,pinn,0018,0.0,7970,0,0.0
4.0,200000.0,0.19999999999999998,3000.0,case_178,0,0,684.08154296875,678.11181640625,pinn,0018,0.0,7970,0,0.0
4.0,200000.0,0.19999999999999998,5000.0,case_178,0,0,2684.08154296875,2678.11181640625,pinn,0018,0.0,7970,0,0.0
4.0,200000.0,0.19999999999999998,10000.0,case_178,0,0,7684.08203125,7678.1123046875,pinn,0018,0.0,7970,0,0.0
4.0,200000.0,0.19999999999999998,25000.0,case_178,0,0,22684.08203125,22678.111328125,pinn,0018,0.0,7970,0,0.0
4.0,200000.0,0.19999999999999998,101325.0,case_178,0,0,99009.078125,99003.109375,pinn,0018,0.0,7970,0,0.0
4.0,500000.0,0.5,2500.0,case_179,0,0,103.150146484375,62.71044921875,pinn,0018,0.0,7970,0,0.0
4.0,500000.0,0.5,3000.0,case_179,0,0,603.150146484375,562.71044921875,pinn,0018,0.0,7970,0,0.0
4.0,500000.0,0.5,5000.0,case_179,0,0,2603.14990234375,2562.71044921875,pinn,0018,0.0,7970,0,0.0
4.0,500000.0,0.5,10000.0,case_179,0,0,7603.150390625,7562.7109375,pinn,0018,0.0,7970,0,0.0
4.0,500000.0,0.5,25000.0,case_179,0,0,22603.150390625,22562.7109375,pinn,0018,0.0,7970,0,0.0
4.0,500000.0,0.5,101325.0,case_179,0,0,98928.1484375,98887.7109375,pinn,0018,0.0,7970,0,0.0
4.0,1000000.0,1.0,2500.0,case_180,27,7,-217.60791015625,-349.804931640625,pinn,0018,0.015056461731493099,7823,113,0.01756587202007528
4.0,1000000.0,1.0,3000.0,case_180,0,0,282.39208984375,150.195068359375,pinn,0018,0.0,7970,0,0.0
4.0,1000000.0,1.0,5000.0,case_180,0,0,2282.39208984375,2150.19482421875,pinn,0018,0.0,7970,0,0.0
4.0,1000000.0,1.0,10000.0,case_180,0,0,7282.3916015625,7150.1953125,pinn,0018,0.0,7970,0,0.0
4.0,1000000.0,1.0,25000.0,case_180,0,0,22282.392578125,22150.1953125,pinn,0018,0.0,7970,0,0.0
4.0,1000000.0,1.0,101325.0,case_180,0,0,98607.390625,98475.1953125,pinn,0018,0.0,7970,0,0.0
6.0,100000.0,0.09999999999999999,2500.0,case_181,0,0,195.18017578125,192.713623046875,pinn,0018,0.0,7970,0,0.0
6.0,100000.0,0.09999999999999999,3000.0,case_181,0,0,695.18017578125,692.713623046875,pinn,0018,0.0,7970,0,0.0
6.0,100000.0,0.09999999999999999,5000.0,case_181,0,0,2695.18017578125,2692.7138671875,pinn,0018,0.0,7970,0,0.0
6.0,100000.0,0.09999999999999999,10000.0,case_181,0,0,7695.1796875,7692.7138671875,pinn,0018,0.0,7970,0,0.0
6.0,100000.0,0.09999999999999999,25000.0,case_181,0,0,22695.1796875,22692.712890625,pinn,0018,0.0,7970,0,0.0
6.0,100000.0,0.09999999999999999,101325.0,case_181,0,0,99020.1796875,99017.7109375,pinn,0018,0.0,7970,0,0.0
6.0,200000.0,0.19999999999999998,2500.0,case_182,0,0,180.740234375,170.652587890625,pinn,0018,0.0,7970,0,0.0
6.0,200000.0,0.19999999999999998,3000.0,case_182,0,0,680.740234375,670.652587890625,pinn,0018,0.0,7970,0,0.0
6.0,200000.0,0.19999999999999998,5000.0,case_182,0,0,2680.740234375,2670.65283203125,pinn,0018,0.0,7970,0,0.0
6.0,200000.0,0.19999999999999998,10000.0,case_182,0,0,7680.740234375,7670.65234375,pinn,0018,0.0,7970,0,0.0
6.0,200000.0,0.19999999999999998,25000.0,case_182,0,0,22680.740234375,22670.65234375,pinn,0018,0.0,7970,0,0.0
6.0,200000.0,0.19999999999999998,101325.0,case_182,0,0,99005.7421875,98995.65625,pinn,0018,0.0,7970,0,0.0
6.0,500000.0,0.5,2500.0,case_183,0,0,77.651123046875,15.696533203125,pinn,0018,0.0,7970,0,0.0
6.0,500000.0,0.5,3000.0,case_183,0,0,577.651123046875,515.696533203125,pinn,0018,0.0,7970,0,0.0
6.0,500000.0,0.5,5000.0,case_183,0,0,2577.6513671875,2515.6962890625,pinn,0018,0.0,7970,0,0.0
6.0,500000.0,0.5,10000.0,case_183,0,0,7577.6513671875,7515.6962890625,pinn,0018,0.0,7970,0,0.0
6.0,500000.0,0.5,25000.0,case_183,0,0,22577.650390625,22515.697265625,pinn,0018,0.0,7970,0,0.0
6.0,500000.0,0.5,101325.0,case_183,0,0,98902.6484375,98840.6953125,pinn,0018,0.0,7970,0,0.0
6.0,1000000.0,1.0,2500.0,case_184,25,2,-323.8177490234375,-538.44677734375,pinn,0018,0.025846925972396486,7739,204,0.028732747804265997
6.0,1000000.0,1.0,3000.0,case_184,1,0,176.18212890625,-38.44677734375,pinn,0018,0.0,7969,0,0.00012547051442910915
6.0,1000000.0,1.0,5000.0,case_184,0,0,2176.18212890625,1961.55322265625,pinn,0018,0.0,7970,0,0.0
6.0,1000000.0,1.0,10000.0,case_184,0,0,7176.1826171875,6961.552734375,pinn,0018,0.0,7970,0,0.0
6.0,1000000.0,1.0,25000.0,case_184,0,0,22176.181640625,21961.552734375,pinn,0018,0.0,7970,0,0.0
6.0,1000000.0,1.0,101325.0,case_184,0,0,98501.1796875,98286.5546875,pinn,0018,0.0,7970,0,0.0
8.0,100000.0,0.09999999999999999,2500.0,case_185,0,0,194.548095703125,190.0263671875,pinn,0018,0.0,7970,0,0.0
8.0,100000.0,0.09999999999999999,3000.0,case_185,0,0,694.548095703125,690.0263671875,pinn,0018,0.0,7970,0,0.0
8.0,100000.0,0.09999999999999999,5000.0,case_185,0,0,2694.54833984375,2690.0263671875,pinn,0018,0.0,7970,0,0.0
8.0,100000.0,0.09999999999999999,10000.0,case_185,0,0,7694.5478515625,7690.0263671875,pinn,0018,0.0,7970,0,0.0
8.0,100000.0,0.09999999999999999,25000.0,case_185,0,0,22694.548828125,22690.02734375,pinn,0018,0.0,7970,0,0.0
8.0,100000.0,0.09999999999999999,101325.0,case_185,0,0,99019.546875,99015.0234375,pinn,0018,0.0,7970,0,0.0
8.0,200000.0,0.19999999999999998,2500.0,case_186,0,0,177.710693359375,161.822265625,pinn,0018,0.0,7970,0,0.0
8.0,200000.0,0.19999999999999998,3000.0,case_186,0,0,677.710693359375,661.822265625,pinn,0018,0.0,7970,0,0.0
8.0,200000.0,0.19999999999999998,5000.0,case_186,0,0,2677.71044921875,2661.822265625,pinn,0018,0.0,7970,0,0.0
8.0,200000.0,0.19999999999999998,10000.0,case_186,0,0,7677.7109375,7661.822265625,pinn,0018,0.0,7970,0,0.0
8.0,200000.0,0.19999999999999998,25000.0,case_186,0,0,22677.7109375,22661.822265625,pinn,0018,0.0,7970,0,0.0
8.0,200000.0,0.19999999999999998,101325.0,case_186,0,0,99002.7109375,98986.8203125,pinn,0018,0.0,7970,0,0.0
8.0,500000.0,0.5,2500.0,case_187,3,0,54.65283203125,-40.1259765625,pinn,0018,0.0,7967,0,0.0003764115432873275
8.0,500000.0,0.5,3000.0,case_187,0,0,554.65283203125,459.8740234375,pinn,0018,0.0,7970,0,0.0
8.0,500000.0,0.5,5000.0,case_187,0,0,2554.65283203125,2459.8740234375,pinn,0018,0.0,7970,0,0.0
8.0,500000.0,0.5,10000.0,case_187,0,0,7554.65234375,7459.8740234375,pinn,0018,0.0,7970,0,0.0
8.0,500000.0,0.5,25000.0,case_187,0,0,22554.65234375,22459.873046875,pinn,0018,0.0,7970,0,0.0
8.0,500000.0,0.5,101325.0,case_187,0,0,98879.65625,98784.875,pinn,0018,0.0,7970,0,0.0
8.0,1000000.0,1.0,2500.0,case_188,35,0,-386.24853515625,-763.091796875,pinn,0018,0.036010037641154326,7648,287,0.04040150564617315
8.0,1000000.0,1.0,3000.0,case_188,7,0,113.75146484375,-263.091796875,pinn,0018,0.0,7963,0,0.0008782936010037642
8.0,1000000.0,1.0,5000.0,case_188,0,0,2113.75146484375,1736.908203125,pinn,0018,0.0,7970,0,0.0
8.0,1000000.0,1.0,10000.0,case_188,0,0,7113.751953125,6736.908203125,pinn,0018,0.0,7970,0,0.0
8.0,1000000.0,1.0,25000.0,case_188,0,0,22113.751953125,21736.908203125,pinn,0018,0.0,7970,0,0.0
8.0,1000000.0,1.0,101325.0,case_188,0,0,98438.75,98061.90625,pinn,0018,0.0,7970,0,0.0
10.0,100000.0,0.09999999999999999,2500.0,case_189,0,0,194.080322265625,186.980712890625,pinn,0018,0.0,7970,0,0.0
10.0,100000.0,0.09999999999999999,3000.0,case_189,0,0,694.080322265625,686.980712890625,pinn,0018,0.0,7970,0,0.0
10.0,100000.0,0.09999999999999999,5000.0,case_189,0,0,2694.08056640625,2686.98095703125,pinn,0018,0.0,7970,0,0.0
10.0,100000.0,0.09999999999999999,10000.0,case_189,0,0,7694.080078125,7686.98046875,pinn,0018,0.0,7970,0,0.0
10.0,100000.0,0.09999999999999999,25000.0,case_189,0,0,22694.080078125,22686.98046875,pinn,0018,0.0,7970,0,0.0
10.0,100000.0,0.09999999999999999,101325.0,case_189,0,0,99019.078125,99011.984375,pinn,0018,0.0,7970,0,0.0
10.0,200000.0,0.19999999999999998,2500.0,case_190,0,0,175.352294921875,147.224365234375,pinn,0018,0.0,7970,0,0.0
10.0,200000.0,0.19999999999999998,3000.0,case_190,0,0,675.352294921875,647.224365234375,pinn,0018,0.0,7970,0,0.0
10.0,200000.0,0.19999999999999998,5000.0,case_190,0,0,2675.35205078125,2647.224609375,pinn,0018,0.0,7970,0,0.0
10.0,200000.0,0.19999999999999998,10000.0,case_190,0,0,7675.3525390625,7647.224609375,pinn,0018,0.0,7970,0,0.0
10.0,200000.0,0.19999999999999998,25000.0,case_190,0,0,22675.3515625,22647.224609375,pinn,0018,0.0,7970,0,0.0
10.0,200000.0,0.19999999999999998,101325.0,case_190,0,0,99000.3515625,98972.2265625,pinn,0018,0.0,7970,0,0.0
10.0,500000.0,0.5,2500.0,case_191,7,0,36.848388671875,-119.437744140625,pinn,0018,0.0,7963,0,0.0008782936010037642
10.0,500000.0,0.5,3000.0,case_191,0,0,536.848388671875,380.562255859375,pinn,0018,0.0,7970,0,0.0
10.0,500000.0,0.5,5000.0,case_191,0,0,2536.84814453125,2380.56201171875,pinn,0018,0.0,7970,0,0.0
10.0,500000.0,0.5,10000.0,case_191,0,0,7536.8486328125,7380.5625,pinn,0018,0.0,7970,0,0.0
10.0,500000.0,0.5,25000.0,case_191,0,0,22536.84765625,22380.5625,pinn,0018,0.0,7970,0,0.0
10.0,500000.0,0.5,101325.0,case_191,0,0,98861.8515625,98705.5625,pinn,0018,0.0,7970,0,0.0
10.0,1000000.0,1.0,2500.0,case_192,59,0,-416.60498046875,-1081.6754150390625,pinn,0018,0.04617314930991217,7543,368,0.05357590966122961
10.0,1000000.0,1.0,3000.0,case_192,15,0,83.39501953125,-581.6754150390625,pinn,0018,0.0,7955,0,0.0018820577164366374
10.0,1000000.0,1.0,5000.0,case_192,0,0,2083.39501953125,1418.32470703125,pinn,0018,0.0,7970,0,0.0
10.0,1000000.0,1.0,10000.0,case_192,0,0,7083.3955078125,6418.32421875,pinn,0018,0.0,7970,0,0.0
10.0,1000000.0,1.0,25000.0,case_192,0,0,22083.39453125,21418.32421875,pinn,0018,0.0,7970,0,0.0
10.0,1000000.0,1.0,101325.0,case_192,0,0,98408.3984375,97743.328125,pinn,0018,0.0,7970,0,0.0
-4.0,100000.0,0.09999999999999999,2500.0,case_321,0,0,197.583984375,195.163818359375,pinn,4418,0.0,7975,0,0.0
-4.0,100000.0,0.09999999999999999,3000.0,case_321,0,0,697.583984375,695.163818359375,pinn,4418,0.0,7975,0,0.0
-4.0,100000.0,0.09999999999999999,5000.0,case_321,0,0,2697.583984375,2695.1640625,pinn,4418,0.0,7975,0,0.0
-4.0,100000.0,0.09999999999999999,10000.0,case_321,0,0,7697.583984375,7695.1640625,pinn,4418,0.0,7975,0,0.0
-4.0,100000.0,0.09999999999999999,25000.0,case_321,0,0,22697.583984375,22695.1640625,pinn,4418,0.0,7975,0,0.0
-4.0,100000.0,0.09999999999999999,101325.0,case_321,0,0,99022.5859375,99020.1640625,pinn,4418,0.0,7975,0,0.0
-4.0,200000.0,0.19999999999999998,2500.0,case_322,0,0,190.337890625,180.60693359375,pinn,4418,0.0,7975,0,0.0
-4.0,200000.0,0.19999999999999998,3000.0,case_322,0,0,690.337890625,680.60693359375,pinn,4418,0.0,7975,0,0.0
-4.0,200000.0,0.19999999999999998,5000.0,case_322,0,0,2690.337890625,2680.60693359375,pinn,4418,0.0,7975,0,0.0
-4.0,200000.0,0.19999999999999998,10000.0,case_322,0,0,7690.337890625,7680.6064453125,pinn,4418,0.0,7975,0,0.0
-4.0,200000.0,0.19999999999999998,25000.0,case_322,0,0,22690.337890625,22680.607421875,pinn,4418,0.0,7975,0,0.0
-4.0,200000.0,0.19999999999999998,101325.0,case_322,0,0,99015.3359375,99005.609375,pinn,4418,0.0,7975,0,0.0
-4.0,500000.0,0.5,2500.0,case_323,0,0,138.25634765625,78.342529296875,pinn,4418,0.0,7975,0,0.0
-4.0,500000.0,0.5,3000.0,case_323,0,0,638.25634765625,578.342529296875,pinn,4418,0.0,7975,0,0.0
-4.0,500000.0,0.5,5000.0,case_323,0,0,2638.25634765625,2578.34228515625,pinn,4418,0.0,7975,0,0.0
-4.0,500000.0,0.5,10000.0,case_323,0,0,7638.255859375,7578.3427734375,pinn,4418,0.0,7975,0,0.0
-4.0,500000.0,0.5,25000.0,case_323,0,0,22638.255859375,22578.341796875,pinn,4418,0.0,7975,0,0.0
-4.0,500000.0,0.5,101325.0,case_323,0,0,98963.2578125,98903.34375,pinn,4418,0.0,7975,0,0.0
-4.0,1000000.0,1.0,2500.0,case_324,57,19,-86.429443359375,-287.235107421875,pinn,4418,0.0076489028213166145,7857,42,0.012413793103448275
-4.0,1000000.0,1.0,3000.0,case_324,0,0,413.570556640625,212.764892578125,pinn,4418,0.0,7975,0,0.0
-4.0,1000000.0,1.0,5000.0,case_324,0,0,2413.5703125,2212.76513671875,pinn,4418,0.0,7975,0,0.0
-4.0,1000000.0,1.0,10000.0,case_324,0,0,7413.5703125,7212.7646484375,pinn,4418,0.0,7975,0,0.0
-4.0,1000000.0,1.0,25000.0,case_324,0,0,22413.5703125,22212.765625,pinn,4418,0.0,7975,0,0.0
-4.0,1000000.0,1.0,101325.0,case_324,0,0,98738.5703125,98537.765625,pinn,4418,0.0,7975,0,0.0
-2.0,100000.0,0.09999999999999999,2500.0,case_325,0,0,196.856201171875,196.4130859375,pinn,4418,0.0,7975,0,0.0
-2.0,100000.0,0.09999999999999999,3000.0,case_325,0,0,696.856201171875,696.4130859375,pinn,4418,0.0,7975,0,0.0
-2.0,100000.0,0.09999999999999999,5000.0,case_325,0,0,2696.8564453125,2696.4130859375,pinn,4418,0.0,7975,0,0.0
-2.0,100000.0,0.09999999999999999,10000.0,case_325,0,0,7696.8564453125,7696.4130859375,pinn,4418,0.0,7975,0,0.0
-2.0,100000.0,0.09999999999999999,25000.0,case_325,0,0,22696.85546875,22696.4140625,pinn,4418,0.0,7975,0,0.0
-2.0,100000.0,0.09999999999999999,101325.0,case_325,0,0,99021.859375,99021.4140625,pinn,4418,0.0,7975,0,0.0
-2.0,200000.0,0.19999999999999998,2500.0,case_326,0,0,187.489013671875,185.549072265625,pinn,4418,0.0,7975,0,0.0
-2.0,200000.0,0.19999999999999998,3000.0,case_326,0,0,687.489013671875,685.549072265625,pinn,4418,0.0,7975,0,0.0
-2.0,200000.0,0.19999999999999998,5000.0,case_326,0,0,2687.48876953125,2685.548828125,pinn,4418,0.0,7975,0,0.0
-2.0,200000.0,0.19999999999999998,10000.0,case_326,0,0,7687.4892578125,7685.548828125,pinn,4418,0.0,7975,0,0.0
-2.0,200000.0,0.19999999999999998,25000.0,case_326,0,0,22687.48828125,22685.548828125,pinn,4418,0.0,7975,0,0.0
-2.0,200000.0,0.19999999999999998,101325.0,case_326,0,0,99012.4921875,99010.546875,pinn,4418,0.0,7975,0,0.0
-2.0,500000.0,0.5,2500.0,case_327,0,0,121.842041015625,109.31884765625,pinn,4418,0.0,7975,0,0.0
-2.0,500000.0,0.5,3000.0,case_327,0,0,621.842041015625,609.31884765625,pinn,4418,0.0,7975,0,0.0
-2.0,500000.0,0.5,5000.0,case_327,0,0,2621.84228515625,2609.31884765625,pinn,4418,0.0,7975,0,0.0
-2.0,500000.0,0.5,10000.0,case_327,0,0,7621.841796875,7609.3193359375,pinn,4418,0.0,7975,0,0.0
-2.0,500000.0,0.5,25000.0,case_327,0,0,22621.841796875,22609.318359375,pinn,4418,0.0,7975,0,0.0
-2.0,500000.0,0.5,101325.0,case_327,0,0,98946.84375,98934.3203125,pinn,4418,0.0,7975,0,0.0
-2.0,1000000.0,1.0,2500.0,case_328,20,27,-158.331298828125,-163.20556640625,pinn,4418,0.015172413793103448,7834,94,0.014294670846394984
-2.0,1000000.0,1.0,3000.0,case_328,0,0,341.668701171875,336.79443359375,pinn,4418,0.0,7975,0,0.0
-2.0,1000000.0,1.0,5000.0,case_328,0,0,2341.66845703125,2336.79443359375,pinn,4418,0.0,7975,0,0.0
-2.0,1000000.0,1.0,10000.0,case_328,0,0,7341.6689453125,7336.794921875,pinn,4418,0.0,7975,0,0.0
-2.0,1000000.0,1.0,25000.0,case_328,0,0,22341.66796875,22336.794921875,pinn,4418,0.0,7975,0,0.0
-2.0,1000000.0,1.0,101325.0,case_328,0,0,98666.671875,98661.796875,pinn,4418,0.0,7975,0,0.0
0.0,100000.0,0.09999999999999999,2500.0,case_329,0,0,196.094482421875,195.641357421875,pinn,4418,0.0,7975,0,0.0
0.0,100000.0,0.09999999999999999,3000.0,case_329,0,0,696.094482421875,695.641357421875,pinn,4418,0.0,7975,0,0.0
0.0,100000.0,0.09999999999999999,5000.0,case_329,0,0,2696.0947265625,2695.6416015625,pinn,4418,0.0,7975,0,0.0
0.0,100000.0,0.09999999999999999,10000.0,case_329,0,0,7696.0947265625,7695.6416015625,pinn,4418,0.0,7975,0,0.0
0.0,100000.0,0.09999999999999999,25000.0,case_329,0,0,22696.09375,22695.640625,pinn,4418,0.0,7975,0,0.0
0.0,100000.0,0.09999999999999999,101325.0,case_329,0,0,99021.09375,99020.640625,pinn,4418,0.0,7975,0,0.0
0.0,200000.0,0.19999999999999998,2500.0,case_330,0,0,184.4560546875,182.413818359375,pinn,4418,0.0,7975,0,0.0
0.0,200000.0,0.19999999999999998,3000.0,case_330,0,0,684.4560546875,682.413818359375,pinn,4418,0.0,7975,0,0.0
0.0,200000.0,0.19999999999999998,5000.0,case_330,0,0,2684.4560546875,2682.4140625,pinn,4418,0.0,7975,0,0.0
0.0,200000.0,0.19999999999999998,10000.0,case_330,0,0,7684.4560546875,7682.4140625,pinn,4418,0.0,7975,0,0.0
0.0,200000.0,0.19999999999999998,25000.0,case_330,0,0,22684.455078125,22682.4140625,pinn,4418,0.0,7975,0,0.0
0.0,200000.0,0.19999999999999998,101325.0,case_330,0,0,99009.453125,99007.4140625,pinn,4418,0.0,7975,0,0.0
0.0,500000.0,0.5,2500.0,case_331,0,0,103.32275390625,89.517578125,pinn,4418,0.0,7975,0,0.0
0.0,500000.0,0.5,3000.0,case_331,0,0,603.32275390625,589.517578125,pinn,4418,0.0,7975,0,0.0
0.0,500000.0,0.5,5000.0,case_331,0,0,2603.32275390625,2589.517578125,pinn,4418,0.0,7975,0,0.0
0.0,500000.0,0.5,10000.0,case_331,0,0,7603.322265625,7589.517578125,pinn,4418,0.0,7975,0,0.0
0.0,500000.0,0.5,25000.0,case_331,0,0,22603.322265625,22589.517578125,pinn,4418,0.0,7975,0,0.0
0.0,500000.0,0.5,101325.0,case_331,0,0,98928.3203125,98914.515625,pinn,4418,0.0,7975,0,0.0
0.0,1000000.0,1.0,2500.0,case_332,3,60,-245.72998046875,-244.50146484375,pinn,4418,0.02909090909090909,7740,172,0.0219435736677116
0.0,1000000.0,1.0,3000.0,case_332,0,0,254.27001953125,255.49853515625,pinn,4418,0.0,7975,0,0.0
0.0,1000000.0,1.0,5000.0,case_332,0,0,2254.27001953125,2255.49853515625,pinn,4418,0.0,7975,0,0.0
0.0,1000000.0,1.0,10000.0,case_332,0,0,7254.2705078125,7255.4990234375,pinn,4418,0.0,7975,0,0.0
0.0,1000000.0,1.0,25000.0,case_332,0,0,22254.26953125,22255.498046875,pinn,4418,0.0,7975,0,0.0
0.0,1000000.0,1.0,101325.0,case_332,0,0,98579.2734375,98580.5,pinn,4418,0.0,7975,0,0.0
2.0,100000.0,0.09999999999999999,2500.0,case_333,0,0,195.349853515625,194.81201171875,pinn,4418,0.0,7975,0,0.0
2.0,100000.0,0.09999999999999999,3000.0,case_333,0,0,695.349853515625,694.81201171875,pinn,4418,0.0,7975,0,0.0
2.0,100000.0,0.09999999999999999,5000.0,case_333,0,0,2695.349609375,2694.81201171875,pinn,4418,0.0,7975,0,0.0
2.0,100000.0,0.09999999999999999,10000.0,case_333,0,0,7695.349609375,7694.8115234375,pinn,4418,0.0,7975,0,0.0
2.0,100000.0,0.09999999999999999,25000.0,case_333,0,0,22695.349609375,22694.8125,pinn,4418,0.0,7975,0,0.0
2.0,100000.0,0.09999999999999999,101325.0,case_333,0,0,99020.3515625,99019.8125,pinn,4418,0.0,7975,0,0.0
2.0,200000.0,0.19999999999999998,2500.0,case_334,0,0,181.3837890625,179.06689453125,pinn,4418,0.0,7975,0,0.0
2.0,200000.0,0.19999999999999998,3000.0,case_334,0,0,681.3837890625,679.06689453125,pinn,4418,0.0,7975,0,0.0
2.0,200000.0,0.19999999999999998,5000.0,case_334,0,0,2681.3837890625,2679.06689453125,pinn,4418,0.0,7975,0,0.0
2.0,200000.0,0.19999999999999998,10000.0,case_334,0,0,7681.3837890625,7679.0673828125,pinn,4418,0.0,7975,0,0.0
2.0,200000.0,0.19999999999999998,25000.0,case_334,0,0,22681.3828125,22679.06640625,pinn,4418,0.0,7975,0,0.0
2.0,200000.0,0.19999999999999998,101325.0,case_334,0,0,99006.3828125,99004.0703125,pinn,4418,0.0,7975,0,0.0
2.0,500000.0,0.5,2500.0,case_335,0,0,81.8486328125,68.273681640625,pinn,4418,0.0,7975,0,0.0
2.0,500000.0,0.5,3000.0,case_335,0,0,581.8486328125,568.273681640625,pinn,4418,0.0,7975,0,0.0
2.0,500000.0,0.5,5000.0,case_335,0,0,2581.8486328125,2568.2734375,pinn,4418,0.0,7975,0,0.0
2.0,500000.0,0.5,10000.0,case_335,0,0,7581.8486328125,7568.2734375,pinn,4418,0.0,7975,0,0.0
2.0,500000.0,0.5,25000.0,case_335,0,0,22581.84765625,22568.2734375,pinn,4418,0.0,7975,0,0.0
2.0,500000.0,0.5,101325.0,case_335,0,0,98906.8515625,98893.2734375,pinn,4418,0.0,7975,0,0.0
2.0,1000000.0,1.0,2500.0,case_336,0,63,-338.65576171875,-328.09521484375,pinn,4418,0.041379310344827586,7645,267,0.03347962382445141
2.0,1000000.0,1.0,3000.0,case_336,0,0,161.34423828125,171.90478515625,pinn,4418,0.0,7975,0,0.0
2.0,1000000.0,1.0,5000.0,case_336,0,0,2161.34423828125,2171.90478515625,pinn,4418,0.0,7975,0,0.0
2.0,1000000.0,1.0,10000.0,case_336,0,0,7161.3447265625,7171.904296875,pinn,4418,0.0,7975,0,0.0
2.0,1000000.0,1.0,25000.0,case_336,0,0,22161.34375,22171.904296875,pinn,4418,0.0,7975,0,0.0
2.0,1000000.0,1.0,101325.0,case_336,0,0,98486.34375,98496.90625,pinn,4418,0.0,7975,0,0.0
4.0,100000.0,0.09999999999999999,2500.0,case_337,0,0,194.66845703125,193.659423828125,pinn,4418,0.0,7975,0,0.0
4.0,100000.0,0.09999999999999999,3000.0,case_337,0,0,694.66845703125,693.659423828125,pinn,4418,0.0,7975,0,0.0
4.0,100000.0,0.09999999999999999,5000.0,case_337,0,0,2694.66845703125,2693.6591796875,pinn,4418,0.0,7975,0,0.0
4.0,100000.0,0.09999999999999999,10000.0,case_337,0,0,7694.66796875,7693.6591796875,pinn,4418,0.0,7975,0,0.0
4.0,100000.0,0.09999999999999999,25000.0,case_337,0,0,22694.66796875,22693.66015625,pinn,4418,0.0,7975,0,0.0
4.0,100000.0,0.09999999999999999,101325.0,case_337,0,0,99019.671875,99018.65625,pinn,4418,0.0,7975,0,0.0
4.0,200000.0,0.19999999999999998,2500.0,case_338,0,0,178.387451171875,174.443359375,pinn,4418,0.0,7975,0,0.0
4.0,200000.0,0.19999999999999998,3000.0,case_338,0,0,678.387451171875,674.443359375,pinn,4418,0.0,7975,0,0.0
4.0,200000.0,0.19999999999999998,5000.0,case_338,0,0,2678.38720703125,2674.443359375,pinn,4418,0.0,7975,0,0.0
4.0,200000.0,0.19999999999999998,10000.0,case_338,0,0,7678.3876953125,7674.443359375,pinn,4418,0.0,7975,0,0.0
4.0,200000.0,0.19999999999999998,25000.0,case_338,0,0,22678.38671875,22674.443359375,pinn,4418,0.0,7975,0,0.0
4.0,200000.0,0.19999999999999998,101325.0,case_338,0,0,99003.390625,98999.4453125,pinn,4418,0.0,7975,0,0.0
4.0,500000.0,0.5,2500.0,case_339,0,0,59.480224609375,39.06787109375,pinn,4418,0.0,7975,0,0.0
4.0,500000.0,0.5,3000.0,case_339,0,0,559.480224609375,539.06787109375,pinn,4418,0.0,7975,0,0.0
4.0,500000.0,0.5,5000.0,case_339,0,0,2559.47998046875,2539.06787109375,pinn,4418,0.0,7975,0,0.0
4.0,500000.0,0.5,10000.0,case_339,0,0,7559.48046875,7539.068359375,pinn,4418,0.0,7975,0,0.0
4.0,500000.0,0.5,25000.0,case_339,0,0,22559.48046875,22539.068359375,pinn,4418,0.0,7975,0,0.0
4.0,500000.0,0.5,101325.0,case_339,0,0,98884.4765625,98864.0703125,pinn,4418,0.0,7975,0,0.0
4.0,1000000.0,1.0,2500.0,case_340,1,29,-411.82421875,-445.319091796875,pinn,4418,0.05128526645768025,7565,380,0.047774294670846394
4.0,1000000.0,1.0,3000.0,case_340,0,0,88.17578125,54.680908203125,pinn,4418,0.0,7975,0,0.0
4.0,1000000.0,1.0,5000.0,case_340,0,0,2088.17578125,2054.68115234375,pinn,4418,0.0,7975,0,0.0
4.0,1000000.0,1.0,10000.0,case_340,0,0,7088.17578125,7054.6806640625,pinn,4418,0.0,7975,0,0.0
4.0,1000000.0,1.0,25000.0,case_340,0,0,22088.17578125,22054.681640625,pinn,4418,0.0,7975,0,0.0
4.0,1000000.0,1.0,101325.0,case_340,0,0,98413.1796875,98379.6796875,pinn,4418,0.0,7975,0,0.0
6.0,100000.0,0.09999999999999999,2500.0,case_341,0,0,194.07080078125,192.252197265625,pinn,4418,0.0,7975,0,0.0
6.0,100000.0,0.09999999999999999,3000.0,case_341,0,0,694.07080078125,692.252197265625,pinn,4418,0.0,7975,0,0.0
6.0,100000.0,0.09999999999999999,5000.0,case_341,0,0,2694.07080078125,2692.25244140625,pinn,4418,0.0,7975,0,0.0
6.0,100000.0,0.09999999999999999,10000.0,case_341,0,0,7694.0712890625,7692.251953125,pinn,4418,0.0,7975,0,0.0
6.0,100000.0,0.09999999999999999,25000.0,case_341,0,0,22694.0703125,22692.251953125,pinn,4418,0.0,7975,0,0.0
6.0,100000.0,0.09999999999999999,101325.0,case_341,0,0,99019.0703125,99017.25,pinn,4418,0.0,7975,0,0.0
6.0,200000.0,0.19999999999999998,2500.0,case_342,0,0,175.646484375,168.659912109375,pinn,4418,0.0,7975,0,0.0
6.0,200000.0,0.19999999999999998,3000.0,case_342,0,0,675.646484375,668.659912109375,pinn,4418,0.0,7975,0,0.0
6.0,200000.0,0.19999999999999998,5000.0,case_342,0,0,2675.646484375,2668.66015625,pinn,4418,0.0,7975,0,0.0
6.0,200000.0,0.19999999999999998,10000.0,case_342,0,0,7675.646484375,7668.66015625,pinn,4418,0.0,7975,0,0.0
6.0,200000.0,0.19999999999999998,25000.0,case_342,0,0,22675.646484375,22668.66015625,pinn,4418,0.0,7975,0,0.0
6.0,200000.0,0.19999999999999998,101325.0,case_342,0,0,99000.6484375,98993.65625,pinn,4418,0.0,7975,0,0.0
6.0,500000.0,0.5,2500.0,case_343,0,0,38.953369140625,5.263671875,pinn,4418,0.0,7975,0,0.0
6.0,500000.0,0.5,3000.0,case_343,0,0,538.953369140625,505.263671875,pinn,4418,0.0,7975,0,0.0
6.0,500000.0,0.5,5000.0,case_343,0,0,2538.953125,2505.263671875,pinn,4418,0.0,7975,0,0.0
6.0,500000.0,0.5,10000.0,case_343,0,0,7538.953125,7505.263671875,pinn,4418,0.0,7975,0,0.0
6.0,500000.0,0.5,25000.0,case_343,0,0,22538.953125,22505.263671875,pinn,4418,0.0,7975,0,0.0
6.0,500000.0,0.5,101325.0,case_343,0,0,98863.953125,98830.265625,pinn,4418,0.0,7975,0,0.0
6.0,1000000.0,1.0,2500.0,case_344,34,1,-461.8760986328125,-589.191650390625,pinn,4418,0.061065830721003134,7454,486,0.0652037617554859
6.0,1000000.0,1.0,3000.0,case_344,7,0,38.1240234375,-89.191650390625,pinn,4418,0.0,7968,0,0.0008777429467084639
6.0,1000000.0,1.0,5000.0,case_344,0,0,2038.1240234375,1910.80810546875,pinn,4418,0.0,7975,0,0.0
6.0,1000000.0,1.0,10000.0,case_344,0,0,7038.1240234375,6910.80859375,pinn,4418,0.0,7975,0,0.0
6.0,1000000.0,1.0,25000.0,case_344,0,0,22038.123046875,21910.80859375,pinn,4418,0.0,7975,0,0.0
6.0,1000000.0,1.0,101325.0,case_344,0,0,98363.125,98235.8046875,pinn,4418,0.0,7975,0,0.0
8.0,100000.0,0.09999999999999999,2500.0,case_345,0,0,193.555908203125,190.67626953125,pinn,4418,0.0,7975,0,0.0
8.0,100000.0,0.09999999999999999,3000.0,case_345,0,0,693.555908203125,690.67626953125,pinn,4418,0.0,7975,0,0.0
8.0,100000.0,0.09999999999999999,5000.0,case_345,0,0,2693.5556640625,2690.67626953125,pinn,4418,0.0,7975,0,0.0
8.0,100000.0,0.09999999999999999,10000.0,case_345,0,0,7693.5556640625,7690.6767578125,pinn,4418,0.0,7975,0,0.0
8.0,100000.0,0.09999999999999999,25000.0,case_345,0,0,22693.556640625,22690.67578125,pinn,4418,0.0,7975,0,0.0
8.0,100000.0,0.09999999999999999,101325.0,case_345,0,0,99018.5546875,99015.6796875,pinn,4418,0.0,7975,0,0.0
8.0,200000.0,0.19999999999999998,2500.0,case_346,0,0,173.228515625,163.216796875,pinn,4418,0.0,7975,0,0.0
8.0,200000.0,0.19999999999999998,3000.0,case_346,0,0,673.228515625,663.216796875,pinn,4418,0.0,7975,0,0.0
8.0,200000.0,0.19999999999999998,5000.0,case_346,0,0,2673.228515625,2663.216796875,pinn,4418,0.0,7975,0,0.0
8.0,200000.0,0.19999999999999998,10000.0,case_346,0,0,7673.228515625,7663.216796875,pinn,4418,0.0,7975,0,0.0
8.0,200000.0,0.19999999999999998,25000.0,case_346,0,0,22673.228515625,22663.216796875,pinn,4418,0.0,7975,0,0.0
8.0,200000.0,0.19999999999999998,101325.0,case_346,0,0,98998.2265625,98988.21875,pinn,4418,0.0,7975,0,0.0
8.0,500000.0,0.5,2500.0,case_347,6,0,21.220458984375,-32.08056640625,pinn,4418,0.0,7969,0,0.0007523510971786833
8.0,500000.0,0.5,3000.0,case_347,0,0,521.220458984375,467.91943359375,pinn,4418,0.0,7975,0,0.0
8.0,500000.0,0.5,5000.0,case_347,0,0,2521.220703125,2467.91943359375,pinn,4418,0.0,7975,0,0.0
8.0,500000.0,0.5,10000.0,case_347,0,0,7521.220703125,7467.919921875,pinn,4418,0.0,7975,0,0.0
8.0,500000.0,0.5,25000.0,case_347,0,0,22521.220703125,22467.919921875,pinn,4418,0.0,7975,0,0.0
8.0,500000.0,0.5,101325.0,case_347,0,0,98846.21875,98792.921875,pinn,4418,0.0,7975,0,0.0
8.0,1000000.0,1.0,2500.0,case_348,55,0,-495.5452880859375,-731.254150390625,pinn,4418,0.07410658307210032,7329,591,0.08100313479623825
8.0,1000000.0,1.0,3000.0,case_348,22,0,4.45458984375,-231.254150390625,pinn,4418,0.0,7953,0,0.002758620689655172
8.0,1000000.0,1.0,5000.0,case_348,0,0,2004.45458984375,1768.745849609375,pinn,4418,0.0,7975,0,0.0
8.0,1000000.0,1.0,10000.0,case_348,0,0,7004.455078125,6768.74609375,pinn,4418,0.0,7975,0,0.0
8.0,1000000.0,1.0,25000.0,case_348,0,0,22004.455078125,21768.74609375,pinn,4418,0.0,7975,0,0.0
8.0,1000000.0,1.0,101325.0,case_348,0,0,98329.453125,98093.7421875,pinn,4418,0.0,7975,0,0.0
10.0,100000.0,0.09999999999999999,2500.0,case_349,0,0,193.136474609375,188.794677734375,pinn,4418,0.0,7975,0,0.0
10.0,100000.0,0.09999999999999999,3000.0,case_349,0,0,693.136474609375,688.794677734375,pinn,4418,0.0,7975,0,0.0
10.0,100000.0,0.09999999999999999,5000.0,case_349,0,0,2693.13671875,2688.794921875,pinn,4418,0.0,7975,0,0.0
10.0,100000.0,0.09999999999999999,10000.0,case_349,0,0,7693.13671875,7688.794921875,pinn,4418,0.0,7975,0,0.0
10.0,100000.0,0.09999999999999999,25000.0,case_349,0,0,22693.13671875,22688.794921875,pinn,4418,0.0,7975,0,0.0
10.0,100000.0,0.09999999999999999,101325.0,case_349,0,0,99018.1328125,99013.796875,pinn,4418,0.0,7975,0,0.0
10.0,200000.0,0.19999999999999998,2500.0,case_350,0,0,171.3125,155.97265625,pinn,4418,0.0,7975,0,0.0
10.0,200000.0,0.19999999999999998,3000.0,case_350,0,0,671.3125,655.97265625,pinn,4418,0.0,7975,0,0.0
10.0,200000.0,0.19999999999999998,5000.0,case_350,0,0,2671.3125,2655.97265625,pinn,4418,0.0,7975,0,0.0
10.0,200000.0,0.19999999999999998,10000.0,case_350,0,0,7671.3125,7655.97265625,pinn,4418,0.0,7975,0,0.0
10.0,200000.0,0.19999999999999998,25000.0,case_350,0,0,22671.3125,22655.97265625,pinn,4418,0.0,7975,0,0.0
10.0,200000.0,0.19999999999999998,101325.0,case_350,0,0,98996.3125,98980.9765625,pinn,4418,0.0,7975,0,0.0
10.0,500000.0,0.5,2500.0,case_351,20,0,7.536865234375,-77.8056640625,pinn,4418,0.0,7955,0,0.0025078369905956114
10.0,500000.0,0.5,3000.0,case_351,0,0,507.536865234375,422.1943359375,pinn,4418,0.0,7975,0,0.0
10.0,500000.0,0.5,5000.0,case_351,0,0,2507.537109375,2422.1943359375,pinn,4418,0.0,7975,0,0.0
10.0,500000.0,0.5,10000.0,case_351,0,0,7507.537109375,7422.1943359375,pinn,4418,0.0,7975,0,0.0
10.0,500000.0,0.5,25000.0,case_351,0,0,22507.537109375,22422.1953125,pinn,4418,0.0,7975,0,0.0
10.0,500000.0,0.5,101325.0,case_351,0,0,98832.5390625,98747.1953125,pinn,4418,0.0,7975,0,0.0
10.0,1000000.0,1.0,2500.0,case_352,78,0,-510.736083984375,-914.831787109375,pinn,4418,0.0890282131661442,7187,710,0.09880877742946709
10.0,1000000.0,1.0,3000.0,case_352,34,0,-10.736083984375,-414.831787109375,pinn,4418,0.0007523510971786833,7935,6,0.005015673981191223
10.0,1000000.0,1.0,5000.0,case_352,0,0,1989.26416015625,1585.168212890625,pinn,4418,0.0,7975,0,0.0
10.0,1000000.0,1.0,10000.0,case_352,0,0,6989.263671875,6585.16796875,pinn,4418,0.0,7975,0,0.0
10.0,1000000.0,1.0,25000.0,case_352,0,0,21989.263671875,21585.16796875,pinn,4418,0.0,7975,0,0.0
10.0,1000000.0,1.0,101325.0,case_352,0,0,98314.265625,97910.171875,pinn,4418,0.0,7975,0,0.0
-4.0,100000.0,0.09999999999999999,2500.0,case_161,0,0,195.014404296875,193.923583984375,fno,0018,0.0,7970,0,0.0
-4.0,100000.0,0.09999999999999999,3000.0,case_161,0,0,695.014404296875,693.923583984375,fno,0018,0.0,7970,0,0.0
-4.0,100000.0,0.09999999999999999,5000.0,case_161,0,0,2695.01416015625,2693.923828125,fno,0018,0.0,7970,0,0.0
-4.0,100000.0,0.09999999999999999,10000.0,case_161,0,0,7695.0146484375,7693.923828125,fno,0018,0.0,7970,0,0.0
-4.0,100000.0,0.09999999999999999,25000.0,case_161,0,0,22695.013671875,22693.923828125,fno,0018,0.0,7970,0,0.0
-4.0,100000.0,0.09999999999999999,101325.0,case_161,0,0,99020.015625,99018.921875,fno,0018,0.0,7970,0,0.0
-4.0,200000.0,0.19999999999999998,2500.0,case_162,0,0,180.53564453125,175.363525390625,fno,0018,0.0,7970,0,0.0
-4.0,200000.0,0.19999999999999998,3000.0,case_162,0,0,680.53564453125,675.363525390625,fno,0018,0.0,7970,0,0.0
-4.0,200000.0,0.19999999999999998,5000.0,case_162,0,0,2680.53564453125,2675.36376953125,fno,0018,0.0,7970,0,0.0
-4.0,200000.0,0.19999999999999998,10000.0,case_162,0,0,7680.5361328125,7675.36328125,fno,0018,0.0,7970,0,0.0
-4.0,200000.0,0.19999999999999998,25000.0,case_162,0,0,22680.53515625,22675.36328125,fno,0018,0.0,7970,0,0.0
-4.0,200000.0,0.19999999999999998,101325.0,case_162,0,0,99005.5390625,99000.3671875,fno,0018,0.0,7970,0,0.0
-4.0,500000.0,0.5,2500.0,case_163,0,0,89.616455078125,46.363525390625,fno,0018,0.0,7970,0,0.0
-4.0,500000.0,0.5,3000.0,case_163,0,0,589.616455078125,546.363525390625,fno,0018,0.0,7970,0,0.0
-4.0,500000.0,0.5,5000.0,case_163,0,0,2589.61669921875,2546.36376953125,fno,0018,0.0,7970,0,0.0
-4.0,500000.0,0.5,10000.0,case_163,0,0,7589.6162109375,7546.36328125,fno,0018,0.0,7970,0,0.0
-4.0,500000.0,0.5,25000.0,case_163,0,0,22589.6171875,22546.36328125,fno,0018,0.0,7970,0,0.0
-4.0,500000.0,0.5,101325.0,case_163,0,0,98914.6171875,98871.3671875,fno,0018,0.0,7970,0,0.0
-4.0,1000000.0,1.0,2500.0,case_164,174,115,-222.56494140625,-416.660400390625,fno,0018,0.01794228356336261,7653,28,0.02534504391468005
-4.0,1000000.0,1.0,3000.0,case_164,0,0,277.43505859375,83.339599609375,fno,0018,0.0,7970,0,0.0
-4.0,1000000.0,1.0,5000.0,case_164,0,0,2277.43505859375,2083.33935546875,fno,0018,0.0,7970,0,0.0
-4.0,1000000.0,1.0,10000.0,case_164,0,0,7277.4345703125,7083.33984375,fno,0018,0.0,7970,0,0.0
-4.0,1000000.0,1.0,25000.0,case_164,0,0,22277.435546875,22083.33984375,fno,0018,0.0,7970,0,0.0
-4.0,1000000.0,1.0,101325.0,case_164,0,0,98602.4375,98408.3359375,fno,0018,0.0,7970,0,0.0
-2.0,100000.0,0.09999999999999999,2500.0,case_165,0,0,195.430908203125,195.628173828125,fno,0018,0.0,7970,0,0.0
-2.0,100000.0,0.09999999999999999,3000.0,case_165,0,0,695.430908203125,695.628173828125,fno,0018,0.0,7970,0,0.0
-2.0,100000.0,0.09999999999999999,5000.0,case_165,0,0,2695.43115234375,2695.62841796875,fno,0018,0.0,7970,0,0.0
-2.0,100000.0,0.09999999999999999,10000.0,case_165,0,0,7695.4306640625,7695.6279296875,fno,0018,0.0,7970,0,0.0
-2.0,100000.0,0.09999999999999999,25000.0,case_165,0,0,22695.431640625,22695.62890625,fno,0018,0.0,7970,0,0.0
-2.0,100000.0,0.09999999999999999,101325.0,case_165,0,0,99020.4296875,99020.625,fno,0018,0.0,7970,0,0.0
-2.0,200000.0,0.19999999999999998,2500.0,case_166,0,0,182.3916015625,182.422119140625,fno,0018,0.0,7970,0,0.0
-2.0,200000.0,0.19999999999999998,3000.0,case_166,0,0,682.3916015625,682.422119140625,fno,0018,0.0,7970,0,0.0
-2.0,200000.0,0.19999999999999998,5000.0,case_166,0,0,2682.3916015625,2682.42236328125,fno,0018,0.0,7970,0,0.0
-2.0,200000.0,0.19999999999999998,10000.0,case_166,0,0,7682.3916015625,7682.421875,fno,0018,0.0,7970,0,0.0
-2.0,200000.0,0.19999999999999998,25000.0,case_166,0,0,22682.390625,22682.421875,fno,0018,0.0,7970,0,0.0
-2.0,200000.0,0.19999999999999998,101325.0,case_166,0,0,99007.390625,99007.421875,fno,0018,0.0,7970,0,0.0
-2.0,500000.0,0.5,2500.0,case_167,0,0,100.72900390625,89.1865234375,fno,0018,0.0,7970,0,0.0
-2.0,500000.0,0.5,3000.0,case_167,0,0,600.72900390625,589.1865234375,fno,0018,0.0,7970,0,0.0
-2.0,500000.0,0.5,5000.0,case_167,0,0,2600.72900390625,2589.1865234375,fno,0018,0.0,7970,0,0.0
-2.0,500000.0,0.5,10000.0,case_167,0,0,7600.728515625,7589.1865234375,fno,0018,0.0,7970,0,0.0
-2.0,500000.0,0.5,25000.0,case_167,0,0,22600.728515625,22589.1875,fno,0018,0.0,7970,0,0.0
-2.0,500000.0,0.5,101325.0,case_167,0,0,98925.7265625,98914.1875,fno,0018,0.0,7970,0,0.0
-2.0,1000000.0,1.0,2500.0,case_168,104,181,-271.018310546875,-244.521240234375,fno,0018,0.024466750313676285,7671,14,0.014805520702634882
-2.0,1000000.0,1.0,3000.0,case_168,0,0,228.981689453125,255.478759765625,fno,0018,0.0,7970,0,0.0
-2.0,1000000.0,1.0,5000.0,case_168,0,0,2228.9814453125,2255.47900390625,fno,0018,0.0,7970,0,0.0
-2.0,1000000.0,1.0,10000.0,case_168,0,0,7228.9814453125,7255.478515625,fno,0018,0.0,7970,0,0.0
-2.0,1000000.0,1.0,25000.0,case_168,0,0,22228.982421875,22255.478515625,fno,0018,0.0,7970,0,0.0
-2.0,1000000.0,1.0,101325.0,case_168,0,0,98553.984375,98580.4765625,fno,0018,0.0,7970,0,0.0
0.0,100000.0,0.09999999999999999,2500.0,case_169,0,0,196.01123046875,196.777587890625,fno,0018,0.0,7970,0,0.0
0.0,100000.0,0.09999999999999999,3000.0,case_169,0,0,696.01123046875,696.777587890625,fno,0018,0.0,7970,0,0.0
0.0,100000.0,0.09999999999999999,5000.0,case_169,0,0,2696.01123046875,2696.77734375,fno,0018,0.0,7970,0,0.0
0.0,100000.0,0.09999999999999999,10000.0,case_169,0,0,7696.0107421875,7696.77734375,fno,0018,0.0,7970,0,0.0
0.0,100000.0,0.09999999999999999,25000.0,case_169,0,0,22696.01171875,22696.77734375,fno,0018,0.0,7970,0,0.0
0.0,100000.0,0.09999999999999999,101325.0,case_169,0,0,99021.0078125,99021.78125,fno,0018,0.0,7970,0,0.0
0.0,200000.0,0.19999999999999998,2500.0,case_170,0,0,184.086669921875,187.0283203125,fno,0018,0.0,7970,0,0.0
0.0,200000.0,0.19999999999999998,3000.0,case_170,0,0,684.086669921875,687.0283203125,fno,0018,0.0,7970,0,0.0
0.0,200000.0,0.19999999999999998,5000.0,case_170,0,0,2684.08642578125,2687.0283203125,fno,0018,0.0,7970,0,0.0
0.0,200000.0,0.19999999999999998,10000.0,case_170,0,0,7684.0869140625,7687.0283203125,fno,0018,0.0,7970,0,0.0
0.0,200000.0,0.19999999999999998,25000.0,case_170,0,0,22684.0859375,22687.029296875,fno,0018,0.0,7970,0,0.0
0.0,200000.0,0.19999999999999998,101325.0,case_170,0,0,99009.0859375,99012.03125,fno,0018,0.0,7970,0,0.0
0.0,500000.0,0.5,2500.0,case_171,0,0,90.168701171875,118.266845703125,fno,0018,0.0,7970,0,0.0
0.0,500000.0,0.5,3000.0,case_171,0,0,590.168701171875,618.266845703125,fno,0018,0.0,7970,0,0.0
0.0,500000.0,0.5,5000.0,case_171,0,0,2590.1689453125,2618.2666015625,fno,0018,0.0,7970,0,0.0
0.0,500000.0,0.5,10000.0,case_171,0,0,7590.1689453125,7618.2666015625,fno,0018,0.0,7970,0,0.0
0.0,500000.0,0.5,25000.0,case_171,0,0,22590.16796875,22618.267578125,fno,0018,0.0,7970,0,0.0
0.0,500000.0,0.5,101325.0,case_171,0,0,98915.171875,98943.265625,fno,0018,0.0,7970,0,0.0
0.0,1000000.0,1.0,2500.0,case_172,49,236,-364.761962890625,-127.8173828125,fno,0018,0.03212045169385194,7665,20,0.008657465495608531
0.0,1000000.0,1.0,3000.0,case_172,0,0,135.238037109375,372.1826171875,fno,0018,0.0,7970,0,0.0
0.0,1000000.0,1.0,5000.0,case_172,0,0,2135.23828125,2372.1826171875,fno,0018,0.0,7970,0,0.0
0.0,1000000.0,1.0,10000.0,case_172,0,0,7135.23828125,7372.1826171875,fno,0018,0.0,7970,0,0.0
0.0,1000000.0,1.0,25000.0,case_172,0,0,22135.23828125,22372.18359375,fno,0018,0.0,7970,0,0.0
0.0,1000000.0,1.0,101325.0,case_172,0,0,98460.234375,98697.1796875,fno,0018,0.0,7970,0,0.0
2.0,100000.0,0.09999999999999999,2500.0,case_173,0,0,195.749267578125,196.198974609375,fno,0018,0.0,7970,0,0.0
2.0,100000.0,0.09999999999999999,3000.0,case_173,0,0,695.749267578125,696.198974609375,fno,0018,0.0,7970,0,0.0
2.0,100000.0,0.09999999999999999,5000.0,case_173,0,0,2695.74951171875,2696.19921875,fno,0018,0.0,7970,0,0.0
2.0,100000.0,0.09999999999999999,10000.0,case_173,0,0,7695.7490234375,7696.19921875,fno,0018,0.0,7970,0,0.0
2.0,100000.0,0.09999999999999999,25000.0,case_173,0,0,22695.75,22696.19921875,fno,0018,0.0,7970,0,0.0
2.0,100000.0,0.09999999999999999,101325.0,case_173,0,0,99020.75,99021.1953125,fno,0018,0.0,7970,0,0.0
2.0,200000.0,0.19999999999999998,2500.0,case_174,0,0,182.3916015625,184.7294921875,fno,0018,0.0,7970,0,0.0
2.0,200000.0,0.19999999999999998,3000.0,case_174,0,0,682.3916015625,684.7294921875,fno,0018,0.0,7970,0,0.0
2.0,200000.0,0.19999999999999998,5000.0,case_174,0,0,2682.3916015625,2684.7294921875,fno,0018,0.0,7970,0,0.0
2.0,200000.0,0.19999999999999998,10000.0,case_174,0,0,7682.3916015625,7684.7294921875,fno,0018,0.0,7970,0,0.0
2.0,200000.0,0.19999999999999998,25000.0,case_174,0,0,22682.390625,22684.728515625,fno,0018,0.0,7970,0,0.0
2.0,200000.0,0.19999999999999998,101325.0,case_174,0,0,99007.390625,99009.7265625,fno,0018,0.0,7970,0,0.0
2.0,500000.0,0.5,2500.0,case_175,0,0,73.150390625,104.596435546875,fno,0018,0.0,7970,0,0.0
2.0,500000.0,0.5,3000.0,case_175,0,0,573.150390625,604.596435546875,fno,0018,0.0,7970,0,0.0
2.0,500000.0,0.5,5000.0,case_175,0,0,2573.150390625,2604.5966796875,fno,0018,0.0,7970,0,0.0
2.0,500000.0,0.5,10000.0,case_175,0,0,7573.150390625,7604.5966796875,fno,0018,0.0,7970,0,0.0
2.0,500000.0,0.5,25000.0,case_175,0,0,22573.150390625,22604.595703125,fno,0018,0.0,7970,0,0.0
2.0,500000.0,0.5,101325.0,case_175,0,0,98898.1484375,98929.59375,fno,0018,0.0,7970,0,0.0
2.0,1000000.0,1.0,2500.0,case_176,6,264,-467.238037109375,-181.80224609375,fno,0018,0.04190715181932246,7630,70,0.009535759096612296
2.0,1000000.0,1.0,3000.0,case_176,0,0,32.761962890625,318.19775390625,fno,0018,0.0,7970,0,0.0
2.0,1000000.0,1.0,5000.0,case_176,0,0,2032.76171875,2318.19775390625,fno,0018,0.0,7970,0,0.0
2.0,1000000.0,1.0,10000.0,case_176,0,0,7032.76171875,7318.1982421875,fno,0018,0.0,7970,0,0.0
2.0,1000000.0,1.0,25000.0,case_176,0,0,22032.76171875,22318.197265625,fno,0018,0.0,7970,0,0.0
2.0,1000000.0,1.0,101325.0,case_176,0,0,98357.765625,98643.1953125,fno,0018,0.0,7970,0,0.0
4.0,100000.0,0.09999999999999999,2500.0,case_177,0,0,195.232177734375,194.564697265625,fno,0018,0.0,7970,0,0.0
4.0,100000.0,0.09999999999999999,3000.0,case_177,0,0,695.232177734375,694.564697265625,fno,0018,0.0,7970,0,0.0
4.0,100000.0,0.09999999999999999,5000.0,case_177,0,0,2695.232421875,2694.56494140625,fno,0018,0.0,7970,0,0.0
4.0,100000.0,0.09999999999999999,10000.0,case_177,0,0,7695.232421875,7694.564453125,fno,0018,0.0,7970,0,0.0
4.0,100000.0,0.09999999999999999,25000.0,case_177,0,0,22695.232421875,22694.564453125,fno,0018,0.0,7970,0,0.0
4.0,100000.0,0.09999999999999999,101325.0,case_177,0,0,99020.234375,99019.5625,fno,0018,0.0,7970,0,0.0
4.0,200000.0,0.19999999999999998,2500.0,case_178,0,0,179.633544921875,178.11181640625,fno,0018,0.0,7970,0,0.0
4.0,200000.0,0.19999999999999998,3000.0,case_178,0,0,679.633544921875,678.11181640625,fno,0018,0.0,7970,0,0.0
4.0,200000.0,0.19999999999999998,5000.0,case_178,0,0,2679.6337890625,2678.11181640625,fno,0018,0.0,7970,0,0.0
4.0,200000.0,0.19999999999999998,10000.0,case_178,0,0,7679.6337890625,7678.1123046875,fno,0018,0.0,7970,0,0.0
4.0,200000.0,0.19999999999999998,25000.0,case_178,0,0,22679.6328125,22678.111328125,fno,0018,0.0,7970,0,0.0
4.0,200000.0,0.19999999999999998,101325.0,case_178,0,0,99004.6328125,99003.109375,fno,0018,0.0,7970,0,0.0
4.0,500000.0,0.5,2500.0,case_179,0,0,50.00244140625,62.71044921875,fno,0018,0.0,7970,0,0.0
4.0,500000.0,0.5,3000.0,case_179,0,0,550.00244140625,562.71044921875,fno,0018,0.0,7970,0,0.0
4.0,500000.0,0.5,5000.0,case_179,0,0,2550.00244140625,2562.71044921875,fno,0018,0.0,7970,0,0.0
4.0,500000.0,0.5,10000.0,case_179,0,0,7550.001953125,7562.7109375,fno,0018,0.0,7970,0,0.0
4.0,500000.0,0.5,25000.0,case_179,0,0,22550.001953125,22562.7109375,fno,0018,0.0,7970,0,0.0
4.0,500000.0,0.5,101325.0,case_179,0,0,98875.0,98887.7109375,fno,0018,0.0,7970,0,0.0
4.0,1000000.0,1.0,2500.0,case_180,0,298,-585.11083984375,-349.804931640625,fno,0018,0.05495608531994981,7532,140,0.01756587202007528
4.0,1000000.0,1.0,3000.0,case_180,0,4,-85.11083984375,150.195068359375,fno,0018,0.0005018820577164366,7966,0,0.0
4.0,1000000.0,1.0,5000.0,case_180,0,0,1914.88916015625,2150.19482421875,fno,0018,0.0,7970,0,0.0
4.0,1000000.0,1.0,10000.0,case_180,0,0,6914.888671875,7150.1953125,fno,0018,0.0,7970,0,0.0
4.0,1000000.0,1.0,25000.0,case_180,0,0,21914.888671875,22150.1953125,fno,0018,0.0,7970,0,0.0
4.0,1000000.0,1.0,101325.0,case_180,0,0,98239.890625,98475.1953125,fno,0018,0.0,7970,0,0.0
6.0,100000.0,0.09999999999999999,2500.0,case_181,0,0,194.30126953125,192.713623046875,fno,0018,0.0,7970,0,0.0
6.0,100000.0,0.09999999999999999,3000.0,case_181,0,0,694.30126953125,692.713623046875,fno,0018,0.0,7970,0,0.0
6.0,100000.0,0.09999999999999999,5000.0,case_181,0,0,2694.30126953125,2692.7138671875,fno,0018,0.0,7970,0,0.0
6.0,100000.0,0.09999999999999999,10000.0,case_181,0,0,7694.3017578125,7692.7138671875,fno,0018,0.0,7970,0,0.0
6.0,100000.0,0.09999999999999999,25000.0,case_181,0,0,22694.30078125,22692.712890625,fno,0018,0.0,7970,0,0.0
6.0,100000.0,0.09999999999999999,101325.0,case_181,0,0,99019.3046875,99017.7109375,fno,0018,0.0,7970,0,0.0
6.0,200000.0,0.19999999999999998,2500.0,case_182,0,0,175.92919921875,170.652587890625,fno,0018,0.0,7970,0,0.0
6.0,200000.0,0.19999999999999998,3000.0,case_182,0,0,675.92919921875,670.652587890625,fno,0018,0.0,7970,0,0.0
6.0,200000.0,0.19999999999999998,5000.0,case_182,0,0,2675.92919921875,2670.65283203125,fno,0018,0.0,7970,0,0.0
6.0,200000.0,0.19999999999999998,10000.0,case_182,0,0,7675.9287109375,7670.65234375,fno,0018,0.0,7970,0,0.0
6.0,200000.0,0.19999999999999998,25000.0,case_182,0,0,22675.9296875,22670.65234375,fno,0018,0.0,7970,0,0.0
6.0,200000.0,0.19999999999999998,101325.0,case_182,0,0,99000.9296875,98995.65625,fno,0018,0.0,7970,0,0.0
6.0,500000.0,0.5,2500.0,case_183,0,0,22.91259765625,15.696533203125,fno,0018,0.0,7970,0,0.0
6.0,500000.0,0.5,3000.0,case_183,0,0,522.91259765625,515.696533203125,fno,0018,0.0,7970,0,0.0
6.0,500000.0,0.5,5000.0,case_183,0,0,2522.91259765625,2515.6962890625,fno,0018,0.0,7970,0,0.0
6.0,500000.0,0.5,10000.0,case_183,0,0,7522.9130859375,7515.6962890625,fno,0018,0.0,7970,0,0.0
6.0,500000.0,0.5,25000.0,case_183,0,0,22522.912109375,22515.697265625,fno,0018,0.0,7970,0,0.0
6.0,500000.0,0.5,101325.0,case_183,0,0,98847.9140625,98840.6953125,fno,0018,0.0,7970,0,0.0
6.0,1000000.0,1.0,2500.0,case_184,0,348,-758.2587890625,-538.44677734375,fno,0018,0.07239648682559599,7393,229,0.028732747804265997
6.0,1000000.0,1.0,3000.0,case_184,0,15,-258.2587890625,-38.44677734375,fno,0018,0.0020075282308657464,7954,1,0.00012547051442910915
6.0,1000000.0,1.0,5000.0,case_184,0,0,1741.7412109375,1961.55322265625,fno,0018,0.0,7970,0,0.0
6.0,1000000.0,1.0,10000.0,case_184,0,0,6741.7412109375,6961.552734375,fno,0018,0.0,7970,0,0.0
6.0,1000000.0,1.0,25000.0,case_184,0,0,21741.740234375,21961.552734375,fno,0018,0.0,7970,0,0.0
6.0,1000000.0,1.0,101325.0,case_184,0,0,98066.7421875,98286.5546875,fno,0018,0.0,7970,0,0.0
8.0,100000.0,0.09999999999999999,2500.0,case_185,0,0,193.26953125,190.0263671875,fno,0018,0.0,7970,0,0.0
8.0,100000.0,0.09999999999999999,3000.0,case_185,0,0,693.26953125,690.0263671875,fno,0018,0.0,7970,0,0.0
8.0,100000.0,0.09999999999999999,5000.0,case_185,0,0,2693.26953125,2690.0263671875,fno,0018,0.0,7970,0,0.0
8.0,100000.0,0.09999999999999999,10000.0,case_185,0,0,7693.26953125,7690.0263671875,fno,0018,0.0,7970,0,0.0
8.0,100000.0,0.09999999999999999,25000.0,case_185,0,0,22693.26953125,22690.02734375,fno,0018,0.0,7970,0,0.0
8.0,100000.0,0.09999999999999999,101325.0,case_185,0,0,99018.265625,99015.0234375,fno,0018,0.0,7970,0,0.0
8.0,200000.0,0.19999999999999998,2500.0,case_186,0,0,171.585693359375,161.822265625,fno,0018,0.0,7970,0,0.0
8.0,200000.0,0.19999999999999998,3000.0,case_186,0,0,671.585693359375,661.822265625,fno,0018,0.0,7970,0,0.0
8.0,200000.0,0.19999999999999998,5000.0,case_186,0,0,2671.5859375,2661.822265625,fno,0018,0.0,7970,0,0.0
8.0,200000.0,0.19999999999999998,10000.0,case_186,0,0,7671.5859375,7661.822265625,fno,0018,0.0,7970,0,0.0
8.0,200000.0,0.19999999999999998,25000.0,case_186,0,0,22671.5859375,22661.822265625,fno,0018,0.0,7970,0,0.0
8.0,200000.0,0.19999999999999998,101325.0,case_186,0,0,98996.5859375,98986.8203125,fno,0018,0.0,7970,0,0.0
8.0,500000.0,0.5,2500.0,case_187,2,2,-7.524169921875,-40.1259765625,fno,0018,0.0003764115432873275,7965,1,0.0003764115432873275
8.0,500000.0,0.5,3000.0,case_187,0,0,492.475830078125,459.8740234375,fno,0018,0.0,7970,0,0.0
8.0,500000.0,0.5,5000.0,case_187,0,0,2492.4755859375,2459.8740234375,fno,0018,0.0,7970,0,0.0
8.0,500000.0,0.5,10000.0,case_187,0,0,7492.4755859375,7459.8740234375,fno,0018,0.0,7970,0,0.0
8.0,500000.0,0.5,25000.0,case_187,0,0,22492.4765625,22459.873046875,fno,0018,0.0,7970,0,0.0
8.0,500000.0,0.5,101325.0,case_187,0,0,98817.4765625,98784.875,fno,0018,0.0,7970,0,0.0
8.0,1000000.0,1.0,2500.0,case_188,0,349,-938.0860595703125,-763.091796875,fno,0018,0.08419071518193225,7299,322,0.04040150564617315
8.0,1000000.0,1.0,3000.0,case_188,0,18,-438.0860595703125,-263.091796875,fno,0018,0.003136762860727729,7945,7,0.0008782936010037642
8.0,1000000.0,1.0,5000.0,case_188,0,0,1561.9140625,1736.908203125,fno,0018,0.0,7970,0,0.0
8.0,1000000.0,1.0,10000.0,case_188,0,0,6561.9140625,6736.908203125,fno,0018,0.0,7970,0,0.0
8.0,1000000.0,1.0,25000.0,case_188,0,0,21561.9140625,21736.908203125,fno,0018,0.0,7970,0,0.0
8.0,1000000.0,1.0,101325.0,case_188,0,0,97886.9140625,98061.90625,fno,0018,0.0,7970,0,0.0
10.0,100000.0,0.09999999999999999,2500.0,case_189,0,0,192.0859375,186.980712890625,fno,0018,0.0,7970,0,0.0
10.0,100000.0,0.09999999999999999,3000.0,case_189,0,0,692.0859375,686.980712890625,fno,0018,0.0,7970,0,0.0
10.0,100000.0,0.09999999999999999,5000.0,case_189,0,0,2692.0859375,2686.98095703125,fno,0018,0.0,7970,0,0.0
10.0,100000.0,0.09999999999999999,10000.0,case_189,0,0,7692.0859375,7686.98046875,fno,0018,0.0,7970,0,0.0
10.0,100000.0,0.09999999999999999,25000.0,case_189,0,0,22692.0859375,22686.98046875,fno,0018,0.0,7970,0,0.0
10.0,100000.0,0.09999999999999999,101325.0,case_189,0,0,99017.0859375,99011.984375,fno,0018,0.0,7970,0,0.0
10.0,200000.0,0.19999999999999998,2500.0,case_190,0,0,166.715087890625,147.224365234375,fno,0018,0.0,7970,0,0.0
10.0,200000.0,0.19999999999999998,3000.0,case_190,0,0,666.715087890625,647.224365234375,fno,0018,0.0,7970,0,0.0
10.0,200000.0,0.19999999999999998,5000.0,case_190,0,0,2666.71533203125,2647.224609375,fno,0018,0.0,7970,0,0.0
10.0,200000.0,0.19999999999999998,10000.0,case_190,0,0,7666.71484375,7647.224609375,fno,0018,0.0,7970,0,0.0
10.0,200000.0,0.19999999999999998,25000.0,case_190,0,0,22666.71484375,22647.224609375,fno,0018,0.0,7970,0,0.0
10.0,200000.0,0.19999999999999998,101325.0,case_190,0,0,98991.71875,98972.2265625,fno,0018,0.0,7970,0,0.0
10.0,500000.0,0.5,2500.0,case_191,0,5,-57.4072265625,-119.437744140625,fno,0018,0.00150564617314931,7958,7,0.0008782936010037642
10.0,500000.0,0.5,3000.0,case_191,0,0,442.5927734375,380.562255859375,fno,0018,0.0,7970,0,0.0
10.0,500000.0,0.5,5000.0,case_191,0,0,2442.5927734375,2380.56201171875,fno,0018,0.0,7970,0,0.0
10.0,500000.0,0.5,10000.0,case_191,0,0,7442.5927734375,7380.5625,fno,0018,0.0,7970,0,0.0
10.0,500000.0,0.5,25000.0,case_191,0,0,22442.59375,22380.5625,fno,0018,0.0,7970,0,0.0
10.0,500000.0,0.5,101325.0,case_191,0,0,98767.59375,98705.5625,fno,0018,0.0,7970,0,0.0
10.0,1000000.0,1.0,2500.0,case_192,0,285,-1073.2156982421875,-1081.6754150390625,fno,0018,0.08933500627352572,7258,427,0.05357590966122961
10.0,1000000.0,1.0,3000.0,case_192,0,17,-573.2156982421875,-581.6754150390625,fno,0018,0.004015056461731493,7938,15,0.0018820577164366374
10.0,1000000.0,1.0,5000.0,case_192,0,0,1426.7841796875,1418.32470703125,fno,0018,0.0,7970,0,0.0
10.0,1000000.0,1.0,10000.0,case_192,0,0,6426.7841796875,6418.32421875,fno,0018,0.0,7970,0,0.0
10.0,1000000.0,1.0,25000.0,case_192,0,0,21426.78515625,21418.32421875,fno,0018,0.0,7970,0,0.0
10.0,1000000.0,1.0,101325.0,case_192,0,0,97751.78125,97743.328125,fno,0018,0.0,7970,0,0.0
-4.0,100000.0,0.09999999999999999,2500.0,case_321,0,0,195.621337890625,195.163818359375,fno,4418,0.0,7975,0,0.0
-4.0,100000.0,0.09999999999999999,3000.0,case_321,0,0,695.621337890625,695.163818359375,fno,4418,0.0,7975,0,0.0
-4.0,100000.0,0.09999999999999999,5000.0,case_321,0,0,2695.62158203125,2695.1640625,fno,4418,0.0,7975,0,0.0
-4.0,100000.0,0.09999999999999999,10000.0,case_321,0,0,7695.62109375,7695.1640625,fno,4418,0.0,7975,0,0.0
-4.0,100000.0,0.09999999999999999,25000.0,case_321,0,0,22695.62109375,22695.1640625,fno,4418,0.0,7975,0,0.0
-4.0,100000.0,0.09999999999999999,101325.0,case_321,0,0,99020.625,99020.1640625,fno,4418,0.0,7975,0,0.0
-4.0,200000.0,0.19999999999999998,2500.0,case_322,0,0,183.010498046875,180.60693359375,fno,4418,0.0,7975,0,0.0
-4.0,200000.0,0.19999999999999998,3000.0,case_322,0,0,683.010498046875,680.60693359375,fno,4418,0.0,7975,0,0.0
-4.0,200000.0,0.19999999999999998,5000.0,case_322,0,0,2683.0107421875,2680.60693359375,fno,4418,0.0,7975,0,0.0
-4.0,200000.0,0.19999999999999998,10000.0,case_322,0,0,7683.0107421875,7680.6064453125,fno,4418,0.0,7975,0,0.0
-4.0,200000.0,0.19999999999999998,25000.0,case_322,0,0,22683.009765625,22680.607421875,fno,4418,0.0,7975,0,0.0
-4.0,200000.0,0.19999999999999998,101325.0,case_322,0,0,99008.0078125,99005.609375,fno,4418,0.0,7975,0,0.0
-4.0,500000.0,0.5,2500.0,case_323,0,0,85.187255859375,78.342529296875,fno,4418,0.0,7975,0,0.0
-4.0,500000.0,0.5,3000.0,case_323,0,0,585.187255859375,578.342529296875,fno,4418,0.0,7975,0,0.0
-4.0,500000.0,0.5,5000.0,case_323,0,0,2585.1875,2578.34228515625,fno,4418,0.0,7975,0,0.0
-4.0,500000.0,0.5,10000.0,case_323,0,0,7585.1875,7578.3427734375,fno,4418,0.0,7975,0,0.0
-4.0,500000.0,0.5,25000.0,case_323,0,0,22585.1875,22578.341796875,fno,4418,0.0,7975,0,0.0
-4.0,500000.0,0.5,101325.0,case_323,0,0,98910.1875,98903.34375,fno,4418,0.0,7975,0,0.0
-4.0,1000000.0,1.0,2500.0,case_324,47,171,-346.83935546875,-287.235107421875,fno,4418,0.027962382445141067,7705,52,0.012413793103448275
-4.0,1000000.0,1.0,3000.0,case_324,0,0,153.16064453125,212.764892578125,fno,4418,0.0,7975,0,0.0
-4.0,1000000.0,1.0,5000.0,case_324,0,0,2153.16064453125,2212.76513671875,fno,4418,0.0,7975,0,0.0
-4.0,1000000.0,1.0,10000.0,case_324,0,0,7153.16015625,7212.7646484375,fno,4418,0.0,7975,0,0.0
-4.0,1000000.0,1.0,25000.0,case_324,0,0,22153.16015625,22212.765625,fno,4418,0.0,7975,0,0.0
-4.0,1000000.0,1.0,101325.0,case_324,0,0,98478.1640625,98537.765625,fno,4418,0.0,7975,0,0.0
-2.0,100000.0,0.09999999999999999,2500.0,case_325,0,0,195.529052734375,196.4130859375,fno,4418,0.0,7975,0,0.0
-2.0,100000.0,0.09999999999999999,3000.0,case_325,0,0,695.529052734375,696.4130859375,fno,4418,0.0,7975,0,0.0
-2.0,100000.0,0.09999999999999999,5000.0,case_325,0,0,2695.52880859375,2696.4130859375,fno,4418,0.0,7975,0,0.0
-2.0,100000.0,0.09999999999999999,10000.0,case_325,0,0,7695.529296875,7696.4130859375,fno,4418,0.0,7975,0,0.0
-2.0,100000.0,0.09999999999999999,25000.0,case_325,0,0,22695.529296875,22696.4140625,fno,4418,0.0,7975,0,0.0
-2.0,100000.0,0.09999999999999999,101325.0,case_325,0,0,99020.53125,99021.4140625,fno,4418,0.0,7975,0,0.0
-2.0,200000.0,0.19999999999999998,2500.0,case_326,0,0,181.599365234375,185.549072265625,fno,4418,0.0,7975,0,0.0
-2.0,200000.0,0.19999999999999998,3000.0,case_326,0,0,681.599365234375,685.549072265625,fno,4418,0.0,7975,0,0.0
-2.0,200000.0,0.19999999999999998,5000.0,case_326,0,0,2681.59912109375,2685.548828125,fno,4418,0.0,7975,0,0.0
-2.0,200000.0,0.19999999999999998,10000.0,case_326,0,0,7681.599609375,7685.548828125,fno,4418,0.0,7975,0,0.0
-2.0,200000.0,0.19999999999999998,25000.0,case_326,0,0,22681.599609375,22685.548828125,fno,4418,0.0,7975,0,0.0
-2.0,200000.0,0.19999999999999998,101325.0,case_326,0,0,99006.6015625,99010.546875,fno,4418,0.0,7975,0,0.0
-2.0,500000.0,0.5,2500.0,case_327,0,0,72.624267578125,109.31884765625,fno,4418,0.0,7975,0,0.0
-2.0,500000.0,0.5,3000.0,case_327,0,0,572.624267578125,609.31884765625,fno,4418,0.0,7975,0,0.0
-2.0,500000.0,0.5,5000.0,case_327,0,0,2572.62451171875,2609.31884765625,fno,4418,0.0,7975,0,0.0
-2.0,500000.0,0.5,10000.0,case_327,0,0,7572.6240234375,7609.3193359375,fno,4418,0.0,7975,0,0.0
-2.0,500000.0,0.5,25000.0,case_327,0,0,22572.625,22609.318359375,fno,4418,0.0,7975,0,0.0
-2.0,500000.0,0.5,101325.0,case_327,0,0,98897.625,98934.3203125,fno,4418,0.0,7975,0,0.0
-2.0,1000000.0,1.0,2500.0,case_328,20,190,-413.439208984375,-163.20556640625,fno,4418,0.03561128526645768,7671,94,0.014294670846394984
-2.0,1000000.0,1.0,3000.0,case_328,0,0,86.560791015625,336.79443359375,fno,4418,0.0,7975,0,0.0
-2.0,1000000.0,1.0,5000.0,case_328,0,0,2086.56103515625,2336.79443359375,fno,4418,0.0,7975,0,0.0
-2.0,1000000.0,1.0,10000.0,case_328,0,0,7086.560546875,7336.794921875,fno,4418,0.0,7975,0,0.0
-2.0,1000000.0,1.0,25000.0,case_328,0,0,22086.560546875,22336.794921875,fno,4418,0.0,7975,0,0.0
-2.0,1000000.0,1.0,101325.0,case_328,0,0,98411.5625,98661.796875,fno,4418,0.0,7975,0,0.0
0.0,100000.0,0.09999999999999999,2500.0,case_329,0,0,195.076171875,195.641357421875,fno,4418,0.0,7975,0,0.0
0.0,100000.0,0.09999999999999999,3000.0,case_329,0,0,695.076171875,695.641357421875,fno,4418,0.0,7975,0,0.0
0.0,100000.0,0.09999999999999999,5000.0,case_329,0,0,2695.076171875,2695.6416015625,fno,4418,0.0,7975,0,0.0
0.0,100000.0,0.09999999999999999,10000.0,case_329,0,0,7695.076171875,7695.6416015625,fno,4418,0.0,7975,0,0.0
0.0,100000.0,0.09999999999999999,25000.0,case_329,0,0,22695.076171875,22695.640625,fno,4418,0.0,7975,0,0.0
0.0,100000.0,0.09999999999999999,101325.0,case_329,0,0,99020.078125,99020.640625,fno,4418,0.0,7975,0,0.0
0.0,200000.0,0.19999999999999998,2500.0,case_330,0,0,179.578857421875,182.413818359375,fno,4418,0.0,7975,0,0.0
0.0,200000.0,0.19999999999999998,3000.0,case_330,0,0,679.578857421875,682.413818359375,fno,4418,0.0,7975,0,0.0
0.0,200000.0,0.19999999999999998,5000.0,case_330,0,0,2679.57861328125,2682.4140625,fno,4418,0.0,7975,0,0.0
0.0,200000.0,0.19999999999999998,10000.0,case_330,0,0,7679.5791015625,7682.4140625,fno,4418,0.0,7975,0,0.0
0.0,200000.0,0.19999999999999998,25000.0,case_330,0,0,22679.578125,22682.4140625,fno,4418,0.0,7975,0,0.0
0.0,200000.0,0.19999999999999998,101325.0,case_330,0,0,99004.578125,99007.4140625,fno,4418,0.0,7975,0,0.0
0.0,500000.0,0.5,2500.0,case_331,0,0,57.62841796875,89.517578125,fno,4418,0.0,7975,0,0.0
0.0,500000.0,0.5,3000.0,case_331,0,0,557.62841796875,589.517578125,fno,4418,0.0,7975,0,0.0
0.0,500000.0,0.5,5000.0,case_331,0,0,2557.62841796875,2589.517578125,fno,4418,0.0,7975,0,0.0
0.0,500000.0,0.5,10000.0,case_331,0,0,7557.62890625,7589.517578125,fno,4418,0.0,7975,0,0.0
0.0,500000.0,0.5,25000.0,case_331,0,0,22557.62890625,22589.517578125,fno,4418,0.0,7975,0,0.0
0.0,500000.0,0.5,101325.0,case_331,0,0,98882.625,98914.515625,fno,4418,0.0,7975,0,0.0
0.0,1000000.0,1.0,2500.0,case_332,3,196,-490.407958984375,-244.50146484375,fno,4418,0.046144200626959245,7604,172,0.0219435736677116
0.0,1000000.0,1.0,3000.0,case_332,0,0,9.592041015625,255.49853515625,fno,4418,0.0,7975,0,0.0
0.0,1000000.0,1.0,5000.0,case_332,0,0,2009.591796875,2255.49853515625,fno,4418,0.0,7975,0,0.0
0.0,1000000.0,1.0,10000.0,case_332,0,0,7009.591796875,7255.4990234375,fno,4418,0.0,7975,0,0.0
0.0,1000000.0,1.0,25000.0,case_332,0,0,22009.591796875,22255.498046875,fno,4418,0.0,7975,0,0.0
0.0,1000000.0,1.0,101325.0,case_332,0,0,98334.59375,98580.5,fno,4418,0.0,7975,0,0.0
2.0,100000.0,0.09999999999999999,2500.0,case_333,0,0,194.499267578125,194.81201171875,fno,4418,0.0,7975,0,0.0
2.0,100000.0,0.09999999999999999,3000.0,case_333,0,0,694.499267578125,694.81201171875,fno,4418,0.0,7975,0,0.0
2.0,100000.0,0.09999999999999999,5000.0,case_333,0,0,2694.4990234375,2694.81201171875,fno,4418,0.0,7975,0,0.0
2.0,100000.0,0.09999999999999999,10000.0,case_333,0,0,7694.4990234375,7694.8115234375,fno,4418,0.0,7975,0,0.0
2.0,100000.0,0.09999999999999999,25000.0,case_333,0,0,22694.5,22694.8125,fno,4418,0.0,7975,0,0.0
2.0,100000.0,0.09999999999999999,101325.0,case_333,0,0,99019.5,99019.8125,fno,4418,0.0,7975,0,0.0
2.0,200000.0,0.19999999999999998,2500.0,case_334,0,0,177.173828125,179.06689453125,fno,4418,0.0,7975,0,0.0
2.0,200000.0,0.19999999999999998,3000.0,case_334,0,0,677.173828125,679.06689453125,fno,4418,0.0,7975,0,0.0
2.0,200000.0,0.19999999999999998,5000.0,case_334,0,0,2677.173828125,2679.06689453125,fno,4418,0.0,7975,0,0.0
2.0,200000.0,0.19999999999999998,10000.0,case_334,0,0,7677.173828125,7679.0673828125,fno,4418,0.0,7975,0,0.0
2.0,200000.0,0.19999999999999998,25000.0,case_334,0,0,22677.173828125,22679.06640625,fno,4418,0.0,7975,0,0.0
2.0,200000.0,0.19999999999999998,101325.0,case_334,0,0,99002.171875,99004.0703125,fno,4418,0.0,7975,0,0.0
2.0,500000.0,0.5,2500.0,case_335,0,0,40.13671875,68.273681640625,fno,4418,0.0,7975,0,0.0
2.0,500000.0,0.5,3000.0,case_335,0,0,540.13671875,568.273681640625,fno,4418,0.0,7975,0,0.0
2.0,500000.0,0.5,5000.0,case_335,0,0,2540.13671875,2568.2734375,fno,4418,0.0,7975,0,0.0
2.0,500000.0,0.5,10000.0,case_335,0,0,7540.13671875,7568.2734375,fno,4418,0.0,7975,0,0.0
2.0,500000.0,0.5,25000.0,case_335,0,0,22540.13671875,22568.2734375,fno,4418,0.0,7975,0,0.0
2.0,500000.0,0.5,101325.0,case_335,0,0,98865.140625,98893.2734375,fno,4418,0.0,7975,0,0.0
2.0,1000000.0,1.0,2500.0,case_336,0,220,-586.830810546875,-328.09521484375,fno,4418,0.061065830721003134,7488,267,0.03347962382445141
2.0,1000000.0,1.0,3000.0,case_336,0,12,-86.830810546875,171.90478515625,fno,4418,0.0015047021943573667,7963,0,0.0
2.0,1000000.0,1.0,5000.0,case_336,0,0,1913.1689453125,2171.90478515625,fno,4418,0.0,7975,0,0.0
2.0,1000000.0,1.0,10000.0,case_336,0,0,6913.1689453125,7171.904296875,fno,4418,0.0,7975,0,0.0
2.0,1000000.0,1.0,25000.0,case_336,0,0,21913.169921875,22171.904296875,fno,4418,0.0,7975,0,0.0
2.0,1000000.0,1.0,101325.0,case_336,0,0,98238.171875,98496.90625,fno,4418,0.0,7975,0,0.0
4.0,100000.0,0.09999999999999999,2500.0,case_337,0,0,193.8291015625,193.659423828125,fno,4418,0.0,7975,0,0.0
4.0,100000.0,0.09999999999999999,3000.0,case_337,0,0,693.8291015625,693.659423828125,fno,4418,0.0,7975,0,0.0
4.0,100000.0,0.09999999999999999,5000.0,case_337,0,0,2693.8291015625,2693.6591796875,fno,4418,0.0,7975,0,0.0
4.0,100000.0,0.09999999999999999,10000.0,case_337,0,0,7693.8291015625,7693.6591796875,fno,4418,0.0,7975,0,0.0
4.0,100000.0,0.09999999999999999,25000.0,case_337,0,0,22693.830078125,22693.66015625,fno,4418,0.0,7975,0,0.0
4.0,100000.0,0.09999999999999999,101325.0,case_337,0,0,99018.828125,99018.65625,fno,4418,0.0,7975,0,0.0
4.0,200000.0,0.19999999999999998,2500.0,case_338,0,0,174.369140625,174.443359375,fno,4418,0.0,7975,0,0.0
4.0,200000.0,0.19999999999999998,3000.0,case_338,0,0,674.369140625,674.443359375,fno,4418,0.0,7975,0,0.0
4.0,200000.0,0.19999999999999998,5000.0,case_338,0,0,2674.369140625,2674.443359375,fno,4418,0.0,7975,0,0.0
4.0,200000.0,0.19999999999999998,10000.0,case_338,0,0,7674.369140625,7674.443359375,fno,4418,0.0,7975,0,0.0
4.0,200000.0,0.19999999999999998,25000.0,case_338,0,0,22674.369140625,22674.443359375,fno,4418,0.0,7975,0,0.0
4.0,200000.0,0.19999999999999998,101325.0,case_338,0,0,98999.3671875,98999.4453125,fno,4418,0.0,7975,0,0.0
4.0,500000.0,0.5,2500.0,case_339,0,0,19.2724609375,39.06787109375,fno,4418,0.0,7975,0,0.0
4.0,500000.0,0.5,3000.0,case_339,0,0,519.2724609375,539.06787109375,fno,4418,0.0,7975,0,0.0
4.0,500000.0,0.5,5000.0,case_339,0,0,2519.2724609375,2539.06787109375,fno,4418,0.0,7975,0,0.0
4.0,500000.0,0.5,10000.0,case_339,0,0,7519.2724609375,7539.068359375,fno,4418,0.0,7975,0,0.0
4.0,500000.0,0.5,25000.0,case_339,0,0,22519.271484375,22539.068359375,fno,4418,0.0,7975,0,0.0
4.0,500000.0,0.5,101325.0,case_339,0,0,98844.2734375,98864.0703125,fno,4418,0.0,7975,0,0.0
4.0,1000000.0,1.0,2500.0,case_340,0,241,-712.5406494140625,-445.319091796875,fno,4418,0.07799373040752351,7353,381,0.047774294670846394
4.0,1000000.0,1.0,3000.0,case_340,0,23,-212.54052734375,54.680908203125,fno,4418,0.002884012539184953,7952,0,0.0
4.0,1000000.0,1.0,5000.0,case_340,0,0,1787.45947265625,2054.68115234375,fno,4418,0.0,7975,0,0.0
4.0,1000000.0,1.0,10000.0,case_340,0,0,6787.458984375,7054.6806640625,fno,4418,0.0,7975,0,0.0
4.0,1000000.0,1.0,25000.0,case_340,0,0,21787.458984375,22054.681640625,fno,4418,0.0,7975,0,0.0
4.0,1000000.0,1.0,101325.0,case_340,0,0,98112.4609375,98379.6796875,fno,4418,0.0,7975,0,0.0
6.0,100000.0,0.09999999999999999,2500.0,case_341,0,0,193.049072265625,192.252197265625,fno,4418,0.0,7975,0,0.0
6.0,100000.0,0.09999999999999999,3000.0,case_341,0,0,693.049072265625,692.252197265625,fno,4418,0.0,7975,0,0.0
6.0,100000.0,0.09999999999999999,5000.0,case_341,0,0,2693.048828125,2692.25244140625,fno,4418,0.0,7975,0,0.0
6.0,100000.0,0.09999999999999999,10000.0,case_341,0,0,7693.048828125,7692.251953125,fno,4418,0.0,7975,0,0.0
6.0,100000.0,0.09999999999999999,25000.0,case_341,0,0,22693.048828125,22692.251953125,fno,4418,0.0,7975,0,0.0
6.0,100000.0,0.09999999999999999,101325.0,case_341,0,0,99018.046875,99017.25,fno,4418,0.0,7975,0,0.0
6.0,200000.0,0.19999999999999998,2500.0,case_342,0,0,171.023193359375,168.659912109375,fno,4418,0.0,7975,0,0.0
6.0,200000.0,0.19999999999999998,3000.0,case_342,0,0,671.023193359375,668.659912109375,fno,4418,0.0,7975,0,0.0
6.0,200000.0,0.19999999999999998,5000.0,case_342,0,0,2671.02294921875,2668.66015625,fno,4418,0.0,7975,0,0.0
6.0,200000.0,0.19999999999999998,10000.0,case_342,0,0,7671.0234375,7668.66015625,fno,4418,0.0,7975,0,0.0
6.0,200000.0,0.19999999999999998,25000.0,case_342,0,0,22671.0234375,22668.66015625,fno,4418,0.0,7975,0,0.0
6.0,200000.0,0.19999999999999998,101325.0,case_342,0,0,98996.0234375,98993.65625,fno,4418,0.0,7975,0,0.0
6.0,500000.0,0.5,2500.0,case_343,0,3,-7.955078125,5.263671875,fno,4418,0.0003761755485893417,7972,0,0.0
6.0,500000.0,0.5,3000.0,case_343,0,0,492.044921875,505.263671875,fno,4418,0.0,7975,0,0.0
6.0,500000.0,0.5,5000.0,case_343,0,0,2492.044921875,2505.263671875,fno,4418,0.0,7975,0,0.0
6.0,500000.0,0.5,10000.0,case_343,0,0,7492.044921875,7505.263671875,fno,4418,0.0,7975,0,0.0
6.0,500000.0,0.5,25000.0,case_343,0,0,22492.044921875,22505.263671875,fno,4418,0.0,7975,0,0.0
6.0,500000.0,0.5,101325.0,case_343,0,0,98817.046875,98830.265625,fno,4418,0.0,7975,0,0.0
6.0,1000000.0,1.0,2500.0,case_344,0,240,-833.7059326171875,-589.191650390625,fno,4418,0.09529780564263322,7215,520,0.0652037617554859
6.0,1000000.0,1.0,3000.0,case_344,0,37,-333.7059326171875,-89.191650390625,fno,4418,0.005517241379310344,7931,7,0.0008777429467084639
6.0,1000000.0,1.0,5000.0,case_344,0,0,1666.2939453125,1910.80810546875,fno,4418,0.0,7975,0,0.0
6.0,1000000.0,1.0,10000.0,case_344,0,0,6666.2939453125,6910.80859375,fno,4418,0.0,7975,0,0.0
6.0,1000000.0,1.0,25000.0,case_344,0,0,21666.294921875,21910.80859375,fno,4418,0.0,7975,0,0.0
6.0,1000000.0,1.0,101325.0,case_344,0,0,97991.296875,98235.8046875,fno,4418,0.0,7975,0,0.0
8.0,100000.0,0.09999999999999999,2500.0,case_345,0,0,192.070556640625,190.67626953125,fno,4418,0.0,7975,0,0.0
8.0,100000.0,0.09999999999999999,3000.0,case_345,0,0,692.070556640625,690.67626953125,fno,4418,0.0,7975,0,0.0
8.0,100000.0,0.09999999999999999,5000.0,case_345,0,0,2692.07080078125,2690.67626953125,fno,4418,0.0,7975,0,0.0
8.0,100000.0,0.09999999999999999,10000.0,case_345,0,0,7692.0703125,7690.6767578125,fno,4418,0.0,7975,0,0.0
8.0,100000.0,0.09999999999999999,25000.0,case_345,0,0,22692.0703125,22690.67578125,fno,4418,0.0,7975,0,0.0
8.0,100000.0,0.09999999999999999,101325.0,case_345,0,0,99017.0703125,99015.6796875,fno,4418,0.0,7975,0,0.0
8.0,200000.0,0.19999999999999998,2500.0,case_346,0,0,166.64453125,163.216796875,fno,4418,0.0,7975,0,0.0
8.0,200000.0,0.19999999999999998,3000.0,case_346,0,0,666.64453125,663.216796875,fno,4418,0.0,7975,0,0.0
8.0,200000.0,0.19999999999999998,5000.0,case_346,0,0,2666.64453125,2663.216796875,fno,4418,0.0,7975,0,0.0
8.0,200000.0,0.19999999999999998,10000.0,case_346,0,0,7666.64453125,7663.216796875,fno,4418,0.0,7975,0,0.0
8.0,200000.0,0.19999999999999998,25000.0,case_346,0,0,22666.64453125,22663.216796875,fno,4418,0.0,7975,0,0.0
8.0,200000.0,0.19999999999999998,101325.0,case_346,0,0,98991.640625,98988.21875,fno,4418,0.0,7975,0,0.0
8.0,500000.0,0.5,2500.0,case_347,0,11,-39.40576171875,-32.08056640625,fno,4418,0.0021316614420062697,7958,6,0.0007523510971786833
8.0,500000.0,0.5,3000.0,case_347,0,0,460.59423828125,467.91943359375,fno,4418,0.0,7975,0,0.0
8.0,500000.0,0.5,5000.0,case_347,0,0,2460.59423828125,2467.91943359375,fno,4418,0.0,7975,0,0.0
8.0,500000.0,0.5,10000.0,case_347,0,0,7460.59375,7467.919921875,fno,4418,0.0,7975,0,0.0
8.0,500000.0,0.5,25000.0,case_347,0,0,22460.59375,22467.919921875,fno,4418,0.0,7975,0,0.0
8.0,500000.0,0.5,101325.0,case_347,0,0,98785.59375,98792.921875,fno,4418,0.0,7975,0,0.0
8.0,1000000.0,1.0,2500.0,case_348,3,201,-963.5250244140625,-731.254150390625,fno,4418,0.1058307210031348,7128,643,0.08100313479623825
8.0,1000000.0,1.0,3000.0,case_348,0,38,-463.5250244140625,-231.254150390625,fno,4418,0.007523510971786834,7915,22,0.002758620689655172
8.0,1000000.0,1.0,5000.0,case_348,0,0,1536.47509765625,1768.745849609375,fno,4418,0.0,7975,0,0.0
8.0,1000000.0,1.0,10000.0,case_348,0,0,6536.474609375,6768.74609375,fno,4418,0.0,7975,0,0.0
8.0,1000000.0,1.0,25000.0,case_348,0,0,21536.474609375,21768.74609375,fno,4418,0.0,7975,0,0.0
8.0,1000000.0,1.0,101325.0,case_348,0,0,97861.4765625,98093.7421875,fno,4418,0.0,7975,0,0.0
10.0,100000.0,0.09999999999999999,2500.0,case_349,0,0,190.813232421875,188.794677734375,fno,4418,0.0,7975,0,0.0
10.0,100000.0,0.09999999999999999,3000.0,case_349,0,0,690.813232421875,688.794677734375,fno,4418,0.0,7975,0,0.0
10.0,100000.0,0.09999999999999999,5000.0,case_349,0,0,2690.8134765625,2688.794921875,fno,4418,0.0,7975,0,0.0
10.0,100000.0,0.09999999999999999,10000.0,case_349,0,0,7690.8134765625,7688.794921875,fno,4418,0.0,7975,0,0.0
10.0,100000.0,0.09999999999999999,25000.0,case_349,0,0,22690.8125,22688.794921875,fno,4418,0.0,7975,0,0.0
10.0,100000.0,0.09999999999999999,101325.0,case_349,0,0,99015.8125,99013.796875,fno,4418,0.0,7975,0,0.0
10.0,200000.0,0.19999999999999998,2500.0,case_350,0,0,161.615478515625,155.97265625,fno,4418,0.0,7975,0,0.0
10.0,200000.0,0.19999999999999998,3000.0,case_350,0,0,661.615478515625,655.97265625,fno,4418,0.0,7975,0,0.0
10.0,200000.0,0.19999999999999998,5000.0,case_350,0,0,2661.61572265625,2655.97265625,fno,4418,0.0,7975,0,0.0
10.0,200000.0,0.19999999999999998,10000.0,case_350,0,0,7661.615234375,7655.97265625,fno,4418,0.0,7975,0,0.0
10.0,200000.0,0.19999999999999998,25000.0,case_350,0,0,22661.615234375,22655.97265625,fno,4418,0.0,7975,0,0.0
10.0,200000.0,0.19999999999999998,101325.0,case_350,0,0,98986.6171875,98980.9765625,fno,4418,0.0,7975,0,0.0
10.0,500000.0,0.5,2500.0,case_351,0,11,-68.306884765625,-77.8056640625,fno,4418,0.0038871473354231975,7944,20,0.0025078369905956114
10.0,500000.0,0.5,3000.0,case_351,0,0,431.693115234375,422.1943359375,fno,4418,0.0,7975,0,0.0
10.0,500000.0,0.5,5000.0,case_351,0,0,2431.69287109375,2422.1943359375,fno,4418,0.0,7975,0,0.0
10.0,500000.0,0.5,10000.0,case_351,0,0,7431.693359375,7422.1943359375,fno,4418,0.0,7975,0,0.0
10.0,500000.0,0.5,25000.0,case_351,0,0,22431.693359375,22422.1953125,fno,4418,0.0,7975,0,0.0
10.0,500000.0,0.5,101325.0,case_351,0,0,98756.6953125,98747.1953125,fno,4418,0.0,7975,0,0.0
10.0,1000000.0,1.0,2500.0,case_352,39,183,-1189.82421875,-914.831787109375,fno,4418,0.11686520376175548,7004,749,0.09880877742946709
10.0,1000000.0,1.0,3000.0,case_352,0,22,-689.82421875,-414.831787109375,fno,4418,0.007774294670846395,7913,40,0.005015673981191223
10.0,1000000.0,1.0,5000.0,case_352,0,0,1310.17578125,1585.168212890625,fno,4418,0.0,7975,0,0.0
10.0,1000000.0,1.0,10000.0,case_352,0,0,6310.17578125,6585.16796875,fno,4418,0.0,7975,0,0.0
10.0,1000000.0,1.0,25000.0,case_352,0,0,21310.17578125,21585.16796875,fno,4418,0.0,7975,0,0.0
10.0,1000000.0,1.0,101325.0,case_352,0,0,97635.171875,97910.171875,fno,4418,0.0,7975,0,0.0
-4.0,100000.0,0.09999999999999999,2500.0,case_161,0,0,196.819091796875,193.923583984375,deeponet,0018,0.0,7970,0,0.0
-4.0,100000.0,0.09999999999999999,3000.0,case_161,0,0,696.819091796875,693.923583984375,deeponet,0018,0.0,7970,0,0.0
-4.0,100000.0,0.09999999999999999,5000.0,case_161,0,0,2696.81884765625,2693.923828125,deeponet,0018,0.0,7970,0,0.0
-4.0,100000.0,0.09999999999999999,10000.0,case_161,0,0,7696.8193359375,7693.923828125,deeponet,0018,0.0,7970,0,0.0
-4.0,100000.0,0.09999999999999999,25000.0,case_161,0,0,22696.818359375,22693.923828125,deeponet,0018,0.0,7970,0,0.0
-4.0,100000.0,0.09999999999999999,101325.0,case_161,0,0,99021.8203125,99018.921875,deeponet,0018,0.0,7970,0,0.0
-4.0,200000.0,0.19999999999999998,2500.0,case_162,0,0,186.788330078125,175.363525390625,deeponet,0018,0.0,7970,0,0.0
-4.0,200000.0,0.19999999999999998,3000.0,case_162,0,0,686.788330078125,675.363525390625,deeponet,0018,0.0,7970,0,0.0
-4.0,200000.0,0.19999999999999998,5000.0,case_162,0,0,2686.78857421875,2675.36376953125,deeponet,0018,0.0,7970,0,0.0
-4.0,200000.0,0.19999999999999998,10000.0,case_162,0,0,7686.7880859375,7675.36328125,deeponet,0018,0.0,7970,0,0.0
-4.0,200000.0,0.19999999999999998,25000.0,case_162,0,0,22686.7890625,22675.36328125,deeponet,0018,0.0,7970,0,0.0
-4.0,200000.0,0.19999999999999998,101325.0,case_162,0,0,99011.7890625,99000.3671875,deeponet,0018,0.0,7970,0,0.0
-4.0,500000.0,0.5,2500.0,case_163,0,0,105.98828125,46.363525390625,deeponet,0018,0.0,7970,0,0.0
-4.0,500000.0,0.5,3000.0,case_163,0,0,605.98828125,546.363525390625,deeponet,0018,0.0,7970,0,0.0
-4.0,500000.0,0.5,5000.0,case_163,0,0,2605.98828125,2546.36376953125,deeponet,0018,0.0,7970,0,0.0
-4.0,500000.0,0.5,10000.0,case_163,0,0,7605.98828125,7546.36328125,deeponet,0018,0.0,7970,0,0.0
-4.0,500000.0,0.5,25000.0,case_163,0,0,22605.98828125,22546.36328125,deeponet,0018,0.0,7970,0,0.0
-4.0,500000.0,0.5,101325.0,case_163,0,0,98930.984375,98871.3671875,deeponet,0018,0.0,7970,0,0.0
-4.0,1000000.0,1.0,2500.0,case_164,25,15,-217.483642578125,-416.660400390625,deeponet,0018,0.02409033877038896,7753,177,0.02534504391468005
-4.0,1000000.0,1.0,3000.0,case_164,0,0,282.516357421875,83.339599609375,deeponet,0018,0.0,7970,0,0.0
-4.0,1000000.0,1.0,5000.0,case_164,0,0,2282.51611328125,2083.33935546875,deeponet,0018,0.0,7970,0,0.0
-4.0,1000000.0,1.0,10000.0,case_164,0,0,7282.5166015625,7083.33984375,deeponet,0018,0.0,7970,0,0.0
-4.0,1000000.0,1.0,25000.0,case_164,0,0,22282.515625,22083.33984375,deeponet,0018,0.0,7970,0,0.0
-4.0,1000000.0,1.0,101325.0,case_164,0,0,98607.515625,98408.3359375,deeponet,0018,0.0,7970,0,0.0
-2.0,100000.0,0.09999999999999999,2500.0,case_165,0,0,197.486083984375,195.628173828125,deeponet,0018,0.0,7970,0,0.0
-2.0,100000.0,0.09999999999999999,3000.0,case_165,0,0,697.486083984375,695.628173828125,deeponet,0018,0.0,7970,0,0.0
-2.0,100000.0,0.09999999999999999,5000.0,case_165,0,0,2697.486328125,2695.62841796875,deeponet,0018,0.0,7970,0,0.0
-2.0,100000.0,0.09999999999999999,10000.0,case_165,0,0,7697.486328125,7695.6279296875,deeponet,0018,0.0,7970,0,0.0
-2.0,100000.0,0.09999999999999999,25000.0,case_165,0,0,22697.486328125,22695.62890625,deeponet,0018,0.0,7970,0,0.0
-2.0,100000.0,0.09999999999999999,101325.0,case_165,0,0,99022.484375,99020.625,deeponet,0018,0.0,7970,0,0.0
-2.0,200000.0,0.19999999999999998,2500.0,case_166,0,0,189.771484375,182.422119140625,deeponet,0018,0.0,7970,0,0.0
-2.0,200000.0,0.19999999999999998,3000.0,case_166,0,0,689.771484375,682.422119140625,deeponet,0018,0.0,7970,0,0.0
-2.0,200000.0,0.19999999999999998,5000.0,case_166,0,0,2689.771484375,2682.42236328125,deeponet,0018,0.0,7970,0,0.0
-2.0,200000.0,0.19999999999999998,10000.0,case_166,0,0,7689.771484375,7682.421875,deeponet,0018,0.0,7970,0,0.0
-2.0,200000.0,0.19999999999999998,25000.0,case_166,0,0,22689.771484375,22682.421875,deeponet,0018,0.0,7970,0,0.0
-2.0,200000.0,0.19999999999999998,101325.0,case_166,0,0,99014.7734375,99007.421875,deeponet,0018,0.0,7970,0,0.0
-2.0,500000.0,0.5,2500.0,case_167,0,0,128.154541015625,89.1865234375,deeponet,0018,0.0,7970,0,0.0
-2.0,500000.0,0.5,3000.0,case_167,0,0,628.154541015625,589.1865234375,deeponet,0018,0.0,7970,0,0.0
-2.0,500000.0,0.5,5000.0,case_167,0,0,2628.154296875,2589.1865234375,deeponet,0018,0.0,7970,0,0.0
-2.0,500000.0,0.5,10000.0,case_167,0,0,7628.154296875,7589.1865234375,deeponet,0018,0.0,7970,0,0.0
-2.0,500000.0,0.5,25000.0,case_167,0,0,22628.154296875,22589.1875,deeponet,0018,0.0,7970,0,0.0
-2.0,500000.0,0.5,101325.0,case_167,0,0,98953.15625,98914.1875,deeponet,0018,0.0,7970,0,0.0
-2.0,1000000.0,1.0,2500.0,case_168,67,0,-96.26220703125,-244.521240234375,deeponet,0018,0.006398996235884567,7852,51,0.014805520702634882
-2.0,1000000.0,1.0,3000.0,case_168,0,0,403.73779296875,255.478759765625,deeponet,0018,0.0,7970,0,0.0
-2.0,1000000.0,1.0,5000.0,case_168,0,0,2403.73779296875,2255.47900390625,deeponet,0018,0.0,7970,0,0.0
-2.0,1000000.0,1.0,10000.0,case_168,0,0,7403.7373046875,7255.478515625,deeponet,0018,0.0,7970,0,0.0
-2.0,1000000.0,1.0,25000.0,case_168,0,0,22403.73828125,22255.478515625,deeponet,0018,0.0,7970,0,0.0
-2.0,1000000.0,1.0,101325.0,case_168,0,0,98728.734375,98580.4765625,deeponet,0018,0.0,7970,0,0.0
0.0,100000.0,0.09999999999999999,2500.0,case_169,0,0,197.1591796875,196.777587890625,deeponet,0018,0.0,7970,0,0.0
0.0,100000.0,0.09999999999999999,3000.0,case_169,0,0,697.1591796875,696.777587890625,deeponet,0018,0.0,7970,0,0.0
0.0,100000.0,0.09999999999999999,5000.0,case_169,0,0,2697.1591796875,2696.77734375,deeponet,0018,0.0,7970,0,0.0
0.0,100000.0,0.09999999999999999,10000.0,case_169,0,0,7697.1591796875,7696.77734375,deeponet,0018,0.0,7970,0,0.0
0.0,100000.0,0.09999999999999999,25000.0,case_169,0,0,22697.158203125,22696.77734375,deeponet,0018,0.0,7970,0,0.0
0.0,100000.0,0.09999999999999999,101325.0,case_169,0,0,99022.15625,99021.78125,deeponet,0018,0.0,7970,0,0.0
0.0,200000.0,0.19999999999999998,2500.0,case_170,0,0,188.993896484375,187.0283203125,deeponet,0018,0.0,7970,0,0.0
0.0,200000.0,0.19999999999999998,3000.0,case_170,0,0,688.993896484375,687.0283203125,deeponet,0018,0.0,7970,0,0.0
0.0,200000.0,0.19999999999999998,5000.0,case_170,0,0,2688.994140625,2687.0283203125,deeponet,0018,0.0,7970,0,0.0
0.0,200000.0,0.19999999999999998,10000.0,case_170,0,0,7688.994140625,7687.0283203125,deeponet,0018,0.0,7970,0,0.0
0.0,200000.0,0.19999999999999998,25000.0,case_170,0,0,22688.994140625,22687.029296875,deeponet,0018,0.0,7970,0,0.0
0.0,200000.0,0.19999999999999998,101325.0,case_170,0,0,99013.9921875,99012.03125,deeponet,0018,0.0,7970,0,0.0
0.0,500000.0,0.5,2500.0,case_171,0,0,138.314697265625,118.266845703125,deeponet,0018,0.0,7970,0,0.0
0.0,500000.0,0.5,3000.0,case_171,0,0,638.314697265625,618.266845703125,deeponet,0018,0.0,7970,0,0.0
0.0,500000.0,0.5,5000.0,case_171,0,0,2638.31494140625,2618.2666015625,deeponet,0018,0.0,7970,0,0.0
0.0,500000.0,0.5,10000.0,case_171,0,0,7638.314453125,7618.2666015625,deeponet,0018,0.0,7970,0,0.0
0.0,500000.0,0.5,25000.0,case_171,0,0,22638.314453125,22618.267578125,deeponet,0018,0.0,7970,0,0.0
0.0,500000.0,0.5,101325.0,case_171,0,0,98963.3125,98943.265625,deeponet,0018,0.0,7970,0,0.0
0.0,1000000.0,1.0,2500.0,case_172,66,2,-14.796875,-127.8173828125,deeponet,0018,0.0006273525721455458,7899,3,0.008657465495608531
0.0,1000000.0,1.0,3000.0,case_172,0,0,485.203125,372.1826171875,deeponet,0018,0.0,7970,0,0.0
0.0,1000000.0,1.0,5000.0,case_172,0,0,2485.203125,2372.1826171875,deeponet,0018,0.0,7970,0,0.0
0.0,1000000.0,1.0,10000.0,case_172,0,0,7485.203125,7372.1826171875,deeponet,0018,0.0,7970,0,0.0
0.0,1000000.0,1.0,25000.0,case_172,0,0,22485.203125,22372.18359375,deeponet,0018,0.0,7970,0,0.0
0.0,1000000.0,1.0,101325.0,case_172,0,0,98810.203125,98697.1796875,deeponet,0018,0.0,7970,0,0.0
2.0,100000.0,0.09999999999999999,2500.0,case_173,0,0,196.632568359375,196.198974609375,deeponet,0018,0.0,7970,0,0.0
2.0,100000.0,0.09999999999999999,3000.0,case_173,0,0,696.632568359375,696.198974609375,deeponet,0018,0.0,7970,0,0.0
2.0,100000.0,0.09999999999999999,5000.0,case_173,0,0,2696.6328125,2696.19921875,deeponet,0018,0.0,7970,0,0.0
2.0,100000.0,0.09999999999999999,10000.0,case_173,0,0,7696.6328125,7696.19921875,deeponet,0018,0.0,7970,0,0.0
2.0,100000.0,0.09999999999999999,25000.0,case_173,0,0,22696.6328125,22696.19921875,deeponet,0018,0.0,7970,0,0.0
2.0,100000.0,0.09999999999999999,101325.0,case_173,0,0,99021.6328125,99021.1953125,deeponet,0018,0.0,7970,0,0.0
2.0,200000.0,0.19999999999999998,2500.0,case_174,0,0,186.889404296875,184.7294921875,deeponet,0018,0.0,7970,0,0.0
2.0,200000.0,0.19999999999999998,3000.0,case_174,0,0,686.889404296875,684.7294921875,deeponet,0018,0.0,7970,0,0.0
2.0,200000.0,0.19999999999999998,5000.0,case_174,0,0,2686.88916015625,2684.7294921875,deeponet,0018,0.0,7970,0,0.0
2.0,200000.0,0.19999999999999998,10000.0,case_174,0,0,7686.8896484375,7684.7294921875,deeponet,0018,0.0,7970,0,0.0
2.0,200000.0,0.19999999999999998,25000.0,case_174,0,0,22686.888671875,22684.728515625,deeponet,0018,0.0,7970,0,0.0
2.0,200000.0,0.19999999999999998,101325.0,case_174,0,0,99011.890625,99009.7265625,deeponet,0018,0.0,7970,0,0.0
2.0,500000.0,0.5,2500.0,case_175,0,0,126.6875,104.596435546875,deeponet,0018,0.0,7970,0,0.0
2.0,500000.0,0.5,3000.0,case_175,0,0,626.6875,604.596435546875,deeponet,0018,0.0,7970,0,0.0
2.0,500000.0,0.5,5000.0,case_175,0,0,2626.6875,2604.5966796875,deeponet,0018,0.0,7970,0,0.0
2.0,500000.0,0.5,10000.0,case_175,0,0,7626.6875,7604.5966796875,deeponet,0018,0.0,7970,0,0.0
2.0,500000.0,0.5,25000.0,case_175,0,0,22626.6875,22604.595703125,deeponet,0018,0.0,7970,0,0.0
2.0,500000.0,0.5,101325.0,case_175,0,0,98951.6875,98929.59375,deeponet,0018,0.0,7970,0,0.0
2.0,1000000.0,1.0,2500.0,case_176,46,0,-59.597412109375,-181.80224609375,deeponet,0018,0.0037641154328732747,7894,30,0.009535759096612296
2.0,1000000.0,1.0,3000.0,case_176,0,0,440.402587890625,318.19775390625,deeponet,0018,0.0,7970,0,0.0
2.0,1000000.0,1.0,5000.0,case_176,0,0,2440.40283203125,2318.19775390625,deeponet,0018,0.0,7970,0,0.0
2.0,1000000.0,1.0,10000.0,case_176,0,0,7440.40234375,7318.1982421875,deeponet,0018,0.0,7970,0,0.0
2.0,1000000.0,1.0,25000.0,case_176,0,0,22440.40234375,22318.197265625,deeponet,0018,0.0,7970,0,0.0
2.0,1000000.0,1.0,101325.0,case_176,0,0,98765.40625,98643.1953125,deeponet,0018,0.0,7970,0,0.0
4.0,100000.0,0.09999999999999999,2500.0,case_177,0,0,196.004638671875,194.564697265625,deeponet,0018,0.0,7970,0,0.0
4.0,100000.0,0.09999999999999999,3000.0,case_177,0,0,696.004638671875,694.564697265625,deeponet,0018,0.0,7970,0,0.0
4.0,100000.0,0.09999999999999999,5000.0,case_177,0,0,2696.0048828125,2694.56494140625,deeponet,0018,0.0,7970,0,0.0
4.0,100000.0,0.09999999999999999,10000.0,case_177,0,0,7696.0048828125,7694.564453125,deeponet,0018,0.0,7970,0,0.0
4.0,100000.0,0.09999999999999999,25000.0,case_177,0,0,22696.00390625,22694.564453125,deeponet,0018,0.0,7970,0,0.0
4.0,100000.0,0.09999999999999999,101325.0,case_177,0,0,99021.0078125,99019.5625,deeponet,0018,0.0,7970,0,0.0
4.0,200000.0,0.19999999999999998,2500.0,case_178,0,0,184.40087890625,178.11181640625,deeponet,0018,0.0,7970,0,0.0
4.0,200000.0,0.19999999999999998,3000.0,case_178,0,0,684.40087890625,678.11181640625,deeponet,0018,0.0,7970,0,0.0
4.0,200000.0,0.19999999999999998,5000.0,case_178,0,0,2684.40087890625,2678.11181640625,deeponet,0018,0.0,7970,0,0.0
4.0,200000.0,0.19999999999999998,10000.0,case_178,0,0,7684.400390625,7678.1123046875,deeponet,0018,0.0,7970,0,0.0
4.0,200000.0,0.19999999999999998,25000.0,case_178,0,0,22684.400390625,22678.111328125,deeponet,0018,0.0,7970,0,0.0
4.0,200000.0,0.19999999999999998,101325.0,case_178,0,0,99009.3984375,99003.109375,deeponet,0018,0.0,7970,0,0.0
4.0,500000.0,0.5,2500.0,case_179,0,0,112.713134765625,62.71044921875,deeponet,0018,0.0,7970,0,0.0
4.0,500000.0,0.5,3000.0,case_179,0,0,612.713134765625,562.71044921875,deeponet,0018,0.0,7970,0,0.0
4.0,500000.0,0.5,5000.0,case_179,0,0,2612.712890625,2562.71044921875,deeponet,0018,0.0,7970,0,0.0
4.0,500000.0,0.5,10000.0,case_179,0,0,7612.712890625,7562.7109375,deeponet,0018,0.0,7970,0,0.0
4.0,500000.0,0.5,25000.0,case_179,0,0,22612.712890625,22562.7109375,deeponet,0018,0.0,7970,0,0.0
4.0,500000.0,0.5,101325.0,case_179,0,0,98937.7109375,98887.7109375,deeponet,0018,0.0,7970,0,0.0
4.0,1000000.0,1.0,2500.0,case_180,50,0,-133.224853515625,-349.804931640625,deeponet,0018,0.011292346298619825,7830,90,0.01756587202007528
4.0,1000000.0,1.0,3000.0,case_180,0,0,366.775146484375,150.195068359375,deeponet,0018,0.0,7970,0,0.0
4.0,1000000.0,1.0,5000.0,case_180,0,0,2366.775390625,2150.19482421875,deeponet,0018,0.0,7970,0,0.0
4.0,1000000.0,1.0,10000.0,case_180,0,0,7366.775390625,7150.1953125,deeponet,0018,0.0,7970,0,0.0
4.0,1000000.0,1.0,25000.0,case_180,0,0,22366.775390625,22150.1953125,deeponet,0018,0.0,7970,0,0.0
4.0,1000000.0,1.0,101325.0,case_180,0,0,98691.7734375,98475.1953125,deeponet,0018,0.0,7970,0,0.0
6.0,100000.0,0.09999999999999999,2500.0,case_181,0,0,195.252197265625,192.713623046875,deeponet,0018,0.0,7970,0,0.0
6.0,100000.0,0.09999999999999999,3000.0,case_181,0,0,695.252197265625,692.713623046875,deeponet,0018,0.0,7970,0,0.0
6.0,100000.0,0.09999999999999999,5000.0,case_181,0,0,2695.251953125,2692.7138671875,deeponet,0018,0.0,7970,0,0.0
6.0,100000.0,0.09999999999999999,10000.0,case_181,0,0,7695.251953125,7692.7138671875,deeponet,0018,0.0,7970,0,0.0
6.0,100000.0,0.09999999999999999,25000.0,case_181,0,0,22695.251953125,22692.712890625,deeponet,0018,0.0,7970,0,0.0
6.0,100000.0,0.09999999999999999,101325.0,case_181,0,0,99020.25,99017.7109375,deeponet,0018,0.0,7970,0,0.0
6.0,200000.0,0.19999999999999998,2500.0,case_182,0,0,181.341064453125,170.652587890625,deeponet,0018,0.0,7970,0,0.0
6.0,200000.0,0.19999999999999998,3000.0,case_182,0,0,681.341064453125,670.652587890625,deeponet,0018,0.0,7970,0,0.0
6.0,200000.0,0.19999999999999998,5000.0,case_182,0,0,2681.34130859375,2670.65283203125,deeponet,0018,0.0,7970,0,0.0
6.0,200000.0,0.19999999999999998,10000.0,case_182,0,0,7681.3408203125,7670.65234375,deeponet,0018,0.0,7970,0,0.0
6.0,200000.0,0.19999999999999998,25000.0,case_182,0,0,22681.341796875,22670.65234375,deeponet,0018,0.0,7970,0,0.0
6.0,200000.0,0.19999999999999998,101325.0,case_182,0,0,99006.34375,98995.65625,deeponet,0018,0.0,7970,0,0.0
6.0,500000.0,0.5,2500.0,case_183,0,0,93.636474609375,15.696533203125,deeponet,0018,0.0,7970,0,0.0
6.0,500000.0,0.5,3000.0,case_183,0,0,593.636474609375,515.696533203125,deeponet,0018,0.0,7970,0,0.0
6.0,500000.0,0.5,5000.0,case_183,0,0,2593.63623046875,2515.6962890625,deeponet,0018,0.0,7970,0,0.0
6.0,500000.0,0.5,10000.0,case_183,0,0,7593.63671875,7515.6962890625,deeponet,0018,0.0,7970,0,0.0
6.0,500000.0,0.5,25000.0,case_183,0,0,22593.63671875,22515.697265625,deeponet,0018,0.0,7970,0,0.0
6.0,500000.0,0.5,101325.0,case_183,0,0,98918.6328125,98840.6953125,deeponet,0018,0.0,7970,0,0.0
6.0,1000000.0,1.0,2500.0,case_184,34,4,-245.384521484375,-538.44677734375,deeponet,0018,0.024968632371392723,7737,195,0.028732747804265997
6.0,1000000.0,1.0,3000.0,case_184,1,0,254.615478515625,-38.44677734375,deeponet,0018,0.0,7969,0,0.00012547051442910915
6.0,1000000.0,1.0,5000.0,case_184,0,0,2254.615234375,1961.55322265625,deeponet,0018,0.0,7970,0,0.0
6.0,1000000.0,1.0,10000.0,case_184,0,0,7254.615234375,6961.552734375,deeponet,0018,0.0,7970,0,0.0
6.0,1000000.0,1.0,25000.0,case_184,0,0,22254.615234375,21961.552734375,deeponet,0018,0.0,7970,0,0.0
6.0,1000000.0,1.0,101325.0,case_184,0,0,98579.6171875,98286.5546875,deeponet,0018,0.0,7970,0,0.0
8.0,100000.0,0.09999999999999999,2500.0,case_185,0,0,194.303466796875,190.0263671875,deeponet,0018,0.0,7970,0,0.0
8.0,100000.0,0.09999999999999999,3000.0,case_185,0,0,694.303466796875,690.0263671875,deeponet,0018,0.0,7970,0,0.0
8.0,100000.0,0.09999999999999999,5000.0,case_185,0,0,2694.3037109375,2690.0263671875,deeponet,0018,0.0,7970,0,0.0
8.0,100000.0,0.09999999999999999,10000.0,case_185,0,0,7694.3037109375,7690.0263671875,deeponet,0018,0.0,7970,0,0.0
8.0,100000.0,0.09999999999999999,25000.0,case_185,0,0,22694.302734375,22690.02734375,deeponet,0018,0.0,7970,0,0.0
8.0,100000.0,0.09999999999999999,101325.0,case_185,0,0,99019.3046875,99015.0234375,deeponet,0018,0.0,7970,0,0.0
8.0,200000.0,0.19999999999999998,2500.0,case_186,0,0,177.455322265625,161.822265625,deeponet,0018,0.0,7970,0,0.0
8.0,200000.0,0.19999999999999998,3000.0,case_186,0,0,677.455322265625,661.822265625,deeponet,0018,0.0,7970,0,0.0
8.0,200000.0,0.19999999999999998,5000.0,case_186,0,0,2677.45556640625,2661.822265625,deeponet,0018,0.0,7970,0,0.0
8.0,200000.0,0.19999999999999998,10000.0,case_186,0,0,7677.455078125,7661.822265625,deeponet,0018,0.0,7970,0,0.0
8.0,200000.0,0.19999999999999998,25000.0,case_186,0,0,22677.455078125,22661.822265625,deeponet,0018,0.0,7970,0,0.0
8.0,200000.0,0.19999999999999998,101325.0,case_186,0,0,99002.453125,98986.8203125,deeponet,0018,0.0,7970,0,0.0
8.0,500000.0,0.5,2500.0,case_187,3,0,67.421630859375,-40.1259765625,deeponet,0018,0.0,7967,0,0.0003764115432873275
8.0,500000.0,0.5,3000.0,case_187,0,0,567.421630859375,459.8740234375,deeponet,0018,0.0,7970,0,0.0
8.0,500000.0,0.5,5000.0,case_187,0,0,2567.421875,2459.8740234375,deeponet,0018,0.0,7970,0,0.0
8.0,500000.0,0.5,10000.0,case_187,0,0,7567.421875,7459.8740234375,deeponet,0018,0.0,7970,0,0.0
8.0,500000.0,0.5,25000.0,case_187,0,0,22567.421875,22459.873046875,deeponet,0018,0.0,7970,0,0.0
8.0,500000.0,0.5,101325.0,case_187,0,0,98892.421875,98784.875,deeponet,0018,0.0,7970,0,0.0
8.0,1000000.0,1.0,2500.0,case_188,23,27,-372.7498779296875,-763.091796875,deeponet,0018,0.040903387703889585,7621,299,0.04040150564617315
8.0,1000000.0,1.0,3000.0,case_188,7,0,127.25,-263.091796875,deeponet,0018,0.0,7963,0,0.0008782936010037642
8.0,1000000.0,1.0,5000.0,case_188,0,0,2127.25,1736.908203125,deeponet,0018,0.0,7970,0,0.0
8.0,1000000.0,1.0,10000.0,case_188,0,0,7127.25,6736.908203125,deeponet,0018,0.0,7970,0,0.0
8.0,1000000.0,1.0,25000.0,case_188,0,0,22127.25,21736.908203125,deeponet,0018,0.0,7970,0,0.0
8.0,1000000.0,1.0,101325.0,case_188,0,0,98452.25,98061.90625,deeponet,0018,0.0,7970,0,0.0
10.0,100000.0,0.09999999999999999,2500.0,case_189,0,0,193.218505859375,186.980712890625,deeponet,0018,0.0,7970,0,0.0
10.0,100000.0,0.09999999999999999,3000.0,case_189,0,0,693.218505859375,686.980712890625,deeponet,0018,0.0,7970,0,0.0
10.0,100000.0,0.09999999999999999,5000.0,case_189,0,0,2693.21826171875,2686.98095703125,deeponet,0018,0.0,7970,0,0.0
10.0,100000.0,0.09999999999999999,10000.0,case_189,0,0,7693.21875,7686.98046875,deeponet,0018,0.0,7970,0,0.0
10.0,100000.0,0.09999999999999999,25000.0,case_189,0,0,22693.21875,22686.98046875,deeponet,0018,0.0,7970,0,0.0
10.0,100000.0,0.09999999999999999,101325.0,case_189,0,0,99018.21875,99011.984375,deeponet,0018,0.0,7970,0,0.0
10.0,200000.0,0.19999999999999998,2500.0,case_190,0,0,173.03564453125,147.224365234375,deeponet,0018,0.0,7970,0,0.0
10.0,200000.0,0.19999999999999998,3000.0,case_190,0,0,673.03564453125,647.224365234375,deeponet,0018,0.0,7970,0,0.0
10.0,200000.0,0.19999999999999998,5000.0,case_190,0,0,2673.03564453125,2647.224609375,deeponet,0018,0.0,7970,0,0.0
10.0,200000.0,0.19999999999999998,10000.0,case_190,0,0,7673.03515625,7647.224609375,deeponet,0018,0.0,7970,0,0.0
10.0,200000.0,0.19999999999999998,25000.0,case_190,0,0,22673.03515625,22647.224609375,deeponet,0018,0.0,7970,0,0.0
10.0,200000.0,0.19999999999999998,101325.0,case_190,0,0,98998.0390625,98972.2265625,deeponet,0018,0.0,7970,0,0.0
10.0,500000.0,0.5,2500.0,case_191,7,0,39.154541015625,-119.437744140625,deeponet,0018,0.0,7963,0,0.0008782936010037642
10.0,500000.0,0.5,3000.0,case_191,0,0,539.154541015625,380.562255859375,deeponet,0018,0.0,7970,0,0.0
10.0,500000.0,0.5,5000.0,case_191,0,0,2539.15478515625,2380.56201171875,deeponet,0018,0.0,7970,0,0.0
10.0,500000.0,0.5,10000.0,case_191,0,0,7539.154296875,7380.5625,deeponet,0018,0.0,7970,0,0.0
10.0,500000.0,0.5,25000.0,case_191,0,0,22539.154296875,22380.5625,deeponet,0018,0.0,7970,0,0.0
10.0,500000.0,0.5,101325.0,case_191,0,0,98864.15625,98705.5625,deeponet,0018,0.0,7970,0,0.0
10.0,1000000.0,1.0,2500.0,case_192,20,50,-503.404052734375,-1081.6754150390625,deeponet,0018,0.05734002509410289,7493,407,0.05357590966122961
10.0,1000000.0,1.0,3000.0,case_192,14,0,-3.404052734375,-581.6754150390625,deeponet,0018,0.00012547051442910915,7955,1,0.0018820577164366374
10.0,1000000.0,1.0,5000.0,case_192,0,0,1996.595703125,1418.32470703125,deeponet,0018,0.0,7970,0,0.0
10.0,1000000.0,1.0,10000.0,case_192,0,0,6996.595703125,6418.32421875,deeponet,0018,0.0,7970,0,0.0
10.0,1000000.0,1.0,25000.0,case_192,0,0,21996.595703125,21418.32421875,deeponet,0018,0.0,7970,0,0.0
10.0,1000000.0,1.0,101325.0,case_192,0,0,98321.59375,97743.328125,deeponet,0018,0.0,7970,0,0.0
-4.0,100000.0,0.09999999999999999,2500.0,case_321,0,0,197.08203125,195.163818359375,deeponet,4418,0.0,7975,0,0.0
-4.0,100000.0,0.09999999999999999,3000.0,case_321,0,0,697.08203125,695.163818359375,deeponet,4418,0.0,7975,0,0.0
-4.0,100000.0,0.09999999999999999,5000.0,case_321,0,0,2697.08203125,2695.1640625,deeponet,4418,0.0,7975,0,0.0
-4.0,100000.0,0.09999999999999999,10000.0,case_321,0,0,7697.08203125,7695.1640625,deeponet,4418,0.0,7975,0,0.0
-4.0,100000.0,0.09999999999999999,25000.0,case_321,0,0,22697.08203125,22695.1640625,deeponet,4418,0.0,7975,0,0.0
-4.0,100000.0,0.09999999999999999,101325.0,case_321,0,0,99022.078125,99020.1640625,deeponet,4418,0.0,7975,0,0.0
-4.0,200000.0,0.19999999999999998,2500.0,case_322,0,0,188.297119140625,180.60693359375,deeponet,4418,0.0,7975,0,0.0
-4.0,200000.0,0.19999999999999998,3000.0,case_322,0,0,688.297119140625,680.60693359375,deeponet,4418,0.0,7975,0,0.0
-4.0,200000.0,0.19999999999999998,5000.0,case_322,0,0,2688.296875,2680.60693359375,deeponet,4418,0.0,7975,0,0.0
-4.0,200000.0,0.19999999999999998,10000.0,case_322,0,0,7688.296875,7680.6064453125,deeponet,4418,0.0,7975,0,0.0
-4.0,200000.0,0.19999999999999998,25000.0,case_322,0,0,22688.296875,22680.607421875,deeponet,4418,0.0,7975,0,0.0
-4.0,200000.0,0.19999999999999998,101325.0,case_322,0,0,99013.296875,99005.609375,deeponet,4418,0.0,7975,0,0.0
-4.0,500000.0,0.5,2500.0,case_323,0,0,118.143798828125,78.342529296875,deeponet,4418,0.0,7975,0,0.0
-4.0,500000.0,0.5,3000.0,case_323,0,0,618.143798828125,578.342529296875,deeponet,4418,0.0,7975,0,0.0
-4.0,500000.0,0.5,5000.0,case_323,0,0,2618.1435546875,2578.34228515625,deeponet,4418,0.0,7975,0,0.0
-4.0,500000.0,0.5,10000.0,case_323,0,0,7618.1435546875,7578.3427734375,deeponet,4418,0.0,7975,0,0.0
-4.0,500000.0,0.5,25000.0,case_323,0,0,22618.14453125,22578.341796875,deeponet,4418,0.0,7975,0,0.0
-4.0,500000.0,0.5,101325.0,case_323,0,0,98943.140625,98903.34375,deeponet,4418,0.0,7975,0,0.0
-4.0,1000000.0,1.0,2500.0,case_324,29,36,-156.049072265625,-287.235107421875,deeponet,4418,0.01329153605015674,7840,70,0.012413793103448275
-4.0,1000000.0,1.0,3000.0,case_324,0,0,343.950927734375,212.764892578125,deeponet,4418,0.0,7975,0,0.0
-4.0,1000000.0,1.0,5000.0,case_324,0,0,2343.95068359375,2212.76513671875,deeponet,4418,0.0,7975,0,0.0
-4.0,1000000.0,1.0,10000.0,case_324,0,0,7343.951171875,7212.7646484375,deeponet,4418,0.0,7975,0,0.0
-4.0,1000000.0,1.0,25000.0,case_324,0,0,22343.951171875,22212.765625,deeponet,4418,0.0,7975,0,0.0
-4.0,1000000.0,1.0,101325.0,case_324,0,0,98668.953125,98537.765625,deeponet,4418,0.0,7975,0,0.0
-2.0,100000.0,0.09999999999999999,2500.0,case_325,0,0,196.5654296875,196.4130859375,deeponet,4418,0.0,7975,0,0.0
-2.0,100000.0,0.09999999999999999,3000.0,case_325,0,0,696.5654296875,696.4130859375,deeponet,4418,0.0,7975,0,0.0
-2.0,100000.0,0.09999999999999999,5000.0,case_325,0,0,2696.5654296875,2696.4130859375,deeponet,4418,0.0,7975,0,0.0
-2.0,100000.0,0.09999999999999999,10000.0,case_325,0,0,7696.5654296875,7696.4130859375,deeponet,4418,0.0,7975,0,0.0
-2.0,100000.0,0.09999999999999999,25000.0,case_325,0,0,22696.564453125,22696.4140625,deeponet,4418,0.0,7975,0,0.0
-2.0,100000.0,0.09999999999999999,101325.0,case_325,0,0,99021.5625,99021.4140625,deeponet,4418,0.0,7975,0,0.0
-2.0,200000.0,0.19999999999999998,2500.0,case_326,0,0,186.234619140625,185.549072265625,deeponet,4418,0.0,7975,0,0.0
-2.0,200000.0,0.19999999999999998,3000.0,case_326,0,0,686.234619140625,685.549072265625,deeponet,4418,0.0,7975,0,0.0
-2.0,200000.0,0.19999999999999998,5000.0,case_326,0,0,2686.23486328125,2685.548828125,deeponet,4418,0.0,7975,0,0.0
-2.0,200000.0,0.19999999999999998,10000.0,case_326,0,0,7686.234375,7685.548828125,deeponet,4418,0.0,7975,0,0.0
-2.0,200000.0,0.19999999999999998,25000.0,case_326,0,0,22686.234375,22685.548828125,deeponet,4418,0.0,7975,0,0.0
-2.0,200000.0,0.19999999999999998,101325.0,case_326,0,0,99011.234375,99010.546875,deeponet,4418,0.0,7975,0,0.0
-2.0,500000.0,0.5,2500.0,case_327,0,0,115.140380859375,109.31884765625,deeponet,4418,0.0,7975,0,0.0
-2.0,500000.0,0.5,3000.0,case_327,0,0,615.140380859375,609.31884765625,deeponet,4418,0.0,7975,0,0.0
-2.0,500000.0,0.5,5000.0,case_327,0,0,2615.140625,2609.31884765625,deeponet,4418,0.0,7975,0,0.0
-2.0,500000.0,0.5,10000.0,case_327,0,0,7615.140625,7609.3193359375,deeponet,4418,0.0,7975,0,0.0
-2.0,500000.0,0.5,25000.0,case_327,0,0,22615.140625,22609.318359375,deeponet,4418,0.0,7975,0,0.0
-2.0,500000.0,0.5,101325.0,case_327,0,0,98940.140625,98934.3203125,deeponet,4418,0.0,7975,0,0.0
-2.0,1000000.0,1.0,2500.0,case_328,28,10,-143.18212890625,-163.20556640625,deeponet,4418,0.012037617554858934,7851,86,0.014294670846394984
-2.0,1000000.0,1.0,3000.0,case_328,0,0,356.81787109375,336.79443359375,deeponet,4418,0.0,7975,0,0.0
-2.0,1000000.0,1.0,5000.0,case_328,0,0,2356.81787109375,2336.79443359375,deeponet,4418,0.0,7975,0,0.0
-2.0,1000000.0,1.0,10000.0,case_328,0,0,7356.818359375,7336.794921875,deeponet,4418,0.0,7975,0,0.0
-2.0,1000000.0,1.0,25000.0,case_328,0,0,22356.818359375,22336.794921875,deeponet,4418,0.0,7975,0,0.0
-2.0,1000000.0,1.0,101325.0,case_328,0,0,98681.8203125,98661.796875,deeponet,4418,0.0,7975,0,0.0
0.0,100000.0,0.09999999999999999,2500.0,case_329,0,0,196.046142578125,195.641357421875,deeponet,4418,0.0,7975,0,0.0
0.0,100000.0,0.09999999999999999,3000.0,case_329,0,0,696.046142578125,695.641357421875,deeponet,4418,0.0,7975,0,0.0
0.0,100000.0,0.09999999999999999,5000.0,case_329,0,0,2696.04638671875,2695.6416015625,deeponet,4418,0.0,7975,0,0.0
0.0,100000.0,0.09999999999999999,10000.0,case_329,0,0,7696.0458984375,7695.6416015625,deeponet,4418,0.0,7975,0,0.0
0.0,100000.0,0.09999999999999999,25000.0,case_329,0,0,22696.046875,22695.640625,deeponet,4418,0.0,7975,0,0.0
0.0,100000.0,0.09999999999999999,101325.0,case_329,0,0,99021.046875,99020.640625,deeponet,4418,0.0,7975,0,0.0
0.0,200000.0,0.19999999999999998,2500.0,case_330,0,0,184.0322265625,182.413818359375,deeponet,4418,0.0,7975,0,0.0
0.0,200000.0,0.19999999999999998,3000.0,case_330,0,0,684.0322265625,682.413818359375,deeponet,4418,0.0,7975,0,0.0
0.0,200000.0,0.19999999999999998,5000.0,case_330,0,0,2684.0322265625,2682.4140625,deeponet,4418,0.0,7975,0,0.0
0.0,200000.0,0.19999999999999998,10000.0,case_330,0,0,7684.0322265625,7682.4140625,deeponet,4418,0.0,7975,0,0.0
0.0,200000.0,0.19999999999999998,25000.0,case_330,0,0,22684.033203125,22682.4140625,deeponet,4418,0.0,7975,0,0.0
0.0,200000.0,0.19999999999999998,101325.0,case_330,0,0,99009.03125,99007.4140625,deeponet,4418,0.0,7975,0,0.0
0.0,500000.0,0.5,2500.0,case_331,0,0,96.367431640625,89.517578125,deeponet,4418,0.0,7975,0,0.0
0.0,500000.0,0.5,3000.0,case_331,0,0,596.367431640625,589.517578125,deeponet,4418,0.0,7975,0,0.0
0.0,500000.0,0.5,5000.0,case_331,0,0,2596.3671875,2589.517578125,deeponet,4418,0.0,7975,0,0.0
0.0,500000.0,0.5,10000.0,case_331,0,0,7596.3671875,7589.517578125,deeponet,4418,0.0,7975,0,0.0
0.0,500000.0,0.5,25000.0,case_331,0,0,22596.3671875,22589.517578125,deeponet,4418,0.0,7975,0,0.0
0.0,500000.0,0.5,101325.0,case_331,0,0,98921.3671875,98914.515625,deeponet,4418,0.0,7975,0,0.0
0.0,1000000.0,1.0,2500.0,case_332,13,6,-208.987060546875,-244.50146484375,deeponet,4418,0.021065830721003136,7794,162,0.0219435736677116
0.0,1000000.0,1.0,3000.0,case_332,0,0,291.012939453125,255.49853515625,deeponet,4418,0.0,7975,0,0.0
0.0,1000000.0,1.0,5000.0,case_332,0,0,2291.0126953125,2255.49853515625,deeponet,4418,0.0,7975,0,0.0
0.0,1000000.0,1.0,10000.0,case_332,0,0,7291.0126953125,7255.4990234375,deeponet,4418,0.0,7975,0,0.0
0.0,1000000.0,1.0,25000.0,case_332,0,0,22291.013671875,22255.498046875,deeponet,4418,0.0,7975,0,0.0
0.0,1000000.0,1.0,101325.0,case_332,0,0,98616.015625,98580.5,deeponet,4418,0.0,7975,0,0.0
2.0,100000.0,0.09999999999999999,2500.0,case_333,0,0,195.399658203125,194.81201171875,deeponet,4418,0.0,7975,0,0.0
2.0,100000.0,0.09999999999999999,3000.0,case_333,0,0,695.399658203125,694.81201171875,deeponet,4418,0.0,7975,0,0.0
2.0,100000.0,0.09999999999999999,5000.0,case_333,0,0,2695.39990234375,2694.81201171875,deeponet,4418,0.0,7975,0,0.0
2.0,100000.0,0.09999999999999999,10000.0,case_333,0,0,7695.3994140625,7694.8115234375,deeponet,4418,0.0,7975,0,0.0
2.0,100000.0,0.09999999999999999,25000.0,case_333,0,0,22695.400390625,22694.8125,deeponet,4418,0.0,7975,0,0.0
2.0,100000.0,0.09999999999999999,101325.0,case_333,0,0,99020.3984375,99019.8125,deeponet,4418,0.0,7975,0,0.0
2.0,200000.0,0.19999999999999998,2500.0,case_334,0,0,181.511962890625,179.06689453125,deeponet,4418,0.0,7975,0,0.0
2.0,200000.0,0.19999999999999998,3000.0,case_334,0,0,681.511962890625,679.06689453125,deeponet,4418,0.0,7975,0,0.0
2.0,200000.0,0.19999999999999998,5000.0,case_334,0,0,2681.51220703125,2679.06689453125,deeponet,4418,0.0,7975,0,0.0
2.0,200000.0,0.19999999999999998,10000.0,case_334,0,0,7681.51171875,7679.0673828125,deeponet,4418,0.0,7975,0,0.0
2.0,200000.0,0.19999999999999998,25000.0,case_334,0,0,22681.51171875,22679.06640625,deeponet,4418,0.0,7975,0,0.0
2.0,200000.0,0.19999999999999998,101325.0,case_334,0,0,99006.515625,99004.0703125,deeponet,4418,0.0,7975,0,0.0
2.0,500000.0,0.5,2500.0,case_335,0,0,79.275390625,68.273681640625,deeponet,4418,0.0,7975,0,0.0
2.0,500000.0,0.5,3000.0,case_335,0,0,579.275390625,568.273681640625,deeponet,4418,0.0,7975,0,0.0
2.0,500000.0,0.5,5000.0,case_335,0,0,2579.275390625,2568.2734375,deeponet,4418,0.0,7975,0,0.0
2.0,500000.0,0.5,10000.0,case_335,0,0,7579.275390625,7568.2734375,deeponet,4418,0.0,7975,0,0.0
2.0,500000.0,0.5,25000.0,case_335,0,0,22579.275390625,22568.2734375,deeponet,4418,0.0,7975,0,0.0
2.0,500000.0,0.5,101325.0,case_335,0,0,98904.2734375,98893.2734375,deeponet,4418,0.0,7975,0,0.0
2.0,1000000.0,1.0,2500.0,case_336,4,10,-286.7982177734375,-328.09521484375,deeponet,4418,0.0342319749216301,7698,263,0.03347962382445141
2.0,1000000.0,1.0,3000.0,case_336,0,0,213.20166015625,171.90478515625,deeponet,4418,0.0,7975,0,0.0
2.0,1000000.0,1.0,5000.0,case_336,0,0,2213.20166015625,2171.90478515625,deeponet,4418,0.0,7975,0,0.0
2.0,1000000.0,1.0,10000.0,case_336,0,0,7213.2021484375,7171.904296875,deeponet,4418,0.0,7975,0,0.0
2.0,1000000.0,1.0,25000.0,case_336,0,0,22213.201171875,22171.904296875,deeponet,4418,0.0,7975,0,0.0
2.0,1000000.0,1.0,101325.0,case_336,0,0,98538.203125,98496.90625,deeponet,4418,0.0,7975,0,0.0
4.0,100000.0,0.09999999999999999,2500.0,case_337,0,0,194.583251953125,193.659423828125,deeponet,4418,0.0,7975,0,0.0
4.0,100000.0,0.09999999999999999,3000.0,case_337,0,0,694.583251953125,693.659423828125,deeponet,4418,0.0,7975,0,0.0
4.0,100000.0,0.09999999999999999,5000.0,case_337,0,0,2694.58349609375,2693.6591796875,deeponet,4418,0.0,7975,0,0.0
4.0,100000.0,0.09999999999999999,10000.0,case_337,0,0,7694.5830078125,7693.6591796875,deeponet,4418,0.0,7975,0,0.0
4.0,100000.0,0.09999999999999999,25000.0,case_337,0,0,22694.583984375,22693.66015625,deeponet,4418,0.0,7975,0,0.0
4.0,100000.0,0.09999999999999999,101325.0,case_337,0,0,99019.5859375,99018.65625,deeponet,4418,0.0,7975,0,0.0
4.0,200000.0,0.19999999999999998,2500.0,case_338,0,0,178.328369140625,174.443359375,deeponet,4418,0.0,7975,0,0.0
4.0,200000.0,0.19999999999999998,3000.0,case_338,0,0,678.328369140625,674.443359375,deeponet,4418,0.0,7975,0,0.0
4.0,200000.0,0.19999999999999998,5000.0,case_338,0,0,2678.328125,2674.443359375,deeponet,4418,0.0,7975,0,0.0
4.0,200000.0,0.19999999999999998,10000.0,case_338,0,0,7678.328125,7674.443359375,deeponet,4418,0.0,7975,0,0.0
4.0,200000.0,0.19999999999999998,25000.0,case_338,0,0,22678.328125,22674.443359375,deeponet,4418,0.0,7975,0,0.0
4.0,200000.0,0.19999999999999998,101325.0,case_338,0,0,99003.328125,98999.4453125,deeponet,4418,0.0,7975,0,0.0
4.0,500000.0,0.5,2500.0,case_339,0,0,60.62646484375,39.06787109375,deeponet,4418,0.0,7975,0,0.0
4.0,500000.0,0.5,3000.0,case_339,0,0,560.62646484375,539.06787109375,deeponet,4418,0.0,7975,0,0.0
4.0,500000.0,0.5,5000.0,case_339,0,0,2560.62646484375,2539.06787109375,deeponet,4418,0.0,7975,0,0.0
4.0,500000.0,0.5,10000.0,case_339,0,0,7560.6259765625,7539.068359375,deeponet,4418,0.0,7975,0,0.0
4.0,500000.0,0.5,25000.0,case_339,0,0,22560.626953125,22539.068359375,deeponet,4418,0.0,7975,0,0.0
4.0,500000.0,0.5,101325.0,case_339,0,0,98885.625,98864.0703125,deeponet,4418,0.0,7975,0,0.0
4.0,1000000.0,1.0,2500.0,case_340,5,6,-370.076904296875,-445.319091796875,deeponet,4418,0.047899686520376177,7588,376,0.047774294670846394
4.0,1000000.0,1.0,3000.0,case_340,0,0,129.923095703125,54.680908203125,deeponet,4418,0.0,7975,0,0.0
4.0,1000000.0,1.0,5000.0,case_340,0,0,2129.92333984375,2054.68115234375,deeponet,4418,0.0,7975,0,0.0
4.0,1000000.0,1.0,10000.0,case_340,0,0,7129.9228515625,7054.6806640625,deeponet,4418,0.0,7975,0,0.0
4.0,1000000.0,1.0,25000.0,case_340,0,0,22129.923828125,22054.681640625,deeponet,4418,0.0,7975,0,0.0
4.0,1000000.0,1.0,101325.0,case_340,0,0,98454.921875,98379.6796875,deeponet,4418,0.0,7975,0,0.0
6.0,100000.0,0.09999999999999999,2500.0,case_341,0,0,193.49951171875,192.252197265625,deeponet,4418,0.0,7975,0,0.0
6.0,100000.0,0.09999999999999999,3000.0,case_341,0,0,693.49951171875,692.252197265625,deeponet,4418,0.0,7975,0,0.0
6.0,100000.0,0.09999999999999999,5000.0,case_341,0,0,2693.49951171875,2692.25244140625,deeponet,4418,0.0,7975,0,0.0
6.0,100000.0,0.09999999999999999,10000.0,case_341,0,0,7693.4990234375,7692.251953125,deeponet,4418,0.0,7975,0,0.0
6.0,100000.0,0.09999999999999999,25000.0,case_341,0,0,22693.5,22692.251953125,deeponet,4418,0.0,7975,0,0.0
6.0,100000.0,0.09999999999999999,101325.0,case_341,0,0,99018.5,99017.25,deeponet,4418,0.0,7975,0,0.0
6.0,200000.0,0.19999999999999998,2500.0,case_342,0,0,174.152587890625,168.659912109375,deeponet,4418,0.0,7975,0,0.0
6.0,200000.0,0.19999999999999998,3000.0,case_342,0,0,674.152587890625,668.659912109375,deeponet,4418,0.0,7975,0,0.0
6.0,200000.0,0.19999999999999998,5000.0,case_342,0,0,2674.15283203125,2668.66015625,deeponet,4418,0.0,7975,0,0.0
6.0,200000.0,0.19999999999999998,10000.0,case_342,0,0,7674.15234375,7668.66015625,deeponet,4418,0.0,7975,0,0.0
6.0,200000.0,0.19999999999999998,25000.0,case_342,0,0,22674.15234375,22668.66015625,deeponet,4418,0.0,7975,0,0.0
6.0,200000.0,0.19999999999999998,101325.0,case_342,0,0,98999.15625,98993.65625,deeponet,4418,0.0,7975,0,0.0
6.0,500000.0,0.5,2500.0,case_343,0,0,38.7216796875,5.263671875,deeponet,4418,0.0,7975,0,0.0
6.0,500000.0,0.5,3000.0,case_343,0,0,538.7216796875,505.263671875,deeponet,4418,0.0,7975,0,0.0
6.0,500000.0,0.5,5000.0,case_343,0,0,2538.7216796875,2505.263671875,deeponet,4418,0.0,7975,0,0.0
6.0,500000.0,0.5,10000.0,case_343,0,0,7538.7216796875,7505.263671875,deeponet,4418,0.0,7975,0,0.0
6.0,500000.0,0.5,25000.0,case_343,0,0,22538.72265625,22505.263671875,deeponet,4418,0.0,7975,0,0.0
6.0,500000.0,0.5,101325.0,case_343,0,0,98863.71875,98830.265625,deeponet,4418,0.0,7975,0,0.0
6.0,1000000.0,1.0,2500.0,case_344,39,2,-459.815185546875,-589.191650390625,deeponet,4418,0.06056426332288401,7453,481,0.0652037617554859
6.0,1000000.0,1.0,3000.0,case_344,7,0,40.184814453125,-89.191650390625,deeponet,4418,0.0,7968,0,0.0008777429467084639
6.0,1000000.0,1.0,5000.0,case_344,0,0,2040.18505859375,1910.80810546875,deeponet,4418,0.0,7975,0,0.0
6.0,1000000.0,1.0,10000.0,case_344,0,0,7040.1845703125,6910.80859375,deeponet,4418,0.0,7975,0,0.0
6.0,1000000.0,1.0,25000.0,case_344,0,0,22040.185546875,21910.80859375,deeponet,4418,0.0,7975,0,0.0
6.0,1000000.0,1.0,101325.0,case_344,0,0,98365.1875,98235.8046875,deeponet,4418,0.0,7975,0,0.0
8.0,100000.0,0.09999999999999999,2500.0,case_345,0,0,192.2890625,190.67626953125,deeponet,4418,0.0,7975,0,0.0
8.0,100000.0,0.09999999999999999,3000.0,case_345,0,0,692.2890625,690.67626953125,deeponet,4418,0.0,7975,0,0.0
8.0,100000.0,0.09999999999999999,5000.0,case_345,0,0,2692.2890625,2690.67626953125,deeponet,4418,0.0,7975,0,0.0
8.0,100000.0,0.09999999999999999,10000.0,case_345,0,0,7692.2890625,7690.6767578125,deeponet,4418,0.0,7975,0,0.0
8.0,100000.0,0.09999999999999999,25000.0,case_345,0,0,22692.2890625,22690.67578125,deeponet,4418,0.0,7975,0,0.0
8.0,100000.0,0.09999999999999999,101325.0,case_345,0,0,99017.2890625,99015.6796875,deeponet,4418,0.0,7975,0,0.0
8.0,200000.0,0.19999999999999998,2500.0,case_346,0,0,169.30322265625,163.216796875,deeponet,4418,0.0,7975,0,0.0
8.0,200000.0,0.19999999999999998,3000.0,case_346,0,0,669.30322265625,663.216796875,deeponet,4418,0.0,7975,0,0.0
8.0,200000.0,0.19999999999999998,5000.0,case_346,0,0,2669.30322265625,2663.216796875,deeponet,4418,0.0,7975,0,0.0
8.0,200000.0,0.19999999999999998,10000.0,case_346,0,0,7669.3037109375,7663.216796875,deeponet,4418,0.0,7975,0,0.0
8.0,200000.0,0.19999999999999998,25000.0,case_346,0,0,22669.302734375,22663.216796875,deeponet,4418,0.0,7975,0,0.0
8.0,200000.0,0.19999999999999998,101325.0,case_346,0,0,98994.3046875,98988.21875,deeponet,4418,0.0,7975,0,0.0
8.0,500000.0,0.5,2500.0,case_347,6,0,10.50341796875,-32.08056640625,deeponet,4418,0.0,7969,0,0.0007523510971786833
8.0,500000.0,0.5,3000.0,case_347,0,0,510.50341796875,467.91943359375,deeponet,4418,0.0,7975,0,0.0
8.0,500000.0,0.5,5000.0,case_347,0,0,2510.50341796875,2467.91943359375,deeponet,4418,0.0,7975,0,0.0
8.0,500000.0,0.5,10000.0,case_347,0,0,7510.50390625,7467.919921875,deeponet,4418,0.0,7975,0,0.0
8.0,500000.0,0.5,25000.0,case_347,0,0,22510.50390625,22467.919921875,deeponet,4418,0.0,7975,0,0.0
8.0,500000.0,0.5,101325.0,case_347,0,0,98835.5,98792.921875,deeponet,4418,0.0,7975,0,0.0
8.0,1000000.0,1.0,2500.0,case_348,42,1,-566.69873046875,-731.254150390625,deeponet,4418,0.07586206896551724,7328,604,0.08100313479623825
8.0,1000000.0,1.0,3000.0,case_348,15,0,-66.69873046875,-231.254150390625,deeponet,4418,0.0008777429467084639,7953,7,0.002758620689655172
8.0,1000000.0,1.0,5000.0,case_348,0,0,1933.30126953125,1768.745849609375,deeponet,4418,0.0,7975,0,0.0
8.0,1000000.0,1.0,10000.0,case_348,0,0,6933.3017578125,6768.74609375,deeponet,4418,0.0,7975,0,0.0
8.0,1000000.0,1.0,25000.0,case_348,0,0,21933.30078125,21768.74609375,deeponet,4418,0.0,7975,0,0.0
8.0,1000000.0,1.0,101325.0,case_348,0,0,98258.3046875,98093.7421875,deeponet,4418,0.0,7975,0,0.0
10.0,100000.0,0.09999999999999999,2500.0,case_349,0,0,191.147705078125,188.794677734375,deeponet,4418,0.0,7975,0,0.0
10.0,100000.0,0.09999999999999999,3000.0,case_349,0,0,691.147705078125,688.794677734375,deeponet,4418,0.0,7975,0,0.0
10.0,100000.0,0.09999999999999999,5000.0,case_349,0,0,2691.14794921875,2688.794921875,deeponet,4418,0.0,7975,0,0.0
10.0,100000.0,0.09999999999999999,10000.0,case_349,0,0,7691.1474609375,7688.794921875,deeponet,4418,0.0,7975,0,0.0
10.0,100000.0,0.09999999999999999,25000.0,case_349,0,0,22691.1484375,22688.794921875,deeponet,4418,0.0,7975,0,0.0
10.0,100000.0,0.09999999999999999,101325.0,case_349,0,0,99016.1484375,99013.796875,deeponet,4418,0.0,7975,0,0.0
10.0,200000.0,0.19999999999999998,2500.0,case_350,0,0,164.73291015625,155.97265625,deeponet,4418,0.0,7975,0,0.0
10.0,200000.0,0.19999999999999998,3000.0,case_350,0,0,664.73291015625,655.97265625,deeponet,4418,0.0,7975,0,0.0
10.0,200000.0,0.19999999999999998,5000.0,case_350,0,0,2664.73291015625,2655.97265625,deeponet,4418,0.0,7975,0,0.0
10.0,200000.0,0.19999999999999998,10000.0,case_350,0,0,7664.7333984375,7655.97265625,deeponet,4418,0.0,7975,0,0.0
10.0,200000.0,0.19999999999999998,25000.0,case_350,0,0,22664.732421875,22655.97265625,deeponet,4418,0.0,7975,0,0.0
10.0,200000.0,0.19999999999999998,101325.0,case_350,0,0,98989.734375,98980.9765625,deeponet,4418,0.0,7975,0,0.0
10.0,500000.0,0.5,2500.0,case_351,14,0,-17.40673828125,-77.8056640625,deeponet,4418,0.0007523510971786833,7955,6,0.0025078369905956114
10.0,500000.0,0.5,3000.0,case_351,0,0,482.59326171875,422.1943359375,deeponet,4418,0.0,7975,0,0.0
10.0,500000.0,0.5,5000.0,case_351,0,0,2482.59326171875,2422.1943359375,deeponet,4418,0.0,7975,0,0.0
10.0,500000.0,0.5,10000.0,case_351,0,0,7482.5927734375,7422.1943359375,deeponet,4418,0.0,7975,0,0.0
10.0,500000.0,0.5,25000.0,case_351,0,0,22482.59375,22422.1953125,deeponet,4418,0.0,7975,0,0.0
10.0,500000.0,0.5,101325.0,case_351,0,0,98807.59375,98747.1953125,deeponet,4418,0.0,7975,0,0.0
10.0,1000000.0,1.0,2500.0,case_352,36,19,-675.58837890625,-914.831787109375,deeponet,4418,0.09667711598746082,7168,752,0.09880877742946709
10.0,1000000.0,1.0,3000.0,case_352,23,0,-175.58837890625,-414.831787109375,deeponet,4418,0.0021316614420062697,7935,17,0.005015673981191223
10.0,1000000.0,1.0,5000.0,case_352,0,0,1824.41162109375,1585.168212890625,deeponet,4418,0.0,7975,0,0.0
10.0,1000000.0,1.0,10000.0,case_352,0,0,6824.4111328125,6585.16796875,deeponet,4418,0.0,7975,0,0.0
10.0,1000000.0,1.0,25000.0,case_352,0,0,21824.412109375,21585.16796875,deeponet,4418,0.0,7975,0,0.0
10.0,1000000.0,1.0,101325.0,case_352,0,0,98149.4140625,97910.171875,deeponet,4418,0.0,7975,0,0.0
