AoA,CD_integrated_pressure,CD_surrogate,CL_integrated_pressure,CL_over_abs_CD,CL_surrogate,Re,candidate_id,evaluation,family,force_source,m,min_Cp,min_cavitation_margin,model,note,objective,p,risky_cell_fraction,start,t
4.0,0.01165618515538416,0.02194724604487419,0.1401234103447903,17.665825137572728,0.3877338767051697,500000.0,continuous_1,1,continuous_naca,direct OpenFOAM-coefficient surrogate,0.0,-0.8729867339134216,98909.7734375,unet,surrogate estimate; validate top designs with OpenFOAM,17.665825137572728,0.4,0.0,0012,0.12
4.0,0.010706602917651867,0.023986078798770905,0.1533808822616857,17.655023156147077,0.423492431640625,500000.0,continuous_2,2,continuous_naca,direct OpenFOAM-coefficient surrogate,0.00025,-0.9610523581504822,98897.6171875,unet,surrogate estimate; validate top designs with OpenFOAM,17.655023156147077,0.4,0.0,0012,0.12
4.0,0.01165618515538416,0.02194724604487419,0.1401234103447903,17.665825137572728,0.3877338767051697,500000.0,continuous_3,3,continuous_naca,direct OpenFOAM-coefficient surrogate,0.0,-0.8729867339134216,98909.7734375,unet,surrogate estimate; validate top designs with OpenFOAM,17.665825137572728,0.42000000000000004,0.0,0012,0.12
4.0,0.007121535021504764,0.022743504494428635,0.10564231361074218,17.035942029579374,0.38747406005859375,500000.0,continuous_4,4,continuous_naca,direct OpenFOAM-coefficient surrogate,0.0,-0.8672803044319153,98910.7578125,unet,surrogate estimate; validate top designs with OpenFOAM,17.035942029579374,0.4,0.0,0012,0.126
4.2,0.01216458054135492,0.02272733859717846,0.1486845806834339,17.65878389307497,0.4013548195362091,500000.0,continuous_5,5,continuous_naca,direct OpenFOAM-coefficient surrogate,0.0,-0.905375599861145,98905.2890625,unet,surrogate estimate; validate top designs with OpenFOAM,17.65878389307497,0.4,0.0,0012,0.12
4.1,0.013486565119129578,0.02461395598948002,0.1892758420084932,17.57997646240144,0.4327303469181061,500000.0,continuous_6,6,continuous_naca,direct OpenFOAM-coefficient surrogate,0.000125,-0.9505661129951477,98899.7109375,unet,surrogate estimate; validate top designs with OpenFOAM,17.57997646240144,0.41000000000000003,0.0,0012,0.11399999999999999
4.074999999999999,0.014192404722145936,0.024617306888103485,0.20103267946538625,17.567017675666907,0.4324702322483063,500000.0,continuous_7,7,continuous_naca,direct OpenFOAM-coefficient surrogate,9.375e-05,-0.9510464072227478,98899.6796875,unet,surrogate estimate; validate top designs with OpenFOAM,17.567017675666907,0.40750000000000003,0.0,0012,0.11699999999999999
4.0,0.01165618515538416,0.02194724604487419,0.1401234103447903,17.665825137572728,0.3877338767051697,500000.0,continuous_8,8,continuous_naca,direct OpenFOAM-coefficient surrogate,0.0,-0.8729867339134216,98909.7734375,unet,surrogate estimate; validate top designs with OpenFOAM,17.665825137572728,0.41000000000000003,0.0,0012,0.12
4.1,0.011905102714598692,0.022328179329633713,0.14437563617963664,17.666966854174834,0.3944888710975647,500000.0,continuous_9,9,continuous_naca,direct OpenFOAM-coefficient surrogate,0.0,-0.8890791535377502,98907.546875,unet,surrogate estimate; validate top designs with OpenFOAM,17.666966854174834,0.4,0.0,0012,0.12
4.0,0.011026571038579895,0.02397261932492256,0.1494450359001164,17.655595555090155,0.42326852679252625,500000.0,continuous_10,10,continuous_naca,direct OpenFOAM-coefficient surrogate,0.000125,-0.9605566263198853,98897.6875,unet,surrogate estimate; validate top designs with OpenFOAM,17.655595555090155,0.4,0.0,0012,0.12
4.0,0.008643087785095817,0.022388700395822525,0.12024742499190712,17.302626667059453,0.38740062713623047,500000.0,continuous_11,11,continuous_naca,direct OpenFOAM-coefficient surrogate,0.0,-0.8712646961212158,98910.140625,unet,surrogate estimate; validate top designs with OpenFOAM,17.302626667059453,0.4,0.0,0012,0.123
4.050000000000001,0.01481695331277984,0.024564944207668304,0.20513250946389922,17.586587398313256,0.43203112483024597,500000.0,continuous_12,12,continuous_naca,direct OpenFOAM-coefficient surrogate,6.25e-05,-0.9490285515785217,98899.921875,unet,surrogate estimate; validate top designs with OpenFOAM,17.586587398313256,0.4049999999999999,0.0,0012,0.11699999999999999
4.0375000000000005,0.01435118085870769,0.024510737508535385,0.20661131225162382,17.526082156387943,0.4295947253704071,500000.0,continuous_13,13,continuous_naca,direct OpenFOAM-coefficient surrogate,4.6875e-05,-0.9451956152915955,98900.453125,unet,surrogate estimate; validate top designs with OpenFOAM,17.526082156387943,0.40375,0.0,0012,0.1185
4.05,0.011780180718924357,0.022135090082883835,0.14224351805762064,17.66651351800912,0.3910675346851349,500000.0,continuous_14,14,continuous_naca,direct OpenFOAM-coefficient surrogate,0.0,-0.8810078501701355,98908.6640625,unet,surrogate estimate; validate top designs with OpenFOAM,17.66651351800912,0.4,0.0,0012,0.12
4.05,0.011780180718924357,0.022135090082883835,0.14224351805762064,17.66651351800912,0.3910675346851349,500000.0,continuous_15,15,continuous_naca,direct OpenFOAM-coefficient surrogate,0.0,-0.8810078501701355,98908.6640625,unet,surrogate estimate; validate top designs with OpenFOAM,17.66651351800912,0.405,0.0,0012,0.12
4.05,0.011655805754020705,0.02417350932955742,0.16201661678699592,17.587373719560073,0.42516613006591797,500000.0,continuous_16,16,continuous_naca,direct OpenFOAM-coefficient surrogate,6.25e-05,-0.9624836444854736,98897.390625,unet,surrogate estimate; validate top designs with OpenFOAM,17.587373719560073,0.4,0.0,0012,0.12
4.05,0.01033627701071732,0.022303303703665733,0.13479101872630248,17.511095236162237,0.39057278633117676,500000.0,continuous_17,17,continuous_naca,direct OpenFOAM-coefficient surrogate,0.0,-0.8804347515106201,98908.78125,unet,surrogate estimate; validate top designs with OpenFOAM,17.511095236162237,0.4,0.0,0012,0.1215
4.075,0.014537581186091138,0.02485402300953865,0.21020272267607412,17.478427790793653,0.4344267249107361,500000.0,continuous_18,18,continuous_naca,direct OpenFOAM-coefficient surrogate,3.125e-05,-0.9559373259544373,98898.96875,unet,surrogate estimate; validate top designs with OpenFOAM,17.478427790793653,0.40249999999999997,0.0,0012,0.1185
4.05625,0.011231393792335445,0.02222241461277008,0.138404516632461,17.59684675237891,0.39106202125549316,500000.0,continuous_19,19,continuous_naca,direct OpenFOAM-coefficient surrogate,7.8125e-06,-0.8842280507087708,98908.25,unet,surrogate estimate; validate top designs with OpenFOAM,17.59684675237891,0.400625,0.0,0012,0.12075
4.078125000000001,0.011257152157428186,0.022304367274045944,0.13925970057309564,17.595797737306004,0.392480731010437,500000.0,continuous_20,20,continuous_naca,direct OpenFOAM-coefficient surrogate,0.0,-0.8876697421073914,98907.7734375,unet,surrogate estimate; validate top designs with OpenFOAM,17.595797737306004,0.4028125,0.0,0012,0.12037500000000001
4.071093750000001,0.011233470239363427,0.022276703268289566,0.13894728626557365,17.595767369046218,0.39199328422546387,500000.0,continuous_21,21,continuous_naca,direct OpenFOAM-coefficient surrogate,0.0,-0.8865054845809937,98907.9375,unet,surrogate estimate; validate top designs with OpenFOAM,17.595767369046218,0.40210937500000005,0.0,0012,0.12028125
4.074999999999999,0.011842230497746303,0.02223087102174759,0.14330748474882735,17.666080574655076,0.3927500247955322,500000.0,continuous_22,22,continuous_naca,direct OpenFOAM-coefficient surrogate,0.0,-0.885037362575531,98908.109375,unet,surrogate estimate; validate top designs with OpenFOAM,17.666080574655076,0.4,0.0,0012,0.12
4.074999999999999,0.011842230497746303,0.02223087102174759,0.14330748474882735,17.666080574655076,0.3927500247955322,500000.0,continuous_23,23,continuous_naca,direct OpenFOAM-coefficient surrogate,0.0,-0.885037362575531,98908.109375,unet,surrogate estimate; validate top designs with OpenFOAM,17.666080574655076,0.4025,0.0,0012,0.12
4.078125,0.011256235786784528,0.022304367274045944,0.1392565437615937,17.59579640120057,0.3924807012081146,500000.0,continuous_24,24,continuous_naca,direct OpenFOAM-coefficient surrogate,3.90625e-06,-0.8876699209213257,98907.7734375,unet,surrogate estimate; validate top designs with OpenFOAM,17.59579640120057,0.4003125,0.0,0012,0.120375
4.074999999999999,0.011778256226974338,0.024334944784641266,0.16487499003774092,17.547861789000493,0.4270437955856323,500000.0,continuous_25,25,continuous_naca,direct OpenFOAM-coefficient surrogate,3.125e-05,-0.9666299223899841,98896.8125,unet,surrogate estimate; validate top designs with OpenFOAM,17.547861789000493,0.4,0.0,0012,0.12
4.089062500000001,0.01126889558216701,0.022345297038555145,0.1396789370408049,17.59452592254281,0.3931725025177002,500000.0,continuous_26,26,continuous_naca,direct OpenFOAM-coefficient surrogate,0.0,-0.88939368724823,98907.5390625,unet,surrogate estimate; validate top designs with OpenFOAM,17.59452592254281,0.4014062500000001,0.0,0012,0.1201875
4.085546875,0.011421409731354469,0.02233140915632248,0.13542559076713717,17.595130510907744,0.3929416537284851,500000.0,continuous_27,27,continuous_naca,direct OpenFOAM-coefficient surrogate,0.0,-0.8888108134269714,98907.6171875,unet,surrogate estimate; validate top designs with OpenFOAM,17.595130510907744,0.4010546875,0.0,0012,0.120140625
4.078515625,0.011854251574991231,0.022244945168495178,0.14346364574782647,17.66681899438637,0.3930150866508484,500000.0,continuous_28,28,continuous_naca,direct OpenFOAM-coefficient surrogate,1.953125e-06,-0.8856173753738403,98908.0234375,unet,surrogate estimate; validate top designs with OpenFOAM,17.66681899438637,0.4003515625000001,0.0,0012,0.120046875
4.086132812499999,0.012686419594436591,0.02215554751455784,0.14890376554492135,17.738958223160374,0.39303407073020935,500000.0,continuous_29,29,continuous_naca,direct OpenFOAM-coefficient surrogate,0.0,-0.8817569613456726,98908.5390625,unet,surrogate estimate; validate top designs with OpenFOAM,17.738958223160374,0.4011132812500002,0.0,0012,0.1196484375
4.090136718749999,0.01305725186521321,0.02202650159597397,0.157353639906805,17.824099704748456,0.39262038469314575,500000.0,continuous_30,30,continuous_naca,direct OpenFOAM-coefficient surrogate,0.0,-0.8786402344703674,98908.890625,unet,surrogate estimate; validate top designs with OpenFOAM,17.824099704748456,0.4015136718750002,0.0,0012,0.11928515625
4.096826171875,0.01271729714896992,0.0221971794962883,0.14937227820134552,17.739082791037013,0.3937753438949585,500000.0,continuous_31,31,continuous_naca,direct OpenFOAM-coefficient surrogate,9.765625e-07,-0.8834604024887085,98908.296875,unet,surrogate estimate; validate top designs with OpenFOAM,17.739082791037013,0.39843261718750017,0.0,0012,0.11966601562500001
4.107739257812501,0.012734513742696256,0.0222372654825449,0.1498205496373169,17.739038331929564,0.3944854438304901,500000.0,continuous_32,32,continuous_naca,direct OpenFOAM-coefficient surrogate,1.46484375e-06,-0.8851524591445923,98908.0625,unet,surrogate estimate; validate top designs with OpenFOAM,17.739038331929564,0.40014892578125016,0.0,0012,0.11949902343750002
4.11883544921875,0.013542527159524049,0.022425010800361633,0.16775071451718643,17.74135809324537,0.397867888212204,500000.0,continuous_33,33,continuous_naca,direct OpenFOAM-coefficient surrogate,0.0,-0.8861042857170105,98908.1796875,unet,surrogate estimate; validate top designs with OpenFOAM,17.74135809324537,0.3996960449218751,0.0,0012,0.11917822265625
4.106768798828126,0.014587577934457053,0.022536693140864372,0.19010692062482815,17.73686000678487,0.39974790811538696,500000.0,continuous_34,34,continuous_naca,direct OpenFOAM-coefficient surrogate,1.220703125e-06,-0.8795561790466309,98909.546875,unet,surrogate estimate; validate top designs with OpenFOAM,17.73686000678487,0.3998956298828128,0.0,0012,0.11881420898437503
4.1050765991210945,0.013490999928416127,0.022366963326931,0.16708249899593106,17.745564014478106,0.39693212509155273,500000.0,continuous_35,35,continuous_naca,direct OpenFOAM-coefficient surrogate,9.1552734375e-07,-0.8839083909988403,98908.484375,unet,surrogate estimate; validate top designs with OpenFOAM,17.745564014478106,0.3999217224121096,0.0,0012,0.11911065673828128
4.097698211669922,0.013467529730699217,0.02233775518834591,0.16672833441058674,17.74599728198711,0.39642348885536194,500000.0,continuous_36,36,continuous_naca,direct OpenFOAM-coefficient surrogate,0.0,-0.882744312286377,98908.640625,unet,surrogate estimate; validate top designs with OpenFOAM,17.74599728198711,0.39963310241699235,0.0,0012,0.11912100219726562
4.109047317504883,0.014321173433687348,0.022546276450157166,0.18480164938137297,17.735758299208133,0.39989304542541504,500000.0,continuous_37,37,continuous_naca,direct OpenFOAM-coefficient surrogate,0.0,-0.8798871636390686,98909.5,unet,surrogate estimate; validate top designs with OpenFOAM,17.735758299208133,0.40194965362548846,0.0,0012,0.11868150329589844
4.0998814582824705,0.012707066066877408,0.02220718376338482,0.1494757087268926,17.739354149411767,0.39395883679389954,500000.0,continuous_38,38,continuous_naca,direct OpenFOAM-coefficient surrogate,6.0272216796875e-07,-0.8838818669319153,98908.2421875,unet,surrogate estimate; validate top designs with OpenFOAM,17.739354149411767,0.39931187629699727,0.0,0012,0.11941988754272462
4.105992031097412,0.014590022946341593,0.022533999755978584,0.19006770713994076,17.737088756272556,0.39970529079437256,500000.0,continuous_39,39,continuous_naca,direct OpenFOAM-coefficient surrogate,0.0,-0.8794615864753723,98909.5546875,unet,surrogate estimate; validate top designs with OpenFOAM,17.737088756272556,0.40107039451599136,0.0,0012,0.11892763137817383
4.101409101486206,0.012702602757173187,0.022212281823158264,0.1495209336075207,17.73926353707957,0.39404726028442383,500000.0,continuous_40,40,continuous_naca,direct OpenFOAM-coefficient surrogate,4.15802001953125e-07,-0.8840922117233276,98908.2109375,unet,surrogate estimate; validate top designs with OpenFOAM,17.73926353707957,0.3997515058517458,0.0,0012,0.11929682350158692
4.093917465209961,0.013460596728921867,0.022323288023471832,0.16655559196779957,17.746704247065338,0.3961825370788574,500000.0,continuous_41,41,continuous_naca,direct OpenFOAM-coefficient surrogate,0.0,-0.8821681141853333,98908.7265625,unet,surrogate estimate; validate top designs with OpenFOAM,17.746704247065338,0.4005733871459963,0.0,0012,0.11920307922363281
4.097606658935547,0.013472977882526205,0.022337891161441803,0.1667341761786813,17.74599332489527,0.3964258134365082,500000.0,continuous_42,42,continuous_naca,direct OpenFOAM-coefficient surrogate,4.57763671875e-07,-0.8827499151229858,98908.640625,unet,surrogate estimate; validate top designs with OpenFOAM,17.74599332489527,0.4007176971435549,0.0,0012,0.11919790649414064
4.104486083984375,0.01349725799404425,0.022365322336554527,0.16706207207565277,17.745709406460364,0.3969062566757202,500000.0,continuous_43,43,continuous_naca,direct OpenFOAM-coefficient surrogate,0.0,-0.8838467001914978,98908.4921875,unet,surrogate estimate; validate top designs with OpenFOAM,17.745709406460364,0.4006048583984376,0.0,0012,0.119231689453125
4.095009088516235,0.012689129538578483,0.022188114002346992,0.14925406291643706,17.73910160424767,0.3936149477958679,500000.0,continuous_44,44,continuous_naca,direct OpenFOAM-coefficient surrogate,3.01361083984375e-07,-0.883089005947113,98908.3515625,unet,surrogate estimate; validate top designs with OpenFOAM,17.73910160424767,0.40041277408599873,0.0,0012,0.1193525218963623
4.098064374923705,0.013467778830337484,0.022339047864079475,0.16674837669992054,17.74601498107073,0.3964468240737915,500000.0,continuous_45,45,continuous_naca,direct OpenFOAM-coefficient surrogate,0.0,-0.8827985525131226,98908.6328125,unet,surrogate estimate; validate top designs with OpenFOAM,17.74601498107073,0.4012920331954958,0.0,0012,0.11910639381408691
4.085376524925232,0.013429393333207008,0.022288160398602486,0.1661396755643296,17.748153395738637,0.3955914378166199,500000.0,continuous_46,46,continuous_naca,direct OpenFOAM-coefficient surrogate,2.288818359375e-07,-0.8808095455169678,98908.9140625,unet,surrogate estimate; validate top designs with OpenFOAM,17.748153395738637,0.4014435362815859,0.0,0012,0.11916457843780516
4.086140882968902,0.013433290254235805,0.022291328758001328,0.16618324399673626,17.748160279960366,0.3956478238105774,500000.0,continuous_47,47,continuous_naca,direct OpenFOAM-coefficient surrogate,0.0,-0.8809348940849304,98908.890625,unet,surrogate estimate; validate top designs with OpenFOAM,17.748160279960366,0.4016936171054841,0.0,0012,0.11918169736862183
4.079721421003342,0.012644871261431432,0.022128816694021225,0.14858736771591258,17.74005543288158,0.3925841748714447,500000.0,continuous_48,48,continuous_naca,direct OpenFOAM-coefficient surrogate,1.1444091796875e-07,-0.8806509971618652,98908.6875,unet,surrogate estimate; validate top designs with OpenFOAM,17.74005543288158,0.40132007300853745,0.0,0012,0.119310861825943
4.093478636443614,0.013456026353299134,0.022321291267871857,0.16653320661272641,17.746819103979533,0.3961496651172638,500000.0,continuous_49,49,continuous_naca,direct OpenFOAM-coefficient surrogate,2.86102294921875e-08,-0.882087230682373,98908.734375,unet,surrogate estimate; validate top designs with OpenFOAM,17.746819103979533,0.4012990431487562,0.0,0012,0.11915751081705094
4.083648916333914,0.013426310870245548,0.022281315177679062,0.16606290232799864,17.74835740137679,0.39547449350357056,500000.0,continuous_50,50,continuous_naca,direct OpenFOAM-coefficient surrogate,1.2874603271484376e-07,-0.8805446624755859,98908.9453125,unet,surrogate estimate; validate top designs with OpenFOAM,17.74835740137679,0.40240154705941694,0.0,0012,0.11919139221310616
4.079172885045408,0.013022101488140661,0.0219852514564991,0.15687898767387107,17.82432984393448,0.39189019799232483,500000.0,continuous_51,51,continuous_naca,direct OpenFOAM-coefficient surrogate,1.5020370483398438e-07,-0.8769383430480957,98909.125,unet,surrogate estimate; validate top designs with OpenFOAM,17.82432984393448,0.4022271430119875,0.0,0012,0.11925390131771564
4.072020009346305,0.012623251410766497,0.02209935337305069,0.14826852083140496,17.74011916608743,0.3920629024505615,500000.0,continuous_52,52,continuous_naca,direct OpenFOAM-coefficient surrogate,2.1100044250488281e-07,-0.8794281482696533,98908.859375,unet,surrogate estimate; validate top designs with OpenFOAM,17.74011916608743,0.4026911929436032,0.0,0012,0.119302096568048
4.08417317662388,0.012655064877058534,0.02214558981359005,0.1487809008965062,17.73951806749271,0.39286983013153076,500000.0,continuous_53,53,continuous_naca,direct OpenFOAM-coefficient surrogate,0.0,-0.8813526630401611,98908.59375,unet,surrogate estimate; validate top designs with OpenFOAM,17.73951806749271,0.4024744532443585,0.0,0012,0.11929149513691666
4.085075687849894,0.01343169458476543,0.022287102416157722,0.16613796970764697,17.748208297982465,0.3955738842487335,500000.0,continuous_54,54,continuous_naca,direct OpenFOAM-coefficient surrogate,1.493096351623535e-07,-0.8807706236839294,98908.9140625,unet,surrogate estimate; validate top designs with OpenFOAM,17.748208297982465,0.401701265522279,0.0,0012,0.11919630761258304
4.082876221020706,0.013035676739501189,0.021999040618538857,0.15704293667266286,17.82408858832892,0.39213067293167114,500000.0,continuous_55,55,continuous_naca,direct OpenFOAM-coefficient surrogate,2.141296863555908e-07,-0.877517819404602,98909.0390625,unet,surrogate estimate; validate top designs with OpenFOAM,17.82408858832892,0.40222819662885767,0.0,0012,0.11928168132808059
4.082841682725121,0.012652413812832773,0.022140633314847946,0.14872306169344213,17.73981459299177,0.39278846979141235,500000.0,continuous_56,56,continuous_naca,direct OpenFOAM-coefficient surrogate,9.723007678985599e-08,-0.8811458349227905,98908.6171875,unet,surrogate estimate; validate top designs with OpenFOAM,17.73981459299177,0.40248401376535203,0.0,0012,0.11930975794186816
4.084517186568701,0.013432128355945129,0.02228502556681633,0.1661213214640458,17.748234813628645,0.3955376148223877,500000.0,continuous_57,57,continuous_naca,direct OpenFOAM-coefficient surrogate,1.3628974556922913e-07,-0.8806900978088379,98908.9296875,unet,surrogate estimate; validate top designs with OpenFOAM,17.748234813628645,0.40189695258304725,0.0,0012,0.11922467019490432
4.083400184006314,0.013035873263234606,0.022001035511493683,0.15706395744499724,17.823927264413918,0.3921626806259155,500000.0,continuous_58,58,continuous_naca,direct OpenFOAM-coefficient surrogate,1.1024996638298037e-07,-0.8775985240936279,98909.03125,unet,surrogate estimate; validate top designs with OpenFOAM,17.823927264413918,0.4022883267045838,0.0,0012,0.11928139535954688
4.0841440880773,0.012659398354243786,0.02214592695236206,0.14878140572023246,17.739482167467234,0.3928750157356262,500000.0,continuous_59,59,continuous_naca,direct OpenFOAM-coefficient surrogate,1.0854564607143403e-07,-0.8813658356666565,98908.59375,unet,surrogate estimate; validate top designs with OpenFOAM,17.739482167467234,0.4017271220507976,0.0,0012,0.11935967491456538
4.083772709269761,0.013429504190155681,0.022282078862190247,0.16607901194319455,17.74833626757741,0.39548757672309875,500000.0,continuous_60,60,continuous_naca,direct OpenFOAM-coefficient surrogate,1.2369593605399131e-07,-0.8805748820304871,98908.9453125,unet,surrogate estimate; validate top designs with OpenFOAM,17.74833626757741,0.40223294080726213,0.0,0012,0.11923346288847098
4.084654801897704,0.013038790622882084,0.022005746141076088,0.15711747347452193,17.82353278298357,0.39223796129226685,500000.0,continuous_61,61,continuous_naca,direct OpenFOAM-coefficient surrogate,7.510185241699219e-08,-0.877789318561554,98909.0078125,unet,surrogate estimate; validate top designs with OpenFOAM,17.82353278298357,0.40187040744349384,0.0,0012,0.11926952878385783
4.081024553033057,0.013027859952393517,0.021991930902004242,0.15695861125966648,17.824237863477176,0.3920072317123413,500000.0,continuous_62,62,continuous_naca,direct OpenFOAM-coefficient surrogate,1.821666955947876e-07,-0.8772279024124146,98909.0859375,unet,surrogate estimate; validate top designs with OpenFOAM,17.824237863477176,0.4022276698204226,0.0,0012,0.11926779132289811
4.081286534525861,0.013029443957553073,0.021992933005094528,0.15696999758461386,17.824146616116632,0.39202308654785156,500000.0,continuous_63,63,continuous_naca,direct OpenFOAM-coefficient surrogate,1.3022683560848237e-07,-0.8772683143615723,98909.078125,unet,surrogate estimate; validate top designs with OpenFOAM,17.824146616116632,0.40225773485828564,0.0,0012,0.11926764833863127
4.0814109006896615,0.01341991584214549,0.02227269671857357,0.16595857718634788,17.748566937149462,0.3953261971473694,500000.0,continuous_64,64,continuous_naca,direct OpenFOAM-coefficient surrogate,1.3947486877441405e-07,-0.8801994919776917,98908.9921875,unet,surrogate estimate; validate top designs with OpenFOAM,17.748566937149462,0.4023143450357022,0.0,0012,0.1192226467654109
4.081658486561356,0.01264881734035285,0.022136040031909943,0.14866117272953933,17.740145974675237,0.39271432161331177,500000.0,continuous_65,65,continuous_naca,direct OpenFOAM-coefficient surrogate,1.2937467545270922e-07,-0.8809576034545898,98908.6484375,unet,surrogate estimate; validate top designs with OpenFOAM,17.740145974675237,0.40197713253139256,0.0,0012,0.1193067881161405
4.081472797157585,0.013422715609607344,0.022273080423474312,0.16596641575714646,17.748558223140122,0.39533281326293945,500000.0,continuous_66,66,continuous_naca,direct OpenFOAM-coefficient surrogate,1.3694982044398783e-07,-0.8802146315574646,98908.9921875,unet,surrogate estimate; validate top designs with OpenFOAM,17.748558223140122,0.40223004190962475,0.0,0012,0.1192436821030933
4.080098719039233,0.013025088623123062,0.02198854088783264,0.156913222026497,17.824379501404934,0.39194992184638977,500000.0,continuous_67,67,continuous_naca,direct OpenFOAM-coefficient surrogate,1.6618520021438598e-07,-0.8770835399627686,98909.1015625,unet,surrogate estimate; validate top designs with OpenFOAM,17.824379501404934,0.402227406416205,0.0,0012,0.11926084632030687
4.080229709785635,0.013026065874788459,0.021988987922668457,0.15692559178080986,17.82439662427494,0.3919582664966583,500000.0,continuous_68,68,continuous_naca,direct OpenFOAM-coefficient surrogate,1.4021527022123337e-07,-0.8771038055419922,98909.1015625,unet,surrogate estimate; validate top designs with OpenFOAM,17.82439662427494,0.40224243893513656,0.0,0012,0.11926077482817346
4.081913843471556,0.013030424903434349,0.021995311602950096,0.1569931684987246,17.823920907366496,0.3920605182647705,500000.0,continuous_69,69,continuous_naca,direct OpenFOAM-coefficient surrogate,1.1265277862548829e-07,-0.8773636817932129,98909.0625,unet,surrogate estimate; validate top designs with OpenFOAM,17.823920907366496,0.40204877522774063,0.0,0012,0.11926171505078673
4.080291892867535,0.013417388046486688,0.02226831391453743,0.16591060947114708,17.74885620205616,0.39525485038757324,500000.0,continuous_70,70,continuous_naca,direct OpenFOAM-coefficient surrogate,1.448392868041992e-07,-0.8800267577171326,98909.0234375,unet,surrogate estimate; validate top designs with OpenFOAM,17.74885620205616,0.40227074402384483,0.0,0012,0.11923827404156327
4.080415685803381,0.013027505016417106,0.021989788860082626,0.15692710959213044,17.824355926171975,0.3919716477394104,500000.0,continuous_71,71,continuous_naca,direct OpenFOAM-coefficient surrogate,1.397891901433468e-07,-0.8771371841430664,98909.09375,unet,surrogate estimate; validate top designs with OpenFOAM,17.824355926171975,0.40210213777168996,0.0,0012,0.11928034471692807
4.0780446563652735,0.01301921820872092,0.021981146186590195,0.15682439153490033,17.824446847215068,0.3918195962905884,500000.0,continuous_72,72,continuous_naca,direct OpenFOAM-coefficient surrogate,1.85543904080987e-07,-0.876767635345459,98909.1484375,unet,surrogate estimate; validate top designs with OpenFOAM,17.824446847215068,0.40235078783976885,0.0,0012,0.11926621854077529
4.076110062812132,0.013013458405875238,0.021974027156829834,0.15674687306503227,17.82420790644552,0.39168745279312134,500000.0,continuous_73,73,continuous_naca,direct OpenFOAM-coefficient surrogate,2.2198946680873638e-07,-0.8764696717262268,98909.1875,unet,surrogate estimate; validate top designs with OpenFOAM,17.82420790644552,0.4025017941457829,0.0,0012,0.11926847028576959
4.080221500451352,0.013027053615520125,0.02198907732963562,0.15692733212783605,17.824390561929423,0.3919597268104553,500000.0,continuous_74,74,continuous_naca,direct OpenFOAM-coefficient surrogate,1.6566307749599225e-07,-0.8771070837974548,98909.1015625,unet,surrogate estimate; validate top designs with OpenFOAM,17.824390561929423,0.40223424246941275,0.0,0012,0.11928019088537621
4.078881607017365,0.013021095267358685,0.021984154358506203,0.15686708542840766,17.824373436411065,0.3918716013431549,500000.0,continuous_75,75,continuous_naca,direct OpenFOAM-coefficient surrogate,1.8901453586295246e-07,-0.8768937587738037,98909.1328125,unet,surrogate estimate; validate top designs with OpenFOAM,17.824373436411065,0.40242530005857163,0.0,0012,0.11925367057038784
4.079265126713869,0.013023134653941894,0.02198563702404499,0.15687617988243172,17.82431682830744,0.3918967843055725,500000.0,continuous_76,76,continuous_naca,direct OpenFOAM-coefficient surrogate,1.7670819943305105e-07,-0.8769544363021851,98909.1171875,unet,surrogate estimate; validate top designs with OpenFOAM,17.82431682830744,0.4023445094868512,0.0,0012,0.11926033910702291
4.079137183075455,0.013021741951319889,0.02198518067598343,0.1568687342637357,17.824330295023174,0.39188894629478455,500000.0,continuous_77,77,continuous_naca,direct OpenFOAM-coefficient surrogate,1.6287958715111017e-07,-0.8769354820251465,98909.125,unet,surrogate estimate; validate top designs with OpenFOAM,17.824330295023174,0.4022966133874527,0.0,0012,0.11926349668447438
4.079133078408313,0.01302345673415822,0.021985221654176712,0.1568785547404958,17.824326894813687,0.3918896019458771,500000.0,continuous_78,78,continuous_naca,direct OpenFOAM-coefficient surrogate,1.7560349078848962e-07,-0.8769372701644897,98909.125,unet,surrogate estimate; validate top designs with OpenFOAM,17.824326894813687,0.4022925151545908,0.0,0012,0.11927320471307576
4.079071687702253,0.013022343835801071,0.02198493294417858,0.15687481552325133,17.824340006962988,0.3918847441673279,500000.0,continuous_79,79,continuous_naca,direct OpenFOAM-coefficient surrogate,1.7586455214768648e-07,-0.8769254684448242,98909.125,unet,surrogate estimate; validate top designs with OpenFOAM,17.824340006962988,0.40228909712798694,0.0,0012,0.11926353243054108
4.079230171084327,0.01302308496186916,0.02198558673262596,0.1568743740042128,17.82431964571427,0.39189594984054565,500000.0,continuous_80,80,continuous_naca,direct OpenFOAM-coefficient surrogate,1.626665471121669e-07,-0.8769524097442627,98909.125,unet,surrogate estimate; validate top designs with OpenFOAM,17.82431964571427,0.4022264628057294,0.0,0012,0.11927328162885167
4.078463131691321,0.013019897423213042,0.021982621401548386,0.15684769792339262,17.824432870196325,0.39184558391571045,500000.0,continuous_81,81,continuous_naca,direct OpenFOAM-coefficient surrogate,1.8727921997196977e-07,-0.8768305778503418,98909.140625,unet,surrogate estimate; validate top designs with OpenFOAM,17.824432870196325,0.40238804394917027,0.0,0012,0.11925994455558156
4.078225251008837,0.013018004242489277,0.021981723606586456,0.15682686589041464,17.824439595956175,0.3918297290802002,500000.0,continuous_82,82,continuous_naca,direct OpenFOAM-coefficient surrogate,1.801801408873871e-07,-0.8767921924591064,98909.140625,unet,surrogate estimate; validate top designs with OpenFOAM,17.824439595956175,0.40236975599759855,0.0,0012,0.1192533913926104
4.077765180308388,0.013017630221961871,0.021980077028274536,0.15680921619710467,17.82446237407523,0.3918008804321289,500000.0,continuous_83,83,continuous_naca,direct OpenFOAM-coefficient surrogate,2.0155432139290497e-07,-0.8767223954200745,98909.15625,unet,surrogate estimate; validate top designs with OpenFOAM,17.82446237407523,0.4024022290698096,0.0,0012,0.1192580467752798
4.077079178924855,0.013015945476602156,0.021977700293064117,0.15678776995730132,17.824255590778385,0.3917539715766907,500000.0,continuous_84,84,continuous_naca,direct OpenFOAM-coefficient surrogate,2.2089168851380235e-07,-0.8766156435012817,98909.1640625,unet,surrogate estimate; validate top designs with OpenFOAM,17.824255590778385,0.40245503691098805,0.0,0012,0.11925532182068252
4.077177421984656,0.013016786130547357,0.021978048607707024,0.15678974756991199,17.824284986269497,0.39176082611083984,500000.0,continuous_85,85,continuous_naca,direct OpenFOAM-coefficient surrogate,2.0141424101893794e-07,-0.8766311407089233,98909.1640625,unet,surrogate estimate; validate top designs with OpenFOAM,17.824284986269497,0.4024663113001867,0.0,0012,0.11925526820158242
4.078598121272854,0.01302092392867553,0.02198314107954502,0.15685299064903893,17.82441143290391,0.3918543756008148,500000.0,continuous_86,86,continuous_naca,direct OpenFOAM-coefficient surrogate,1.8225197436549934e-07,-0.8768517971038818,98909.1328125,unet,surrogate estimate; validate top designs with OpenFOAM,17.82441143290391,0.40233340067103684,0.0,0012,0.11926146637330141
4.077650988414055,0.013016360072785825,0.021979670971632004,0.15680300421264912,17.824459470267676,0.3917935788631439,500000.0,continuous_87,87,continuous_naca,direct OpenFOAM-coefficient surrogate,1.9502681880112508e-07,-0.876704752445221,98909.15625,unet,surrogate estimate; validate top designs with OpenFOAM,17.824459470267676,0.40242200775713677,0.0,0012,0.11925733425882208
4.077379906356955,0.013016176793008778,0.021978754550218582,0.15679015274671362,17.824371475323147,0.39177531003952026,500000.0,continuous_88,88,continuous_naca,direct OpenFOAM-coefficient surrogate,1.9387337260923234e-07,-0.8766628503799438,98909.1640625,unet,surrogate estimate; validate top designs with OpenFOAM,17.824371475323147,0.4023843463829866,0.0,0012,0.11925755092816223
4.07819232535773,0.013018629824103992,0.021981636062264442,0.1568260858522324,17.82444550593916,0.3918282985687256,500000.0,continuous_89,89,continuous_naca,direct OpenFOAM-coefficient surrogate,1.889277581312854e-07,-0.8767887353897095,98909.140625,unet,surrogate estimate; validate top designs with OpenFOAM,17.82444550593916,0.40238711955762435,0.0,0012,0.11925934614872673
4.0,0.015783836209820316,0.02739247865974903,0.2946672656184249,21.839436499972543,0.5982581377029419,500000.0,continuous_1,1,continuous_naca,direct OpenFOAM-coefficient surrogate,0.02,-1.1302820444107056,98872.359375,unet,surrogate estimate; validate top designs with OpenFOAM,21.839436499972543,0.4,0.0,2412,0.12
4.0,0.01444800643790718,0.027447903528809547,0.3262429221080979,22.216428797350524,0.6098166108131409,500000.0,continuous_2,2,continuous_naca,direct OpenFOAM-coefficient surrogate,0.021,-1.1398106813430786,98871.09375,unet,surrogate estimate; validate top designs with OpenFOAM,22.216428797350524,0.4,0.0,2412,0.12
4.0,0.016142618852643377,0.02692730724811554,0.2859794274702942,21.8749848481135,0.5890563130378723,500000.0,continuous_3,3,continuous_naca,direct OpenFOAM-coefficient surrogate,0.02,-1.1143579483032227,98874.546875,unet,surrogate estimate; validate top designs with OpenFOAM,21.8749848481135,0.42000000000000004,0.0,2412,0.12
4.0,0.019572870004315075,0.027628939598798752,0.3214419518775793,21.985774620936034,0.6074656248092651,500000.0,continuous_4,4,continuous_naca,direct OpenFOAM-coefficient surrogate,0.02,-1.1858693361282349,98866.8125,unet,surrogate estimate; validate top designs with OpenFOAM,21.985774620936034,0.4,0.0,2412,0.126
4.2,0.01666999858216243,0.02837972342967987,0.3027920653689826,21.744530674086295,0.6171255111694336,500000.0,continuous_5,5,continuous_naca,direct OpenFOAM-coefficient surrogate,0.02,-1.162652850151062,98867.765625,unet,surrogate estimate; validate top designs with OpenFOAM,21.744530674086295,0.4,0.0,2412,0.12
3.8,0.0200099297597146,0.02636447548866272,0.2910984782582593,21.808748390410987,0.5749980211257935,500000.0,continuous_6,6,continuous_naca,direct OpenFOAM-coefficient surrogate,0.0205,-1.138106107711792,98873.2265625,unet,surrogate estimate; validate top designs with OpenFOAM,21.808748390410987,0.41000000000000003,0.0,2412,0.123
3.9,0.021125296267979692,0.02688601240515709,0.2836479668288211,21.810982570696837,0.586432158946991,500000.0,continuous_7,7,continuous_naca,direct OpenFOAM-coefficient surrogate,0.020374999999999997,-1.158045768737793,98870.484375,unet,surrogate estimate; validate top designs with OpenFOAM,21.810982570696837,0.40750000000000003,0.0,2412,0.12225
4.1,0.01604593672518763,0.027899514883756638,0.3138901843474221,21.80020373985167,0.6082369089126587,500000.0,continuous_8,8,continuous_naca,direct OpenFOAM-coefficient surrogate,0.020125000000000004,-1.1470452547073364,98870.0546875,unet,surrogate estimate; validate top designs with OpenFOAM,21.80020373985167,0.4025,0.0,2412,0.12075
3.95,0.015982736123044242,0.027082717046141624,0.3129544610661968,21.785619630483634,0.5900355577468872,500000.0,continuous_9,9,continuous_naca,direct OpenFOAM-coefficient surrogate,0.020312499999999997,-1.1157286167144775,98874.3984375,unet,surrogate estimate; validate top designs with OpenFOAM,21.785619630483634,0.40625,0.0,2412,0.121875
4.0,0.019846533420589577,0.027530422434210777,0.30446442141114455,21.789775859038848,0.5999035239219666,500000.0,continuous_10,10,continuous_naca,direct OpenFOAM-coefficient surrogate,0.0205,-1.1817933320999146,98867.2109375,unet,surrogate estimate; validate top designs with OpenFOAM,21.789775859038848,0.4,0.0,2412,0.123
4.0,0.016515942357744232,0.027147475630044937,0.2977843638217508,22.19002440678734,0.6024253368377686,500000.0,continuous_11,11,continuous_naca,direct OpenFOAM-coefficient surrogate,0.0205,-1.130899429321289,98872.375,unet,surrogate estimate; validate top designs with OpenFOAM,22.19002440678734,0.41000000000000003,0.0,2412,0.12
4.0,0.01490280666088985,0.027449382469058037,0.3081797926004277,21.836019134206293,0.5994070768356323,500000.0,continuous_12,12,continuous_naca,direct OpenFOAM-coefficient surrogate,0.0205,-1.1321501731872559,98872.1015625,unet,surrogate estimate; validate top designs with OpenFOAM,21.836019134206293,0.4,0.0,2412,0.12
3.95,0.014593573208509713,0.027123361825942993,0.31908018918294995,21.859483333812676,0.5929245352745056,500000.0,continuous_13,13,continuous_naca,direct OpenFOAM-coefficient surrogate,0.020687499999999998,-1.1211729049682617,98873.609375,unet,surrogate estimate; validate top designs with OpenFOAM,21.859483333812676,0.40375000000000005,0.0,2412,0.121125
3.9749999999999996,0.0162612427624151,0.027041636407375336,0.2962996181692368,22.359273962002984,0.6046537160873413,500000.0,continuous_14,14,continuous_naca,direct OpenFOAM-coefficient surrogate,0.020843749999999998,-1.1281856298446655,98872.9375,unet,surrogate estimate; validate top designs with OpenFOAM,22.359273962002984,0.406875,0.0,2412,0.11756249999999999
3.9624999999999986,0.008116833654212282,0.026448553428053856,0.29272278260946416,22.43118624086915,0.5932948589324951,500000.0,continuous_15,15,continuous_naca,direct OpenFOAM-coefficient surrogate,0.021015624999999996,-1.0960440635681152,98878.3828125,unet,surrogate estimate; validate top designs with OpenFOAM,22.43118624086915,0.4103125000000001,0.0,2412,0.11484374999999997
3.956249999999999,0.017829614795710068,0.026872284710407257,0.3048258672993756,22.369226714676795,0.6011345982551575,500000.0,continuous_16,16,continuous_naca,direct OpenFOAM-coefficient surrogate,0.0211015625,-1.122275948524475,98873.75,unet,surrogate estimate; validate top designs with OpenFOAM,22.369226714676795,0.41203125000000007,0.0,2412,0.11798437499999997
4.009374999999999,0.016809429005813604,0.02705468237400055,0.2782165095988637,22.38328290028964,0.6055949926376343,500000.0,continuous_17,17,continuous_naca,direct OpenFOAM-coefficient surrogate,0.021121093750000007,-1.126832365989685,98873.078125,unet,surrogate estimate; validate top designs with OpenFOAM,22.38328290028964,0.41242187500000016,0.0,2412,0.11528906249999997
3.964062499999998,0.00881602565984391,0.026774553582072258,0.31118173698967005,23.04836690096676,0.6171327829360962,500000.0,continuous_18,18,continuous_naca,direct OpenFOAM-coefficient surrogate,0.021619140625,-1.0985904932022095,98879.859375,unet,surrogate estimate; validate top designs with OpenFOAM,23.04836690096676,0.4073828125000002,0.0,2412,0.11405859374999996
3.9460937499999975,0.01011197930002508,0.02637009508907795,0.29334797142353886,23.22517992447821,0.6124734282493591,500000.0,continuous_19,19,continuous_naca,direct OpenFOAM-coefficient surrogate,0.022178710937500005,-1.0794800519943237,98885.515625,unet,surrogate estimate; validate top designs with OpenFOAM,23.22517992447821,0.4060742187500004,0.0,2412,0.11108789062499996
3.937109374999997,0.006348044009449277,0.026126520708203316,0.27263840439610465,23.565496335596436,0.6157079935073853,500000.0,continuous_20,20,continuous_naca,direct OpenFOAM-coefficient surrogate,0.021708496093750005,-1.079656958580017,98885.3515625,unet,surrogate estimate; validate top designs with OpenFOAM,23.565496335596436,0.4204199218750003,0.0,2412,0.10960253906249995
3.9056640624999943,0.0019582818459839557,0.025666533038020134,0.15932063041233527,24.017096117685703,0.6164596080780029,500000.0,continuous_21,21,continuous_naca,direct OpenFOAM-coefficient surrogate,0.022062744140625014,-1.0961387157440186,98883.40625,unet,surrogate estimate; validate top designs with OpenFOAM,24.017096117685703,0.43062988281250036,0.0,2412,0.10440380859374992
3.9555664062499956,0.003808354381572881,0.026214787736535072,0.19628143328761327,23.937288195939168,0.6275348663330078,500000.0,continuous_22,22,continuous_naca,direct OpenFOAM-coefficient surrogate,0.022087524414062507,-1.1173285245895386,98880.484375,unet,surrogate estimate; validate top designs with OpenFOAM,23.937288195939168,0.4176879882812504,0.0,2412,0.10482788085937494
3.875537109374994,0.0019205214164350608,0.02615099772810936,0.15269698145377925,24.31750289999156,0.6359512805938721,500000.0,continuous_23,23,continuous_naca,direct OpenFOAM-coefficient surrogate,0.022551208496093753,-1.1184896230697632,98880.3984375,unet,surrogate estimate; validate top designs with OpenFOAM,24.31750289999156,0.4199304199218755,0.0,2412,0.10229260253906243
3.8086181640624908,-0.0001270060213123498,0.025700021535158157,0.12919510231923143,24.720707115416328,0.6353474259376526,500000.0,continuous_24,24,continuous_naca,direct OpenFOAM-coefficient surrogate,0.02326626586914063,-1.113642692565918,98880.9296875,unet,surrogate estimate; validate top designs with OpenFOAM,24.720707115416328,0.42368469238281325,0.0,2412,0.09579437255859366
3.845471191406241,0.0014478182061564455,0.026396330446004868,0.1200423825276323,25.216023504942825,0.6656357049942017,500000.0,continuous_25,25,continuous_naca,direct OpenFOAM-coefficient surrogate,0.02378199768066408,-1.140532374382019,98877.2109375,unet,surrogate estimate; validate top designs with OpenFOAM,25.216023504942825,0.4287258911132822,0.0,2412,0.0932132263183593
3.7869567871093626,0.0019724549822607183,0.026098577305674553,0.1996722517460018,25.738355590460422,0.6717602014541626,500000.0,continuous_26,26,continuous_naca,direct OpenFOAM-coefficient surrogate,0.02516518402099613,-1.0664132833480835,98885.6875,unet,surrogate estimate; validate top designs with OpenFOAM,25.738355590460422,0.4379325866699233,0.0,2412,0.08239796447753894
3.7823089599609236,0.0017699600051880318,0.02542509138584137,0.20041601766425055,25.653760034617893,0.6522748470306396,500000.0,continuous_27,27,continuous_naca,direct OpenFOAM-coefficient surrogate,0.02411214828491213,-1.0519415140151978,98887.703125,unet,surrogate estimate; validate top designs with OpenFOAM,25.653760034617893,0.44889335632324334,0.0,2412,0.08262412261962879
3.68620758056639,0.007000783425426407,0.024433206766843796,0.22923229048109134,25.983690013632593,0.6348908543586731,500000.0,continuous_28,28,continuous_naca,direct OpenFOAM-coefficient surrogate,0.025215646743774436,-1.0655980110168457,98885.765625,unet,surrogate estimate; validate top designs with OpenFOAM,25.983690013632593,0.4528822708129897,0.0,2412,0.07778225326538071
3.5515281677245873,0.01204542069025776,0.02301226742565632,0.28439050296706714,27.889371156375965,0.6418255567550659,500000.0,continuous_29,29,continuous_naca,direct OpenFOAM-coefficient surrogate,0.0267797079086304,-0.9554743766784668,98899.4765625,unet,surrogate estimate; validate top designs with OpenFOAM,27.889371156375965,0.47047941207885935,0.0,2412,0.06425943946838358
3.559041976928688,0.009558079748528875,0.023603618144989014,0.27188231665903073,28.659896936938736,0.6765059232711792,500000.0,continuous_30,30,continuous_naca,direct OpenFOAM-coefficient surrogate,0.02759890890121463,-0.9727582931518555,98896.1640625,unet,surrogate estimate; validate top designs with OpenFOAM,28.659896936938736,0.45986514091491926,0.0,2412,0.06
3.3857309341430337,0.008635661064434716,0.02299044281244278,0.3052051051516599,29.305233200684214,0.6737695932388306,500000.0,continuous_31,31,continuous_naca,direct OpenFOAM-coefficient surrogate,0.030366991281509437,-0.9882830381393433,98893.515625,unet,surrogate estimate; validate top designs with OpenFOAM,29.305233200684214,0.4744827699661287,0.0,2412,0.06
3.444644260406463,0.011961381257527128,0.022583462297916412,0.2946028708384995,29.288902253697216,0.6614741086959839,500000.0,continuous_32,32,continuous_naca,direct OpenFOAM-coefficient surrogate,0.029945749878883418,-0.9255247116088867,98902.6015625,unet,surrogate estimate; validate top designs with OpenFOAM,29.288902253697216,0.4922093701362641,0.0,2412,0.06
3.3021211147307996,0.006827792709439554,0.022718779742717743,0.24564710678231114,29.315120863986344,0.6660330891609192,500000.0,continuous_33,33,continuous_naca,direct OpenFOAM-coefficient surrogate,0.03201666826009756,-0.8748077750205994,98911.1640625,unet,surrogate estimate; validate top designs with OpenFOAM,29.315120863986344,0.4886587131023443,0.0,2412,0.06
3.062027192115737,-0.0009564811774329234,0.021085936576128006,0.13381643479793776,28.793364285076965,0.6071638464927673,500000.0,continuous_34,34,continuous_naca,direct OpenFOAM-coefficient surrogate,0.03596892824769028,-0.7847716212272644,98923.9765625,unet,surrogate estimate; validate top designs with OpenFOAM,28.793364285076965,0.5085413914918948,0.0,2412,0.06
3.0550554513930788,0.002354164933874219,0.02105998992919922,0.192339408397106,29.318800412513635,0.6174829602241516,500000.0,continuous_35,35,continuous_naca,direct OpenFOAM-coefficient surrogate,0.034389374643564286,-0.816500723361969,98919.1171875,unet,surrogate estimate; validate top designs with OpenFOAM,29.318800412513635,0.524982545971875,0.0,2412,0.06
2.689104783534937,-0.0034885190075503165,0.01874096877872944,0.07971699125677136,28.905791634579746,0.5417514443397522,500000.0,continuous_36,36,continuous_naca,direct OpenFOAM-coefficient surrogate,0.039001469954848364,-0.7400369644165039,98930.1015625,unet,surrogate estimate; validate top designs with OpenFOAM,28.905791634579746,0.5685075256228509,0.0,2412,0.06
3.0422477126121006,-0.001504632694151417,0.020740428939461708,0.1215165797039868,28.947245849231514,0.6004072427749634,500000.0,continuous_37,37,continuous_naca,direct OpenFOAM-coefficient surrogate,0.03657968412339694,-0.783945620059967,98924.21875,unet,surrogate estimate; validate top designs with OpenFOAM,28.947245849231514,0.5196872875094467,0.0,2412,0.06
3.1695678263902227,0.003406219925893981,0.02184917964041233,0.18980114290071834,28.981015816165286,0.6332404017448425,500000.0,continuous_38,38,continuous_naca,direct OpenFOAM-coefficient surrogate,0.0341296900697053,-0.8266361355781555,98917.734375,unet,surrogate estimate; validate top designs with OpenFOAM,28.981015816165286,0.5073853186517999,0.0,2412,0.06
3.424208053946465,0.01028567966919014,0.022579332813620567,0.2883291165412997,29.259325195973098,0.6606853008270264,500000.0,continuous_39,39,continuous_naca,direct OpenFOAM-coefficient surrogate,0.02922970196232204,-0.9372091293334961,98901.03125,unet,surrogate estimate; validate top designs with OpenFOAM,29.259325195973098,0.48278138093650613,0.0,2412,0.06
3.360547997057405,0.010036350055540181,0.02236366644501686,0.28750319757633336,29.33178587701508,0.6559956073760986,500000.0,continuous_40,40,continuous_naca,direct OpenFOAM-coefficient surrogate,0.030454698989167854,-0.9200770854949951,98903.296875,unet,surrogate estimate; validate top designs with OpenFOAM,29.33178587701508,0.48893236536532964,0.0,2412,0.06
3.1070834882556957,0.003582463762257326,0.021671338006854057,0.189775006156761,29.07279567680457,0.6300754547119141,500000.0,continuous_41,41,continuous_naca,direct OpenFOAM-coefficient surrogate,0.03366811670828615,-0.8238841891288757,98918.1796875,unet,surrogate estimate; validate top designs with OpenFOAM,29.07279567680457,0.4963188270665747,0.0,2412,0.06
3.3602540673687713,0.010192453760991406,0.02223736234009266,0.28849539112876094,29.3772752111966,0.6533024907112122,500000.0,continuous_42,42,continuous_naca,direct OpenFOAM-coefficient surrogate,0.0308763415862341,-0.9167155027389526,98903.75,unet,surrogate estimate; validate top designs with OpenFOAM,29.3772752111966,0.49323673436884174,0.0,2412,0.06
3.1532583811319927,0.0036452069408703714,0.0213155560195446,0.20326741122947642,29.37651090580641,0.6262060403823853,500000.0,continuous_43,43,continuous_naca,direct OpenFOAM-coefficient surrogate,0.03350155045802246,-0.8739087581634521,98909.2734375,unet,surrogate estimate; validate top designs with OpenFOAM,29.37651090580641,0.5234224094380666,0.0,2412,0.06
3.162436833744824,0.008665478201193365,0.021116551011800766,0.2305594741571992,29.575500678580884,0.62456214427948,500000.0,continuous_44,44,continuous_naca,direct OpenFOAM-coefficient surrogate,0.032594314578396795,-0.852077841758728,98912.4765625,unet,surrogate estimate; validate top designs with OpenFOAM,29.575500678580884,0.5266283144697121,0.0,2412,0.06
3.0925946932518364,0.008267616789972796,0.020594777539372444,0.23955274006433525,29.831491907579355,0.6144027709960938,500000.0,continuous_45,45,continuous_naca,direct OpenFOAM-coefficient surrogate,0.032883137737546406,-0.838025689125061,98914.296875,unet,surrogate estimate; validate top designs with OpenFOAM,29.831491907579355,0.545613115153396,0.0,2412,0.06
3.4282721180119236,0.011596665201498336,0.0222566369920969,0.2810762773197212,29.223360867511133,0.6504429578781128,500000.0,continuous_46,46,continuous_naca,direct OpenFOAM-coefficient surrogate,0.029468489741921122,-0.923485517501831,98902.796875,unet,surrogate estimate; validate top designs with OpenFOAM,29.223360867511133,0.5006197661909421,0.0,2412,0.06
3.14835961804779,0.0055417860121172915,0.021383166313171387,0.21869621304721687,29.52020274057772,0.6312649250030518,500000.0,continuous_47,47,continuous_naca,direct OpenFOAM-coefficient surrogate,0.033159153418153495,-0.8854407072067261,98907.7578125,unet,surrogate estimate; validate top designs with OpenFOAM,29.52020274057772,0.5188918510266418,0.0,2412,0.06
3.01668538284279,0.0027724013481558014,0.020147526636719704,0.15810234401320467,29.37526952938977,0.5918684005737305,500000.0,continuous_48,48,continuous_naca,direct OpenFOAM-coefficient surrogate,0.03475539261081038,-0.8632108569145203,98914.9609375,unet,surrogate estimate; validate top designs with OpenFOAM,29.37526952938977,0.5516496896281433,0.0,2412,0.06
3.1026510363964435,0.005685973717890206,0.020823562517762184,0.20239414239891604,29.412743801159618,0.6125075221061707,500000.0,continuous_49,49,continuous_naca,direct OpenFOAM-coefficient surrogate,0.03368021920539975,-0.872266411781311,98912.890625,unet,surrogate estimate; validate top designs with OpenFOAM,29.412743801159618,0.5359703585624399,0.0,2412,0.06
3.1986713264004276,0.010197362365561027,0.021008629351854324,0.28937454784379074,29.851849087222664,0.6271762847900391,500000.0,continuous_50,50,continuous_naca,direct OpenFOAM-coefficient surrogate,0.03179787551564442,-0.8833169937133789,98908.25,unet,surrogate estimate; validate top designs with OpenFOAM,29.851849087222664,0.5234336201175931,0.0,2412,0.06
3.221377799034645,0.009880063132404217,0.020988037809729576,0.27583881544318045,29.67996140636481,0.6229538321495056,500000.0,continuous_51,51,continuous_naca,direct OpenFOAM-coefficient surrogate,0.030946038044455393,-0.8876155018806458,98907.59375,unet,surrogate estimate; validate top designs with OpenFOAM,29.67996140636481,0.5234392254573563,0.0,2412,0.06
2.910884269679477,0.003555958966477938,0.01939007081091404,0.15090159989841287,29.499823525135792,0.572033166885376,500000.0,continuous_52,52,continuous_naca,direct OpenFOAM-coefficient surrogate,0.03488385135213794,-0.7810872793197632,98925.6171875,unet,surrogate estimate; validate top designs with OpenFOAM,29.499823525135792,0.5687177380611936,0.0,2412,0.06
3.0726039172933226,0.008384587756704776,0.020469840615987778,0.2442128322835793,29.96196919343596,0.6133466958999634,500000.0,continuous_53,53,continuous_naca,direct OpenFOAM-coefficient surrogate,0.032681789806341385,-0.8359553813934326,98914.5390625,unet,surrogate estimate; validate top designs with OpenFOAM,29.96196919343596,0.5423578036169724,0.0,2412,0.06
3.057580357741762,0.008709991890741387,0.020105216652154922,0.2694565577968342,29.952979682839608,0.6022410988807678,500000.0,continuous_54,54,continuous_naca,direct OpenFOAM-coefficient surrogate,0.0321825751068122,-0.8592051267623901,98911.390625,unet,surrogate estimate; validate top designs with OpenFOAM,29.952979682839608,0.5455515261442387,0.0,2412,0.06
3.3452305078172113,0.010234960518494787,0.022012755274772644,0.2841154538211517,29.460910103828343,0.6485452651977539,500000.0,continuous_55,55,continuous_naca,direct OpenFOAM-coefficient surrogate,0.030377126886704922,-0.9106066823005676,98904.578125,unet,surrogate estimate; validate top designs with OpenFOAM,29.460910103828343,0.496430456896108,0.0,2412,0.06
3.019470829213911,0.006113412590765309,0.020294567570090294,0.1950079582823774,29.444719835625587,0.5975973010063171,500000.0,continuous_56,56,continuous_naca,direct OpenFOAM-coefficient surrogate,0.033757170235779684,-0.8029244542121887,98919.1171875,unet,surrogate estimate; validate top designs with OpenFOAM,29.444719835625587,0.5506459177699222,0.0,2412,0.06
3.1356376218468753,0.010096896214817632,0.020650729537010193,0.2892357364486584,29.988152753612226,0.6193072199821472,500000.0,continuous_57,57,continuous_naca,direct OpenFOAM-coefficient surrogate,0.0322398326609929,-0.8733676075935364,98909.59375,unet,surrogate estimate; validate top designs with OpenFOAM,29.988152753612226,0.5328957118672828,0.0,2412,0.06
3.0825993052725797,0.007928686565361049,0.020554237067699432,0.23676428872215732,29.843555005251215,0.6134413480758667,500000.0,continuous_58,58,continuous_naca,direct OpenFOAM-coefficient surrogate,0.032782463771943895,-0.8366629481315613,98914.484375,unet,surrogate estimate; validate top designs with OpenFOAM,29.843555005251215,0.5439854593851843,0.0,2412,0.06
3.1104817676705565,0.006695510278905236,0.020907089114189148,0.21691239133786033,29.539030063232765,0.617604672908783,500000.0,continuous_59,59,continuous_naca,direct OpenFOAM-coefficient surrogate,0.03292047161224744,-0.8375297784805298,98914.421875,unet,surrogate estimate; validate top designs with OpenFOAM,29.539030063232765,0.530624827321807,0.0,2412,0.06
2.9917440934863997,0.006275057810480789,0.020149806514382362,0.19130983935096157,29.473302366717096,0.593910813331604,500000.0,continuous_60,60,continuous_naca,direct OpenFOAM-coefficient surrogate,0.03378282057923966,-0.7867772579193115,98921.3046875,unet,surrogate estimate; validate top designs with OpenFOAM,29.473302366717096,0.555537770839083,0.0,2412,0.06
3.208917212555267,0.010080843131528069,0.02113051898777485,0.28869024493704365,29.80495266219773,0.6298239231109619,500000.0,continuous_61,61,continuous_naca,direct OpenFOAM-coefficient surrogate,0.031529458346523154,-0.8865718245506287,98907.8125,unet,surrogate estimate; validate top designs with OpenFOAM,29.80495266219773,0.5193941302565404,0.0,2412,0.06
3.1393972608134657,0.010079054528641237,0.020441221073269844,0.2769115937458354,29.87767576774732,0.6107660531997681,500000.0,continuous_62,62,continuous_naca,direct OpenFOAM-coefficient surrogate,0.031696300680653225,-0.8714846968650818,98909.765625,unet,surrogate estimate; validate top designs with OpenFOAM,29.87767576774732,0.5386917252411829,0.0,2412,0.06
3.006201840057855,0.008118326538650644,0.02008023113012314,0.23463896033890835,29.986917563337524,0.6021742224693298,500000.0,continuous_63,63,continuous_naca,direct OpenFOAM-coefficient surrogate,0.033170735113442554,-0.8210822939872742,98916.578125,unet,surrogate estimate; validate top designs with OpenFOAM,29.986917563337524,0.5595712197987708,0.0,2412,0.06
3.09432101473318,0.008969027299948334,0.020234519615769386,0.27080634635602097,29.90986482164488,0.6052416563034058,500000.0,continuous_64,64,continuous_naca,direct OpenFOAM-coefficient surrogate,0.03211186535877114,-0.8630660176277161,98910.875,unet,surrogate estimate; validate top designs with OpenFOAM,29.90986482164488,0.5427727708769203,0.0,2412,0.06
3.0149849361521515,0.0071176579071687745,0.02027592808008194,0.21463632725657936,29.71992135621891,0.6026287078857422,500000.0,continuous_65,65,continuous_naca,direct OpenFOAM-coefficient surrogate,0.03340581078912076,-0.8165341019630432,98917.25,unet,surrogate estimate; validate top designs with OpenFOAM,29.71992135621891,0.5501070278387903,0.0,2412,0.06
3.108294179648137,0.008854546030547587,0.020407548174262047,0.2782488055382064,30.032212077808264,0.6129138469696045,500000.0,continuous_66,66,continuous_naca,direct OpenFOAM-coefficient surrogate,0.03212367820777011,-0.864266574382782,98910.7890625,unet,surrogate estimate; validate top designs with OpenFOAM,30.032212077808264,0.5415455508905848,0.0,2412,0.06
3.0670477646899155,0.007853977203340598,0.020527414977550507,0.22674668394535075,29.731303795103972,0.6103365421295166,500000.0,continuous_67,67,continuous_naca,direct OpenFOAM-coefficient surrogate,0.03299615253550234,-0.8303690552711487,98915.3671875,unet,surrogate estimate; validate top designs with OpenFOAM,29.731303795103972,0.5454123722098851,0.0,2412,0.06
3.0875027022223636,0.008981764297705223,0.020251888781785965,0.278437562897827,30.093803765606985,0.60948646068573,500000.0,continuous_68,68,continuous_naca,direct OpenFOAM-coefficient surrogate,0.03233293715295394,-0.8599409461021423,98911.3671875,unet,surrogate estimate; validate top designs with OpenFOAM,30.093803765606985,0.5434326712101616,0.0,2412,0.06
3.0962142545942926,0.009193592094933693,0.020253648981451988,0.27338981267155854,29.902080631355197,0.6056561470031738,500000.0,continuous_69,69,continuous_naca,direct OpenFOAM-coefficient surrogate,0.03225180176123836,-0.863635241985321,98910.796875,unet,surrogate estimate; validate top designs with OpenFOAM,29.902080631355197,0.5463647732664275,0.0,2412,0.06
3.0785065016185653,0.007894603981383318,0.02036208286881447,0.25258662885937155,29.988557431552703,0.6106594800949097,500000.0,continuous_70,70,continuous_naca,direct OpenFOAM-coefficient surrogate,0.03257429279506563,-0.8476181626319885,98912.9609375,unet,surrogate estimate; validate top designs with OpenFOAM,29.988557431552703,0.5433595460293361,0.0,2412,0.06
3.1987686626101155,0.010127155307716247,0.021080365404486656,0.28487380888011143,29.826460416251084,0.6287825107574463,500000.0,continuous_71,71,continuous_naca,direct OpenFOAM-coefficient surrogate,0.03146463529494874,-0.8852701783180237,98907.9921875,unet,surrogate estimate; validate top designs with OpenFOAM,29.826460416251084,0.5210455201999118,0.0,2412,0.06
3.0543435456959203,0.008323254123306483,0.020159287378191948,0.25081457515390854,30.058291450300302,0.6059837937355042,500000.0,continuous_72,72,continuous_naca,direct OpenFOAM-coefficient surrogate,0.0327442101588191,-0.841431200504303,98913.796875,unet,surrogate estimate; validate top designs with OpenFOAM,30.058291450300302,0.5499397948990561,0.0,2412,0.06
3.0286858427456185,0.00908573386169344,0.019811976701021194,0.27199891552220856,30.050261664590565,0.5953851342201233,500000.0,continuous_73,73,continuous_naca,direct OpenFOAM-coefficient surrogate,0.03264772649631149,-0.8503592610359192,98912.5859375,unet,surrogate estimate; validate top designs with OpenFOAM,30.050261664590565,0.5562430696472864,0.0,2412,0.06
3.0609066335374546,0.009076632341179112,0.019993863999843597,0.2717043886271278,29.993210579427107,0.5997101664543152,500000.0,continuous_74,74,continuous_naca,direct OpenFOAM-coefficient surrogate,0.0323499832128617,-0.8558520078659058,98911.84375,unet,surrogate estimate; validate top designs with OpenFOAM,29.993210579427107,0.5522209972942083,0.0,2412,0.06
3.0653066005577325,0.00914277614115912,0.020015046000480652,0.2718837756257854,29.986028506597403,0.6002017259597778,500000.0,continuous_75,75,continuous_naca,direct OpenFOAM-coefficient surrogate,0.03240606060841268,-0.8564751744270325,98911.7578125,unet,surrogate estimate; validate top designs with OpenFOAM,29.986028506597403,0.5500056344779902,0.0,2412,0.06
3.070923123959142,0.008781152479654514,0.020162060856819153,0.2775334554605135,30.124861594305802,0.6074094176292419,500000.0,continuous_76,76,continuous_naca,direct OpenFOAM-coefficient surrogate,0.03253857365588652,-0.8573911190032959,98911.7109375,unet,surrogate estimate; validate top designs with OpenFOAM,30.124861594305802,0.5466862330546088,0.0,2412,0.06
3.058094272483991,0.008864866570540775,0.02001793123781681,0.2775258445040937,30.173928600413756,0.604049801826477,500000.0,continuous_77,77,continuous_naca,direct OpenFOAM-coefficient surrogate,0.032490331824632714,-0.8533213138580322,98912.2578125,unet,surrogate estimate; validate top designs with OpenFOAM,30.173928600413756,0.549837870428724,0.0,2412,0.06
3.0978984409352504,0.008753841672028745,0.020280838012695312,0.27692855732924093,30.083661360608723,0.6101519465446472,500000.0,continuous_78,78,continuous_naca,direct OpenFOAM-coefficient surrogate,0.03222830768036203,-0.8607725501060486,98911.2578125,unet,surrogate estimate; validate top designs with OpenFOAM,30.083661360608723,0.5424891110503731,0.0,2412,0.06
3.0830046019204644,0.008941381782130943,0.020245585590600967,0.27837887691092134,30.095909915296605,0.6093394160270691,500000.0,continuous_79,79,continuous_naca,direct OpenFOAM-coefficient surrogate,0.03245361497400978,-0.859765887260437,98911.390625,unet,surrogate estimate; validate top designs with OpenFOAM,30.095909915296605,0.5433961086197489,0.0,2412,0.06
3.051863909357731,0.008009952110131191,0.020145662128925323,0.24837084480648963,30.063137940840758,0.6056718826293945,500000.0,continuous_80,80,continuous_naca,direct OpenFOAM-coefficient surrogate,0.032679421123379446,-0.8410067558288574,98913.8515625,unet,surrogate estimate; validate top designs with OpenFOAM,30.063137940840758,0.5491873306062485,0.0,2412,0.06
3.0863898080408703,0.008957419534471437,0.020248420536518097,0.27841726999302924,30.094972589348565,0.6094057559967041,500000.0,continuous_81,81,continuous_naca,direct OpenFOAM-coefficient surrogate,0.03234108604111638,-0.8598448634147644,98911.3828125,unet,surrogate estimate; validate top designs with OpenFOAM,30.094972589348565,0.544163665939342,0.0,2412,0.06
3.0617032009798706,0.008902128289037681,0.020085984840989113,0.27776175887759014,30.14994345314062,0.6056214570999146,500000.0,continuous_82,82,continuous_naca,direct OpenFOAM-coefficient surrogate,0.03257886609486876,-0.8552166223526001,98912.0078125,unet,surrogate estimate; validate top designs with OpenFOAM,30.14994345314062,0.5486092678110503,0.0,2412,0.06
4.0,0.008022125264968542,0.03587993606925011,0.29437577661190767,23.500767388409002,0.8432295322418213,500000.0,continuous_1,1,continuous_naca,direct OpenFOAM-coefficient surrogate,0.04,-1.2646476030349731,98853.0078125,unet,surrogate estimate; validate top designs with OpenFOAM,23.500767388409002,0.4,0.0,4415,0.15
4.0,0.007139649201274046,0.036597635596990585,0.2787088507130639,23.476133563886865,0.8591944575309753,500000.0,continuous_2,2,continuous_naca,direct OpenFOAM-coefficient surrogate,0.042,-1.2734394073486328,98849.09375,unet,surrogate estimate; validate top designs with OpenFOAM,23.476133563886865,0.4,0.0,4415,0.15
4.0,0.009840267248092662,0.0354175865650177,0.2703701717557484,23.45202153851554,0.8306374549865723,500000.0,continuous_3,3,continuous_naca,direct OpenFOAM-coefficient surrogate,0.04,-1.2553216218948364,98854.3046875,unet,surrogate estimate; validate top designs with OpenFOAM,23.45202153851554,0.42000000000000004,0.0,4415,0.15
4.0,0.012291505054664694,0.03639819845557213,0.21943757396448316,23.346245211769254,0.8497846126556396,500000.0,continuous_4,4,continuous_naca,direct OpenFOAM-coefficient surrogate,0.04,-1.2794151306152344,98848.4140625,unet,surrogate estimate; validate top designs with OpenFOAM,23.346245211769254,0.4,0.0,4415,0.1575
4.2,0.007979512749739315,0.036763355135917664,0.3018883586024972,23.446743349986555,0.8620043992996216,500000.0,continuous_5,5,continuous_naca,direct OpenFOAM-coefficient surrogate,0.04,-1.2941005229949951,98848.9453125,unet,surrogate estimate; validate top designs with OpenFOAM,23.446743349986555,0.4,0.0,4415,0.15
4.1,0.016320694859129056,0.035329420119524,0.3110762908122331,23.65245463992398,0.835651159286499,500000.0,continuous_6,6,continuous_naca,direct OpenFOAM-coefficient surrogate,0.041,-1.2674458026885986,98852.484375,unet,surrogate estimate; validate top designs with OpenFOAM,23.65245463992398,0.41000000000000003,0.0,4415,0.1425
4.149999999999999,0.020433594694161415,0.03358929604291916,0.48216758615201155,24.24206006011977,0.8142979741096497,500000.0,continuous_7,7,continuous_naca,direct OpenFOAM-coefficient surrogate,0.041499999999999995,-1.132620930671692,98870.140625,unet,surrogate estimate; validate top designs with OpenFOAM,24.24206006011977,0.41500000000000004,0.0,4415,0.13499999999999995
3.874999999999999,0.014946000519762274,0.034247126430273056,0.30212653440689896,23.74192447845925,0.8131164312362671,500000.0,continuous_8,8,continuous_naca,direct OpenFOAM-coefficient surrogate,0.04175,-1.2167924642562866,98859.28125,unet,surrogate estimate; validate top designs with OpenFOAM,23.74192447845925,0.4175000000000001,0.0,4415,0.1425
4.012499999999999,0.018919793777526603,0.035171911120414734,0.3522360504078327,23.899169128060098,0.8406033515930176,500000.0,continuous_9,9,continuous_naca,direct OpenFOAM-coefficient surrogate,0.042625,-1.2184537649154663,98858.7109375,unet,surrogate estimate; validate top designs with OpenFOAM,23.899169128060098,0.3962500000000001,0.0,4415,0.13875
4.018749999999999,0.02364208592407393,0.033295534551143646,0.5223676637962442,24.20887130501688,0.8060715198516846,500000.0,continuous_10,10,continuous_naca,direct OpenFOAM-coefficient surrogate,0.04093750000000001,-1.090654730796814,98875.984375,unet,surrogate estimate; validate top designs with OpenFOAM,24.20887130501688,0.41437500000000005,0.0,4415,0.13312499999999997
4.0281249999999975,0.023239351378020506,0.032855380326509476,0.4585692216067525,24.404044366579537,0.8018285632133484,500000.0,continuous_11,11,continuous_naca,direct OpenFOAM-coefficient surrogate,0.04340625,-1.121752381324768,98871.7734375,unet,surrogate estimate; validate top designs with OpenFOAM,24.404044366579537,0.4215625000000002,0.0,4415,0.12468749999999998
4.042187499999997,-0.0013301709691341005,0.032179661095142365,0.3031523781213309,24.52534052140184,0.7892416715621948,500000.0,continuous_12,12,continuous_naca,direct OpenFOAM-coefficient surrogate,0.04510937499999999,-1.1795296669006348,98865.1015625,unet,surrogate estimate; validate top designs with OpenFOAM,24.52534052140184,0.43234375000000025,0.0,4415,0.11203124999999997
4.236718749999999,0.012965516193003682,0.03359591215848923,0.35423769325034604,24.30121624370269,0.8164458274841309,500000.0,continuous_13,13,continuous_naca,direct OpenFOAM-coefficient surrogate,0.0433359375,-1.173319697380066,98867.8828125,unet,surrogate estimate; validate top designs with OpenFOAM,24.30121624370269,0.41148437500000024,0.0,4415,0.11695312499999996
4.211328124999998,-0.00062036084830526,0.03251795470714569,0.17112172626421324,24.525495154243206,0.797543466091156,500000.0,continuous_14,14,continuous_naca,direct OpenFOAM-coefficient surrogate,0.04281640624999999,-1.1800180673599243,98864.9921875,unet,surrogate estimate; validate top designs with OpenFOAM,24.525495154243206,0.4403515625000002,0.0,4415,0.10980468749999991
4.310742187499997,-0.007902130984897778,0.031195079907774925,0.21910180377693916,24.747568834855887,0.7720271348953247,500000.0,continuous_15,15,continuous_naca,direct OpenFOAM-coefficient surrogate,0.04291210937499999,-1.309113621711731,98853.2734375,unet,surrogate estimate; validate top designs with OpenFOAM,24.747568834855887,0.4624023437500002,0.0,4415,0.09533203124999984
4.3510742187499964,-0.006953616071139553,0.032321296632289886,0.19148793196483999,24.539351153316424,0.7931681871414185,500000.0,continuous_16,16,continuous_naca,direct OpenFOAM-coefficient surrogate,0.04549121093749998,-1.342423915863037,98849.0546875,unet,surrogate estimate; validate top designs with OpenFOAM,24.539351153316424,0.4462402343750004,0.0,4415,0.09653320312499991
4.320361328124996,0.01251546171803022,0.029141895473003387,0.3075608968053445,24.337009602510236,0.7092509269714355,500000.0,continuous_17,17,continuous_naca,direct OpenFOAM-coefficient surrogate,0.04692431640625,-1.188944935798645,98872.1953125,unet,surrogate estimate; validate top designs with OpenFOAM,24.337009602510236,0.4612353515625005,0.0,4415,0.0754248046874999
4.2754638671874945,0.015271944661443498,0.028017142787575722,0.29911662114607146,24.852116995171432,0.6963101625442505,500000.0,continuous_18,18,continuous_naca,direct OpenFOAM-coefficient surrogate,0.046882568359374995,-1.031362533569336,98893.765625,unet,surrogate estimate; validate top designs with OpenFOAM,24.852116995171432,0.4896264648437505,0.0,4415,0.07270751953124985
4.294836425781243,0.0071794968105839685,0.027748802676796913,0.22220401784809599,25.198823528380114,0.6992623805999756,500000.0,continuous_19,19,continuous_naca,direct OpenFOAM-coefficient surrogate,0.04865588378906251,-0.970127284526825,98899.8671875,unet,surrogate estimate; validate top designs with OpenFOAM,25.198823528380114,0.5286975097656257,0.0,4415,0.06
4.179058837890622,-0.0010440069741596456,0.03158131241798401,0.1386051211512696,24.639107032658075,0.7781599760055542,500000.0,continuous_20,20,continuous_naca,direct OpenFOAM-coefficient surrogate,0.04415997314453124,-1.1798754930496216,98865.2890625,unet,surrogate estimate; validate top designs with OpenFOAM,24.639107032658075,0.4736065673828127,0.0,4415,0.10652343749999996
4.525668334960933,0.00853328500187993,0.029280010610818863,0.24637665568282519,24.682921576775765,0.722740888595581,500000.0,continuous_21,21,continuous_naca,direct OpenFOAM-coefficient surrogate,0.04550021362304686,-0.9786681532859802,98898.515625,unet,surrogate estimate; validate top designs with OpenFOAM,24.682921576775765,0.5231295776367193,0.0,4415,0.06716308593749987
4.304078674316401,0.007314112404916261,0.026450984179973602,0.21062575693217966,25.321808703916748,0.6698120832443237,500000.0,continuous_22,22,continuous_naca,direct OpenFOAM-coefficient surrogate,0.045122879028320316,-1.0100796222686768,98893.2421875,unet,surrogate estimate; validate top designs with OpenFOAM,25.321808703916748,0.5476777648925786,0.0,4415,0.0679760742187499
4.280580902099603,-0.0008184780463835096,0.024938758462667465,0.10332246079510451,26.402161780302855,0.6584635376930237,500000.0,continuous_23,23,continuous_naca,direct OpenFOAM-coefficient surrogate,0.04493871307373047,-0.8538061380386353,98914.5625,unet,surrogate estimate; validate top designs with OpenFOAM,26.402161780302855,0.5983965301513676,0.0,4415,0.06
4.526855087280266,-0.0016264104078349757,0.02707628533244133,0.12198690846852187,25.608176656013736,0.6933999061584473,500000.0,continuous_24,24,continuous_naca,direct OpenFOAM-coefficient surrogate,0.04684348678588868,-0.8933570981025696,98909.125,unet,surrogate estimate; validate top designs with OpenFOAM,25.608176656013736,0.5827064132690436,0.0,4415,0.06
4.18083896636962,0.006733003511836815,0.025334324687719345,0.23438512316901097,25.433381810975472,0.6443629860877991,500000.0,continuous_25,25,continuous_naca,direct OpenFOAM-coefficient surrogate,0.04617488288879397,-1.0501658916473389,98888.546875,unet,surrogate estimate; validate top designs with OpenFOAM,25.433381810975472,0.5629718208312993,0.0,4415,0.07050292968750005
4.330813503265368,-0.0014137798153793606,0.024064581841230392,0.12796634039798294,26.375189145412172,0.6347342729568481,500000.0,continuous_26,26,continuous_naca,direct OpenFOAM-coefficient surrogate,0.05039437389373781,-0.8393281698226929,98916.171875,unet,surrogate estimate; validate top designs with OpenFOAM,26.375189145412172,0.6739837932586679,0.0,4415,0.06
4.364707803726185,-0.001098887494465189,0.023130936548113823,0.09591400394702214,25.96298818889636,0.6005741953849792,500000.0,continuous_27,27,continuous_naca,direct OpenFOAM-coefficient surrogate,0.04551984453201295,-0.9280140399932861,98903.6796875,unet,surrogate estimate; validate top designs with OpenFOAM,25.96298818889636,0.6803317689895636,0.0,4415,0.06525146484375002
4.57063968181609,-0.002139153995320653,0.024252895265817642,0.09958512207121832,26.34090388369366,0.6388695240020752,500000.0,continuous_28,28,continuous_naca,direct OpenFOAM-coefficient surrogate,0.047673326253890994,-0.844343900680542,98915.5078125,unet,surrogate estimate; validate top designs with OpenFOAM,26.34090388369366,0.7047374320030222,0.0,4415,0.06
4.246515858173357,-0.0016047649722817075,0.021295372396707535,0.08579768945312097,26.80617725626883,0.5708743333816528,500000.0,continuous_29,29,continuous_naca,direct OpenFOAM-coefficient surrogate,0.04741964209079744,-0.8019530773162842,98919.453125,unet,surrogate estimate; validate top designs with OpenFOAM,26.80617725626883,0.7460183489322672,0.0,4415,0.06262573242187501
4.106346243619903,-0.0022196271719163,0.019467974081635475,0.07093110689669913,26.660753160739848,0.5190575122833252,500000.0,continuous_30,30,continuous_naca,direct OpenFOAM-coefficient surrogate,0.04770771974325183,-0.7679342031478882,98925.34375,unet,surrogate estimate; validate top designs with OpenFOAM,26.660753160739848,0.8276743167638789,0.0,4415,0.06393859863281251
4.349567168951024,-0.0036348310384227735,0.023901142179965973,0.08723219947286473,26.448285363933792,0.6321706771850586,500000.0,continuous_31,31,continuous_naca,direct OpenFOAM-coefficient surrogate,0.04969318312406541,-0.8342570066452026,98916.8984375,unet,surrogate estimate; validate top designs with OpenFOAM,26.448285363933792,0.6812362831830987,0.0,4415,0.06
4.033099034428586,-0.0031772555832766244,0.022730063647031784,0.09020879810169617,27.035008427390203,0.6145344972610474,500000.0,continuous_32,32,continuous_naca,direct OpenFOAM-coefficient surrogate,0.04854962983727458,-0.8039370179176331,98921.1640625,unet,surrogate estimate; validate top designs with OpenFOAM,27.035008427390203,0.6450800457596784,0.0,4415,0.06131286621093751
3.7643287107348335,0.005428586729482331,0.02231590822339058,0.16228603719060242,26.963791779230444,0.6017484664916992,500000.0,continuous_33,33,continuous_naca,direct OpenFOAM-coefficient surrogate,0.04898778162896636,-0.8586863875389099,98914.7421875,unet,surrogate estimate; validate top designs with OpenFOAM,26.963791779230444,0.6152513526380066,0.0,4415,0.06196929931640627
4.124067978560916,-0.0020444051652822462,0.022503413259983063,0.10623134428245723,27.242548998998604,0.6130775809288025,500000.0,continuous_34,34,continuous_naca,direct OpenFOAM-coefficient surrogate,0.044906210169196145,-0.8028844594955444,98921.3984375,unet,surrogate estimate; validate top designs with OpenFOAM,27.242548998998604,0.6613818107545382,0.0,4415,0.06196929931640627
4.02069521620869,-0.0021829997898723838,0.021861419081687927,0.08560405646566888,27.24500296081823,0.5956416726112366,500000.0,continuous_35,35,continuous_naca,direct OpenFOAM-coefficient surrogate,0.04216212830692531,-0.8176456689834595,98917.5078125,unet,surrogate estimate; validate top designs with OpenFOAM,27.24500296081823,0.6550808195024733,0.0,4415,0.0629539489746094
4.044357736781226,-0.0030491839860385373,0.020281335338950157,0.07304209184260418,27.3995423946296,0.5557267069816589,500000.0,continuous_36,36,continuous_naca,direct OpenFOAM-coefficient surrogate,0.048973578605800885,-0.7647542953491211,98924.453125,unet,surrogate estimate; validate top designs with OpenFOAM,27.3995423946296,0.7653112185373911,0.0,4415,0.06344627380371096
3.926246154122037,-0.0006249401035132373,0.018692918121814728,0.052467757820216836,26.187508164725852,0.48954713344573975,500000.0,continuous_37,37,continuous_naca,direct OpenFOAM-coefficient surrogate,0.05099101137183609,-0.7040918469429016,98933.984375,unet,surrogate estimate; validate top designs with OpenFOAM,26.187508164725852,0.8487685627304029,0.0,4415,0.06516941070556642
3.8227667538449044,-0.0006458238756341412,0.02006707713007927,0.083015815188733,26.757464121995874,0.536970853805542,500000.0,continuous_38,38,continuous_naca,direct OpenFOAM-coefficient surrogate,0.043859306296333694,-0.7849187254905701,98923.03125,unet,surrogate estimate; validate top designs with OpenFOAM,26.757464121995874,0.7245089331828065,0.0,4415,0.06516941070556645
3.9544668576214344,-0.000908185585290403,0.02069481834769249,0.0830417040378488,26.91399703107043,0.5570071935653687,500000.0,continuous_39,39,continuous_naca,direct OpenFOAM-coefficient surrogate,0.04531777550326662,-0.8218739628791809,98918.0703125,unet,surrogate estimate; validate top designs with OpenFOAM,26.91399703107043,0.7136907706828796,0.0,4415,0.06387705802917484
3.779793564346612,-0.003429429520104714,0.021233713254332542,0.07914673480621452,27.26702170292407,0.5790073871612549,500000.0,continuous_40,40,continuous_naca,direct OpenFOAM-coefficient surrogate,0.045081914035836265,-0.844723105430603,98917.2890625,unet,surrogate estimate; validate top designs with OpenFOAM,27.26702170292407,0.6435630783089441,0.0,4415,0.06316934108734136
3.9845059182611227,-0.002582569234689432,0.022471271455287933,0.09109964781476503,27.153354092931057,0.6101975440979004,500000.0,continuous_41,41,continuous_naca,direct OpenFOAM-coefficient surrogate,0.04706584988965191,-0.7986387014389038,98921.9375,unet,surrogate estimate; validate top designs with OpenFOAM,27.153354092931057,0.640826810371364,0.0,4415,0.06156415700912479
3.881577183370239,0.0015194510949675228,0.02043827623128891,0.09557821209097477,26.875023793695732,0.5493060350418091,500000.0,continuous_42,42,continuous_naca,direct OpenFOAM-coefficient surrogate,0.0430921055818326,-0.8172265291213989,98918.6640625,unet,surrogate estimate; validate top designs with OpenFOAM,26.875023793695732,0.707310917600408,0.0,4415,0.06425399422645575
3.995218571663999,-0.0022007007183776368,0.022129997611045837,0.0893602960060644,27.153636678467542,0.6009370684623718,500000.0,continuous_43,43,continuous_naca,direct OpenFOAM-coefficient surrogate,0.04718524877341408,-0.7902733683586121,98922.9921875,unet,surrogate estimate; validate top designs with OpenFOAM,27.153636678467542,0.6606377637198608,0.0,4415,0.06204814821481707
3.935526626239141,-0.0009728011583150391,0.02054738998413086,0.08353122070773392,26.939807689040062,0.5535696744918823,500000.0,continuous_44,44,continuous_naca,direct OpenFOAM-coefficient surrogate,0.04463558497133637,-0.8119953870773315,98919.4140625,unet,surrogate estimate; validate top designs with OpenFOAM,26.939807689040062,0.7214696296629709,0.0,4415,0.0642446990311146
3.972261095255627,-0.002176598217164479,0.021947316825389862,0.089132809799014,27.221701175541835,0.5974705219268799,500000.0,continuous_45,45,continuous_naca,direct OpenFOAM-coefficient surrogate,0.04645828366007303,-0.7868808507919312,98923.4453125,unet,surrogate estimate; validate top designs with OpenFOAM,27.221701175541835,0.6609875151942657,0.0,4415,0.062234292514622244
3.913335234632078,0.0009027036495980051,0.020720064640045166,0.08822900081367471,26.880773866812195,0.5569982528686523,500000.0,continuous_46,46,continuous_naca,direct OpenFOAM-coefficient surrogate,0.044152703530903656,-0.8231196403503418,98917.9296875,unet,surrogate estimate; validate top designs with OpenFOAM,26.880773866812195,0.7018335520516763,0.0,4415,0.0638537799753249
3.9747477374060187,-0.0019925038186502835,0.021698616445064545,0.10054624066264918,27.404887198332386,0.5946755409240723,500000.0,continuous_47,47,continuous_naca,direct OpenFOAM-coefficient surrogate,0.046427112462786475,-0.7855619192123413,98923.65625,unet,surrogate estimate; validate top designs with OpenFOAM,27.404887198332386,0.6709367108028147,0.0,4415,0.06249955615494403
3.9375360321156467,-0.0010904709397739354,0.02073279768228531,0.0823339669452945,26.902698478688617,0.5577951073646545,500000.0,continuous_48,48,continuous_naca,direct OpenFOAM-coefficient surrogate,0.04486408304560144,-0.8236581683158875,98917.828125,unet,surrogate estimate; validate top designs with OpenFOAM,26.902698478688617,0.706458398381546,0.0,4415,0.06380026749568064
3.963579829470632,-0.001884464798110789,0.021417737007141113,0.09021213148424026,27.237817675255318,0.5833996534347534,500000.0,continuous_49,49,continuous_naca,direct OpenFOAM-coefficient surrogate,0.04605973350645513,-0.8511434197425842,98916.3046875,unet,surrogate estimate; validate top designs with OpenFOAM,27.237817675255318,0.6723552359910858,0.0,4415,0.06262578625988685
3.946217297900642,2.3331098597554208e-05,0.020860135555267334,0.08812830519538957,27.218870899703234,0.5678165555000305,500000.0,continuous_50,50,continuous_naca,direct OpenFOAM-coefficient surrogate,0.04526263319921933,-0.7833739519119263,98922.0703125,unet,surrogate estimate; validate top designs with OpenFOAM,27.218870899703234,0.6950906775847259,0.0,4415,0.06340877375041604
3.9592391965781344,-0.0015490569425752959,0.02128486894071102,0.09110417779960127,27.285654439683086,0.580798864364624,500000.0,continuous_51,51,continuous_naca,direct OpenFOAM-coefficient surrogate,0.045860458429646186,-0.8475184440612793,98916.796875,unet,surrogate estimate; validate top designs with OpenFOAM,27.285654439683086,0.6780390963894958,0.0,4415,0.06282153313251915
3.8583739013473064,7.418683503384571e-05,0.02058258093893528,0.15367657169477006,27.406228653014765,0.5641183257102966,500000.0,continuous_52,52,continuous_naca,direct OpenFOAM-coefficient surrogate,0.0510094034601096,-0.7694969773292542,98925.5625,unet,surrogate estimate; validate top designs with OpenFOAM,27.406228653014765,0.7238442325168497,0.0,4415,0.06301440311464834
3.7772132439166146,0.0038525339203997894,0.019622646272182465,0.1910242761646956,27.853105003528743,0.5465794801712036,500000.0,continuous_53,53,continuous_naca,direct OpenFOAM-coefficient surrogate,0.05543304103670174,-0.8181551694869995,98920.59375,unet,surrogate estimate; validate top designs with OpenFOAM,27.853105003528743,0.758225939024038,0.0,4415,0.06304463018466783
4.097985392994385,0.0009743292670607233,0.01985575072467327,0.12034454698294647,26.804392458835505,0.5322481393814087,500000.0,continuous_54,54,continuous_naca,direct OpenFOAM-coefficient surrogate,0.05326518123163139,-0.8079532384872437,98922.546875,unet,surrogate estimate; validate top designs with OpenFOAM,26.804392458835505,0.7926934040679257,0.0,4415,0.0627366555505796
3.859341521508555,-0.0008459003784219364,0.021006733179092407,0.08193378649625087,27.23883447332895,0.5722261667251587,500000.0,continuous_55,55,continuous_naca,direct OpenFOAM-coefficient surrogate,0.047127730834785046,-0.8336284756660461,98918.6953125,unet,surrogate estimate; validate top designs with OpenFOAM,27.23883447332895,0.6808456597486895,0.0,4415,0.06306116970315093
3.8759804906613167,-0.0003278838166042498,0.02077287621796131,0.1544147601381481,27.443411307976234,0.570106029510498,500000.0,continuous_56,56,continuous_naca,direct OpenFOAM-coefficient surrogate,0.050930076749744105,-0.7761545181274414,98924.6796875,unet,surrogate estimate; validate top designs with OpenFOAM,27.443411307976234,0.7145813249134263,0.0,4415,0.06277209316980592
3.9107854903489203,-0.001032654908271508,0.01980363018810749,0.13761697811238868,27.57811993570715,0.5461744666099548,500000.0,continuous_57,57,continuous_naca,direct OpenFOAM-coefficient surrogate,0.05220330982125131,-0.8101076483726501,98921.9921875,unet,surrogate estimate; validate top designs with OpenFOAM,27.57811993570715,0.7617685787807146,0.0,4415,0.06324545199418939
3.8682262202473745,-0.0009266242695711377,0.02069578319787979,0.14326075047054593,27.36683329576533,0.5664054155349731,500000.0,continuous_58,58,continuous_naca,direct OpenFOAM-coefficient surrogate,0.050646749733173964,-0.7716698050498962,98925.2734375,unet,surrogate estimate; validate top designs with OpenFOAM,27.36683329576533,0.7181325177067669,0.0,4415,0.06293308165859349
3.7785034041316132,-0.0007844389015895879,0.020607393234968185,0.1510353864067796,27.55588326379433,0.5678824782371521,500000.0,continuous_59,59,continuous_naca,direct OpenFOAM-coefficient surrogate,0.050257477536269,-0.7705014944076538,98925.5078125,unet,surrogate estimate; validate top designs with OpenFOAM,27.55588326379433,0.7008945086664911,0.0,4415,0.06310698563600459
3.8030150942818577,-9.371972039725032e-05,0.01970832049846649,0.19125891526303437,28.08023236564947,0.5534422993659973,500000.0,continuous_60,60,continuous_naca,direct OpenFOAM-coefficient surrogate,0.05376520283880911,-0.7561812400817871,98927.6171875,unet,surrogate estimate; validate top designs with OpenFOAM,28.08023236564947,0.749602657985568,0.0,4415,0.06315149883374038
3.770409531299099,0.0042144496467882726,0.019447583705186844,0.1914703369843917,27.81505733970485,0.5409634709358215,500000.0,continuous_61,61,continuous_naca,direct OpenFOAM-coefficient surrogate,0.05532442939162667,-0.8173582553863525,98920.6015625,unet,surrogate estimate; validate top designs with OpenFOAM,27.81505733970485,0.7653377281249687,0.0,4415,0.06326070742131384
3.758778125678185,-0.0002486637800544777,0.019190985709428787,0.19173094413495323,27.81961285555863,0.5339136123657227,500000.0,continuous_62,62,continuous_naca,direct OpenFOAM-coefficient surrogate,0.05489943886677148,-0.793891191482544,98923.328125,unet,surrogate estimate; validate top designs with OpenFOAM,27.81961285555863,0.7706645173149795,0.0,4415,0.06350219015449518
3.846392572981176,0.004620267240808934,0.019030380994081497,0.20055856747550896,27.638675764989156,0.5260021686553955,500000.0,continuous_63,63,continuous_naca,direct OpenFOAM-coefficient surrogate,0.05789301874549783,-0.7754458785057068,98926.71875,unet,surrogate estimate; validate top designs with OpenFOAM,27.638675764989156,0.8192363378861589,0.0,4415,0.0633648999475418
3.681914028079997,0.00448901354206417,0.0189252607524395,0.188510735867989,27.378764104280894,0.5181776285171509,500000.0,continuous_64,64,continuous_naca,direct OpenFOAM-coefficient surrogate,0.05879204092263877,-0.7872981429100037,98924.71875,unet,surrogate estimate; validate top designs with OpenFOAM,27.378764104280894,0.7870961473246577,0.0,4415,0.06328615756603319
3.8535676247816895,-0.0016555490989347732,0.019544772803783417,0.1776841112992373,27.651930376852423,0.5404783487319946,500000.0,continuous_65,65,continuous_naca,direct OpenFOAM-coefficient surrogate,0.05385049259659817,-0.8016083240509033,98922.015625,unet,surrogate estimate; validate top designs with OpenFOAM,27.651930376852423,0.7681004709167003,0.0,4415,0.06325562838715035
3.7498944713479974,0.0006644489826160735,0.020522907376289368,0.1768158353091955,27.5276947696314,0.5649758577346802,500000.0,continuous_66,66,continuous_naca,direct OpenFOAM-coefficient surrogate,0.05108106892394242,-0.7713201642036438,98925.328125,unet,surrogate estimate; validate top designs with OpenFOAM,27.5276947696314,0.704060454734484,0.0,4415,0.06311207383248507
3.8222680475728814,0.0037912848772957653,0.019193217158317566,0.19196963374193798,27.576059192486223,0.5293008685112,500000.0,continuous_67,67,continuous_naca,direct OpenFOAM-coefficient surrogate,0.05619003129010898,-0.7287128567695618,98931.671875,unet,surrogate estimate; validate top designs with OpenFOAM,27.576059192486223,0.7904423670982401,0.0,4415,0.06330169341877762
3.790114169099236,0.0015502174129302232,0.019650740548968315,0.19755824340053457,27.831271960459237,0.5469329357147217,500000.0,continuous_68,68,continuous_naca,direct OpenFOAM-coefficient surrogate,0.05459912193775543,-0.7515073418617249,98928.453125,unet,surrogate estimate; validate top designs with OpenFOAM,27.831271960459237,0.7539142985048031,0.0,4415,0.0630980645092041
3.7808966099800214,0.0018544990005194277,0.019505957141518593,0.19207067705121794,27.86451307072092,0.5435518622398376,500000.0,continuous_69,69,continuous_naca,direct OpenFOAM-coefficient surrogate,0.0543323208527903,-0.7484473586082458,98928.859375,unet,surrogate estimate; validate top designs with OpenFOAM,27.86451307072092,0.7601335876502737,0.0,4415,0.06332684449411778
3.8282913595317734,0.000908430459084058,0.019674967974424362,0.18858693034933882,27.807244844568526,0.5471344590187073,500000.0,continuous_70,70,continuous_naca,direct OpenFOAM-coefficient surrogate,0.05380784771770364,-0.7531965374946594,98928.140625,unet,surrogate estimate; validate top designs with OpenFOAM,27.807244844568526,0.7588515644511342,0.0,4415,0.06320356361044537
3.824703833631517,0.0036539179714696443,0.019259395077824593,0.19057301084625822,27.563141461424095,0.5308769941329956,500000.0,continuous_71,71,continuous_naca,direct OpenFOAM-coefficient surrogate,0.05582911079215347,-0.730140745639801,98931.484375,unet,surrogate estimate; validate top designs with OpenFOAM,27.563141461424095,0.7844194979358634,0.0,4415,0.06325819939064109
3.7764547828149277,0.0032567926658698923,0.02024218440055847,0.19607669595838534,27.618779425577824,0.5590920448303223,500000.0,continuous_72,72,continuous_naca,direct OpenFOAM-coefficient surrogate,0.052423135881375774,-0.7658485174179077,98926.0703125,unet,surrogate estimate; validate top designs with OpenFOAM,27.618779425577824,0.726831556360026,0.0,4415,0.06313178633311273
3.7885170455190753,0.0012624809359754721,0.019805841147899628,0.18641104169528375,27.961766107705184,0.5538342595100403,500000.0,continuous_73,73,continuous_naca,direct OpenFOAM-coefficient surrogate,0.0532746296090702,-0.7444502711296082,98929.2109375,unet,surrogate estimate; validate top designs with OpenFOAM,27.961766107705184,0.7412285417539854,0.0,4415,0.06316338959749482
4.0,0.011299034627472287,0.021928541362285614,0.17688837559856396,15.656912959237589,0.3433489203453064,500000.0,continuous_1,1,continuous_naca,direct OpenFOAM-coefficient surrogate,0.0,-0.7546640634536743,98919.2109375,pinn,surrogate estimate; validate top designs with OpenFOAM,15.656912959237589,0.4,0.0,0012,0.12
4.0,0.016517158904818717,0.02412526123225689,0.1295284403154157,16.436700870258036,0.39655613899230957,500000.0,continuous_2,2,continuous_naca,direct OpenFOAM-coefficient surrogate,0.00025,-0.6096261143684387,98951.640625,pinn,surrogate estimate; validate top designs with OpenFOAM,16.436700870258036,0.4,0.0,0012,0.12
4.0,0.011299034627472287,0.021928541362285614,0.17688837559856396,15.656912959237589,0.3433489203453064,500000.0,continuous_3,3,continuous_naca,direct OpenFOAM-coefficient surrogate,0.0,-0.7546640634536743,98919.2109375,pinn,surrogate estimate; validate top designs with OpenFOAM,15.656912959237589,0.42000000000000004,0.0,0012,0.12
4.0,0.006929969970240172,0.02230953797698021,0.12088844953892451,15.303030025218783,0.3414188325405121,500000.0,continuous_4,4,continuous_naca,direct OpenFOAM-coefficient surrogate,0.0,-0.8016253709793091,98911.96875,pinn,surrogate estimate; validate top designs with OpenFOAM,15.303030025218783,0.4,0.0,0012,0.126
4.2,0.01217178658542978,0.022790392860770226,0.18638650925475314,15.957369368634163,0.36369067430496216,500000.0,continuous_5,5,continuous_naca,direct OpenFOAM-coefficient surrogate,0.0,-0.7758382558822632,98916.265625,pinn,surrogate estimate; validate top designs with OpenFOAM,15.957369368634163,0.4,0.0,0012,0.12
4.1,0.01654075061119544,0.02362990751862526,0.16486944543939144,16.811902544459574,0.3972805142402649,500000.0,continuous_6,6,continuous_naca,direct OpenFOAM-coefficient surrogate,0.000125,-0.598019003868103,98953.859375,pinn,surrogate estimate; validate top designs with OpenFOAM,16.811902544459574,0.41000000000000003,0.0,0012,0.11399999999999999
4.149999999999999,0.01419544749173079,0.02326337620615959,0.14701260647772496,17.27240065803694,0.40183162689208984,500000.0,continuous_7,7,continuous_naca,direct OpenFOAM-coefficient surrogate,0.0001875,-0.555188775062561,98958.1875,pinn,surrogate estimate; validate top designs with OpenFOAM,17.27240065803694,0.41500000000000004,0.0,0012,0.10799999999999998
4.174999999999999,0.019399164546470095,0.024475114420056343,0.169872670278115,17.10347846422551,0.41862669587135315,500000.0,continuous_8,8,continuous_naca,direct OpenFOAM-coefficient surrogate,0.00021875,-0.5521556735038757,98959.7109375,pinn,surrogate estimate; validate top designs with OpenFOAM,17.10347846422551,0.38750000000000007,0.0,0012,0.11399999999999999
4.262499999999999,0.016458526376488702,0.024237167090177536,0.15126924143279608,17.34576160774489,0.4204294681549072,500000.0,continuous_9,9,continuous_naca,direct OpenFOAM-coefficient surrogate,0.000328125,-0.5654059052467346,98958.3515625,pinn,surrogate estimate; validate top designs with OpenFOAM,17.34576160774489,0.40125,0.0,0012,0.11099999999999999
4.393749999999999,0.01570996724064455,0.0243314728140831,0.14930238254940234,17.808982632842433,0.4333365857601166,500000.0,continuous_10,10,continuous_naca,direct OpenFOAM-coefficient surrogate,0.0004921875,-0.5436177253723145,98960.359375,pinn,surrogate estimate; validate top designs with OpenFOAM,17.808982632842433,0.401875,0.0,0012,0.10649999999999998
4.159374999999998,0.013079619849047002,0.02319406345486641,0.12373641610868308,17.714748767382115,0.4108947217464447,500000.0,continuous_11,11,continuous_naca,direct OpenFOAM-coefficient surrogate,0.00057421875,-0.5104170441627502,98964.3125,pinn,surrogate estimate; validate top designs with OpenFOAM,17.714748767382115,0.40218750000000003,0.0,0012,0.10424999999999998
4.439062499999999,0.007808234059385139,0.023572413250803947,0.034201687366515916,18.482659632193855,0.43569937348365784,500000.0,continuous_12,12,continuous_naca,direct OpenFOAM-coefficient surrogate,0.000486328125,-0.47548288106918335,98966.4453125,pinn,surrogate estimate; validate top designs with OpenFOAM,18.482659632193855,0.40328125000000015,0.0,0012,0.09637499999999999
4.658593749999998,0.006795233880629736,0.02343127131462097,0.055836925968906256,19.38342124347667,0.45419758558273315,500000.0,continuous_13,13,continuous_naca,direct OpenFOAM-coefficient surrogate,0.0006044921875,-0.477148175239563,98960.484375,pinn,surrogate estimate; validate top designs with OpenFOAM,19.38342124347667,0.4049218750000001,0.0,0012,0.08456249999999998
4.505859374999998,0.006076477039306283,0.02282055839896202,0.044137481466588205,19.032319130845966,0.4343471825122833,500000.0,continuous_14,14,continuous_naca,direct OpenFOAM-coefficient surrogate,0.0007104492187499999,-0.4912731647491455,98955.9296875,pinn,surrogate estimate; validate top designs with OpenFOAM,19.032319130845966,0.42449218749999995,0.0,0012,0.08765624999999999
4.7087890624999975,0.007211020306517148,0.02360597625374794,0.05784146994999624,19.65005295817696,0.463878333568573,500000.0,continuous_15,15,continuous_naca,direct OpenFOAM-coefficient surrogate,0.001003173828125,-0.4670819342136383,98962.1015625,pinn,surrogate estimate; validate top designs with OpenFOAM,19.65005295817696,0.4017382812500001,0.0,0012,0.083484375
4.988183593749998,0.011348847961771946,0.024101797491312027,0.1219191481187109,20.63178834393949,0.49728381633758545,500000.0,continuous_16,16,continuous_naca,direct OpenFOAM-coefficient surrogate,0.0014110107421875001,-0.42859452962875366,98965.9765625,pinn,surrogate estimate; validate top designs with OpenFOAM,20.63178834393949,0.39510742187500014,0.0,0012,0.07122656250000003
5.113818359374998,0.013308845646092932,0.024850167334079742,0.144362342511786,20.409374626194076,0.5071967840194702,500000.0,continuous_17,17,continuous_naca,direct OpenFOAM-coefficient surrogate,0.0010348510742187503,-0.47009506821632385,98958.2578125,pinn,surrogate estimate; validate top designs with OpenFOAM,20.409374626194076,0.4110107421875001,0.0,0012,0.07072265625000002
5.239477539062497,0.01757956888998703,0.025169529020786285,0.17688056168573632,20.97318096822107,0.527906060218811,500000.0,continuous_18,18,continuous_naca,direct OpenFOAM-coefficient surrogate,0.0013882141113281251,-0.4226774573326111,98962.796875,pinn,surrogate estimate; validate top designs with OpenFOAM,20.97318096822107,0.41589111328125017,0.0,0012,0.06
5.662341308593746,0.020897447273833726,0.02834295481443405,0.20651092000343868,20.268023562811216,0.5744759440422058,500000.0,continuous_19,19,continuous_naca,direct OpenFOAM-coefficient surrogate,0.0018362274169921875,-0.4800480008125305,98954.578125,pinn,surrogate estimate; validate top designs with OpenFOAM,20.268023562811216,0.4228991699218754,0.0,0012,0.06
5.494177246093747,0.0185531147650858,0.026403652504086494,0.16509060128674588,21.0234161462787,0.5551159977912903,500000.0,continuous_20,20,continuous_naca,direct OpenFOAM-coefficient surrogate,0.0015088348388671876,-0.3870850205421448,98970.09375,pinn,surrogate estimate; validate top designs with OpenFOAM,21.0234161462787,0.38897338867187536,0.0,0012,0.06
5.988336181640621,0.02174994583405539,0.02944370172917843,0.17550675676649416,20.763081960269286,0.6113627552986145,500000.0,continuous_21,21,continuous_naca,direct OpenFOAM-coefficient surrogate,0.0019080276489257819,-0.3905712068080902,98972.1640625,pinn,surrogate estimate; validate top designs with OpenFOAM,20.763081960269286,0.371213989257813,0.0,0012,0.06
5.7592346191406225,0.020806841831460438,0.028481485322117805,0.1925688686079271,20.583358499327176,0.5862652063369751,500000.0,continuous_22,22,continuous_naca,direct OpenFOAM-coefficient surrogate,0.0020669631958007816,-0.4405578672885895,98961.046875,pinn,surrogate estimate; validate top designs with OpenFOAM,20.583358499327176,0.40056945800781274,0.0,0012,0.06
5.626718139648433,0.01988466684308137,0.02726322039961815,0.17804098885307915,21.039980941654946,0.5736386775970459,500000.0,continuous_23,23,continuous_naca,direct OpenFOAM-coefficient surrogate,0.002152660369873047,-0.4033041298389435,98967.5625,pinn,surrogate estimate; validate top designs with OpenFOAM,21.039980941654946,0.3892599487304691,0.0,0012,0.06
5.883168029785148,0.021267121590400482,0.02878395840525627,0.17980989325522426,21.053745185104606,0.6060311794281006,500000.0,continuous_24,24,continuous_naca,direct OpenFOAM-coefficient surrogate,0.0027115650177001955,-0.4013877213001251,98969.3359375,pinn,surrogate estimate; validate top designs with OpenFOAM,21.053745185104606,0.37838455200195353,0.0,0012,0.06
5.043268585205073,0.018538144559947196,0.024026278406381607,0.17589444305543536,21.05425149564176,0.505876362323761,500000.0,continuous_25,25,continuous_naca,direct OpenFOAM-coefficient surrogate,0.0014428491592407226,-0.38050493597984314,98971.7890625,pinn,surrogate estimate; validate top designs with OpenFOAM,21.05425149564176,0.38860877990722686,0.0,0012,0.06561328125000002
4.685285568237298,0.014025430594518655,0.02244405820965767,0.15979465083269453,20.871337463222435,0.4684583842754364,500000.0,continuous_26,26,continuous_naca,direct OpenFOAM-coefficient surrogate,0.001130792140960693,-0.3580811321735382,98976.0234375,pinn,surrogate estimate; validate top designs with OpenFOAM,20.871337463222435,0.38262844085693404,0.0,0012,0.06841992187500001
5.841862106323234,0.021192213951075806,0.028765469789505005,0.18559860465362166,20.70033061457572,0.595475435256958,500000.0,continuous_27,27,continuous_naca,direct OpenFOAM-coefficient surrogate,0.002114720821380615,-0.4179745614528656,98965.46875,pinn,surrogate estimate; validate top designs with OpenFOAM,20.70033061457572,0.3908214950561528,0.0,0012,0.06
5.628442478179926,0.01974953545808343,0.02737174928188324,0.17980245707939427,20.89506744604349,0.5719554424285889,500000.0,continuous_28,28,continuous_naca,direct OpenFOAM-coefficient surrogate,0.0019387933015823364,-0.41209742426872253,98965.8125,pinn,surrogate estimate; validate top designs with OpenFOAM,20.89506744604349,0.39189297676086465,0.0,0012,0.06
5.201603221893306,0.01825089234744157,0.02478596195578575,0.17283314444800404,21.145308615876445,0.5241279602050781,500000.0,continuous_29,29,continuous_naca,direct OpenFOAM-coefficient surrogate,0.0015869382619857788,-0.38845038414001465,98969.34375,pinn,surrogate estimate; validate top designs with OpenFOAM,21.145308615876445,0.3940359401702883,0.0,0012,0.06280664062500001
4.988183593749998,0.017626196946388697,0.02367483638226986,0.17363428673223358,21.112903597568828,0.49986565113067627,500000.0,continuous_30,30,continuous_naca,direct OpenFOAM-coefficient surrogate,0.0014110107421875001,-0.38506653904914856,98970.046875,pinn,surrogate estimate; validate top designs with OpenFOAM,21.112903597568828,0.39510742187500014,0.0,0012,0.0642099609375
5.571631002426139,0.02233611566298629,0.026818115264177322,0.1835462256325895,21.35392840140229,0.5726934671401978,500000.0,continuous_31,31,continuous_naca,direct OpenFOAM-coefficient surrogate,0.0022368795275688174,-0.35764533281326294,98978.3359375,pinn,surrogate estimate; validate top designs with OpenFOAM,21.35392840140229,0.3591102170944219,0.0,0012,0.0642099609375
5.7377077341079605,0.024665172543971332,0.02796025760471821,0.18901508113465007,21.60881993344603,0.6042097806930542,500000.0,continuous_32,32,continuous_naca,direct OpenFOAM-coefficient surrogate,0.002661212235689164,-0.34295690059661865,98983.9140625,pinn,surrogate estimate; validate top designs with OpenFOAM,21.60881993344603,0.33071976900100775,0.0,0012,0.06631494140625
5.438696539401997,0.018574643822137235,0.026266414672136307,0.15091101218888495,21.472259830165005,0.5640207529067993,500000.0,continuous_33,33,continuous_naca,direct OpenFOAM-coefficient surrogate,0.002692447498440743,-0.36064502596855164,98977.375,pinn,surrogate estimate; validate top designs with OpenFOAM,21.472259830165005,0.3569011318683628,0.0,0012,0.06736743164062503
4.82747001051902,0.012099115357277875,0.023532453924417496,0.12159042614751313,21.063385836099282,0.49569422006607056,500000.0,continuous_34,34,continuous_naca,direct OpenFOAM-coefficient surrogate,0.001480158559978008,-0.328124076128006,98982.3515625,pinn,surrogate estimate; validate top designs with OpenFOAM,21.063385836099282,0.3567482584714894,0.0,0012,0.07105114746093755
5.559470167756068,0.02161780712931113,0.027121827006340027,0.159162314324801,21.675494890246647,0.587900698184967,500000.0,continuous_35,35,continuous_naca,direct OpenFOAM-coefficient surrogate,0.002767529118806124,-0.3385099470615387,98983.3984375,pinn,surrogate estimate; validate top designs with OpenFOAM,21.675494890246647,0.3305937698483473,0.0,0012,0.06815679931640628
5.817570959031565,0.027341125939529604,0.0290956050157547,0.17770257239791878,21.880374066911955,0.6366446018218994,500000.0,continuous_36,36,continuous_naca,direct OpenFOAM-coefficient surrogate,0.003429869098588825,-0.3317498564720154,98984.4375,pinn,surrogate estimate; validate top designs with OpenFOAM,21.880374066911955,0.3015862648189076,0.0,0012,0.06942855834960943
6.270319216698395,0.026651589134917216,0.030995357781648636,0.19317206022640454,21.417244265561312,0.663856565952301,500000.0,continuous_37,37,continuous_naca,direct OpenFOAM-coefficient surrogate,0.0037050749873742466,-0.37199488282203674,98978.8828125,pinn,surrogate estimate; validate top designs with OpenFOAM,21.417244265561312,0.3348732944577939,0.0,0012,0.06190763854980469
6.430544002726654,0.03851355442409932,0.03363688290119171,0.21817841704398092,21.81785666023782,0.7339065074920654,500000.0,continuous_38,38,continuous_naca,direct OpenFOAM-coefficient surrogate,0.0046573636480607096,-0.33963507413864136,98983.3984375,pinn,surrogate estimate; validate top designs with OpenFOAM,21.81785666023782,0.2680042899027477,0.0,0012,0.06970264434814456
5.441940400935694,0.023129171260306832,0.027774609625339508,0.16086087783077552,21.75242169118676,0.6041867733001709,500000.0,continuous_39,39,continuous_naca,direct OpenFOAM-coefficient surrogate,0.0030153712530154734,-0.318520724773407,98986.734375,pinn,surrogate estimate; validate top designs with OpenFOAM,21.75242169118676,0.29373243333771903,0.0,0012,0.07449914932250981
6.275185008998939,0.03903751914631302,0.033994197845458984,0.22808363697953887,21.927326241235477,0.7454237937927246,500000.0,continuous_40,40,continuous_naca,direct OpenFOAM-coefficient surrogate,0.004189460619236342,-0.31854990124702454,98975.171875,pinn,surrogate estimate; validate top designs with OpenFOAM,21.927326241235477,0.24012024666182818,0.0,0012,0.07260521507263185
6.693429243797411,0.05541918850014341,0.039799727499485016,0.2673778531508339,21.53443805420402,0.8570863008499146,500000.0,continuous_41,41,continuous_naca,direct OpenFOAM-coefficient surrogate,0.0049379671796341415,-0.30342715978622437,98953.5546875,pinn,surrogate estimate; validate top designs with OpenFOAM,21.53443805420402,0.18172980405856087,0.0,0012,0.07522410678863525
6.244912451738465,0.04538909029573105,0.03506465256214142,0.23867283496760944,22.018747791512144,0.7721017599105835,500000.0,continuous_42,42,continuous_naca,direct OpenFOAM-coefficient surrogate,0.00498482007376151,-0.31694597005844116,98963.7734375,pinn,surrogate estimate; validate top designs with OpenFOAM,22.018747791512144,0.22100184835959347,0.0,0012,0.07680284214019784
6.498514810553715,0.06158312041447134,0.04067210853099823,0.27587304401905893,21.684171405355496,0.8819626569747925,500000.0,continuous_43,43,continuous_naca,direct OpenFOAM-coefficient surrogate,0.006146623992797683,-0.29966428875923157,98944.234375,pinn,surrogate estimate; validate top designs with OpenFOAM,21.684171405355496,0.16614288803888633,0.0,0012,0.08204679250717176
6.942165810312117,0.05030778462531269,0.03873802348971367,0.23883469877691774,21.341390194080947,0.8267446160316467,500000.0,continuous_44,44,continuous_naca,direct OpenFOAM-coefficient surrogate,0.00561538546680822,-0.3330359160900116,98969.015625,pinn,surrogate estimate; validate top designs with OpenFOAM,21.341390194080947,0.22162389153381945,0.0,0012,0.06977048063278202
5.8169967532798,0.028709066047445685,0.030143648386001587,0.1875450995006314,21.936390456974358,0.6612647771835327,500000.0,continuous_45,45,continuous_naca,direct OpenFOAM-coefficient surrogate,0.00366537480646366,-0.3223505914211273,98986.46875,pinn,surrogate estimate; validate top designs with OpenFOAM,21.936390456974358,0.27570529788674414,0.0,0012,0.07331698215007787
5.646788583797731,0.036586772220036326,0.030565524473786354,0.2173234307912377,22.17178885465023,0.6777145266532898,500000.0,continuous_46,46,continuous_naca,direct OpenFOAM-coefficient surrogate,0.00347739865096446,-0.30568212270736694,98974.515625,pinn,surrogate estimate; validate top designs with OpenFOAM,22.17178885465023,0.25120253896078903,0.0,0012,0.07637415450811393
5.2549108743332695,0.031781197421081986,0.02927412837743759,0.14689025915167947,22.074039030403995,0.646220326423645,500000.0,continuous_47,47,continuous_naca,direct OpenFOAM-coefficient surrogate,0.002887416152416335,-0.292743057012558,98969.6796875,pinn,surrogate estimate; validate top designs with OpenFOAM,22.074039030403995,0.2428016634898097,0.0,0012,0.07970990958809862
6.1743704398759025,0.05451591506783121,0.036550454795360565,0.2619305049967123,21.991989407698952,0.8038392066955566,500000.0,continuous_48,48,continuous_naca,direct OpenFOAM-coefficient surrogate,0.0047286579766241624,-0.3011628985404968,98953.3515625,pinn,surrogate estimate; validate top designs with OpenFOAM,21.991989407698952,0.1924287011155698,0.0,0012,0.0801210385859013
5.66634910534701,0.0385522625361504,0.032077137380838394,0.17423209158663625,22.234648434652943,0.7132461071014404,500000.0,continuous_49,49,continuous_naca,direct OpenFOAM-coefficient surrogate,0.004238665134670555,-0.30538052320480347,98962.7890625,pinn,surrogate estimate; validate top designs with OpenFOAM,22.234648434652943,0.23004894649952007,0.0,0012,0.08070229361951362
5.361931153521045,0.03534740508831304,0.031217128038406372,0.13098125860845747,22.245857938937334,0.6944740414619446,500000.0,continuous_50,50,continuous_naca,direct OpenFOAM-coefficient surrogate,0.004263267392387662,-0.30017343163490295,98958.859375,pinn,surrogate estimate; validate top designs with OpenFOAM,22.245857938937334,0.22501329641836598,0.0,0012,0.08475083289295449
5.897004561186772,0.04740373839371549,0.037600837647914886,0.156599297128031,21.992341575727085,0.8269524574279785,500000.0,continuous_51,51,continuous_naca,direct OpenFOAM-coefficient surrogate,0.005061697240405236,-0.287284255027771,98945.078125,pinn,surrogate estimate; validate top designs with OpenFOAM,21.992341575727085,0.16911789454041504,0.0,0012,0.0857074519135059
5.400947935246105,0.03506218813901433,0.030467987060546875,0.15297028222225528,22.25306876693892,0.6780284643173218,500000.0,continuous_52,52,continuous_naca,direct OpenFOAM-coefficient surrogate,0.004164933702135271,-0.30312249064445496,98964.4375,pinn,surrogate estimate; validate top designs with OpenFOAM,22.25306876693892,0.24073908802401195,0.0,0012,0.08169660214148478
5.014236682931205,0.0257530038710673,0.02776818536221981,0.1095685544758571,21.86606556908776,0.6072028279304504,500000.0,continuous_53,53,continuous_naca,direct OpenFOAM-coefficient surrogate,0.003883071564890825,-0.3042054772377014,98971.3515625,pinn,surrogate estimate; validate top designs with OpenFOAM,21.86606556908776,0.264894281478233,0.0,0012,0.08248438391927651
5.4302855009649,0.021665280305316722,0.027563124895095825,0.15445626016274758,21.833053909789246,0.601809024810791,500000.0,continuous_54,54,continuous_naca,direct OpenFOAM-coefficient surrogate,0.0033835126692192147,-0.32300886511802673,98985.6015625,pinn,surrogate estimate; validate top designs with OpenFOAM,21.833053909789246,0.29986049134096515,0.0,0012,0.0741047639278696
5.780324796131303,0.04115533132030219,0.03423657640814781,0.16134064523576389,22.250979215855452,0.76181960105896,500000.0,continuous_55,55,continuous_naca,direct OpenFOAM-coefficient surrogate,0.004642151097608731,-0.29869920015335083,98953.875,pinn,surrogate estimate; validate top designs with OpenFOAM,22.250979215855452,0.20180354374055257,0.0,0012,0.08280677991709683
4.850083782609627,0.02954773626951287,0.028562333434820175,0.09849484870611637,21.933687713994214,0.6264992356300354,500000.0,continuous_56,56,continuous_naca,direct OpenFOAM-coefficient surrogate,0.003289055347786552,-0.2890688478946686,98962.390625,pinn,surrogate estimate; validate top designs with OpenFOAM,21.933687713994214,0.2383773852122663,0.0,0012,0.08601134258962717
5.896205284456255,0.04295946440811553,0.03318828344345093,0.22722420635046955,22.198342645855007,0.7367470860481262,500000.0,continuous_57,57,continuous_naca,direct OpenFOAM-coefficient surrogate,0.004560878892267771,-0.31042611598968506,98963.2890625,pinn,surrogate estimate; validate top designs with OpenFOAM,22.198342645855007,0.2253457325727617,0.0,0012,0.07910496725255517
5.572916000879623,0.04169616380269036,0.034353211522102356,0.13408520064600293,22.291725760813215,0.7658146619796753,500000.0,continuous_58,58,continuous_naca,direct OpenFOAM-coefficient surrogate,0.005338216891235258,-0.2973114848136902,98948.5390625,pinn,surrogate estimate; validate top designs with OpenFOAM,22.291725760813215,0.19524829141705707,0.0,0012,0.08780543659393171
5.53597970942057,0.06258559318721472,0.0373343750834465,0.2833963000276388,21.94021180370926,0.8191460371017456,500000.0,continuous_59,59,continuous_naca,direct OpenFOAM-coefficient surrogate,0.006268626011370657,-0.2862795293331146,98940.6875,pinn,surrogate estimate; validate top designs with OpenFOAM,21.94021180370926,0.16727116764519112,0.0,0012,0.09352107763684062
5.161854658432783,0.03743049570623266,0.031918443739414215,0.11343006967230444,22.321928861091877,0.7125035524368286,500000.0,continuous_60,60,continuous_naca,direct OpenFOAM-coefficient surrogate,0.004643405649415689,-0.2920580506324768,98951.578125,pinn,surrogate estimate; validate top designs with OpenFOAM,22.321928861091877,0.20605637722723208,0.0,0012,0.08942485852017873
4.794679345421047,0.05111728988707941,0.03188294544816017,0.22778366866794117,22.125736639974225,0.7054557800292969,500000.0,continuous_61,61,continuous_naca,direct OpenFOAM-coefficient surrogate,0.004684669027989648,-0.282230943441391,98948.203125,pinn,surrogate estimate; validate top designs with OpenFOAM,22.125736639974225,0.19641169955446725,0.0,0012,0.09458480415399051
5.5960905418238625,0.040634805406231676,0.03406745567917824,0.1417080052312254,22.32755440021717,0.7606652975082397,500000.0,continuous_62,62,continuous_naca,direct OpenFOAM-coefficient surrogate,0.005131086277809813,-0.29692819714546204,98950.296875,pinn,surrogate estimate; validate top designs with OpenFOAM,22.32755440021717,0.1969103537860608,0.0,0012,0.08611600569339153
5.713170235975269,0.04637083759603311,0.035943035036325455,0.15346243971180823,22.213404329810576,0.7984393835067749,500000.0,continuous_63,63,continuous_naca,direct OpenFOAM-coefficient surrogate,0.005564995720520889,-0.2923952639102936,98946.0234375,pinn,surrogate estimate; validate top designs with OpenFOAM,22.213404329810576,0.18285888246990822,0.0,0012,0.08679859209361007
5.085579772059884,0.03738689911079663,0.03115547075867653,0.1395194268291348,22.306804565022244,0.6950013041496277,500000.0,continuous_64,64,continuous_naca,direct OpenFOAM-coefficient surrogate,0.004996670162689284,-0.2969985902309418,98953.796875,pinn,surrogate estimate; validate top designs with OpenFOAM,22.306804565022244,0.21767351148662836,0.0,0012,0.08971467155739656
5.307272551351971,0.06284611826987366,0.036449745297431946,0.2870100810792706,21.930440432776706,0.799380898475647,500000.0,continuous_65,65,continuous_naca,direct OpenFOAM-coefficient surrogate,0.005889755788439751,-0.2813545763492584,98941.3671875,pinn,surrogate estimate; validate top designs with OpenFOAM,21.930440432776706,0.16720517893447723,0.0,0012,0.09483388404096449
5.377529089272572,0.03669455543230054,0.031584009528160095,0.13748800679554812,22.314317269289965,0.7047979235649109,500000.0,continuous_66,66,continuous_naca,direct OpenFOAM-coefficient surrogate,0.0045961392237113905,-0.2998397946357727,98957.0078125,pinn,surrogate estimate; validate top designs with OpenFOAM,22.314317269289965,0.22235561075162827,0.0,0012,0.0849809226163547
5.0376110299149275,0.03253909105951297,0.030136091634631157,0.11093480786151141,22.218353415343124,0.6695965528488159,500000.0,continuous_67,67,continuous_naca,direct OpenFOAM-coefficient surrogate,0.00434543376557783,-0.2948707938194275,98957.6328125,pinn,surrogate estimate; validate top designs with OpenFOAM,22.218353415343124,0.22624963520871771,0.0,0012,0.08731279259972906
5.439089758138449,0.039133588267865,0.033240266144275665,0.12845558562372372,22.352410965307538,0.7430224418640137,500000.0,continuous_68,68,continuous_naca,direct OpenFOAM-coefficient surrogate,0.005090021109820901,-0.29639750719070435,98950.59375,pinn,surrogate estimate; validate top designs with OpenFOAM,22.352410965307538,0.20299862736497223,0.0,0012,0.08768227559538105
5.701702251773948,0.04141821692054624,0.03431744500994682,0.1504202470492576,22.27411350738461,0.7644129395484924,500000.0,continuous_69,69,continuous_naca,direct OpenFOAM-coefficient surrogate,0.004733655967689612,-0.2962523102760315,98951.6484375,pinn,surrogate estimate; validate top designs with OpenFOAM,22.27411350738461,0.19648697307831833,0.0,0012,0.08438735965525644
5.2396103919884,0.037399521717633964,0.03189252316951752,0.12115320926396554,22.35137327223088,0.7128640413284302,500000.0,continuous_70,70,continuous_naca,direct OpenFOAM-coefficient surrogate,0.004930916613939366,-0.2968914806842804,98952.6953125,pinn,surrogate estimate; validate top designs with OpenFOAM,22.35137327223088,0.21237687688455087,0.0,0012,0.08838284358186152
4.0,0.01896436739229385,0.024408351629972458,0.2253961158821845,23.301053724117637,0.5687636137008667,500000.0,continuous_1,1,continuous_naca,direct OpenFOAM-coefficient surrogate,0.02,-0.808666467666626,98921.8828125,pinn,surrogate estimate; validate top designs with OpenFOAM,23.301053724117637,0.4,0.0,2412,0.12
4.0,0.019135590950834325,0.024466417729854584,0.24863956905415655,23.65573855763919,0.5787948369979858,500000.0,continuous_2,2,continuous_naca,direct OpenFOAM-coefficient surrogate,0.021,-0.8263903856277466,98919.5859375,pinn,surrogate estimate; validate top designs with OpenFOAM,23.65573855763919,0.4,0.0,2412,0.12
4.0,0.01805916175595688,0.023818595334887505,0.2279815285345214,23.41083760571263,0.5576366782188416,500000.0,continuous_3,3,continuous_naca,direct OpenFOAM-coefficient surrogate,0.02,-0.8073553442955017,98917.78125,pinn,surrogate estimate; validate top designs with OpenFOAM,23.41083760571263,0.42000000000000004,0.0,2412,0.12
4.0,0.02235667260304458,0.025024008005857468,0.25342633974031253,22.81656497572866,0.5709847211837769,500000.0,continuous_4,4,continuous_naca,direct OpenFOAM-coefficient surrogate,0.02,-0.8580886721611023,98921.71875,pinn,surrogate estimate; validate top designs with OpenFOAM,22.81656497572866,0.4,0.0,2412,0.126
4.2,0.019860283893752873,0.025145702064037323,0.23133932764116985,23.363294694803603,0.58750981092453,500000.0,continuous_5,5,continuous_naca,direct OpenFOAM-coefficient surrogate,0.02,-0.8260909914970398,98917.90625,pinn,surrogate estimate; validate top designs with OpenFOAM,23.363294694803603,0.4,0.0,2412,0.12
4.1,0.013891311941153416,0.023848053067922592,0.19200179348709615,24.094781013382217,0.5746377110481262,500000.0,continuous_6,6,continuous_naca,direct OpenFOAM-coefficient surrogate,0.0205,-0.7824697494506836,98922.046875,pinn,surrogate estimate; validate top designs with OpenFOAM,24.094781013382217,0.41000000000000003,0.0,2412,0.11399999999999999
4.149999999999999,0.007428087342234129,0.0234454907476902,0.11634780164592959,24.707677462129194,0.5793083310127258,500000.0,continuous_7,7,continuous_naca,direct OpenFOAM-coefficient surrogate,0.020749999999999998,-0.7687172293663025,98918.25,pinn,surrogate estimate; validate top designs with OpenFOAM,24.707677462129194,0.41500000000000004,0.0,2412,0.10799999999999998
4.174999999999999,0.014164188584815015,0.02402457594871521,0.20108350386899326,24.2078814960428,0.5816082954406738,500000.0,continuous_8,8,continuous_naca,direct OpenFOAM-coefficient surrogate,0.020875,-0.7948946952819824,98918.765625,pinn,surrogate estimate; validate top designs with OpenFOAM,24.2078814960428,0.4175000000000001,0.0,2412,0.11399999999999999
3.9624999999999977,0.011754639393468557,0.022790294140577316,0.1678307911987407,24.613050473938173,0.5609632730484009,500000.0,continuous_9,9,continuous_naca,direct OpenFOAM-coefficient surrogate,0.0213125,-0.7615653276443481,98924.3359375,pinn,surrogate estimate; validate top designs with OpenFOAM,24.613050473938173,0.42625000000000013,0.0,2412,0.11099999999999999
4.143749999999997,0.008600954029048017,0.023555807769298553,0.14377744005658186,25.225667285102073,0.5942361950874329,500000.0,continuous_10,10,continuous_naca,direct OpenFOAM-coefficient surrogate,0.021968750000000006,-0.7691699266433716,98918.4609375,pinn,surrogate estimate; validate top designs with OpenFOAM,25.225667285102073,0.40937500000000016,0.0,2412,0.10649999999999998
4.215624999999996,0.005387915857835135,0.02336851693689823,0.07494057462332186,26.144137390563902,0.6109758615493774,500000.0,continuous_11,11,continuous_naca,direct OpenFOAM-coefficient surrogate,0.02295312500000001,-0.7412841320037842,98922.078125,pinn,surrogate estimate; validate top designs with OpenFOAM,26.144137390563902,0.4040625000000002,0.0,2412,0.09975
4.251562499999995,0.004591933295016425,0.0227261483669281,0.09060250198862939,26.039968164805966,0.5918142199516296,500000.0,continuous_12,12,continuous_naca,direct OpenFOAM-coefficient surrogate,0.021945312500000005,-0.7589916586875916,98920.015625,pinn,surrogate estimate; validate top designs with OpenFOAM,26.039968164805966,0.4314062500000001,0.0,2412,0.09637499999999999
4.114843749999995,0.0049479067151892734,0.022113624960184097,0.10891144029920029,26.727348469811282,0.5910652875900269,500000.0,continuous_13,13,continuous_naca,direct OpenFOAM-coefficient surrogate,0.022605468750000007,-0.7597754597663879,98920.9296875,pinn,surrogate estimate; validate top designs with OpenFOAM,26.727348469811282,0.42085937500000015,0.0,2412,0.09356249999999999
4.084765624999992,0.004071160210856799,0.02126937173306942,0.13280443923736188,28.117264170619986,0.598064661026001,500000.0,continuous_14,14,continuous_naca,direct OpenFOAM-coefficient surrogate,0.023470703125000013,-0.7195870876312256,98926.484375,pinn,surrogate estimate; validate top designs with OpenFOAM,28.117264170619986,0.42253906250000006,0.0,2412,0.08334375
4.388476562499993,0.005069005931083409,0.022687075659632683,0.13099977331734508,27.752038130114713,0.6296403408050537,500000.0,continuous_15,15,continuous_naca,direct OpenFOAM-coefficient surrogate,0.023247070312500017,-0.7399613857269287,98924.7265625,pinn,surrogate estimate; validate top designs with OpenFOAM,27.752038130114713,0.41025390625,0.0,2412,0.082734375
4.320214843749989,0.012392282068030199,0.02181587740778923,0.1791671043755203,29.289270130557778,0.639000415802002,500000.0,continuous_16,16,continuous_naca,direct OpenFOAM-coefficient surrogate,0.02505810546875003,-0.693688154220581,98929.7265625,pinn,surrogate estimate; validate top designs with OpenFOAM,29.289270130557778,0.4191308593750003,0.0,2412,0.0731015625
4.405322265624985,0.019494214807646695,0.02186286635696888,0.28246753036466205,30.749088476468824,0.6722939610481262,500000.0,continuous_17,17,continuous_naca,direct OpenFOAM-coefficient surrogate,0.027212158203125045,-0.6474272608757019,98935.8046875,pinn,surrogate estimate; validate top designs with OpenFOAM,30.749088476468824,0.4211962890625003,0.0,2412,0.06
4.295532226562488,0.01925623297368852,0.02182007022202015,0.2888493003532471,30.407290483205202,0.6635196208953857,500000.0,continuous_18,18,continuous_naca,direct OpenFOAM-coefficient surrogate,0.026496215820312533,-0.6640709638595581,98933.7890625,pinn,surrogate estimate; validate top designs with OpenFOAM,30.407290483205202,0.39761962890625024,0.0,2412,0.06653906250000002
4.371423339843734,0.019611696195632227,0.021704435348510742,0.28388612973372773,30.85083871262464,0.6696308851242065,500000.0,continuous_19,19,continuous_naca,direct OpenFOAM-coefficient surrogate,0.02725994873046879,-0.644822895526886,98936.0625,pinn,surrogate estimate; validate top designs with OpenFOAM,30.85083871262464,0.421741943359375,0.0,2412,0.06
4.449322509765603,0.021336642319395888,0.022375069558620453,0.32392895178261993,30.99886864818067,0.6936328411102295,500000.0,continuous_20,20,continuous_naca,direct OpenFOAM-coefficient surrogate,0.02941336059570318,-0.67978835105896,98931.921875,pinn,surrogate estimate; validate top designs with OpenFOAM,30.99886864818067,0.43058166503906237,0.0,2412,0.06
4.228994750976541,0.020208904607411052,0.02140660583972931,0.3231273964932443,31.860789433335434,0.6820632219314575,500000.0,continuous_21,21,continuous_naca,direct OpenFOAM-coefficient surrogate,0.030049148559570363,-0.6676661968231201,98933.0546875,pinn,surrogate estimate; validate top designs with OpenFOAM,31.860789433335434,0.4257144165039064,0.0,2412,0.06
4.1492538452148136,0.008545667618996581,0.021525505930185318,0.20476482020385744,32.77580887274923,0.7055486440658569,500000.0,continuous_22,22,continuous_naca,direct OpenFOAM-coefficient surrogate,0.033450187683105544,-0.7028998136520386,98928.6171875,pinn,surrogate estimate; validate top designs with OpenFOAM,32.77580887274923,0.43344467163085953,0.0,2412,0.06
4.564949798583953,0.008381590361624917,0.023921044543385506,0.20233180351629773,31.987746534447364,0.7652122974395752,500000.0,continuous_23,23,continuous_naca,direct OpenFOAM-coefficient surrogate,0.03481525802612313,-0.7616490125656128,98922.53125,pinn,surrogate estimate; validate top designs with OpenFOAM,31.987746534447364,0.4188820648193361,0.0,2412,0.06
4.48889198303219,0.006219805028690753,0.02394147217273712,0.18455861072599514,31.383750935700927,0.7514045834541321,500000.0,continuous_24,24,continuous_naca,direct OpenFOAM-coefficient surrogate,0.03594926643371592,-0.762679398059845,98922.2578125,pinn,surrogate estimate; validate top designs with OpenFOAM,31.383750935700927,0.4544327163696289,0.0,2412,0.06
4.420886802673294,0.00700498090212464,0.024330340325832367,0.14726348734610037,32.347503444760115,0.7870581150054932,500000.0,continuous_25,25,continuous_naca,direct OpenFOAM-coefficient surrogate,0.03960187816619885,-0.7816152572631836,98921.265625,pinn,surrogate estimate; validate top designs with OpenFOAM,32.347503444760115,0.44747426986694316,0.0,2412,0.06
4.362668704986524,0.004850857755840553,0.024764396250247955,0.1694206186104517,32.89681383696305,0.8147026300430298,500000.0,continuous_26,26,continuous_naca,direct OpenFOAM-coefficient surrogate,0.04249493455886855,-0.8057324886322021,98918.4296875,pinn,surrogate estimate; validate top designs with OpenFOAM,32.89681383696305,0.4465351963043215,0.0,2412,0.06
4.319341802596984,0.01451630519871445,0.02644006535410881,0.30931915623314343,33.5618833860958,0.8874119520187378,500000.0,continuous_27,27,continuous_naca,direct OpenFOAM-coefficient surrogate,0.04903572154045123,-0.8210821747779846,98914.65625,pinn,surrogate estimate; validate top designs with OpenFOAM,33.5618833860958,0.4545119619369511,0.0,2412,0.06
4.238324141502332,0.005917350421143026,0.023887423798441887,0.15209369480826088,34.23190615352267,0.8177462816238403,500000.0,continuous_28,28,continuous_naca,direct OpenFOAM-coefficient surrogate,0.042502256274223466,-0.776317298412323,98922.3125,pinn,surrogate estimate; validate top designs with OpenFOAM,34.23190615352267,0.42272376775741605,0.0,2412,0.06
4.113040220737403,0.013844412349870425,0.024243909865617752,0.2666268114974528,35.115337346144415,0.8513681888580322,500000.0,continuous_29,29,continuous_naca,direct OpenFOAM-coefficient surrogate,0.045778751194477246,-0.8022013902664185,98919.296875,pinn,surrogate estimate; validate top designs with OpenFOAM,35.115337346144415,0.4068692934513096,0.0,2412,0.06
3.9363115370272936,0.012391001467723768,0.024373341351747513,0.301394228397008,34.996905022987036,0.8530265092849731,500000.0,continuous_30,30,continuous_naca,direct OpenFOAM-coefficient surrogate,0.049118011265993314,-0.7907643914222717,98917.9921875,pinn,surrogate estimate; validate top designs with OpenFOAM,34.996905022987036,0.4522680336236956,0.0,2412,0.06
3.838086900114952,0.014998684524355339,0.023711442947387695,0.34104374656079384,35.9306536345383,0.8520035743713379,500000.0,continuous_31,31,continuous_naca,direct OpenFOAM-coefficient surrogate,0.04908945767581481,-0.8007194995880127,98917.640625,pinn,surrogate estimate; validate top designs with OpenFOAM,35.9306536345383,0.4260727104544648,0.0,2412,0.06
3.546686948835781,0.016029292674089417,0.023761363700032234,0.3784975487587378,37.519353109006595,0.8915485143661499,500000.0,continuous_32,32,continuous_naca,direct OpenFOAM-coefficient surrogate,0.05383324743062279,-0.8362674713134766,98912.9921875,pinn,surrogate estimate; validate top designs with OpenFOAM,37.519353109006595,0.41537193074822554,0.0,2412,0.06
3.8084364093839174,0.003179199199763309,0.028181610628962517,0.15616902411026545,36.76109041923846,1.036023497581482,500000.0,continuous_33,33,continuous_naca,direct OpenFOAM-coefficient surrogate,0.06543267803266675,-0.8978290557861328,98906.609375,pinn,surrogate estimate; validate top designs with OpenFOAM,36.76109041923846,0.43106593824923145,0.0,2412,0.06
3.3828957553952135,0.003730266688652836,0.024272479116916656,0.22523507349256303,38.596642960342045,0.9368748068809509,500000.0,continuous_34,34,continuous_naca,direct OpenFOAM-coefficient surrogate,0.058045622421428814,-0.8788147568702698,98910.5390625,pinn,surrogate estimate; validate top designs with OpenFOAM,38.596642960342045,0.3982756360992801,0.0,2412,0.06
2.9146727317943277,0.0028455788928951546,0.02386641502380371,0.1734654183421718,40.63528379036249,0.9698591828346252,500000.0,continuous_35,35,continuous_naca,direct OpenFOAM-coefficient surrogate,0.06255057286191759,-0.8917285799980164,98913.3828125,pinn,surrogate estimate; validate top designs with OpenFOAM,40.63528379036249,0.37015747318044445,0.0,2412,0.06
3.255106618348421,0.004482773157651132,0.025708552449941635,0.178232257733823,39.65750823293398,1.0195767879486084,500000.0,continuous_36,36,continuous_naca,direct OpenFOAM-coefficient surrogate,0.06467961349384888,-0.9130462408065796,98910.5234375,pinn,surrogate estimate; validate top designs with OpenFOAM,39.65750823293398,0.3594642841909099,0.0,2412,0.06
2.64941113344382,0.013821326190986166,0.027072984725236893,0.37485957865923725,40.477296254593284,1.095881700515747,500000.0,continuous_37,37,continuous_naca,direct OpenFOAM-coefficient surrogate,0.07746930471505076,-0.9130473136901855,98903.1015625,pinn,surrogate estimate; validate top designs with OpenFOAM,40.477296254593284,0.38116051973309606,0.0,2412,0.06
2.3745023068272575,0.010889763497936546,0.02339470386505127,0.15090784566310816,40.70288541317306,0.9522726535797119,500000.0,continuous_38,38,continuous_naca,direct OpenFOAM-coefficient surrogate,0.06383369121805324,-0.8789030313491821,98922.71875,pinn,surrogate estimate; validate top designs with OpenFOAM,40.70288541317306,0.33201116567710653,0.0,2412,0.06
1.6575352555489271,0.015545557444624106,0.02408836968243122,0.1551561317793531,37.38667907324691,0.9006215333938599,500000.0,continuous_39,39,continuous_naca,direct OpenFOAM-coefficient surrogate,0.06303419781074648,-0.8425624370574951,98934.6953125,pinn,surrogate estimate; validate top designs with OpenFOAM,37.38667907324691,0.2824837793910442,0.0,2412,0.06
2.050159446371133,0.011275068480444954,0.026912499219179153,0.26058858521140216,40.42430600009293,1.0879595279693604,500000.0,continuous_40,40,continuous_naca,direct OpenFOAM-coefficient surrogate,0.08043334371381244,-1.0439873933792114,98892.859375,pinn,surrogate estimate; validate top designs with OpenFOAM,40.42430600009293,0.30602479064255295,0.0,2412,0.06
1.7392661908698486,0.011175029146927973,0.024698659777641296,0.3240384408590888,42.35032052393371,1.0460385084152222,500000.0,continuous_41,41,continuous_naca,direct OpenFOAM-coefficient surrogate,0.07746384276056814,-0.9768779873847961,98904.25,pinn,surrogate estimate; validate top designs with OpenFOAM,42.35032052393371,0.33521269042569,0.0,2412,0.06
0.9813459771305624,-0.0006857230532883273,0.025312475860118866,0.18845322964855207,41.602690123972735,1.0531086921691895,500000.0,continuous_42,42,continuous_naca,direct OpenFOAM-coefficient surrogate,0.08385595739392776,-0.9854676723480225,98902.96875,pinn,surrogate estimate; validate top designs with OpenFOAM,41.602690123972735,0.32308689354307996,0.0,2412,0.06
2.7887667350964946,0.004961020832512289,0.022590719163417816,0.17944702855441705,40.54406248791636,0.9159600734710693,500000.0,continuous_43,43,continuous_naca,direct OpenFOAM-coefficient surrogate,0.060225362063982435,-0.8366897106170654,98917.59375,pinn,surrogate estimate; validate top designs with OpenFOAM,40.54406248791636,0.4032461338656156,0.0,2412,0.06
2.2591928488501445,0.012387900790845485,0.02106618322432041,0.2734702412276809,39.77658047028036,0.8379805088043213,500000.0,continuous_44,44,continuous_naca,direct OpenFOAM-coefficient surrogate,0.05456742973720996,-0.8608733415603638,98921.6875,pinn,surrogate estimate; validate top designs with OpenFOAM,39.77658047028036,0.3391532118413323,0.0,2412,0.06
2.5518565622954013,0.011628947464866044,0.02503575012087822,0.3254743293018241,41.5372267046295,1.0399571657180786,500000.0,continuous_45,45,continuous_naca,direct OpenFOAM-coefficient surrogate,0.07174383597059056,-0.8908701539039612,98910.9453125,pinn,surrogate estimate; validate top designs with OpenFOAM,41.5372267046295,0.3706586927601551,0.0,2412,0.06
2.001382160796923,0.011795721429185602,0.026629429310560226,0.34570833999922934,39.79951275007527,1.0598781108856201,500000.0,continuous_46,46,continuous_naca,direct OpenFOAM-coefficient surrogate,0.07757060934158233,-1.056708812713623,98897.7578125,pinn,surrogate estimate; validate top designs with OpenFOAM,39.79951275007527,0.3007738771560825,0.0,2412,0.06
2.5919205915216015,0.0020736337398639393,0.023250626400113106,0.1480665502660182,41.58516157802073,0.9669226408004761,500000.0,continuous_47,47,continuous_naca,direct OpenFOAM-coefficient surrogate,0.06456167388338241,-0.8361949920654297,98919.5078125,pinn,surrogate estimate; validate top designs with OpenFOAM,41.58516157802073,0.3776280696882323,0.0,2412,0.06
1.7141000939627267,0.013586990345427019,0.02431989461183548,0.3784766569363162,42.48291736815434,1.0332225561141968,500000.0,continuous_48,48,continuous_naca,direct OpenFOAM-coefficient surrogate,0.0762509490543796,-0.9597828984260559,98906.90625,pinn,surrogate estimate; validate top designs with OpenFOAM,42.48291736815434,0.3375978360951476,0.0,2412,0.06
1.1138137750469266,0.0016021883646379805,0.025438226759433746,0.21428700404654125,41.421979290994535,1.0537431240081787,500000.0,continuous_49,49,continuous_naca,direct OpenFOAM-coefficient surrogate,0.0831011371506106,-0.9953733682632446,98902.15625,pinn,surrogate estimate; validate top designs with OpenFOAM,41.421979290994535,0.3213180175524992,0.0,2412,0.06
1.9240694124975315,0.001594599249931103,0.025949284434318542,0.2109785306670074,41.79848075827432,1.0846824645996094,500000.0,continuous_50,50,continuous_naca,direct OpenFOAM-coefficient surrogate,0.0811764596164071,-0.8990626335144043,98908.5078125,pinn,surrogate estimate; validate top designs with OpenFOAM,41.79848075827432,0.378537478807506,0.0,2412,0.06
1.4328215821304529,0.006606527751360399,0.024007277563214302,0.3022616333982731,42.970092473809245,1.0316379070281982,500000.0,continuous_51,51,continuous_naca,direct OpenFOAM-coefficient surrogate,0.07798262668677805,-0.9515795707702637,98907.3203125,pinn,surrogate estimate; validate top designs with OpenFOAM,42.970092473809245,0.3438293447481328,0.0,2412,0.06
0.8733040920479791,0.0027279780185864573,0.024312332272529602,0.23552461048438528,42.041241587128454,1.022162675857544,500000.0,continuous_52,52,continuous_naca,direct OpenFOAM-coefficient surrogate,0.0811020220448718,-0.9687434434890747,98908.0,pinn,surrogate estimate; validate top designs with OpenFOAM,42.041241587128454,0.3304146707421217,0.0,2412,0.06
0.8132080482086783,0.0034692325304537296,0.026920463889837265,0.12452627892200921,40.51062243139568,1.0906052589416504,500000.0,continuous_53,53,continuous_naca,direct OpenFOAM-coefficient surrogate,0.09,-0.9627317786216736,98905.6015625,pinn,surrogate estimate; validate top designs with OpenFOAM,40.51062243139568,0.31996060535000587,0.0,2412,0.06
2.1472424556933705,0.006998307390077693,0.02377786487340927,0.31219550470110247,42.554945248961516,1.0119082927703857,500000.0,continuous_54,54,continuous_naca,direct OpenFOAM-coefficient surrogate,0.07139007170645781,-0.8839676380157471,98913.734375,pinn,surrogate estimate; validate top designs with OpenFOAM,42.554945248961516,0.3632112036036757,0.0,2412,0.06
1.5926457488306678,0.013135544550122268,0.023793241009116173,0.2853993144501855,40.65449756435492,0.9673429131507874,500000.0,continuous_55,55,continuous_naca,direct OpenFOAM-coefficient surrogate,0.0703672854876847,-0.9407088756561279,98920.4375,pinn,surrogate estimate; validate top designs with OpenFOAM,40.65449756435492,0.311388058628817,0.0,2412,0.06
1.8412134965808156,0.007903076327266488,0.024889985099434853,0.2796589363565403,42.54728211187189,1.0590437650680542,500000.0,continuous_56,56,continuous_naca,direct OpenFOAM-coefficient surrogate,0.0784741660842265,-0.9213619828224182,98906.890625,pinn,surrogate estimate; validate top designs with OpenFOAM,42.54728211187189,0.3617501237628338,0.0,2412,0.06
1.828422623313834,0.01008891597544452,0.023741867393255234,0.34739202691873683,42.98612681708493,1.0206139087677002,500000.0,continuous_57,57,continuous_naca,direct OpenFOAM-coefficient surrogate,0.07458506400535284,-0.882697343826294,98912.0546875,pinn,surrogate estimate; validate top designs with OpenFOAM,42.98612681708493,0.367981563679205,0.0,2412,0.06
1.8730008395358269,0.008560800467467308,0.02347126230597496,0.32570857094425903,42.72914564376436,1.0029497146606445,500000.0,continuous_58,58,continuous_naca,direct OpenFOAM-coefficient surrogate,0.07314567462774518,-0.8456582427024841,98915.4375,pinn,surrogate estimate; validate top designs with OpenFOAM,42.72914564376436,0.38436600030596235,0.0,2412,0.06
1.9107499848965097,0.006694389835254957,0.024126887321472168,0.3578151314852411,42.47587929551776,1.024853229522705,500000.0,continuous_59,59,continuous_naca,direct OpenFOAM-coefficient surrogate,0.074965015187028,-0.8647185564041138,98912.453125,pinn,surrogate estimate; validate top designs with OpenFOAM,42.47587929551776,0.38078828180177604,0.0,2412,0.06
1.7632625666961723,0.010851563686655328,0.02409767359495163,0.3640071969922711,42.895634077933465,1.0337278842926025,500000.0,continuous_60,60,continuous_naca,direct OpenFOAM-coefficient surrogate,0.0759294655875417,-0.9301380515098572,98908.375,pinn,surrogate estimate; validate top designs with OpenFOAM,42.895634077933465,0.34839544752180474,0.0,2412,0.06
1.744661117336099,0.011101272271709421,0.022994808852672577,0.3038543724832277,42.935783612433625,0.9873430728912354,500000.0,continuous_61,61,continuous_naca,direct OpenFOAM-coefficient surrogate,0.07146944790883872,-0.8938223123550415,98915.6171875,pinn,surrogate estimate; validate top designs with OpenFOAM,42.935783612433625,0.34995865601357534,0.0,2412,0.06
1.2373414890449084,0.0070463100127364595,0.02377224527299404,0.25721630457176825,43.095320687181385,1.0245156288146973,500000.0,continuous_62,62,continuous_naca,direct OpenFOAM-coefficient surrogate,0.07859323038779784,-0.9425150156021118,98909.90625,pinn,surrogate estimate; validate top designs with OpenFOAM,43.095320687181385,0.3418713023776832,0.0,2412,0.06
0.7823910057206778,0.0017262919060634504,0.02452334575355053,0.200527307613411,41.85297291430712,1.0264167785644531,500000.0,continuous_63,63,continuous_naca,direct OpenFOAM-coefficient surrogate,0.08219480972846785,-0.9396264553070068,98912.5703125,pinn,surrogate estimate; validate top designs with OpenFOAM,41.85297291430712,0.3312013517646869,0.0,2412,0.06
1.3583608392164748,0.0092749928688667,0.02309444546699524,0.3461003553855104,43.337049647531195,1.000888466835022,500000.0,continuous_64,64,continuous_naca,direct OpenFOAM-coefficient surrogate,0.07538571890684202,-0.907812774181366,98912.46875,pinn,surrogate estimate; validate top designs with OpenFOAM,43.337049647531195,0.3534249858874934,0.0,2412,0.06
1.155909975476626,0.008850587555746922,0.022593094035983086,0.3486036913360554,43.55070139681092,0.9839886426925659,500000.0,continuous_65,65,continuous_naca,direct OpenFOAM-coefficient surrogate,0.07511384556649217,-0.8881926536560059,98914.6328125,pinn,surrogate estimate; validate top designs with OpenFOAM,43.55070139681092,0.3559397550703376,0.0,2412,0.06
1.0825867176468116,0.00453031621797306,0.02437891811132431,0.20338321203010248,42.68530806673678,1.0406643152236938,500000.0,continuous_66,66,continuous_naca,direct OpenFOAM-coefficient surrogate,0.08166793541437173,-0.900748610496521,98913.828125,pinn,surrogate estimate; validate top designs with OpenFOAM,42.68530806673678,0.35485232692410396,0.0,2412,0.06
1.5791425174137772,0.012086443417670737,0.023218590766191483,0.34635871692519266,43.15727520305447,1.0020942687988281,500000.0,continuous_67,67,continuous_naca,direct OpenFOAM-coefficient surrogate,0.07401906978522196,-0.906592607498169,98913.0234375,pinn,surrogate estimate; validate top designs with OpenFOAM,43.15727520305447,0.35118207374120747,0.0,2412,0.06
4.0,0.011657265333542497,0.03044435754418373,0.21197501600333687,26.503897891496713,0.8069206476211548,500000.0,continuous_1,1,continuous_naca,direct OpenFOAM-coefficient surrogate,0.04,-1.1884742975234985,98871.421875,pinn,surrogate estimate; validate top designs with OpenFOAM,26.503897891496713,0.4,0.0,4415,0.15
4.0,0.011768897331799482,0.03082807920873165,0.20753732365466668,26.945932223937625,0.8307182788848877,500000.0,continuous_2,2,continuous_naca,direct OpenFOAM-coefficient surrogate,0.042,-1.1856001615524292,98868.3359375,pinn,surrogate estimate; validate top designs with OpenFOAM,26.945932223937625,0.4,0.0,4415,0.15
4.0,0.008924780943991175,0.02965521067380905,0.1948891330094152,26.64761313481383,0.7902672290802002,500000.0,continuous_3,3,continuous_naca,direct OpenFOAM-coefficient surrogate,0.04,-1.1425695419311523,98876.8203125,pinn,surrogate estimate; validate top designs with OpenFOAM,26.64761313481383,0.42000000000000004,0.0,4415,0.15
4.0,0.011704616301075983,0.031204430386424065,0.15829903330784156,25.92716052794444,0.8090682029724121,500000.0,continuous_4,4,continuous_naca,direct OpenFOAM-coefficient surrogate,0.04,-1.2204917669296265,98863.796875,pinn,surrogate estimate; validate top designs with OpenFOAM,25.92716052794444,0.4,0.0,4415,0.1575
4.2,0.0116764888985975,0.03126940131187439,0.21899972706174908,26.40074277355792,0.8255618214607239,500000.0,continuous_5,5,continuous_naca,direct OpenFOAM-coefficient surrogate,0.04,-1.2090686559677124,98868.1953125,pinn,surrogate estimate; validate top designs with OpenFOAM,26.40074277355792,0.4,0.0,4415,0.15
4.1,0.016424964058424054,0.029831651598215103,0.2397125507960205,27.351850584233286,0.8159782290458679,500000.0,continuous_6,6,continuous_naca,direct OpenFOAM-coefficient surrogate,0.041,-1.143632173538208,98878.265625,pinn,surrogate estimate; validate top designs with OpenFOAM,27.351850584233286,0.41000000000000003,0.0,4415,0.1425
4.149999999999999,0.018907130945033372,0.02935843914747238,0.40647380004845074,28.021105112556633,0.8226839303970337,500000.0,continuous_7,7,continuous_naca,direct OpenFOAM-coefficient surrogate,0.041499999999999995,-1.0937778949737549,98876.3671875,pinn,surrogate estimate; validate top designs with OpenFOAM,28.021105112556633,0.41500000000000004,0.0,4415,0.13499999999999995
3.874999999999999,0.013464998585961705,0.028775226324796677,0.2319287856830195,27.742624519963883,0.7983280420303345,500000.0,continuous_8,8,continuous_naca,direct OpenFOAM-coefficient surrogate,0.04175,-1.1151905059814453,98881.2265625,pinn,surrogate estimate; validate top designs with OpenFOAM,27.742624519963883,0.4175000000000001,0.0,4415,0.1425
4.012499999999999,0.015484243899231233,0.028964489698410034,0.2576716286717953,28.156614113375714,0.8155701160430908,500000.0,continuous_9,9,continuous_naca,direct OpenFOAM-coefficient surrogate,0.042625,-1.0994458198547363,98882.546875,pinn,surrogate estimate; validate top designs with OpenFOAM,28.156614113375714,0.42625000000000013,0.0,4415,0.13875
4.018749999999999,0.008117748184277079,0.028470907360315323,0.32070787953503854,28.857201586728547,0.8216195702552795,500000.0,continuous_10,10,continuous_naca,direct OpenFOAM-coefficient surrogate,0.043937500000000004,-1.0446363687515259,98885.6953125,pinn,surrogate estimate; validate top designs with OpenFOAM,28.857201586728547,0.4393750000000003,0.0,4415,0.133125
4.021874999999998,0.013811469618943958,0.02895546332001686,0.365677113514058,29.17352020248392,0.8447619676589966,500000.0,continuous_11,11,continuous_naca,direct OpenFOAM-coefficient surrogate,0.04459375000000001,-1.0866695642471313,98880.46875,pinn,surrogate estimate; validate top designs with OpenFOAM,29.17352020248392,0.4159375000000002,0.0,4415,0.13031249999999997
4.032812499999997,0.020404733571149334,0.02872966229915619,0.3850680263096481,30.37297204863526,0.8726356029510498,500000.0,continuous_12,12,continuous_naca,direct OpenFOAM-coefficient surrogate,0.046890625000000005,-1.0512243509292603,98887.5859375,pinn,surrogate estimate; validate top designs with OpenFOAM,30.37297204863526,0.41390625000000036,0.0,4415,0.12046874999999996
4.038281249999997,0.013333980401547053,0.02733534574508667,0.27696012974645223,30.374121874086114,0.830317497253418,500000.0,continuous_13,13,continuous_naca,direct OpenFOAM-coefficient surrogate,0.04503906250000001,-0.9473484754562378,98893.9921875,pinn,surrogate estimate; validate top designs with OpenFOAM,30.374121874086114,0.4428906250000003,0.0,4415,0.11554687499999997
4.057421874999996,-0.005113495480751522,0.02618931606411934,0.132479959449264,31.972851946057446,0.8373790979385376,500000.0,continuous_14,14,continuous_naca,direct OpenFOAM-coefficient surrogate,0.04655859375,-0.9371364116668701,98896.078125,pinn,surrogate estimate; validate top designs with OpenFOAM,31.972851946057446,0.46433593750000046,0.0,4415,0.09832031249999995
4.254492187499996,-0.0033821716086013197,0.027880482375621796,0.11619693869677246,31.491978930864907,0.8780430555343628,500000.0,continuous_15,15,continuous_naca,direct OpenFOAM-coefficient surrogate,0.047693359375,-0.9824051856994629,98890.796875,pinn,surrogate estimate; validate top designs with OpenFOAM,31.491978930864907,0.4488085937500005,0.0,4415,0.10095703124999994
4.031738281249995,-0.005706778993012465,0.02680843137204647,0.1769470043380329,33.14451822391731,0.8885856866836548,500000.0,continuous_16,16,continuous_naca,direct OpenFOAM-coefficient surrogate,0.05104003906250003,-0.9365671277046204,98896.59375,pinn,surrogate estimate; validate top designs with OpenFOAM,33.14451822391731,0.4682128906250008,0.0,4415,0.09143554687499997
3.9726074218749936,0.004609068936977652,0.02652488462626934,0.2024539933752353,34.58476023444443,0.9173913598060608,500000.0,continuous_17,17,continuous_naca,direct OpenFOAM-coefficient surrogate,0.055810058593750045,-0.8702070713043213,98904.3046875,pinn,surrogate estimate; validate top designs with OpenFOAM,34.58476023444443,0.49481933593750127,0.0,4415,0.06965332031249999
4.1399169921874925,0.013589721217170503,0.027005907148122787,0.39312214453682587,34.31061019125563,0.9266234636306763,500000.0,continuous_18,18,continuous_naca,direct OpenFOAM-coefficient surrogate,0.05453881835937503,-0.8526818752288818,98907.9609375,pinn,surrogate estimate; validate top designs with OpenFOAM,34.31061019125563,0.47156005859375105,0.0,4415,0.061574707031249926
4.1794067382812425,0.014599651208849934,0.02725675143301487,0.3443687591690188,33.45807727724666,0.9119919538497925,500000.0,continuous_19,19,continuous_naca,direct OpenFOAM-coefficient surrogate,0.05540979003906253,-0.8362619876861572,98909.0390625,pinn,surrogate estimate; validate top designs with OpenFOAM,33.45807727724666,0.5258557128906263,0.0,4415,0.06
3.9201843261718663,0.0015544610226839854,0.02649335004389286,0.21890253300757367,34.60233835483565,0.9167664647102356,500000.0,continuous_20,20,continuous_naca,direct OpenFOAM-coefficient surrogate,0.0584652709960938,-0.837592601776123,98907.4609375,pinn,surrogate estimate; validate top designs with OpenFOAM,34.60233835483565,0.529476928710939,0.0,4415,0.06
3.7530303955078015,-0.007540643027483813,0.026452817022800446,0.12121432932353202,34.869372956620545,0.9224280118942261,500000.0,continuous_21,21,continuous_naca,direct OpenFOAM-coefficient surrogate,0.0638512268066407,-0.85176020860672,98903.890625,pinn,surrogate estimate; validate top designs with OpenFOAM,34.869372956620545,0.5698110961914082,0.0,4415,0.06
3.9650588989257685,-0.01027113636158512,0.028645453974604607,0.06779419094958251,34.539027178255935,0.9894206523895264,500000.0,continuous_22,22,continuous_naca,direct OpenFOAM-coefficient surrogate,0.06824635314941414,-0.9002756476402283,98897.5234375,pinn,surrogate estimate; validate top designs with OpenFOAM,34.539027178255935,0.5666871643066429,0.0,4415,0.06
3.7359001159667855,-0.0055777106985911325,0.027491271495819092,0.09225859687623876,35.57683986339268,0.9780881404876709,500000.0,continuous_23,23,continuous_naca,direct OpenFOAM-coefficient surrogate,0.06581343841552743,-0.8863359093666077,98903.4140625,pinn,surrogate estimate; validate top designs with OpenFOAM,35.57683986339268,0.5255831146240255,0.0,4415,0.06561401367187497
3.514146804809556,0.0044261466944511,0.027801156044006348,0.26965789667656015,36.32415556121685,1.009889841079712,500000.0,continuous_24,24,continuous_naca,direct OpenFOAM-coefficient surrogate,0.07101526260375987,-0.8977785706520081,98901.796875,pinn,surrogate estimate; validate top designs with OpenFOAM,36.32415556121685,0.5254468154907252,0.0,4415,0.06842102050781246
3.4625047683715673,-0.0020867071276860845,0.026843827217817307,0.26436938894492135,35.23101469108106,0.9457705020904541,500000.0,continuous_25,25,continuous_naca,direct OpenFOAM-coefficient surrogate,0.07492263221740735,-0.9026461243629456,98896.8125,pinn,surrogate estimate; validate top designs with OpenFOAM,35.23101469108106,0.6068221473693879,0.0,4415,0.0674624633789063
3.3860857963561912,-0.006241843998727053,0.025526273995637894,0.10374088277304575,36.48722432006468,0.9314193725585938,500000.0,continuous_26,26,continuous_naca,direct OpenFOAM-coefficient surrogate,0.06455323696136482,-0.8707233667373657,98904.4921875,pinn,surrogate estimate; validate top designs with OpenFOAM,36.48722432006468,0.5317625331878686,0.0,4415,0.07276840209960939
3.0965992450714026,-0.0022988613237858867,0.024313801899552345,0.22079936240573744,37.07051058153136,0.9013621211051941,500000.0,continuous_27,27,continuous_naca,direct OpenFOAM-coefficient surrogate,0.06270667886734016,-0.845622181892395,98908.875,pinn,surrogate estimate; validate top designs with OpenFOAM,37.07051058153136,0.5143002176284814,0.0,4415,0.07915260314941408
2.9405331850051697,-0.0025691179458904936,0.025852158665657043,0.21895055240292366,36.31732084268093,0.9389174580574036,500000.0,continuous_28,28,continuous_naca,direct OpenFOAM-coefficient surrogate,0.08043784165382398,-0.8802043199539185,98900.09375,pinn,surrogate estimate; validate top designs with OpenFOAM,36.31732084268093,0.6133708024025002,0.0,4415,0.06786472320556641
2.7538616061210455,-0.012642839749792426,0.026660967618227005,0.1263338271902028,37.30300707070861,0.9945715665817261,500000.0,continuous_29,29,continuous_naca,direct OpenFOAM-coefficient surrogate,0.08068998086452499,-0.8984997272491455,98894.0859375,pinn,surrogate estimate; validate top designs with OpenFOAM,37.30300707070861,0.5601588952541392,0.0,4415,0.08145040512084961
2.2542772114276666,-0.0005260927718474325,0.027967024594545364,0.3076698928286971,36.61680090891712,1.024099588394165,500000.0,continuous_30,30,continuous_naca,direct OpenFOAM-coefficient surrogate,0.08910935789346713,-0.9231054186820984,98893.25,pinn,surrogate estimate; validate top designs with OpenFOAM,36.61680090891712,0.5553327947855047,0.0,4415,0.09217560768127442
2.690065652132019,-0.003941746083396407,0.026023777201771736,0.22374021340310177,37.748502382766056,0.9823963642120361,500000.0,continuous_31,31,continuous_naca,direct OpenFOAM-coefficient surrogate,0.07250224977731716,-0.858674168586731,98902.03125,pinn,surrogate estimate; validate top designs with OpenFOAM,37.748502382766056,0.49981621801853515,0.0,4415,0.08098191261291499
2.303846094012245,0.0012984883673702885,0.02516019716858864,0.20299182183927061,39.01608313372231,0.9816913604736328,500000.0,continuous_32,32,continuous_naca,direct OpenFOAM-coefficient surrogate,0.07129205855727208,-0.8935915231704712,98903.3203125,pinn,surrogate estimate; validate top designs with OpenFOAM,39.01608313372231,0.4463132533431089,0.0,4415,0.08774163722991934
2.893693690001955,0.018986049661305234,0.025244491174817085,0.5130783285474021,37.837595621255474,0.9552286863327026,500000.0,continuous_33,33,continuous_naca,direct OpenFOAM-coefficient surrogate,0.06241414879262455,-0.9541245698928833,98894.40625,pinn,surrogate estimate; validate top designs with OpenFOAM,37.837595621255474,0.4097387884557273,0.0,4415,0.09051810979843133
2.009853512793768,-0.0002740110055731119,0.02385629527270794,0.1935944039861312,38.58087427299635,0.9204353094100952,500000.0,continuous_34,34,continuous_naca,direct OpenFOAM-coefficient surrogate,0.06753617093712103,-0.9007387757301331,98903.171875,pinn,surrogate estimate; validate top designs with OpenFOAM,38.58087427299635,0.43980876185000317,0.0,4415,0.10101035714149473
1.8840282063931042,0.00675820819113054,0.026542138308286667,0.3832244169575714,39.21838988543445,1.0409791469573975,500000.0,continuous_35,35,continuous_naca,direct OpenFOAM-coefficient surrogate,0.07825950070843116,-0.9652656316757202,98890.6484375,pinn,surrogate estimate; validate top designs with OpenFOAM,39.21838988543445,0.4137096318230078,0.0,4415,0.10120765149593344
1.277742687053955,0.00404612476876636,0.028873875737190247,0.26577787623097976,37.30888238915337,1.077289342880249,500000.0,continuous_36,36,continuous_naca,direct OpenFOAM-coefficient surrogate,0.08603591162897667,-1.194513201713562,98855.140625,pinn,surrogate estimate; validate top designs with OpenFOAM,37.30888238915337,0.3634143389202711,0.0,4415,0.11223517566919311
1.7918491454794907,0.030669467652735833,0.02742110751569271,0.2561794425264858,32.238587465566454,0.8840500116348267,500000.0,continuous_37,37,continuous_naca,direct OpenFOAM-coefficient surrogate,0.05906095863319942,-1.0737552642822266,98870.671875,pinn,surrogate estimate; validate top designs with OpenFOAM,32.238587465566454,0.29462632248178444,0.0,4415,0.10878847271203981
2.5133584909606568,-0.009778860127133374,0.026551900431513786,0.16937835087711528,37.71688675995459,1.0014927387237549,500000.0,continuous_38,38,continuous_naca,direct OpenFOAM-coefficient surrogate,0.0752827253066936,-0.8928908109664917,98900.9609375,pinn,surrogate estimate; validate top designs with OpenFOAM,37.71688675995459,0.4937757520610505,0.0,4415,0.08828492201864716
2.0323522606398794,0.01334486598174144,0.024596218019723892,0.2733720167020176,37.95534014494222,0.9335957765579224,500000.0,continuous_39,39,continuous_naca,direct OpenFOAM-coefficient surrogate,0.06446821419103081,-1.0680357217788696,98888.1796875,pinn,surrogate estimate; validate top designs with OpenFOAM,37.95534014494222,0.36100946567487313,0.0,4415,0.10195395581424227
1.2213463469175432,0.007181675558523885,0.025273151695728302,0.3664089369288024,38.98787069874761,0.9853853583335876,500000.0,continuous_40,40,continuous_naca,direct OpenFOAM-coefficient surrogate,0.07836382340430298,-0.9408161044120789,98892.84375,pinn,surrogate estimate; validate top designs with OpenFOAM,38.98787069874761,0.4206817678897692,0.0,4415,0.10543869104236356
1.6771848194184509,-0.004981524763581585,0.026705043390393257,0.3211233021870154,37.49154186674235,1.0012507438659668,500000.0,continuous_41,41,continuous_naca,direct OpenFOAM-coefficient surrogate,0.08325756261253282,-0.87114018201828,98902.890625,pinn,surrogate estimate; validate top designs with OpenFOAM,37.49154186674235,0.49924724177807145,0.0,4415,0.09574521264061325
1.9435604003345222,0.006569340894648663,0.02468029595911503,0.23679634531247934,39.064441348456384,0.9641610383987427,500000.0,continuous_42,42,continuous_naca,direct OpenFOAM-coefficient surrogate,0.06916555129640631,-0.9879871606826782,98895.140625,pinn,surrogate estimate; validate top designs with OpenFOAM,39.064441348456384,0.3955689097006727,0.0,4415,0.10040177002083502
1.6665370110349396,0.006422329122885588,0.02665741927921772,0.39197033218158095,39.66852321217948,1.0575001239776611,500000.0,continuous_43,43,continuous_naca,direct OpenFOAM-coefficient surrogate,0.08100429604608525,-0.9795158505439758,98889.3046875,pinn,surrogate estimate; validate top designs with OpenFOAM,39.66852321217948,0.3983280195282761,0.0,4415,0.09638451775303095
1.4948787601555251,0.012082256659661826,0.028129640966653824,0.31107805279697365,39.37534232411923,1.1076536178588867,500000.0,continuous_44,44,continuous_naca,direct OpenFOAM-coefficient surrogate,0.08773835860056736,-1.0628104209899902,98877.0390625,pinn,surrogate estimate; validate top designs with OpenFOAM,39.37534232411923,0.37758764836741254,0.0,4415,0.09407159805879906
2.6776395089698624,0.007264455552089667,0.026675820350646973,0.21938683610997722,38.87930115243268,1.0371761322021484,500000.0,continuous_45,45,continuous_naca,direct OpenFOAM-coefficient surrogate,0.07149687989979442,-0.9715961217880249,98894.8671875,pinn,surrogate estimate; validate top designs with OpenFOAM,38.87930115243268,0.4062781393077636,0.0,4415,0.08742909720749581
1.5854196374306229,0.00411658614865415,0.025333739817142487,0.33336763550838266,39.446660206006214,0.9993708729743958,500000.0,continuous_46,46,continuous_naca,direct OpenFOAM-coefficient surrogate,0.07664708752817584,-0.9216324687004089,98897.40625,pinn,surrogate estimate; validate top designs with OpenFOAM,39.446660206006214,0.41708086074426776,0.0,4415,0.10093629258364661
1.2359265335843492,0.013770065017646506,0.02745206654071808,0.3020362770354611,37.674560179096126,1.0342822074890137,500000.0,continuous_47,47,continuous_naca,direct OpenFOAM-coefficient surrogate,0.08124615923227721,-1.1539541482925415,98867.3125,pinn,surrogate estimate; validate top designs with OpenFOAM,37.674560179096126,0.3660304575550033,0.0,4415,0.11172347869680366
2.036866203905271,-0.001274366270861145,0.025373082607984543,0.18811130711603394,39.446645498331456,1.000922441482544,500000.0,continuous_48,48,continuous_naca,direct OpenFOAM-coefficient surrogate,0.07378058372602336,-0.9101015329360962,98903.796875,pinn,surrogate estimate; validate top designs with OpenFOAM,39.446645498331456,0.4262425543960825,0.0,4415,0.09373709759664042
1.6428651290474465,0.0012850502462890027,0.027609888464212418,0.34218290763804093,39.059620538717404,1.0784708261489868,500000.0,continuous_49,49,continuous_naca,direct OpenFOAM-coefficient surrogate,0.0856801827079515,-0.9454815983772278,98890.0625,pinn,surrogate estimate; validate top designs with OpenFOAM,39.059620538717404,0.43211162354514443,0.0,4415,0.09573100969379071
1.8683865825127532,0.006135033264291636,0.02529844641685486,0.2623135295265127,39.383810924570085,0.9963886141777039,500000.0,continuous_50,50,continuous_naca,direct OpenFOAM-coefficient surrogate,0.0732942091492926,-0.9362782835960388,98899.5234375,pinn,surrogate estimate; validate top designs with OpenFOAM,39.383810924570085,0.40470458816179067,0.0,4415,0.09923407993907393
1.6945765110486892,-0.0020965360312417414,0.024770794436335564,0.2030445120282061,39.97385516604425,0.9902241230010986,500000.0,continuous_51,51,continuous_naca,direct OpenFOAM-coefficient surrogate,0.07410358751635737,-0.9289087653160095,98902.4765625,pinn,surrogate estimate; validate top designs with OpenFOAM,39.97385516604425,0.4094683795922007,0.0,4415,0.09393834244026253
1.5998506633764817,0.0029659527259475764,0.02382294461131096,0.2262034041094748,40.330256662849905,0.9608258008956909,500000.0,continuous_52,52,continuous_naca,direct OpenFOAM-coefficient surrogate,0.0720256309203205,-0.9166966080665588,98903.8671875,pinn,surrogate estimate; validate top designs with OpenFOAM,40.330256662849905,0.4073477534767971,0.0,4415,0.0903036879124271
1.5759501753609046,0.00383644988595499,0.02540702372789383,0.2557660352261754,40.03350391445014,1.0171722173690796,500000.0,continuous_53,53,continuous_naca,direct OpenFOAM-coefficient surrogate,0.07843458996100985,-0.8780709505081177,98904.6328125,pinn,surrogate estimate; validate top designs with OpenFOAM,40.03350391445014,0.4197950059109211,0.0,4415,0.09144671798379858
1.1770125396962032,0.007706776067221085,0.025593802332878113,0.3602909462632067,39.73161962803394,1.016922950744629,500000.0,continuous_54,54,continuous_naca,direct OpenFOAM-coefficient surrogate,0.08027521850177236,-0.9545763731002808,98894.71875,pinn,surrogate estimate; validate top designs with OpenFOAM,39.73161962803394,0.3950332654340486,0.0,4415,0.0957985105198112
1.424255557303642,0.006014352395465921,0.025314828380942345,0.22457317541404187,40.589366608041075,1.0275534391403198,500000.0,continuous_55,55,continuous_naca,direct OpenFOAM-coefficient surrogate,0.07922278018641815,-0.8957262635231018,98905.5390625,pinn,surrogate estimate; validate top designs with OpenFOAM,40.589366608041075,0.3931711614307537,0.0,4415,0.08603042450088727
1.343673517240152,-0.0004695682447336165,0.025292858481407166,0.23393126189152022,41.078306963095756,1.0390288829803467,500000.0,continuous_56,56,continuous_naca,direct OpenFOAM-coefficient surrogate,0.08051062651553931,-0.9228276610374451,98905.3984375,pinn,surrogate estimate; validate top designs with OpenFOAM,41.078306963095756,0.3812163117739966,0.0,4415,0.07857749045950757
1.1817064368019312,0.0026817703601915116,0.02334306761622429,0.19663711976575532,41.08856397961154,0.9591742157936096,500000.0,continuous_57,57,continuous_naca,direct OpenFOAM-coefficient surrogate,0.07461873690323576,-0.8650136590003967,98912.9296875,pinn,surrogate estimate; validate top designs with OpenFOAM,41.08856397961154,0.4033681487696057,0.0,4415,0.08167868568474129
0.9392911496854266,0.0026044857213405746,0.021686410531401634,0.2878289015828037,41.60745948937536,0.9023580551147461,500000.0,continuous_58,58,continuous_naca,direct OpenFOAM-coefficient surrogate,0.07142595733181101,-0.8194326758384705,98914.28125,pinn,surrogate estimate; validate top designs with OpenFOAM,41.60745948937536,0.40588821339027037,0.0,4415,0.07432576965059645
1.5523702131352795,0.0024849797151615437,0.02247145213186741,0.3397928446830619,41.81098157710086,0.9395952820777893,500000.0,continuous_59,59,continuous_naca,direct OpenFOAM-coefficient surrogate,0.07092318386256799,-0.8226423263549805,98913.4140625,pinn,surrogate estimate; validate top designs with OpenFOAM,41.81098157710086,0.41209037684194405,0.0,4415,0.07152832248335367
1.7400490498548171,-0.0009699225838847842,0.02100522257387638,0.1332463267028466,42.409234340417555,0.8908578157424927,500000.0,continuous_60,60,continuous_naca,direct OpenFOAM-coefficient surrogate,0.06624716654296581,-0.7483178973197937,98927.875,pinn,surrogate estimate; validate top designs with OpenFOAM,42.409234340417555,0.4206189325458918,0.0,4415,0.06
1.235482014717534,-0.0014964754381174507,0.02021380141377449,0.12212710619826797,43.62278440780507,0.8818259239196777,500000.0,continuous_61,61,continuous_naca,direct OpenFOAM-coefficient surrogate,0.06667010069430845,-0.7601807117462158,98927.34375,pinn,surrogate estimate; validate top designs with OpenFOAM,43.62278440780507,0.3877405996825568,0.0,4415,0.06015675602746698
1.065247934395849,0.0019045059202772063,0.01877417229115963,0.1506804670286025,43.049768385027434,0.808266818523407,500000.0,continuous_62,62,continuous_naca,direct OpenFOAM-coefficient surrogate,0.06078785606095777,-0.7561995387077332,98932.40625,pinn,surrogate estimate; validate top designs with OpenFOAM,43.049768385027434,0.37171339656837454,0.0,4415,0.06
1.0293972023724831,0.004974697650076542,0.02086843177676201,0.23411142555559758,43.562585252554776,0.9091264009475708,500000.0,continuous_63,63,continuous_naca,direct OpenFOAM-coefficient surrogate,0.0704012946219918,-0.7742103338241577,98925.390625,pinn,surrogate estimate; validate top designs with OpenFOAM,43.562585252554776,0.39038427521956076,0.0,4415,0.06
1.1284361910749783,0.00028443981029802154,0.017017563804984093,0.18299834986925956,42.47711877710052,0.7228995561599731,500000.0,continuous_64,64,continuous_naca,direct OpenFOAM-coefficient surrogate,0.056861633079999224,-0.678945779800415,98934.7265625,pinn,surrogate estimate; validate top designs with OpenFOAM,42.47711877710052,0.4210996986451432,0.0,4415,0.06
1.6273910793244797,0.00022985772774852925,0.018842926248908043,0.18695110407526203,42.780044267390686,0.8061439990997314,500000.0,continuous_65,65,continuous_naca,direct OpenFOAM-coefficient surrogate,0.05866414013782162,-0.7570798397064209,98927.2734375,pinn,surrogate estimate; validate top designs with OpenFOAM,42.780044267390686,0.40403353965630595,0.0,4415,0.06
0.7703041938899204,1.8629353711244895e-05,0.01794886775314808,0.15471959473443453,42.9595988305583,0.7711191177368164,500000.0,continuous_66,66,continuous_naca,direct OpenFOAM-coefficient surrogate,0.060051417724094724,-0.7410036325454712,98933.296875,pinn,surrogate estimate; validate top designs with OpenFOAM,42.9595988305583,0.3810101240558915,0.0,4415,0.06007837801373349
4.0,0.0076650329821189534,0.02678573504090309,0.10353514579487402,13.367054012342676,0.35805973410606384,500000.0,continuous_1,1,continuous_naca,direct OpenFOAM-coefficient surrogate,0.0,-0.796085774898529,98931.53125,fno,surrogate estimate; validate top designs with OpenFOAM,13.367054012342676,0.4,0.0,0012,0.12
4.0,0.008615916970996403,0.03027433156967163,0.1351862701357382,14.344391214052266,0.43428120017051697,500000.0,continuous_2,2,continuous_naca,direct OpenFOAM-coefficient surrogate,0.00025,-0.8681358695030212,98916.75,fno,surrogate estimate; validate top designs with OpenFOAM,14.344391214052266,0.4,0.0,0012,0.12
4.0,0.0076650329821189534,0.02678573504090309,0.10353514579487402,13.367054012342676,0.35805973410606384,500000.0,continuous_3,3,continuous_naca,direct OpenFOAM-coefficient surrogate,0.0,-0.796085774898529,98931.53125,fno,surrogate estimate; validate top designs with OpenFOAM,13.367054012342676,0.42000000000000004,0.0,0012,0.12
4.0,0.007616597134811823,0.027214447036385536,0.08302717478685737,13.52055335053257,0.3679679036140442,500000.0,continuous_4,4,continuous_naca,direct OpenFOAM-coefficient surrogate,0.0,-0.7689659595489502,98935.7890625,fno,surrogate estimate; validate top designs with OpenFOAM,13.52055335053257,0.4,0.0,0012,0.126
4.2,0.008419258948134088,0.027750181034207344,0.11574212090472633,13.68995451897467,0.379912406206131,500000.0,continuous_5,5,continuous_naca,direct OpenFOAM-coefficient surrogate,0.0,-0.8256680369377136,98924.953125,fno,surrogate estimate; validate top designs with OpenFOAM,13.68995451897467,0.4,0.0,0012,0.12
4.1,0.009030968500016104,0.03162950277328491,0.13642814629793487,14.670030203681387,0.46402043104171753,500000.0,continuous_6,6,continuous_naca,direct OpenFOAM-coefficient surrogate,0.000125,-0.9142826795578003,98906.265625,fno,surrogate estimate; validate top designs with OpenFOAM,14.670030203681387,0.38,0.0,0012,0.123
4.149999999999999,0.009441095740507962,0.032672036439180374,0.12751257170829264,14.819583919816129,0.4842008054256439,500000.0,continuous_7,7,continuous_naca,direct OpenFOAM-coefficient surrogate,0.0001875,-0.9540106058120728,98900.2109375,fno,surrogate estimate; validate top designs with OpenFOAM,14.819583919816129,0.3600000000000001,0.0,0012,0.1245
4.174999999999999,0.007888442757668021,0.03190696984529495,0.12187281728328006,14.596027152110615,0.46572959423065186,500000.0,continuous_8,8,continuous_naca,direct OpenFOAM-coefficient surrogate,0.00021875,-0.940600574016571,98901.9609375,fno,surrogate estimate; validate top designs with OpenFOAM,14.596027152110615,0.38,0.0,0012,0.12525
4.262499999999999,0.012425386002154747,0.03322587534785271,0.197545430819943,14.925602944518296,0.49593114852905273,500000.0,continuous_9,9,continuous_naca,direct OpenFOAM-coefficient surrogate,0.000328125,-0.94121253490448,98895.96875,fno,surrogate estimate; validate top designs with OpenFOAM,14.925602944518296,0.37,0.0,0012,0.11887500000000001
4.393749999999999,0.016965114177987954,0.03471491113305092,0.253457630240779,14.864869187629369,0.516047477722168,500000.0,continuous_10,10,continuous_naca,direct OpenFOAM-coefficient surrogate,0.0004921875,-1.0282182693481445,98869.8046875,fno,surrogate estimate; validate top designs with OpenFOAM,14.864869187629369,0.355,0.0,0012,0.11531250000000004
4.093749999999999,0.006787845245609225,0.03230960667133331,0.1217755389702125,14.73140797715106,0.4759807288646698,500000.0,continuous_11,11,continuous_naca,direct OpenFOAM-coefficient surrogate,0.0004921875,-0.9601019024848938,98896.2265625,fno,surrogate estimate; validate top designs with OpenFOAM,14.73140797715106,0.3550000000000001,0.0,0012,0.12431249999999999
4.340624999999999,0.00739531332880271,0.03473249822854996,0.14680802022360145,15.159198502787417,0.526531994342804,500000.0,continuous_12,12,continuous_naca,direct OpenFOAM-coefficient surrogate,0.00036328125,-1.012872338294983,98887.09375,fno,surrogate estimate; validate top designs with OpenFOAM,15.159198502787417,0.33250000000000013,0.0,0012,0.12646875000000002
4.510937499999999,0.008996206334494813,0.03686148300766945,0.15449175574016677,15.461839240497115,0.5699617862701416,500000.0,continuous_13,13,continuous_naca,direct OpenFOAM-coefficient surrogate,0.00041992187499999994,-1.0867929458618164,98873.9765625,fno,surrogate estimate; validate top designs with OpenFOAM,15.461839240497115,0.2987500000000003,0.0,0012,0.12970312500000003
4.333593749999999,0.010486004740191658,0.03548332303762436,0.16068961092488068,15.071939679990912,0.5348175764083862,500000.0,continuous_14,14,continuous_naca,direct OpenFOAM-coefficient surrogate,0.0004951171875,-1.0308672189712524,98879.3828125,fno,surrogate estimate; validate top designs with OpenFOAM,15.071939679990912,0.31187500000000024,0.0,0012,0.12344531250000002
4.5347656249999995,0.011784873525561868,0.03645550087094307,0.17332264453879442,15.185346634705699,0.5536046028137207,500000.0,continuous_15,15,continuous_naca,direct OpenFOAM-coefficient surrogate,0.00022314453124999993,-1.058706283569336,98871.21875,fno,surrogate estimate; validate top designs with OpenFOAM,15.185346634705699,0.3153125000000002,0.0,0012,0.12394921875000003
4.6708984375,0.010183739222385023,0.03826536610722542,0.176554571982364,15.283604015582766,0.5848479866981506,500000.0,continuous_16,16,continuous_naca,direct OpenFOAM-coefficient surrogate,0.0005456542968749999,-1.1412239074707031,98855.09375,fno,surrogate estimate; validate top designs with OpenFOAM,15.283604015582766,0.28796875000000033,0.0,0012,0.12348632812500004
4.76259765625,0.011522961324319556,0.04084416851401329,0.17440646547423147,15.614440842604237,0.6377744674682617,500000.0,continuous_17,17,continuous_naca,direct OpenFOAM-coefficient surrogate,0.0005137939453124997,-1.2286521196365356,98841.46875,fno,surrogate estimate; validate top designs with OpenFOAM,15.614440842604237,0.23695312500000054,0.0,0012,0.13141699218750008
5.012646484375001,0.007508848071180491,0.04493863880634308,0.12369764382281233,15.940259013279064,0.7163494825363159,500000.0,continuous_18,18,continuous_naca,direct OpenFOAM-coefficient surrogate,0.0006066284179687497,-1.3699027299880981,98819.9921875,fno,surrogate estimate; validate top designs with OpenFOAM,15.940259013279064,0.17042968750000087,0.0,0012,0.13768798828125012
5.031030273437501,0.01751762779519439,0.04312608391046524,0.1487390308108874,15.427554335819408,0.6653454303741455,500000.0,continuous_19,19,continuous_naca,direct OpenFOAM-coefficient surrogate,0.00040255737304687475,-1.2600502967834473,98837.25,fno,surrogate estimate; validate top designs with OpenFOAM,15.427554335819408,0.22435546875000056,0.0,0012,0.1339680175781251
5.077990722656252,0.006450848758343568,0.04500175639986992,0.12939816941354182,15.832872938166075,0.7125229239463806,500000.0,continuous_20,20,continuous_naca,direct OpenFOAM-coefficient surrogate,0.0007642364501953122,-1.3733690977096558,98817.9609375,fno,surrogate estimate; validate top designs with OpenFOAM,15.832872938166075,0.1754394531250008,0.0,0012,0.1384735107421876
5.145404052734378,0.014797443347015488,0.04636161029338837,0.1806052899108318,15.65993011864249,0.7260352373123169,500000.0,continuous_21,21,continuous_naca,direct OpenFOAM-coefficient surrogate,0.0005510177612304684,-1.438742756843567,98781.453125,fno,surrogate estimate; validate top designs with OpenFOAM,15.65993011864249,0.1465185546875009,0.0,0012,0.14642999267578138
4.842459106445315,0.0038872465581950874,0.04400385916233063,0.13109521484887005,16.172480268096177,0.7116677165031433,500000.0,continuous_22,22,continuous_naca,direct OpenFOAM-coefficient surrogate,0.0007683448791503902,-1.370071291923523,98820.171875,fno,surrogate estimate; validate top designs with OpenFOAM,16.172480268096177,0.17121337890625088,0.0,0012,0.14217929077148445
4.748173522949221,0.01376642150937216,0.044414110481739044,0.19545339584981758,15.66027458636416,0.6955528259277344,500000.0,continuous_23,23,continuous_naca,direct OpenFOAM-coefficient surrogate,0.0009512386322021479,-1.3864092826843262,98797.53125,fno,surrogate estimate; validate top designs with OpenFOAM,15.66027458636416,0.1446423339843761,0.0,0012,0.14628492736816412
5.528312683105474,0.023271404119161065,0.050483107566833496,0.4220034498884597,15.758898951726946,0.7955739498138428,500000.0,continuous_24,24,continuous_naca,direct OpenFOAM-coefficient surrogate,0.0009251918792724603,-1.581667423248291,98742.109375,fno,surrogate estimate; validate top designs with OpenFOAM,15.758898951726946,0.1,0.0,0012,0.15268226623535175
5.085300445556644,0.005620801874575494,0.04566054046154022,0.13911336383254683,15.826615291173546,0.7226676344871521,500000.0,continuous_25,25,continuous_naca,direct OpenFOAM-coefficient surrogate,0.0009811830520629877,-1.3940348625183105,98813.25,fno,surrogate estimate; validate top designs with OpenFOAM,15.826615291173546,0.16202270507812533,0.0,0012,0.13908153533935558
4.480885696411132,0.008338223012614325,0.038939882069826126,0.1679591411336247,15.250392238094546,0.5938637256622314,500000.0,continuous_26,26,continuous_naca,direct OpenFOAM-coefficient surrogate,0.0006350045204162596,-1.1959277391433716,98841.453125,fno,surrogate estimate; validate top designs with OpenFOAM,15.250392238094546,0.2395526123046889,0.0,0012,0.12602889633178715
5.266455936431889,0.014395011272317343,0.04767739400267601,0.2068638315796508,15.638587869699132,0.7456227540969849,500000.0,continuous_27,27,continuous_naca,direct OpenFOAM-coefficient surrogate,0.0008526450395584101,-1.4721649885177612,98769.96875,fno,surrogate estimate; validate top designs with OpenFOAM,15.638587869699132,0.13488815307617225,0.0,0012,0.1460189237594606
4.927552795410158,0.0028737158311809563,0.04444697126746178,0.12115503002312399,16.171963647704484,0.7188109755516052,500000.0,continuous_28,28,continuous_naca,direct OpenFOAM-coefficient surrogate,0.0006874866485595699,-1.3843570947647095,98817.0390625,fno,surrogate estimate; validate top designs with OpenFOAM,16.171963647704484,0.17082153320312587,0.0,0012,0.13993363952636728
4.960224914550784,0.0028494991488298128,0.04463315010070801,0.12249904380328974,16.174759798831637,0.721946656703949,500000.0,continuous_29,29,continuous_naca,direct OpenFOAM-coefficient surrogate,0.0007662906646728512,-1.3903849124908447,98815.6796875,fno,surrogate estimate; validate top designs with OpenFOAM,16.174759798831637,0.17332641601562584,0.0,0012,0.14032640075683603
4.963879776000979,0.0017520885745162431,0.04486541822552681,0.12934244636384748,16.170381083422075,0.7255070805549622,500000.0,continuous_30,30,continuous_naca,direct OpenFOAM-coefficient surrogate,0.000874763965606689,-1.3975690603256226,98814.046875,fno,surrogate estimate; validate top designs with OpenFOAM,16.170381083422075,0.1666180419921881,0.0,0012,0.14063041305542
5.185385894775394,0.01602870206323363,0.047123659402132034,0.25472205722947294,15.646875582185018,0.7373536825180054,500000.0,continuous_31,31,continuous_naca,direct OpenFOAM-coefficient surrogate,0.0008467683792114252,-1.4583956003189087,98774.84375,fno,surrogate estimate; validate top designs with OpenFOAM,15.646875582185018,0.13560668945312543,0.0,0012,0.1474307785034181
4.6616724014282225,0.015709178394299046,0.042002663016319275,0.1467395388390566,15.42805187154352,0.6480346918106079,500000.0,continuous_32,32,continuous_naca,direct OpenFOAM-coefficient surrogate,0.000701674699783325,-1.2261134386062622,98845.2265625,fno,surrogate estimate; validate top designs with OpenFOAM,15.42805187154352,0.2053829956054699,0.0,0012,0.1341040935516358
5.054457521438602,0.0035515817871970452,0.04576237499713898,0.14916561820754223,15.959222234506418,0.7303478717803955,500000.0,continuous_33,33,continuous_naca,direct OpenFOAM-coefficient surrogate,0.0008104949593544001,-1.4281589984893799,98805.6328125,fno,surrogate estimate; validate top designs with OpenFOAM,15.959222234506418,0.15305076599121153,0.0,0012,0.14409910726547254
4.792600774765015,0.007085948626575024,0.04317529499530792,0.11410319207884059,15.937348409599858,0.688115656375885,500000.0,continuous_34,34,continuous_naca,direct OpenFOAM-coefficient surrogate,0.0007379481196403501,-1.313585638999939,98832.1953125,fno,surrogate estimate; validate top designs with OpenFOAM,15.937348409599858,0.1879389190673838,0.0,0012,0.13743576478958136
4.988993334770205,0.0038333041386413836,0.04518479108810425,0.1373084892792171,16.166662623631122,0.7305034399032593,500000.0,continuous_35,35,continuous_naca,direct OpenFOAM-coefficient surrogate,0.0007923582494258877,-1.407572865486145,98811.71875,fno,surrogate estimate; validate top designs with OpenFOAM,16.166662623631122,0.1617728042602546,0.0,0012,0.14243327164649974
4.858064961433412,0.006567497790280104,0.043624117970466614,0.12367174232220564,15.827707265439262,0.6904855966567993,500000.0,continuous_36,36,continuous_naca,direct OpenFOAM-coefficient surrogate,0.0007560848295688626,-1.328808307647705,98827.5859375,fno,surrogate estimate; validate top designs with OpenFOAM,15.827707265439262,0.17921688079834075,0.0,0012,0.13910160040855415
4.956261241436007,0.0039237361381351445,0.044810764491558075,0.1342816830547995,16.170860227909788,0.7246447801589966,500000.0,continuous_37,37,continuous_naca,direct OpenFOAM-coefficient surrogate,0.0007832898944616314,-1.395896077156067,98814.4296875,fno,surrogate estimate; validate top designs with OpenFOAM,16.170860227909788,0.16613382339477611,0.0,0012,0.14160035383701336
4.879369252920153,0.003979534526572331,0.0441812239587307,0.1310790042298874,16.17304519215523,0.7145611047744751,500000.0,continuous_38,38,continuous_naca,direct OpenFOAM-coefficient surrogate,0.0006279420778155325,-1.375785231590271,98818.9296875,fno,surrogate estimate; validate top designs with OpenFOAM,16.17304519215523,0.17412953376770124,0.0,0012,0.14138942939043053
4.848541793227199,0.0029256846403760946,0.04382596164941788,0.11858648382400075,16.176010539661338,0.7089453935623169,500000.0,continuous_39,39,continuous_naca,direct OpenFOAM-coefficient surrogate,0.0006417422406375405,-1.3642445802688599,98821.421875,fno,surrogate estimate; validate top designs with OpenFOAM,16.176010539661338,0.1786116075515758,0.0,0012,0.14031402638554574
4.7946820691227945,0.004543916590853749,0.043266989290714264,0.12366065405536356,15.796356116207424,0.6834765672683716,500000.0,continuous_40,40,continuous_naca,direct OpenFOAM-coefficient surrogate,0.0005709684137254951,-1.3245378732681274,98825.953125,fno,surrogate estimate; validate top designs with OpenFOAM,15.796356116207424,0.18485049962997557,0.0,0012,0.13967086265981193
4.837744738161568,0.00395595093467184,0.04378369450569153,0.12993127443113606,16.176237624901283,0.7082716226577759,500000.0,continuous_41,41,continuous_naca,direct OpenFOAM-coefficient surrogate,0.0007146732825785874,-1.3628329038619995,98821.7265625,fno,surrogate estimate; validate top designs with OpenFOAM,16.176237624901283,0.177818934917451,0.0,0012,0.14217093412578108
4.792840709537273,0.004442383001572087,0.04316405951976776,0.1283440790693348,15.980881475172355,0.6898157000541687,500000.0,continuous_42,42,continuous_naca,direct OpenFOAM-coefficient surrogate,0.0007282665995880962,-1.3453571796417236,98823.9609375,fno,surrogate estimate; validate top designs with OpenFOAM,15.980881475172355,0.18131763577461357,0.0,0012,0.14328958142548798
4.920481242984536,0.004569330738214403,0.0441485270857811,0.12813223708544566,15.796034588069759,0.6973874568939209,500000.0,continuous_43,43,continuous_naca,direct OpenFOAM-coefficient surrogate,0.0006069792537018655,-1.3523775339126587,98819.828125,fno,surrogate estimate; validate top designs with OpenFOAM,15.796034588069759,0.18072986721992607,0.0,0012,0.13992110455781226
4.86196464058012,0.003947747965537972,0.04410027712583542,0.13054619495173383,16.17389396770299,0.7132893800735474,500000.0,continuous_44,44,continuous_naca,direct OpenFOAM-coefficient surrogate,0.000728003472788259,-1.3732454776763916,98819.484375,fno,surrogate estimate; validate top designs with OpenFOAM,16.17389396770299,0.17359250098466966,0.0,0012,0.1416147442180664
4.874868790339683,0.0031089377773619313,0.04399044066667557,0.12642131332179857,16.172943418035942,0.7114710807800293,500000.0,continuous_45,45,continuous_naca,direct OpenFOAM-coefficient surrogate,0.0007974127525230865,-1.3696342706680298,98820.265625,fno,surrogate estimate; validate top designs with OpenFOAM,16.172943418035942,0.17754519596695995,0.0,0012,0.1408236233526841
4.878244137275035,0.00403055121469917,0.043990448117256165,0.13012485526394588,16.1729433887455,0.7114711999893188,500000.0,continuous_46,46,continuous_naca,direct OpenFOAM-coefficient surrogate,0.0006703097464924211,-1.3696346282958984,98820.265625,fno,surrogate estimate; validate top designs with OpenFOAM,16.1729433887455,0.17498344931751592,0.0,0012,0.1412479778809939
4.843143265694383,0.004009413145854213,0.04380566626787186,0.12914884863700965,16.17634244019009,0.7086316347122192,500000.0,continuous_47,47,continuous_naca,direct OpenFOAM-coefficient surrogate,0.000678207761608064,-1.3635387420654297,98821.5703125,fno,surrogate estimate; validate top designs with OpenFOAM,16.17634244019009,0.1782152712345134,0.0,0012,0.1412424802556634
4.898984826356176,0.0040242774208853445,0.04411141201853752,0.13074608221293044,16.173359588020567,0.7134459018707275,500000.0,continuous_48,48,continuous_naca,direct OpenFOAM-coefficient surrogate,0.0007404819736257193,-1.3735986948013306,98819.40625,fno,surrogate estimate; validate top designs with OpenFOAM,16.173359588020567,0.17557267546653843,0.0,0012,0.14124866744130854
4.849854689370844,0.003971924998327194,0.04384694993495941,0.1297558334564873,16.176293314446546,0.7092972993850708,500000.0,continuous_49,49,continuous_naca,direct OpenFOAM-coefficient surrogate,0.0007213383776834231,-1.3649647235870361,98821.265625,fno,surrogate estimate; validate top designs with OpenFOAM,16.176293314446546,0.17570571795106033,0.0,0012,0.14189283917192375
4.8585569955408605,0.004021905218376756,0.043886639177799225,0.1293672296591348,16.17540321764961,0.7099002599716187,500000.0,continuous_50,50,continuous_naca,direct OpenFOAM-coefficient surrogate,0.0006713076801970599,-1.3662352561950684,98820.9921875,fno,surrogate estimate; validate top designs with OpenFOAM,16.17540321764961,0.1759742343425761,0.0,0012,0.1417801817581058
4.795665018027653,0.003951017490348015,0.04354747757315636,0.1286647008230122,16.175098104009507,0.704400897026062,500000.0,continuous_51,51,continuous_naca,direct OpenFOAM-coefficient surrogate,0.0006522815774078478,-1.3551768064498901,98823.3515625,fno,surrogate estimate; validate top designs with OpenFOAM,16.175098104009507,0.17828440375626198,0.0,0012,0.1422945502144285
4.821494970109784,0.0039577788364136566,0.04368826746940613,0.12950890497091525,16.176255574041363,0.7067287564277649,500000.0,continuous_52,52,continuous_naca,direct OpenFOAM-coefficient surrogate,0.0006743316764623157,-1.3597862720489502,98822.375,fno,surrogate estimate; validate top designs with OpenFOAM,16.176255574041363,0.1776064716838311,0.0,0012,0.1420330795211485
4.81756183612743,0.003954728110083927,0.04367364943027496,0.12885434624938197,16.175881943989875,0.7064759731292725,500000.0,continuous_53,53,continuous_naca,direct OpenFOAM-coefficient surrogate,0.0007229678689691352,-1.35932457447052,98822.46875,fno,surrogate estimate; validate top designs with OpenFOAM,16.175881943989875,0.17869896355085177,0.0,0012,0.14188948477915259
4.827810625980788,0.0039629956032952406,0.04372703284025192,0.12914541977507113,16.1762110938374,0.7073538899421692,500000.0,continuous_54,54,continuous_naca,direct OpenFOAM-coefficient surrogate,0.0007100528217761162,-1.3610529899597168,98822.1015625,fno,surrogate estimate; validate top designs with OpenFOAM,16.1762110938374,0.17801778124878287,0.0,0012,0.14186215902389088
4.848308205687503,0.003980479779358516,0.04383406788110733,0.12973227777928611,16.175695163206008,0.7090626955032349,500000.0,continuous_55,55,continuous_naca,direct OpenFOAM-coefficient surrogate,0.0006842227273900789,-1.3645085096359253,98821.3671875,fno,surrogate estimate; validate top designs with OpenFOAM,16.175695163206008,0.176655416644645,0.0,0012,0.14180750751336751
4.832935020907467,0.003966497695983656,0.04375365003943443,0.12928788038632877,16.176522109470042,0.7077980637550354,500000.0,continuous_56,56,continuous_naca,direct OpenFOAM-coefficient surrogate,0.0007035952981796069,-1.3619167804718018,98821.921875,fno,surrogate estimate; validate top designs with OpenFOAM,16.176522109470042,0.1776771900977484,0.0,0012,0.14184849614626005
4.83596923487967,0.004007640490316592,0.0437651127576828,0.12891042972114572,16.17627840272924,0.7079728245735168,500000.0,continuous_57,57,continuous_naca,direct OpenFOAM-coefficient surrogate,0.0006740632743881176,-1.3622705936431885,98821.84375,fno,surrogate estimate; validate top designs with OpenFOAM,16.17627840272924,0.17678339056612563,0.0,0012,0.1413375134217168
4.859456135316398,0.004009879500501,0.0438956618309021,0.1296684174526544,16.175524674183787,0.7100515365600586,500000.0,continuous_58,58,continuous_naca,direct OpenFOAM-coefficient surrogate,0.0007142706794672903,-1.3665584325790405,98820.9296875,fno,surrogate estimate; validate top designs with OpenFOAM,16.175524674183787,0.1765843132408928,0.0,0012,0.1411275849766335
4.8309852614114375,0.004003896735981721,0.04374019801616669,0.12858867705329022,16.175893700812868,0.707552969455719,500000.0,continuous_59,59,continuous_naca,direct OpenFOAM-coefficient surrogate,0.0006843164272135594,-1.361479640007019,98822.015625,fno,surrogate estimate; validate top designs with OpenFOAM,16.175893700812868,0.17735093207309652,0.0,0012,0.14180670588501976
4.838039143300925,0.004004964602711266,0.043779972940683365,0.1288955768173667,16.176268942969916,0.7082127928733826,500000.0,continuous_60,60,continuous_naca,direct OpenFOAM-coefficient surrogate,0.0006909015298938355,-1.3627276420593262,98821.7421875,fno,surrogate estimate; validate top designs with OpenFOAM,16.176268942969916,0.1779462306661309,0.0,0012,0.14154548820096174
4.841394855139155,0.0039701031250318495,0.04380296543240547,0.12952494150462662,16.17638733082994,0.7085899114608765,500000.0,continuous_61,61,continuous_naca,direct OpenFOAM-coefficient surrogate,0.000712466837931515,-1.3634408712387085,98821.59375,fno,surrogate estimate; validate top designs with OpenFOAM,16.17638733082994,0.17669145402440437,0.0,0012,0.1418706676590919
4.834452127893568,0.004004174940327981,0.04375918582081795,0.12877780473724001,16.17638264051799,0.707881510257721,500000.0,continuous_62,62,continuous_naca,direct OpenFOAM-coefficient surrogate,0.0006888292862838622,-1.3620938062667847,98821.8828125,fno,surrogate estimate; validate top designs with OpenFOAM,16.17638264051799,0.17723029033193702,0.0,0012,0.14159300478398842
4.827214995508625,0.003956662966494198,0.0437210351228714,0.12971016337604566,16.176086670490562,0.7072514295578003,500000.0,continuous_63,63,continuous_naca,direct OpenFOAM-coefficient surrogate,0.0006889634873209613,-1.360851526260376,98822.1484375,fno,surrogate estimate; validate top designs with OpenFOAM,16.176086670490562,0.17764183089078975,0.0,0012,0.14194078783370428
4.846195578111932,0.00400441315033977,0.04382579028606415,0.1291470616943222,16.176016667884138,0.7089428901672363,500000.0,continuous_64,64,continuous_naca,direct OpenFOAM-coefficient surrogate,0.0007089329888234487,-1.3642382621765137,98821.421875,fno,surrogate estimate; validate top designs with OpenFOAM,16.176016667884138,0.1771307516693206,0.0,0012,0.14148804056144676
4.831960141159453,0.003969325204715788,0.0437469556927681,0.12926497543935864,16.17607226158196,0.7076700925827026,500000.0,continuous_65,65,continuous_naca,direct OpenFOAM-coefficient surrogate,0.0006939558626965831,-1.3616981506347656,98821.96875,fno,surrogate estimate; validate top designs with OpenFOAM,16.17607226158196,0.17751406108542245,0.0,0012,0.1418276010156399
4.837164938023311,0.003969508015831276,0.04377825930714607,0.12941089257332836,16.176467811462057,0.7081937789916992,500000.0,continuous_66,66,continuous_naca,direct OpenFOAM-coefficient surrogate,0.000708031068055561,-1.3626790046691895,98821.7578125,fno,surrogate estimate; validate top designs with OpenFOAM,16.176467811462057,0.17718432206107637,0.0,0012,0.14185958190267597
4.833693574400518,0.004001927112521374,0.04375644773244858,0.12870324195078556,16.176359623525112,0.7078362107276917,500000.0,continuous_67,67,continuous_naca,direct OpenFOAM-coefficient surrogate,0.0006962122922317346,-1.3620052337646484,98821.8984375,fno,surrogate estimate; validate top designs with OpenFOAM,16.176359623525112,0.17745374021484273,0.0,0012,0.14172075046512422
4.835487082104196,0.004001319002790323,0.04376697167754173,0.12876179768459867,16.17623006083251,0.7080007791519165,500000.0,continuous_68,68,continuous_naca,direct OpenFOAM-coefficient surrogate,0.0006972484140367212,-1.362322449684143,98821.8359375,fno,surrogate estimate; validate top designs with OpenFOAM,16.17623006083251,0.17781171038193966,0.0,0012,0.1416969921736109
4.830075008208047,0.003968089733398861,0.04373724386096001,0.12918873055105773,16.175842894100676,0.7075029611587524,500000.0,continuous_69,69,continuous_naca,direct OpenFOAM-coefficient surrogate,0.0006962793927502841,-1.3613840341567993,98822.03125,fno,surrogate estimate; validate top designs with OpenFOAM,16.175842894100676,0.1776595104942691,0.0,0012,0.14189464198998217
4.839565299509699,0.004003083577348553,0.04379171505570412,0.12889688769358437,16.176182209254122,0.7083989381790161,500000.0,continuous_70,70,continuous_naca,direct OpenFOAM-coefficient surrogate,0.0007062641435015278,-1.3630774021148682,98821.671875,fno,surrogate estimate; validate top designs with OpenFOAM,16.176182209254122,0.1774039708835345,0.0,0012,0.1416682683538534
4.837192726684286,0.004001618273348486,0.04377738758921623,0.12880459992597287,16.17648494038444,0.7081804275512695,500000.0,continuous_71,71,continuous_naca,direct OpenFOAM-coefficient surrogate,0.0007037679558137168,-1.3626540899276733,98821.7578125,fno,surrogate estimate; validate top designs with OpenFOAM,16.17648494038444,0.17746785578621815,0.0,0012,0.14172486176288562
4.835006047903594,0.003967376341685558,0.04376637190580368,0.12933690066679235,16.17624200878142,0.7079916000366211,500000.0,continuous_72,72,continuous_naca,direct OpenFOAM-coefficient surrogate,0.0007085548931035883,-1.3623054027557373,98821.8359375,fno,surrogate estimate; validate top designs with OpenFOAM,16.17624200878142,0.17707984369800317,0.0,0012,0.14187985296486202
4.835126306453744,0.004000980461620552,0.04376651719212532,0.1287110663194387,16.176240061899268,0.7079938650131226,500000.0,continuous_73,73,continuous_naca,direct OpenFOAM-coefficient surrogate,0.0007057282733368715,-1.362309455871582,98821.8359375,fno,surrogate estimate; validate top designs with OpenFOAM,16.176240061899268,0.17726281036898728,0.0,0012,0.14183413776704923
4.835063873795876,0.004000644945072617,0.04376565292477608,0.12872202306066122,16.17626260836997,0.7079808712005615,500000.0,continuous_74,74,continuous_naca,direct OpenFOAM-coefficient surrogate,0.0007036816269966619,-1.3622854948043823,98821.84375,fno,surrogate estimate; validate top designs with OpenFOAM,16.17626260836997,0.17757252294198328,0.0,0012,0.14178667895457284
4.8350499794653885,0.003968391267072983,0.04376609995961189,0.12935156514769533,16.1762539987351,0.7079877257347107,500000.0,continuous_75,75,continuous_naca,direct OpenFOAM-coefficient surrogate,0.0007058131831175839,-1.3622978925704956,98821.8359375,fno,surrogate estimate; validate top designs with OpenFOAM,16.1762539987351,0.1774307560794124,0.0,0012,0.14185403902446803
4.833314297653992,0.004000595771139878,0.04375508427619934,0.12867108511998393,16.176430504675274,0.7078172564506531,500000.0,continuous_76,76,continuous_naca,direct OpenFOAM-coefficient surrogate,0.0006999037952056707,-1.3619611263275146,98821.90625,fno,surrogate estimate; validate top designs with OpenFOAM,16.176430504675274,0.17756546515629557,0.0,0012,0.14178462330569214
4.834211051505831,0.004001587500905378,0.04375998303294182,0.12870473053259687,16.176405306230745,0.7078953981399536,500000.0,continuous_77,77,continuous_naca,direct OpenFOAM-coefficient surrogate,0.0007004218561081641,-1.3621195554733276,98821.875,fno,surrogate estimate; validate top designs with OpenFOAM,16.176405306230745,0.17774445023984403,0.0,0012,0.14177274415993546
4.832712142466196,0.004000223375477781,0.043751344084739685,0.12866634436298743,16.176231702861454,0.7077480554580688,500000.0,continuous_78,78,continuous_naca,direct OpenFOAM-coefficient surrogate,0.0006979881051274679,-1.361843466758728,98821.9375,fno,surrogate estimate; validate top designs with OpenFOAM,16.176231702861454,0.17784905813852325,0.0,0012,0.1417422322587622
4.83446552021559,0.004000992546878099,0.04376203939318657,0.12868957495388073,16.176433790827964,0.7079299092292786,500000.0,continuous_79,79,continuous_naca,direct OpenFOAM-coefficient surrogate,0.0007038569136200549,-1.3621842861175537,98821.859375,fno,surrogate estimate; validate top designs with OpenFOAM,16.176433790827964,0.1775353315941901,0.0,0012,0.14182608733304158
4.832399071345565,0.004000612649430985,0.04375021159648895,0.12863186904070503,16.176184495113525,0.7077276706695557,500000.0,continuous_80,80,continuous_naca,direct OpenFOAM-coefficient surrogate,0.0007002073045600864,-1.3618052005767822,98821.9453125,fno,surrogate estimate; validate top designs with OpenFOAM,16.176184495113525,0.17768869560205575,0.0,0012,0.1418292965178918
4.8343976731832985,0.004000696455787806,0.04376140236854553,0.12869877673378474,16.176440445092602,0.7079198956489563,500000.0,continuous_81,81,continuous_naca,direct OpenFOAM-coefficient surrogate,0.000702813046387518,-1.3621655702590942,98821.8671875,fno,surrogate estimate; validate top designs with OpenFOAM,16.176440445092602,0.1776015661070014,0.0,0012,0.14179733334540257
4.833345204474342,0.003967106490296375,0.043756112456321716,0.12930117994548296,16.176375958704103,0.7078315019607544,500000.0,continuous_82,82,continuous_naca,direct OpenFOAM-coefficient surrogate,0.0007046626705882613,-1.3619945049285889,98821.90625,fno,surrogate estimate; validate top designs with OpenFOAM,16.176375958704103,0.1774453262377737,0.0,0012,0.14185552590526274
4.8339945897479595,0.004000264596082067,0.04375901445746422,0.12869203743860963,16.176379244988638,0.707878589630127,500000.0,continuous_83,83,continuous_naca,direct OpenFOAM-coefficient surrogate,0.0007014820597281883,-1.3620882034301758,98821.8828125,fno,surrogate estimate; validate top designs with OpenFOAM,16.176379244988638,0.17766966923932645,0.0,0012,0.14179343959626728
4.833666347045383,0.00400046451764556,0.04375755786895752,0.12866995582442836,16.17634425235093,0.7078534960746765,500000.0,continuous_84,84,continuous_naca,direct OpenFOAM-coefficient surrogate,0.0007032041722835624,-1.3620412349700928,98821.890625,fno,surrogate estimate; validate top designs with OpenFOAM,16.17634425235093,0.1776393781023749,0.0,0012,0.1418229147458313
4.833700270561529,0.004000729102524932,0.0437578484416008,0.12866798688883788,16.17634989195108,0.7078584432601929,500000.0,continuous_85,85,continuous_naca,direct OpenFOAM-coefficient surrogate,0.0007037261058998309,-1.3620504140853882,98821.890625,fno,surrogate estimate; validate top designs with OpenFOAM,16.17634989195108,0.17760626084596925,0.0,0012,0.14183729173965082
4.833124659280729,0.004000841367707925,0.043754395097494125,0.12865465319407893,16.17646870140295,0.7078077793121338,500000.0,continuous_86,86,continuous_naca,direct OpenFOAM-coefficient surrogate,0.0007017495466926389,-1.3619389533996582,98821.9140625,fno,surrogate estimate; validate top designs with OpenFOAM,16.17646870140295,0.17762132762702199,0.0,0012,0.1418165597259761
4.83357303620665,0.004000375908511776,0.04375685006380081,0.12867090439054948,16.176337569775303,0.7078417539596558,500000.0,continuous_87,87,continuous_naca,direct OpenFOAM-coefficient surrogate,0.0007020085771438855,-1.3620182275772095,98821.8984375,fno,surrogate estimate; validate top designs with OpenFOAM,16.176337569775303,0.17771082016879622,0.0,0012,0.14181062015309776
4.833140112690904,0.003966105422750967,0.04375491291284561,0.1292903498996907,16.17644073109284,0.7078149318695068,500000.0,continuous_88,88,continuous_naca,direct OpenFOAM-coefficient surrogate,0.000704128984383934,-1.3619554042816162,98821.9140625,fno,surrogate estimate; validate top designs with OpenFOAM,16.17644073109284,0.17756125816776105,0.0,0012,0.1418520110257614
4.832783684674932,0.003966316704787843,0.04375272989273071,0.12927896889386614,16.176354175009998,0.7077758312225342,500000.0,continuous_89,89,continuous_naca,direct OpenFOAM-coefficient surrogate,0.000703395795294443,-1.3618898391723633,98821.921875,fno,surrogate estimate; validate top designs with OpenFOAM,16.176354175009998,0.17759364026687546,0.0,0012,0.14185426457299288
4.832291468215487,0.003967225719234325,0.04375005513429642,0.12927305712828793,16.176175588670016,0.7077247500419617,500000.0,continuous_90,90,continuous_naca,direct OpenFOAM-coefficient surrogate,0.0007027087063754806,-1.3618000745773315,98821.9453125,fno,surrogate estimate; validate top designs with OpenFOAM,16.176175588670016,0.1776204472337342,0.0,0012,0.14184837399584438
4.833348069975019,0.00399998975918624,0.0437559112906456,0.12865269387389391,16.176390391332415,0.7078288793563843,500000.0,continuous_91,91,continuous_naca,direct OpenFOAM-coefficient surrogate,0.0007034717560187433,-1.3619880676269531,98821.90625,fno,surrogate estimate; validate top designs with OpenFOAM,16.176390391332415,0.1776098074429105,0.0,0012,0.14184006230369922
4.0,0.020513338678139443,0.035136256366968155,0.28527591557586457,18.1252370082815,0.6368710994720459,500000.0,continuous_1,1,continuous_naca,direct OpenFOAM-coefficient surrogate,0.02,-1.0346828699111938,98888.1796875,fno,surrogate estimate; validate top designs with OpenFOAM,18.1252370082815,0.4,0.0,2412,0.12
4.0,0.018785519496075393,0.03523189574480057,0.30129149509512615,17.857048174000777,0.6291555166244507,500000.0,continuous_2,2,continuous_naca,direct OpenFOAM-coefficient surrogate,0.021,-1.0212886333465576,98890.109375,fno,surrogate estimate; validate top designs with OpenFOAM,17.857048174000777,0.4,0.0,2412,0.12
4.0,0.02022766535785307,0.034453511238098145,0.274338949547197,18.05975774356427,0.6222401261329651,500000.0,continuous_3,3,continuous_naca,direct OpenFOAM-coefficient surrogate,0.02,-1.0129703283309937,98891.046875,fno,surrogate estimate; validate top designs with OpenFOAM,18.05975774356427,0.42000000000000004,0.0,2412,0.12
4.0,0.021795295531975664,0.03523337095975876,0.30328577938243134,17.77097986155863,0.6261492967605591,500000.0,continuous_4,4,continuous_naca,direct OpenFOAM-coefficient surrogate,0.02,-1.082626223564148,98877.4453125,fno,surrogate estimate; validate top designs with OpenFOAM,17.77097986155863,0.4,0.0,2412,0.126
4.2,0.022128158886018424,0.03613155707716942,0.2951592044724448,18.19499407912302,0.6574316620826721,500000.0,continuous_5,5,continuous_naca,direct OpenFOAM-coefficient surrogate,0.02,-1.0663073062896729,98883.8828125,fno,surrogate estimate; validate top designs with OpenFOAM,18.19499407912302,0.4,0.0,2412,0.12
4.1,0.01328436367198824,0.03493630141019821,0.23990900929173117,17.239076612468494,0.6022868156433105,500000.0,continuous_6,6,continuous_naca,direct OpenFOAM-coefficient surrogate,0.0205,-1.0205028057098389,98892.9921875,fno,surrogate estimate; validate top designs with OpenFOAM,17.239076612468494,0.41000000000000003,0.0,2412,0.11399999999999999
4.025,0.02551777473783296,0.03560004010796547,0.2966162956434713,18.07391745328211,0.6434502601623535,500000.0,continuous_7,7,continuous_naca,direct OpenFOAM-coefficient surrogate,0.020125,-1.0912566184997559,98878.875,fno,surrogate estimate; validate top designs with OpenFOAM,18.07391745328211,0.4025,0.0,2412,0.123
4.112500000000001,0.022273933725822315,0.03507169708609581,0.2926298117852219,18.291736326091723,0.64154052734375,500000.0,continuous_8,8,continuous_naca,direct OpenFOAM-coefficient surrogate,0.0190625,-1.033400297164917,98887.0703125,fno,surrogate estimate; validate top designs with OpenFOAM,18.291736326091723,0.41125,0.0,2412,0.1215
4.168750000000001,0.020687399652952156,0.03491200506687164,0.2802950736217475,18.313645236180083,0.639384388923645,500000.0,continuous_9,9,continuous_naca,direct OpenFOAM-coefficient surrogate,0.01809375,-1.0327154397964478,98886.2734375,fno,surrogate estimate; validate top designs with OpenFOAM,18.313645236180083,0.4168749999999999,0.0,2412,0.12224999999999997
4.196875000000002,0.021739653240814467,0.03624029457569122,0.31887903537675255,18.389668731549822,0.6664654016494751,500000.0,continuous_10,10,continuous_naca,direct OpenFOAM-coefficient surrogate,0.019109375,-1.0761196613311768,98880.578125,fno,surrogate estimate; validate top designs with OpenFOAM,18.389668731549822,0.38968749999999996,0.0,2412,0.12262499999999998
4.295312500000003,0.02483379186955216,0.03729728236794472,0.30714555339479566,17.985307313979842,0.6708210706710815,500000.0,continuous_11,11,continuous_naca,direct OpenFOAM-coefficient surrogate,0.018664062500000002,-1.1771516799926758,98863.8359375,fno,surrogate estimate; validate top designs with OpenFOAM,17.985307313979842,0.37453125,0.0,2412,0.12393749999999998
4.257812500000002,0.02121122929854454,0.035984959453344345,0.2689279200154095,17.990302408295946,0.6473982930183411,500000.0,continuous_12,12,continuous_naca,direct OpenFOAM-coefficient surrogate,0.018476562500000005,-1.0769308805465698,98881.875,fno,surrogate estimate; validate top designs with OpenFOAM,17.990302408295946,0.4007812499999999,0.0,2412,0.11943749999999997
4.083203125000001,0.022159141889938325,0.035452358424663544,0.3130064196623814,18.316273577075815,0.6493734121322632,500000.0,continuous_13,13,continuous_naca,direct OpenFOAM-coefficient surrogate,0.019712890625,-1.0453705787658691,98885.453125,fno,surrogate estimate; validate top designs with OpenFOAM,18.316273577075815,0.4020703125,0.0,2412,0.12210937499999999
4.3244140625000025,0.021918281300301438,0.03593553602695465,0.3123456892879205,18.23428759233993,0.6552771329879761,500000.0,continuous_14,14,continuous_naca,direct OpenFOAM-coefficient surrogate,0.0184580078125,-1.0787861347198486,98880.1875,fno,surrogate estimate; validate top designs with OpenFOAM,18.23428759233993,0.40431640624999987,0.0,2412,0.12349218749999996
4.186621093750003,0.02068791403699936,0.03475534915924072,0.2955268182508709,17.860538622814087,0.6207671165466309,500000.0,continuous_15,15,continuous_naca,direct OpenFOAM-coefficient surrogate,0.017687011718750003,-1.0709679126739502,98881.0,fno,surrogate estimate; validate top designs with OpenFOAM,17.860538622814087,0.4064746093749999,0.0,2412,0.12523828124999994
4.196655273437501,0.022261675920806655,0.035969506949186325,0.3044912507840232,18.349769501235766,0.6600505113601685,500000.0,continuous_16,16,continuous_naca,direct OpenFOAM-coefficient surrogate,0.0194217529296875,-1.061903953552246,98883.234375,fno,surrogate estimate; validate top designs with OpenFOAM,18.349769501235766,0.40161865234375,0.0,2412,0.12130957031249998
3.9983276367187504,0.020784343838892248,0.035029925405979156,0.29397013551071993,18.288615931753423,0.6406671404838562,500000.0,continuous_17,17,continuous_naca,direct OpenFOAM-coefficient surrogate,0.019710876464843752,-1.0320872068405151,98887.25,fno,surrogate estimate; validate top designs with OpenFOAM,18.288615931753423,0.40080932617187504,0.0,2412,0.12065478515625
4.079849243164063,0.02153925344848147,0.035389844328165054,0.2984837922151143,18.313885973159017,0.6481438875198364,500000.0,continuous_18,18,continuous_naca,direct OpenFOAM-coefficient surrogate,0.019397659301757818,-1.0434460639953613,98885.7109375,fno,surrogate estimate; validate top designs with OpenFOAM,18.313885973159017,0.4016860961914062,0.0,2412,0.12136413574218749
4.109541320800782,0.025469075377667322,0.03688719868659973,0.29896368074741664,17.97643976247982,0.6631184816360474,500000.0,continuous_19,19,continuous_naca,direct OpenFOAM-coefficient surrogate,0.020727088928222663,-1.1324142217636108,98873.5078125,fno,surrogate estimate; validate top designs with OpenFOAM,17.97643976247982,0.38065628051757816,0.0,2412,0.12145404052734377
4.153947830200196,0.020784560111901086,0.035273779183626175,0.29682004409222557,18.340518922060625,0.6469577550888062,500000.0,continuous_20,20,continuous_naca,direct OpenFOAM-coefficient surrogate,0.018752084732055665,-1.0443592071533203,98884.7109375,fno,surrogate estimate; validate top designs with OpenFOAM,18.340518922060625,0.40782032012939445,0.0,2412,0.12205101013183592
4.235491371154786,0.022420795575251153,0.035986825823783875,0.315472004562496,18.379872154092702,0.6614516377449036,500000.0,continuous_21,21,continuous_naca,direct OpenFOAM-coefficient surrogate,0.019100392341613766,-1.0678296089172363,98881.6328125,fno,surrogate estimate; validate top designs with OpenFOAM,18.379872154092702,0.39891229629516595,0.0,2412,0.12268334197998046
4.308281612396241,0.021585602986550923,0.0362686812877655,0.30529246038296554,18.390286509075263,0.6670098304748535,500000.0,continuous_22,22,continuous_naca,direct OpenFOAM-coefficient surrogate,0.018478911876678467,-1.0770795345306396,98880.453125,fno,surrogate estimate; validate top designs with OpenFOAM,18.390286509075263,0.39694907188415507,0.0,2412,0.12222508621215819
4.4208208560943625,0.020635745653817816,0.03653214871883392,0.2917949601345434,17.80048687161624,0.650307834148407,500000.0,continuous_23,23,continuous_naca,direct OpenFOAM-coefficient surrogate,0.017861922502517696,-1.1163772344589233,98875.2109375,fno,surrogate estimate; validate top designs with OpenFOAM,17.80048687161624,0.3943884515762326,0.0,2412,0.12228294181823729
4.314703798294068,0.02667016773203721,0.037255026400089264,0.2968694257292206,18.144731481378642,0.6760005950927734,500000.0,continuous_24,24,continuous_naca,direct OpenFOAM-coefficient surrogate,0.0193031313419342,-1.1504467725753784,98868.7265625,fno,surrogate estimate; validate top designs with OpenFOAM,18.144731481378642,0.385763440132141,0.0,2412,0.1223704891204834
4.194136822223664,0.021692384822925733,0.03575032576918602,0.3052165890738146,18.370483956207895,0.6567691564559937,500000.0,continuous_25,25,continuous_naca,direct OpenFOAM-coefficient surrogate,0.0188898463845253,-1.059982180595398,98882.6484375,fno,surrogate estimate; validate top designs with OpenFOAM,18.370483956207895,0.40230610013008106,0.0,2412,0.12213087987899779
4.270737129449844,0.021828031704800886,0.03609391301870346,0.31373336754160924,18.24349247166076,0.6584972739219666,500000.0,continuous_26,26,continuous_naca,direct OpenFOAM-coefficient surrogate,0.018367509871721262,-1.084050178527832,98879.5078125,fno,surrogate estimate; validate top designs with OpenFOAM,18.24349247166076,0.39230883181095105,0.0,2412,0.12352258372306824
4.215175737440587,0.021684304798724876,0.035890091210603714,0.3101820816150829,18.375774162523687,0.6595265865325928,500000.0,continuous_27,27,continuous_naca,direct OpenFOAM-coefficient surrogate,0.01915819216519594,-1.0646770000457764,98882.0390625,fno,surrogate estimate; validate top designs with OpenFOAM,18.375774162523687,0.3992911972105503,0.0,2412,0.12186282366514203
4.283775038272145,0.022342078104991937,0.03666283190250397,0.323391037504025,18.408324756101738,0.6749197244644165,500000.0,continuous_28,28,continuous_naca,direct OpenFOAM-coefficient surrogate,0.019033589307218785,-1.0904542207717896,98878.7578125,fno,surrogate estimate; validate top designs with OpenFOAM,18.408324756101738,0.3901139325648545,0.0,2412,0.12256724604964253
4.3285941462963855,0.026906902861550737,0.03738709166646004,0.2989868352386037,18.148734467194465,0.6785465478897095,500000.0,continuous_29,29,continuous_naca,direct OpenFOAM-coefficient surrogate,0.01910546076856553,-1.1548081636428833,98868.015625,fno,surrogate estimate; validate top designs with OpenFOAM,18.148734467194465,0.3840178487822412,0.0,2412,0.12278542913496493
4.297035773471,0.022506010337864365,0.0366833359003067,0.325099841820614,18.4102185174162,0.6753666400909424,500000.0,continuous_30,30,continuous_naca,direct OpenFOAM-coefficient surrogate,0.01870294209755956,-1.091186285018921,98878.6640625,fno,surrogate estimate; validate top designs with OpenFOAM,18.4102185174162,0.38854020316153737,0.0,2412,0.12318751345574855
4.337965791486207,0.026965122291768888,0.037223026156425476,0.2955693757197918,17.981506480808434,0.6693440675735474,500000.0,continuous_31,31,continuous_naca,direct OpenFOAM-coefficient surrogate,0.01847531706374137,-1.1746695041656494,98864.2734375,fno,surrogate estimate; validate top designs with OpenFOAM,17.981506480808434,0.3831647061370309,0.0,2412,0.12384985835105183
4.3074923409149095,0.02184024528634616,0.03689419850707054,0.31692618061906025,18.415708674338784,0.6794512271881104,500000.0,continuous_32,32,continuous_naca,direct OpenFOAM-coefficient surrogate,0.018562016799114643,-1.0982383489608765,98877.78125,fno,surrogate estimate; validate top designs with OpenFOAM,18.415708674338784,0.3837330575101075,0.0,2412,0.12261908087879417
4.343492825794971,0.02143759220393647,0.03694797307252884,0.3075896950947912,17.803850519569608,0.657833993434906,500000.0,continuous_33,33,continuous_naca,direct OpenFOAM-coefficient surrogate,0.018292829027865082,-1.1464804410934448,98871.0234375,fno,surrogate estimate; validate top designs with OpenFOAM,17.803850519569608,0.3761434381175782,0.0,2412,0.12258695032820105
4.401417382527146,0.021443413412946494,0.0369209386408329,0.3154423403821529,18.274896466889455,0.6747446060180664,500000.0,continuous_34,34,continuous_naca,direct OpenFOAM-coefficient surrogate,0.018279355040285727,-1.1113758087158203,98876.0078125,fno,surrogate estimate; validate top designs with OpenFOAM,18.274896466889455,0.38998063256032733,0.0,2412,0.12267446329817172
4.248010595631788,0.022199714023705148,0.0364670492708683,0.31732661076627205,18.397525382893125,0.6709218621253967,500000.0,continuous_35,35,continuous_naca,direct OpenFOAM-coefficient surrogate,0.01890187001007143,-1.0837812423706055,98879.6015625,fno,surrogate estimate; validate top designs with OpenFOAM,18.397525382893125,0.3897607831400818,0.0,2412,0.12263736582454292
4.259875261748681,0.02613367692415292,0.03722144663333893,0.30753933020905644,18.143430078365522,0.675342857837677,500000.0,continuous_36,36,continuous_naca,direct OpenFOAM-coefficient surrogate,0.019121297230303744,-1.1493247747421265,98868.90625,fno,surrogate estimate; validate top designs with OpenFOAM,18.143430078365522,0.3791249163041356,0.0,2412,0.1232805168922059
4.296180024734351,0.021948056916166327,0.03649512678384781,0.31406805529392773,18.399118736279355,0.671496570110321,500000.0,continuous_37,37,continuous_naca,direct OpenFOAM-coefficient surrogate,0.018639508215084786,-1.0847291946411133,98879.484375,fno,surrogate estimate; validate top designs with OpenFOAM,18.399118736279355,0.39249303298915017,0.0,2412,0.12248894388217012
4.344230993064416,0.021979264301787593,0.03690336272120476,0.31695011051058114,18.415590100622513,0.6796156167984009,500000.0,continuous_38,38,continuous_naca,direct OpenFOAM-coefficient surrogate,0.018567158199417455,-1.0985374450683594,98877.7421875,fno,surrogate estimate; validate top designs with OpenFOAM,18.415590100622513,0.387679329972743,0.0,2412,0.12279402630863477
4.320087048126885,0.02692109209106683,0.037389952689409256,0.2997334959133659,18.148786850269143,0.6786004304885864,500000.0,continuous_39,39,continuous_naca,direct OpenFOAM-coefficient surrogate,0.018793344986570436,-1.1548997163772583,98868.0,fno,surrogate estimate; validate top designs with OpenFOAM,18.148786850269143,0.382540228615471,0.0,2412,0.12309498946423987
4.302156780582484,0.0226276078172962,0.03670644015073776,0.32002033471688035,18.409555593252374,0.6757676601409912,500000.0,continuous_40,40,continuous_naca,direct OpenFOAM-coefficient surrogate,0.0186779674079562,-1.0918998718261719,98878.578125,fno,surrogate estimate; validate top designs with OpenFOAM,18.409555593252374,0.3900048318957304,0.0,2412,0.12264045527768755
4.3416829057442605,0.02153925844268075,0.03662460669875145,0.3117926301746844,18.25932535866881,0.6687588691711426,500000.0,continuous_41,41,continuous_naca,direct OpenFOAM-coefficient surrogate,0.018221452944805146,-1.118959903717041,98875.1328125,fno,surrogate estimate; validate top designs with OpenFOAM,18.25932535866881,0.3848647787052045,0.0,2412,0.12305329191078995
4.298252005140174,0.022578870822896877,0.03670826181769371,0.31987263130098464,18.409650348775514,0.6758046746253967,500000.0,continuous_42,42,continuous_naca,direct OpenFOAM-coefficient surrogate,0.018830555216615377,-1.0919617414474487,98878.5703125,fno,surrogate estimate; validate top designs with OpenFOAM,18.409650348775514,0.388801644099942,0.0,2412,0.12268875751492939
4.3213487757127655,0.02275903150586714,0.03680070489645004,0.3264120222587737,18.412362854645508,0.6776063442230225,500000.0,continuous_43,43,continuous_naca,direct OpenFOAM-coefficient surrogate,0.01865336874839732,-1.0950629711151123,98878.1796875,fno,surrogate estimate; validate top designs with OpenFOAM,18.412362854645508,0.3843722854764345,0.0,2412,0.12300423380136585
4.336801936441372,0.021112114543268144,0.03678830713033676,0.31384886913438864,18.27157362954358,0.6721985340118408,500000.0,continuous_44,44,continuous_naca,direct OpenFOAM-coefficient surrogate,0.018412187705629114,-1.1070502996444702,98876.5625,fno,surrogate estimate; validate top designs with OpenFOAM,18.27157362954358,0.38336079396046907,0.0,2412,0.12311366970734225
4.307889487965474,0.022700790443685302,0.03674325719475746,0.3202833445959369,18.40991027219493,0.676458477973938,500000.0,continuous_45,45,continuous_naca,direct OpenFOAM-coefficient surrogate,0.018725963338868813,-1.0931103229522705,98878.421875,fno,surrogate estimate; validate top designs with OpenFOAM,18.40991027219493,0.38744143156507377,0.0,2412,0.1227949855630326
4.3271644536160725,0.020916434171156323,0.03657493740320206,0.31163760990181305,18.26455107979135,0.6680430769920349,500000.0,continuous_46,46,continuous_naca,direct OpenFOAM-coefficient surrogate,0.018516779583375678,-1.0999642610549927,98877.46875,fno,surrogate estimate; validate top designs with OpenFOAM,18.26455107979135,0.3847210064953373,0.0,2412,0.12300744165923903
4.312708229378123,0.02276184171801449,0.03676034137606621,0.32047765095385305,18.41061437820346,0.6767988801002502,500000.0,continuous_47,47,continuous_naca,direct OpenFOAM-coefficient surrogate,0.018673667399995528,-1.093684434890747,98878.3515625,fno,surrogate estimate; validate top designs with OpenFOAM,18.41061437820346,0.3867613252976396,0.0,2412,0.1228480995870842
4.345854396064107,0.022119732641086493,0.037082068622112274,0.3189366547509581,18.423007287985016,0.683181643486023,500000.0,continuous_48,48,continuous_naca,direct OpenFOAM-coefficient surrogate,0.018525163475902908,-1.1046080589294434,98876.984375,fno,surrogate estimate; validate top designs with OpenFOAM,18.423007287985016,0.3827327959669249,0.0,2412,0.12244520683219093
4.37026370736066,0.02204518953868789,0.03713071346282959,0.31327477459296493,18.008260488841792,0.668677568435669,500000.0,continuous_49,49,continuous_naca,direct OpenFOAM-coefficient surrogate,0.01843627416507458,-1.1231374740600586,98874.75,fno,surrogate estimate; validate top designs with OpenFOAM,18.008260488841792,0.3798290923696186,0.0,2412,0.12207405352041212
4.346755023499976,0.02214607436213111,0.03708058223128319,0.3189165741741488,18.423144597442292,0.683159351348877,500000.0,continuous_50,50,continuous_naca,direct OpenFOAM-coefficient surrogate,0.018480186211420634,-1.1045570373535156,98876.9921875,fno,surrogate estimate; validate top designs with OpenFOAM,18.423144597442292,0.38249740916546526,0.0,2412,0.12258317432340865
4.363778420560903,0.022571211384977374,0.0370902344584465,0.3166136703781839,18.007296079386812,0.6679128408432007,500000.0,continuous_51,51,continuous_naca,direct OpenFOAM-coefficient surrogate,0.01838344561713319,-1.1217975616455078,98874.9453125,fno,surrogate estimate; validate top designs with OpenFOAM,18.007296079386812,0.38036545109937814,0.0,2412,0.12245071169157085
4.350817601058937,0.021832233465201693,0.03693573921918869,0.31132989321774485,18.00242580387102,0.6649509072303772,500000.0,continuous_52,52,continuous_naca,direct OpenFOAM-coefficient surrogate,0.018413893594530495,-1.116694688796997,98875.6953125,fno,surrogate estimate; validate top designs with OpenFOAM,18.00242580387102,0.3839490108311859,0.0,2412,0.12221651037014841
4.328715982049308,0.02194601134211236,0.03691777214407921,0.31706027786770596,18.416055121260957,0.6798981428146362,500000.0,continuous_53,53,continuous_naca,direct OpenFOAM-coefficient surrogate,0.018593499959930614,-1.0990166664123535,98877.6796875,fno,surrogate estimate; validate top designs with OpenFOAM,18.416055121260957,0.38426646681512233,0.0,2412,0.12280730294356149
4.320177878199734,0.022037797977466998,0.0370405949652195,0.3185174853165421,18.420781798451358,0.6823351383209229,500000.0,continuous_54,54,continuous_naca,direct OpenFOAM-coefficient surrogate,0.018513275023766942,-1.10316801071167,98877.1640625,fno,surrogate estimate; validate top designs with OpenFOAM,18.420781798451358,0.3789355347560669,0.0,2412,0.12243335618034286
4.363259298991653,0.022306224130870262,0.037252817302942276,0.3206991688486039,18.431453226787255,0.6866419911384583,500000.0,continuous_55,55,continuous_naca,direct OpenFOAM-coefficient surrogate,0.018494045536395907,-1.1104656457901,98876.2578125,fno,surrogate estimate; validate top designs with OpenFOAM,18.431453226787255,0.3804830458416822,0.0,2412,0.12251543926095779
4.391142778030025,0.02253101586108678,0.037387698888778687,0.3221246783071878,18.43532674417477,0.6892728805541992,500000.0,continuous_56,56,continuous_naca,direct OpenFOAM-coefficient surrogate,0.01846005990503654,-1.1150789260864258,98875.6796875,fno,surrogate estimate; validate top designs with OpenFOAM,18.43532674417477,0.3788580400074696,0.0,2412,0.12246361845203962
4.373249055847612,0.022169241608542608,0.03732599690556526,0.31519431438895534,18.013378806488387,0.6723853349685669,500000.0,continuous_57,57,continuous_naca,direct OpenFOAM-coefficient surrogate,0.0183958423481329,-1.1295194625854492,98873.8046875,fno,surrogate estimate; validate top designs with OpenFOAM,18.013378806488387,0.37724542313284104,0.0,2412,0.12215537495042955
4.339849250498885,0.022081891221138763,0.0370553620159626,0.3185656879689125,18.421607356069945,0.6826377511024475,500000.0,continuous_58,58,continuous_naca,direct OpenFOAM-coefficient surrogate,0.018544085556981185,-1.1036827564239502,98877.1015625,fno,surrogate estimate; validate top designs with OpenFOAM,18.421607356069945,0.382511205894552,0.0,2412,0.1226443209452785
4.391622845846761,0.02237238911269482,0.03713126480579376,0.3193931690076827,18.425290056980213,0.6841727495193481,500000.0,continuous_59,59,continuous_naca,direct OpenFOAM-coefficient surrogate,0.018491472550903693,-1.1062688827514648,98876.78125,fno,surrogate estimate; validate top designs with OpenFOAM,18.425290056980213,0.3843641907611389,0.0,2412,0.122634804096116
4.39783827122155,0.02251355690646863,0.03732900321483612,0.32157132069072425,18.433430170224923,0.6881200075149536,500000.0,continuous_60,60,continuous_naca,direct OpenFOAM-coefficient surrogate,0.018434355514650703,-1.113084316253662,98875.9296875,fno,surrogate estimate; validate top designs with OpenFOAM,18.433430170224923,0.3817150120559474,0.0,2412,0.12241908090659909
4.41782506323505,0.02267211159764168,0.03742619976401329,0.3225184912425077,18.436129279129425,0.6900126934051514,500000.0,continuous_61,61,continuous_naca,direct OpenFOAM-coefficient surrogate,0.01840787361510288,-1.1163958311080933,98875.515625,fno,surrogate estimate; validate top designs with OpenFOAM,18.436129279129425,0.38098453002808563,0.0,2412,0.12260513205689075
4.453810396820522,0.022100780344400186,0.03747503459453583,0.3208505516985676,18.284735352910435,0.6852393746376038,500000.0,continuous_62,62,continuous_naca,direct OpenFOAM-coefficient surrogate,0.018349228684702866,-1.129572868347168,98873.5,fno,surrogate estimate; validate top designs with OpenFOAM,18.284735352910435,0.3801103970586661,0.0,2412,0.12268509466924066
4.452459455666717,0.02293469659335642,0.037693582475185394,0.3252765547545323,18.43898925268546,0.6950500011444092,500000.0,continuous_63,63,continuous_naca,direct OpenFOAM-coefficient surrogate,0.018416694581426273,-1.1254298686981201,98874.3671875,fno,surrogate estimate; validate top designs with OpenFOAM,18.43898925268546,0.3804634772608556,0.0,2412,0.12247814343241406
4.505311671750087,0.023011730475297018,0.03782784938812256,0.32010005123058144,18.027331065779673,0.6819531917572021,500000.0,continuous_64,64,continuous_naca,direct OpenFOAM-coefficient surrogate,0.018384948766429092,-1.146294116973877,98871.3125,fno,surrogate estimate; validate top designs with OpenFOAM,18.027331065779673,0.3794465113085508,0.0,2412,0.12242562798691675
4.438009938229909,0.022639812590808685,0.037660907953977585,0.318463720865565,18.022968046697546,0.6787793636322021,500000.0,continuous_65,65,continuous_naca,direct OpenFOAM-coefficient surrogate,0.018368019257204507,-1.1406359672546387,98872.15625,fno,surrogate estimate; validate top designs with OpenFOAM,18.022968046697546,0.3766463389150402,0.0,2412,0.12234818332785576
4.403219618942549,0.02253125452790616,0.03735936060547829,0.32181886851753744,18.43530097157126,0.6887494921684265,500000.0,continuous_66,66,continuous_naca,direct OpenFOAM-coefficient surrogate,0.018460609227478896,-1.1141413450241089,98875.796875,fno,surrogate estimate; validate top designs with OpenFOAM,18.43530097157126,0.38243472779961424,0.0,2412,0.12256314890405094
4.434485186715619,0.022822639105857086,0.03760464861989021,0.3242981383652139,18.437588317108286,0.6933574676513672,500000.0,continuous_67,67,continuous_naca,direct OpenFOAM-coefficient surrogate,0.01843826314987159,-1.1224415302276611,98874.765625,fno,surrogate estimate; validate top designs with OpenFOAM,18.437588317108286,0.3796553754920652,0.0,2412,0.12263594051609861
4.444736622881157,0.02323694739066251,0.037699081003665924,0.3226523033476647,18.025382923536338,0.6795583963394165,500000.0,continuous_68,68,continuous_naca,direct OpenFOAM-coefficient surrogate,0.01840083639823974,-1.1419727802276611,98871.9609375,fno,surrogate estimate; validate top designs with OpenFOAM,18.025382923536338,0.3775459835946238,0.0,2412,0.12252826832467058
4.413598869927201,0.0226277821742939,0.037410181015729904,0.32233515073621727,18.435829289299306,0.6897061467170715,500000.0,continuous_69,69,continuous_naca,direct OpenFOAM-coefficient surrogate,0.01844566602016911,-1.1158480644226074,98875.5859375,fno,surrogate estimate; validate top designs with OpenFOAM,18.435829289299306,0.3812125417483666,0.0,2412,0.12255442875920586
4.468041509742269,0.022122214164884205,0.037464216351509094,0.32070204750403214,18.285161212976686,0.685057520866394,500000.0,continuous_70,70,continuous_naca,direct OpenFOAM-coefficient surrogate,0.01839418877824838,-1.1292105913162231,98873.5546875,fno,surrogate estimate; validate top designs with OpenFOAM,18.285161212976686,0.3822999222572169,0.0,2412,0.12267320393026501
4.410367460958086,0.022651800931026866,0.03748304024338722,0.3230901801090904,18.435782385392624,0.6910476088523865,500000.0,continuous_71,71,continuous_naca,direct OpenFOAM-coefficient surrogate,0.0184435921233395,-1.1183035373687744,98875.28125,fno,surrogate estimate; validate top designs with OpenFOAM,18.435782385392624,0.3797185105699064,0.0,2412,0.12251601482159596
4.448816826814208,0.02287495654708235,0.03758561611175537,0.32411462421121884,18.43611567298964,0.6929512023925781,500000.0,continuous_72,72,continuous_naca,direct OpenFOAM-coefficient surrogate,0.01841065655994542,-1.1217435598373413,98874.8515625,fno,surrogate estimate; validate top designs with OpenFOAM,18.43611567298964,0.38143945169478005,0.0,2412,0.12262080756070867
4.463194396288596,0.02216089744883948,0.03753079101443291,0.3213723016855243,18.285860962805362,0.6863011121749878,500000.0,continuous_73,73,continuous_naca,direct OpenFOAM-coefficient surrogate,0.01839107793300397,-1.1313685178756714,98873.234375,fno,surrogate estimate; validate top designs with OpenFOAM,18.285860962805362,0.38005887548952666,0.0,2412,0.12261558302385017
4.425997751517549,0.022721426978012868,0.037471529096364975,0.32296663953456717,18.43554603556044,0.6908265352249146,500000.0,continuous_74,74,continuous_naca,direct OpenFOAM-coefficient surrogate,0.018432018998377826,-1.1179120540618896,98875.328125,fno,surrogate estimate; validate top designs with OpenFOAM,18.43554603556044,0.3809241251836566,0.0,2412,0.12256971732536694
4.443472321191168,0.022877483602265436,0.03764985129237175,0.32478402950737756,18.438936149436337,0.6942416429519653,500000.0,continuous_75,75,continuous_naca,direct OpenFOAM-coefficient surrogate,0.01842747886564893,-1.1239352226257324,98874.578125,fno,surrogate estimate; validate top designs with OpenFOAM,18.438936149436337,0.3800594263764604,0.0,2412,0.12255704197425633
4.435142259450883,0.022814189251705357,0.03760411962866783,0.3243597933321632,18.43752433578935,0.693345308303833,500000.0,continuous_76,76,continuous_naca,direct OpenFOAM-coefficient surrogate,0.018412284098264578,-1.122423529624939,98874.7734375,fno,surrogate estimate; validate top designs with OpenFOAM,18.43752433578935,0.3807240036444706,0.0,2412,0.1225416377446524
4.4506381412404625,0.02289449841647614,0.03759400174021721,0.32423343746803995,18.436582218992733,0.6931233406066895,500000.0,continuous_77,77,continuous_naca,direct OpenFOAM-coefficient surrogate,0.018413675570685847,-1.1220670938491821,98874.8125,fno,surrogate estimate; validate top designs with OpenFOAM,18.436582218992733,0.3809514644778178,0.0,2412,0.12254947549656137
4.433029162796959,0.02279150473098266,0.037596140056848526,0.3242629147139115,18.436700466502103,0.6931672096252441,500000.0,continuous_78,78,continuous_naca,direct OpenFOAM-coefficient surrogate,0.01843118030079769,-1.1221479177474976,98874.8046875,fno,surrogate estimate; validate top designs with OpenFOAM,18.436700466502103,0.3808380095046111,0.0,2412,0.12251628609580996
4.0,0.012598204035334327,0.03716052323579788,0.22052936383721217,19.613110105022972,0.7288530468940735,500000.0,continuous_1,1,continuous_naca,direct OpenFOAM-coefficient surrogate,0.04,-1.1672221422195435,98872.375,fno,surrogate estimate; validate top designs with OpenFOAM,19.613110105022972,0.4,0.0,4415,0.15
4.0,0.01615165872304743,0.03740581125020981,0.21390301244930418,19.901638304878443,0.7444568276405334,500000.0,continuous_2,2,continuous_naca,direct OpenFOAM-coefficient surrogate,0.042,-1.194649577140808,98867.5859375,fno,surrogate estimate; validate top designs with OpenFOAM,19.901638304878443,0.4,0.0,4415,0.15
4.0,0.012230492259727454,0.036374859511852264,0.1990693742336061,19.455261576094966,0.7077018618583679,500000.0,continuous_3,3,continuous_naca,direct OpenFOAM-coefficient surrogate,0.04,-1.1492552757263184,98875.984375,fno,surrogate estimate; validate top designs with OpenFOAM,19.455261576094966,0.42000000000000004,0.0,4415,0.15
4.0,0.015514460761255022,0.037845950573682785,0.17845666925034978,20.46474376534513,0.7745281457901001,500000.0,continuous_4,4,continuous_naca,direct OpenFOAM-coefficient surrogate,0.04,-1.2093050479888916,98867.7265625,fno,surrogate estimate; validate top designs with OpenFOAM,20.46474376534513,0.4,0.0,4415,0.1575
4.2,0.012921193420092082,0.03808564320206642,0.23015503584314587,19.665817123507534,0.7490049600601196,500000.0,continuous_5,5,continuous_naca,direct OpenFOAM-coefficient surrogate,0.04,-1.2029452323913574,98867.375,fno,surrogate estimate; validate top designs with OpenFOAM,19.665817123507534,0.4,0.0,4415,0.15
4.1,0.018166571652437027,0.038681529462337494,0.2073043778984195,20.123862549713998,0.7784419059753418,500000.0,continuous_6,6,continuous_naca,direct OpenFOAM-coefficient surrogate,0.041,-1.1931997537612915,98869.5859375,fno,surrogate estimate; validate top designs with OpenFOAM,20.123862549713998,0.38,0.0,4415,0.15375000000000003
4.15,0.018358196612992258,0.03866831585764885,0.16842908392708814,20.11882405510265,0.777981162071228,500000.0,continuous_7,7,continuous_naca,direct OpenFOAM-coefficient surrogate,0.0415,-1.2229160070419312,98863.625,fno,surrogate estimate; validate top designs with OpenFOAM,20.11882405510265,0.39,0.0,4415,0.15562500000000004
3.925,0.011229563242498885,0.03782853111624718,0.16608194207585278,19.861200766822677,0.7513399124145508,500000.0,continuous_8,8,continuous_naca,direct OpenFOAM-coefficient surrogate,0.04225,-1.1998300552368164,98868.734375,fno,surrogate estimate; validate top designs with OpenFOAM,19.861200766822677,0.3849999999999999,0.0,4415,0.15843750000000004
3.99375,0.014355253071083386,0.038070328533649445,0.15542697615592763,19.935313847855717,0.7589638829231262,500000.0,continuous_9,9,continuous_naca,direct OpenFOAM-coefficient surrogate,0.0416875,-1.1957488059997559,98869.8828125,fno,surrogate estimate; validate top designs with OpenFOAM,19.935313847855717,0.3887499999999999,0.0,4415,0.15632812500000004
4.121874999999999,0.013613318743509953,0.03922831639647484,0.18708189490557287,20.68603164492752,0.8114988803863525,500000.0,continuous_10,10,continuous_naca,direct OpenFOAM-coefficient surrogate,0.04009374999999999,-1.2707949876785278,98857.9453125,fno,surrogate estimate; validate top designs with OpenFOAM,20.68603164492752,0.3793749999999999,0.0,4415,0.16160156250000005
4.182812499999999,0.02377190517970049,0.04024837166070938,0.2992906018616611,21.105127283791013,0.8494681119918823,500000.0,continuous_11,11,continuous_naca,direct OpenFOAM-coefficient surrogate,0.039140624999999984,-1.3058807849884033,98851.8515625,fno,surrogate estimate; validate top designs with OpenFOAM,21.105127283791013,0.36906249999999985,0.0,4415,0.16740234375000007
4.222656249999998,0.016243397778620175,0.039589572697877884,0.1856739631306355,20.848006012470716,0.8253844976425171,500000.0,continuous_12,12,continuous_naca,direct OpenFOAM-coefficient surrogate,0.0391328125,-1.3026361465454102,98853.4921875,fno,surrogate estimate; validate top designs with OpenFOAM,20.848006012470716,0.3807812500000001,0.0,4415,0.16081054687500002
4.102734374999999,0.016784080386901858,0.039325207471847534,0.19701617091959464,21.061876555525487,0.8282837271690369,500000.0,continuous_13,13,continuous_naca,direct OpenFOAM-coefficient surrogate,0.03813671875,-1.2900086641311646,98855.453125,fno,surrogate estimate; validate top designs with OpenFOAM,21.061876555525487,0.37492187499999996,0.0,4415,0.16410644531250004
4.1541015624999975,0.02291384813985677,0.039174240082502365,0.2742357376771245,20.96933173964898,0.8214786052703857,500000.0,continuous_14,14,continuous_naca,direct OpenFOAM-coefficient surrogate,0.03720507812499999,-1.2640894651412964,98857.53125,fno,surrogate estimate; validate top designs with OpenFOAM,20.96933173964898,0.38238281250000006,0.0,4415,0.17115966796875007
4.331152343749997,0.03290657188106003,0.040167003870010376,0.31466951233016344,20.469008818224548,0.8221992254257202,500000.0,continuous_15,15,continuous_naca,direct OpenFOAM-coefficient surrogate,0.03680761718749998,-1.2755440473556519,98854.015625,fno,surrogate estimate; validate top designs with OpenFOAM,20.469008818224548,0.35357421874999995,0.0,4415,0.17423950195312507
4.248364257812497,0.02273354631455363,0.039769724011421204,0.3001158709411455,20.792787975132683,0.8269442319869995,500000.0,continuous_16,16,continuous_naca,direct OpenFOAM-coefficient surrogate,0.03760571289062499,-1.3041489124298096,98851.4609375,fno,surrogate estimate; validate top designs with OpenFOAM,20.792787975132683,0.3651806640625,0.0,4415,0.17005462646484382
4.0827880859375,0.01717398859420872,0.0388542003929615,0.1852863416938706,20.795579774105995,0.8080164194107056,500000.0,continuous_17,17,continuous_naca,direct OpenFOAM-coefficient surrogate,0.03920190429687499,-1.2696999311447144,98858.2734375,fno,surrogate estimate; validate top designs with OpenFOAM,20.795579774105995,0.3883935546875,0.0,4415,0.16168487548828125
4.124182128906249,0.0133198554219371,0.03915848582983017,0.18739078886954008,20.8268121436588,0.8155672550201416,500000.0,continuous_18,18,continuous_naca,direct OpenFOAM-coefficient surrogate,0.03880285644531249,-1.2696021795272827,98857.921875,fno,surrogate estimate; validate top designs with OpenFOAM,20.8268121436588,0.38259033203125004,0.0,4415,0.1637773132324219
4.206970214843748,0.021611849001523936,0.03966174274682999,0.2376696605335248,20.874037245282352,0.8279215693473816,500000.0,continuous_19,19,continuous_naca,direct OpenFOAM-coefficient surrogate,0.03800476074218749,-1.296422004699707,98853.25,fno,surrogate estimate; validate top designs with OpenFOAM,20.874037245282352,0.37098388671874993,0.0,4415,0.16796218872070318
4.100653076171874,0.03290208998150958,0.03894190117716789,0.2987985330740523,20.347047529285792,0.7923730611801147,500000.0,continuous_20,20,continuous_naca,direct OpenFOAM-coefficient surrogate,0.03711077880859373,-1.2380225658416748,98861.0,fno,surrogate estimate; validate top designs with OpenFOAM,20.347047529285792,0.36789428710937483,0.0,4415,0.17450477600097664
4.192155456542967,0.018351566950168343,0.03961402550339699,0.19878964957861775,21.076288127517213,0.8349376916885376,500000.0,continuous_21,21,continuous_naca,direct OpenFOAM-coefficient surrogate,0.038627304077148435,-1.3027652502059937,98853.578125,fno,surrogate estimate; validate top designs with OpenFOAM,21.076288127517213,0.37755950927734383,0.0,4415,0.16423410415649417
4.108931732177732,0.013956436075280165,0.039202071726322174,0.19375929559288899,20.952261565998135,0.8213930130004883,500000.0,continuous_22,22,continuous_naca,direct OpenFOAM-coefficient surrogate,0.038550102233886704,-1.2658082246780396,98859.0703125,fno,surrogate estimate; validate top designs with OpenFOAM,20.952261565998135,0.3809794616699219,0.0,4415,0.16548909187316901
4.133441352844236,0.014693734028984143,0.039289627224206924,0.20140872059177325,20.960059709205968,0.8235338926315308,500000.0,continuous_23,23,continuous_naca,direct OpenFOAM-coefficient surrogate,0.0384137668609619,-1.2695966958999634,98858.4921875,fno,surrogate estimate; validate top designs with OpenFOAM,20.960059709205968,0.378480567932129,0.0,4415,0.16610736608505253
4.182460594177244,0.01994003024983761,0.039575137197971344,0.21301340116185616,20.867174023932655,0.8258421421051025,500000.0,continuous_24,24,continuous_naca,direct OpenFOAM-coefficient surrogate,0.038141096115112294,-1.2926099300384521,98853.84375,fno,surrogate estimate; validate top designs with OpenFOAM,20.867174023932655,0.3734827804565429,0.0,4415,0.16734391450881966
4.1456961631774885,0.014703540633870927,0.0394071601331234,0.20232307516941425,20.971118138247224,0.8264331817626953,500000.0,continuous_25,25,continuous_naca,direct OpenFOAM-coefficient surrogate,0.0383455991744995,-1.2746704816818237,98857.7265625,fno,surrogate estimate; validate top designs with OpenFOAM,20.971118138247224,0.3772311210632324,0.0,4415,0.16641650319099432
4.15759768486023,0.012476212697043685,0.039684899151325226,0.19264310180340571,20.702465721720028,0.8215959668159485,500000.0,continuous_26,26,continuous_naca,direct OpenFOAM-coefficient surrogate,0.03992004537582396,-1.300483226776123,98854.0078125,fno,surrogate estimate; validate top designs with OpenFOAM,20.702465721720028,0.36700469017028803,0.0,4415,0.15992003023624426
4.154975593090056,0.02157889607410117,0.039210718125104904,0.2325097180478989,20.83902167438084,0.8171338438987732,500000.0,continuous_27,27,continuous_naca,direct OpenFOAM-coefficient surrogate,0.03788381993770598,-1.2767627239227295,98856.296875,fno,surrogate estimate; validate top designs with OpenFOAM,20.83902167438084,0.37853828191757205,0.0,4415,0.16834975853562362
4.187483978271483,0.018910472696886643,0.039824649691581726,0.20066534355328022,20.864539041942137,0.8309438228607178,500000.0,continuous_28,28,continuous_naca,direct OpenFOAM-coefficient surrogate,0.038883964538574206,-1.3023080825805664,98852.828125,fno,surrogate estimate; validate top designs with OpenFOAM,20.864539041942137,0.37331100463867184,0.0,4415,0.16581822395324713
4.142773437499999,0.01717340152638448,0.03960302844643593,0.17719050373859624,20.850979263277967,0.8257827758789062,500000.0,continuous_29,29,continuous_naca,direct OpenFOAM-coefficient surrogate,0.03863867187499999,-1.2928330898284912,98854.2734375,fno,surrogate estimate; validate top designs with OpenFOAM,20.850979263277967,0.3719921874999999,0.0,4415,0.16575439453125007
4.164254331588744,0.02193795947187422,0.039710044860839844,0.24942926119829664,20.857915749420858,0.8282896280288696,500000.0,continuous_30,30,continuous_naca,direct OpenFOAM-coefficient surrogate,0.038743112087249745,-1.2973958253860474,98853.5703125,fno,surrogate estimate; validate top designs with OpenFOAM,20.857915749420858,0.37314681053161614,0.0,4415,0.1669094234704972
4.168457031249998,0.023963547109451148,0.03981025144457817,0.2919416651090693,21.089767583836675,0.8396100401878357,500000.0,continuous_31,31,continuous_naca,direct OpenFOAM-coefficient surrogate,0.038172851562499985,-1.2882429361343384,98854.2109375,fno,surrogate estimate; validate top designs with OpenFOAM,21.089767583836675,0.37572265624999995,0.0,4415,0.16928100585937506
4.208730483055113,0.025307532798474187,0.04005847126245499,0.3167655091780433,21.10752271318945,0.8455561995506287,500000.0,continuous_32,32,continuous_naca,direct OpenFOAM-coefficient surrogate,0.03883160471916197,-1.2987582683563232,98852.5546875,fno,surrogate estimate; validate top designs with OpenFOAM,21.10752271318945,0.37362929821014407,0.0,4415,0.16895110398530966
4.241709005832671,0.025545517217670236,0.03998256474733353,0.350270424885005,20.796827183726236,0.831531286239624,500000.0,continuous_33,33,continuous_naca,direct OpenFOAM-coefficient surrogate,0.03892807114124297,-1.3060358762741089,98850.4609375,fno,surrogate estimate; validate top designs with OpenFOAM,20.796827183726236,0.37444785356521615,0.0,4415,0.1705494587123395
4.209487664699553,0.025319279373990197,0.04005422443151474,0.31630530941515644,21.107324668537856,0.8454586267471313,500000.0,continuous_34,34,continuous_naca,direct OpenFOAM-coefficient surrogate,0.03877141082286832,-1.2985848188400269,98852.578125,fno,surrogate estimate; validate top designs with OpenFOAM,21.107324668537856,0.3727159190177918,0.0,4415,0.16881691530346876
4.197259861230848,0.024401498660466085,0.0395343080163002,0.3472766923544966,20.71027793188347,0.8187872171401978,500000.0,continuous_35,35,continuous_naca,direct OpenFOAM-coefficient surrogate,0.038574281513690925,-1.2889680862426758,98852.75,fno,surrogate estimate; validate top designs with OpenFOAM,20.71027793188347,0.37225418210029604,0.0,4415,0.1714074604958296
4.189927949011324,0.02313294449201903,0.03982851654291153,0.2656489724238684,20.864470821300518,0.831021785736084,500000.0,continuous_36,36,continuous_naca,direct OpenFOAM-coefficient surrogate,0.03880654378235339,-1.3024672269821167,98852.796875,fno,surrogate estimate; validate top designs with OpenFOAM,20.864470821300518,0.3730467990040779,0.0,4415,0.16721553308889275
4.209109073877333,0.025303503815050556,0.04005642607808113,0.3163146787131369,21.107450176956544,0.8455101251602173,500000.0,continuous_37,37,continuous_naca,direct OpenFOAM-coefficient surrogate,0.03880150777101515,-1.2986716032028198,98852.5703125,fno,surrogate estimate; validate top designs with OpenFOAM,21.107450176956544,0.37317260861396795,0.0,4415,0.1688840096443892
4.195771491527556,0.02423309372380014,0.040021996945142746,0.30531135504106915,21.1038851730475,0.8446407318115234,500000.0,continuous_38,38,continuous_naca,direct OpenFOAM-coefficient surrogate,0.03898611485958098,-1.297157645225525,98852.8046875,fno,surrogate estimate; validate top designs with OpenFOAM,21.1038851730475,0.371345899105072,0.0,4415,0.16817672386765486
4.188593757152556,0.0242288809329768,0.039936140179634094,0.30038359652771224,21.097116602770715,0.8425585031509399,500000.0,continuous_39,39,continuous_naca,direct OpenFOAM-coefficient surrogate,0.03850222814083098,-1.293512225151062,98853.3828125,fno,surrogate estimate; validate top designs with OpenFOAM,21.097116602770715,0.374675977230072,0.0,4415,0.16911605492234236
4.1981072306632985,0.024231964783187412,0.0398704968392849,0.28110244320684374,20.86776994593013,0.8320292234420776,500000.0,continuous_40,40,continuous_naca,direct OpenFOAM-coefficient surrogate,0.03885778462886809,-1.304252028465271,98852.53125,fno,surrogate estimate; validate top designs with OpenFOAM,20.86776994593013,0.373470151424408,0.0,4415,0.1673846639692784
4.20299517214298,0.022744060567646333,0.03979265317320824,0.322371561457359,20.780020772388543,0.8269129395484924,500000.0,continuous_41,41,continuous_naca,direct OpenFOAM-coefficient surrogate,0.038702943116426455,-1.2979198694229126,98851.75,fno,surrogate estimate; validate top designs with OpenFOAM,20.780020772388543,0.3729417401552201,0.0,4415,0.17017928224056963
4.1993292160332185,0.024164611345520812,0.04001728445291519,0.2988844034792918,21.10328273508446,0.844517171382904,500000.0,continuous_42,42,continuous_naca,direct OpenFOAM-coefficient surrogate,0.03881907425075768,-1.2969509363174438,98852.8359375,fno,surrogate estimate; validate top designs with OpenFOAM,21.10328273508446,0.373338048607111,0.0,4415,0.1680833185371012
4.217876375094055,0.024965422917210645,0.04025736823678017,0.31462982374676773,21.1052256589088,0.8496619462966919,500000.0,continuous_43,43,continuous_naca,direct OpenFOAM-coefficient surrogate,0.03921692265942691,-1.306275725364685,98851.7890625,fno,surrogate estimate; validate top designs with OpenFOAM,21.1052256589088,0.3710669500380755,0.0,4415,0.1679315230948851
4.216414495743809,0.022411181142931405,0.0398961640894413,0.3208858948438789,20.786892819531282,0.8293380737304688,500000.0,continuous_44,44,continuous_naca,direct OpenFOAM-coefficient surrogate,0.03909900075383483,-1.3022271394729614,98851.0625,fno,surrogate estimate; validate top designs with OpenFOAM,20.786892819531282,0.37126932937651874,0.0,4415,0.16888836175901825
4.203600535960867,0.024179563141883815,0.04004281014204025,0.29890038881051245,21.105833284120727,0.8451579809188843,500000.0,continuous_45,45,continuous_naca,direct OpenFOAM-coefficient surrogate,0.03888905587652697,-1.2980802059173584,98852.6640625,fno,surrogate estimate; validate top designs with OpenFOAM,21.105833284120727,0.37282086879946297,0.0,4415,0.16828457934258045
4.223886742466127,0.022961504153679844,0.039901722222566605,0.30170337764344546,20.78786319200137,0.8294923305511475,500000.0,continuous_46,46,continuous_naca,direct OpenFOAM-coefficient surrogate,0.03888343065348453,-1.302482008934021,98851.0234375,fno,surrogate estimate; validate top designs with OpenFOAM,20.78786319200137,0.37399896372575325,0.0,4415,0.16884888416592736
4.202800304262199,0.0252201545380075,0.04004751890897751,0.31402972161964604,21.10647867399845,0.8452832102775574,500000.0,continuous_47,47,continuous_naca,direct OpenFOAM-coefficient surrogate,0.03896044380805687,-1.2982988357543945,98852.625,fno,surrogate estimate; validate top designs with OpenFOAM,21.10647867399845,0.3720091652602423,0.0,4415,0.16834476394222297
4.194243823483702,0.025289885316389562,0.03996316343545914,0.3160709566966613,21.09914362782104,0.8432096242904663,500000.0,continuous_48,48,continuous_naca,direct OpenFOAM-coefficient surrogate,0.038524383427953564,-1.294650912284851,98853.203125,fno,surrogate estimate; validate top designs with OpenFOAM,21.09914362782104,0.37474902040383323,0.0,4415,0.16930070536236605
4.211968237191467,0.02514426836327245,0.04009563848376274,0.3133444252048558,21.10833753740331,0.8463733792304993,500000.0,continuous_49,49,continuous_naca,direct OpenFOAM-coefficient surrogate,0.03904378785155857,-1.3003476858139038,98852.3046875,fno,surrogate estimate; validate top designs with OpenFOAM,21.10833753740331,0.37198746762951496,0.0,4415,0.16827381866175534
4.212703513232189,0.023003482831383672,0.03986144810914993,0.3021238246344219,20.78327887944206,0.828472375869751,500000.0,continuous_50,50,continuous_naca,direct OpenFOAM-coefficient surrogate,0.03892961619836932,-1.3007118701934814,98851.3046875,fno,surrogate estimate; validate top designs with OpenFOAM,20.78327887944206,0.37257840105747175,0.0,4415,0.16894226877425816
4.205876280278697,0.02526682271518386,0.04005333036184311,0.31488714877532503,21.107254147527087,0.8454369306564331,500000.0,continuous_51,51,continuous_naca,direct OpenFOAM-coefficient surrogate,0.038899195956987556,-1.298549771308899,98852.5859375,fno,surrogate estimate; validate top designs with OpenFOAM,21.107254147527087,0.37276025186396516,0.0,4415,0.16844900170049987
4.215041732939106,0.025325497600859153,0.040084853768348694,0.31711472012607267,21.107343215746155,0.8461058735847473,500000.0,continuous_52,52,continuous_naca,direct OpenFOAM-coefficient surrogate,0.038827604341304764,-1.2998642921447754,98852.3828125,fno,surrogate estimate; validate top designs with OpenFOAM,21.107343215746155,0.3737656478985538,0.0,4415,0.16893420305375406
4.216548483252812,0.023002249526539367,0.0398685596883297,0.30252992748428564,20.784242094918035,0.8286585807800293,500000.0,continuous_53,53,continuous_naca,direct OpenFOAM-coefficient surrogate,0.038853056384532667,-1.3010269403457642,98851.25,fno,surrogate estimate; validate top designs with OpenFOAM,20.784242094918035,0.37351725931212526,0.0,4415,0.1690725659721043
4.208544331022226,0.025287603362126012,0.040063537657260895,0.3151743349758131,21.107455558546345,0.8456604480743408,500000.0,continuous_54,54,continuous_naca,direct OpenFOAM-coefficient surrogate,0.038887661063873834,-1.298980474472046,98852.515625,fno,surrogate estimate; validate top designs with OpenFOAM,21.107455558546345,0.3729495037260052,0.0,4415,0.16860489276840096
4.204134329633964,0.025259522898126167,0.040052421391010284,0.3145575345317502,21.107187011533256,0.8454150557518005,500000.0,continuous_55,55,continuous_naca,direct OpenFOAM-coefficient surrogate,0.038954676361500004,-1.2985142469406128,98852.59375,fno,surrogate estimate; validate top designs with OpenFOAM,21.107187011533256,0.37210379119126236,0.0,4415,0.1684227094761735
4.212314882112821,0.02532510763908035,0.04007726162672043,0.31691841140387644,21.107152180882586,0.845937967300415,500000.0,continuous_56,56,continuous_naca,direct OpenFOAM-coefficient surrogate,0.038859372346353574,-1.2995271682739258,98852.4296875,fno,surrogate estimate; validate top designs with OpenFOAM,21.107152180882586,0.37335018372173095,0.0,4415,0.16880632965935893
4.21034936012329,0.025288941592910553,0.04007790982723236,0.31531305297885187,21.107109736283757,0.8459499478340149,500000.0,continuous_57,57,continuous_naca,direct OpenFOAM-coefficient surrogate,0.03893769628536027,-1.299553394317627,98852.4296875,fno,surrogate estimate; validate top designs with OpenFOAM,21.107109736283757,0.37280838291982954,0.0,4415,0.1686124613235325
4.210256284106847,0.025249238390770923,0.04008038341999054,0.31468994962404656,21.10715740488956,0.846004068851471,500000.0,continuous_58,58,continuous_naca,direct OpenFOAM-coefficient surrogate,0.038965724457716205,-1.2996641397476196,98852.4140625,fno,surrogate estimate; validate top designs with OpenFOAM,21.10715740488956,0.3724684856777601,0.0,4415,0.16843935571507815
4.2105386555344,0.025296443681859918,0.04007682204246521,0.31530788997698317,21.1071620935894,0.8459290862083435,500000.0,continuous_59,59,continuous_naca,direct OpenFOAM-coefficient surrogate,0.03892264781128686,-1.299509882926941,98852.4375,fno,surrogate estimate; validate top designs with OpenFOAM,21.1071620935894,0.37258003812174145,0.0,4415,0.16857891415307227
4.213504985065287,0.025297190942545147,0.040090251713991165,0.3154798809472888,21.10783898814875,0.8462396860122681,500000.0,continuous_60,60,continuous_naca,direct OpenFOAM-coefficient surrogate,0.03893569609643167,-1.300106406211853,98852.34375,fno,surrogate estimate; validate top designs with OpenFOAM,21.10783898814875,0.3728765577640344,0.0,4415,0.1686040108577547
4.212784720825709,0.025247873931843575,0.04009369760751724,0.31464965947218226,21.10815965160167,0.8463252782821655,500000.0,continuous_61,61,continuous_naca,direct OpenFOAM-coefficient surrogate,0.03899623182313637,-1.3002609014511108,98852.3203125,fno,surrogate estimate; validate top designs with OpenFOAM,21.10815965160167,0.3721478916766958,0.0,4415,0.16833558837029775
4.214142015201586,0.025281397457795226,0.040097884833812714,0.31506793299936886,21.10854635199909,0.846429169178009,500000.0,continuous_62,62,continuous_naca,direct OpenFOAM-coefficient surrogate,0.03898345733349054,-1.3004484176635742,98852.2890625,fno,surrogate estimate; validate top designs with OpenFOAM,21.10854635199909,0.3723274919182333,0.0,4415,0.16845681030636186
4.216084880748955,0.025289363721049177,0.040107160806655884,0.3151687758461424,21.109204667226507,0.8466513752937317,500000.0,continuous_63,63,continuous_naca,direct OpenFOAM-coefficient surrogate,0.03899232377137771,-1.3008406162261963,98852.2265625,fno,surrogate estimate; validate top designs with OpenFOAM,21.109204667226507,0.3722569950384699,0.0,4415,0.16846553760200372
4.216632756381308,0.025150234655670137,0.04011693224310875,0.31357008302429934,21.109603453193195,0.8468736410140991,500000.0,continuous_64,64,continuous_naca,direct OpenFOAM-coefficient surrogate,0.0390613719599653,-1.301268458366394,98852.15625,fno,surrogate estimate; validate top designs with OpenFOAM,21.109603453193195,0.37205441793261596,0.0,4415,0.16826056359283345
4.219679806804763,0.025141101367681426,0.040137507021427155,0.3138032685502816,21.1102467866937,0.8473337888717651,500000.0,continuous_65,65,continuous_naca,direct OpenFOAM-coefficient surrogate,0.03913073403430452,-1.3021481037139893,98852.0234375,fno,surrogate estimate; validate top designs with OpenFOAM,21.1102467866937,0.3717916078380532,0.0,4415,0.16810138831271398
4.2167538377201605,0.02497498098536215,0.040244605392217636,0.31563896723747,21.104664583100696,0.849370002746582,500000.0,continuous_66,66,continuous_naca,direct OpenFOAM-coefficient surrogate,0.039145842643756916,-1.3057162761688232,98851.8828125,fno,surrogate estimate; validate top designs with OpenFOAM,21.104664583100696,0.3712154233273326,0.0,4415,0.1679841556156307
4.214317198229005,0.025275761442293487,0.04009909927845001,0.31508948904242345,21.108657702962642,0.8464592695236206,500000.0,continuous_67,67,continuous_naca,direct OpenFOAM-coefficient surrogate,0.038988232733262976,-1.3005030155181885,98852.28125,fno,surrogate estimate; validate top designs with OpenFOAM,21.108657702962642,0.37246127415485897,0.0,4415,0.1684490470472237
4.218240340661385,0.02515345272414274,0.04012572020292282,0.3136498656576575,21.110067870953326,0.8470777869224548,500000.0,continuous_68,68,continuous_naca,direct OpenFOAM-coefficient surrogate,0.039081307372115515,-1.3016588687896729,98852.09375,fno,surrogate estimate; validate top designs with OpenFOAM,21.110067870953326,0.3721007806537526,0.0,4415,0.16830930744155068
4.2221928760305865,0.025235569219421553,0.04013954475522041,0.31470584726891687,21.110386802901992,0.8473824262619019,500000.0,continuous_69,69,continuous_naca,direct OpenFOAM-coefficient surrogate,0.03905251110397179,-1.3022278547286987,98852.0078125,fno,surrogate estimate; validate top designs with OpenFOAM,21.110386802901992,0.3723178612130523,0.0,4415,0.16838882153999074
4.227305195450146,0.025272624781123704,0.0401633158326149,0.3152994475684212,21.111769781638813,0.8479397892951965,500000.0,continuous_70,70,continuous_naca,direct OpenFOAM-coefficient surrogate,0.039056872730178396,-1.3031690120697021,98851.859375,fno,surrogate estimate; validate top designs with OpenFOAM,21.111769781638813,0.37248305800482107,0.0,4415,0.16844632297910844
4.226337913603619,0.025164743225986535,0.04016920179128647,0.31407762043465787,21.11171222899768,0.848061740398407,500000.0,continuous_71,71,continuous_naca,direct OpenFOAM-coefficient surrogate,0.03914238622072509,-1.3034064769744873,98851.8203125,fno,surrogate estimate; validate top designs with OpenFOAM,21.11171222899768,0.3718549466126895,0.0,4415,0.16821223112046474
4.229696747511001,0.02500071030559111,0.04030764475464821,0.3151509096066392,21.10857011116327,0.8508578538894653,500000.0,continuous_72,72,continuous_naca,direct OpenFOAM-coefficient surrogate,0.03921332640728406,-1.3084110021591187,98851.4609375,fno,surrogate estimate; validate top designs with OpenFOAM,21.10857011116327,0.3718582015161883,0.0,4415,0.1680690873249152
4.219487847439467,0.025232243961938662,0.04012713581323624,0.31457199944954467,21.11013268586573,0.8471102714538574,500000.0,continuous_73,73,continuous_naca,direct OpenFOAM-coefficient surrogate,0.039047574430354295,-1.301717758178711,98852.0859375,fno,surrogate estimate; validate top designs with OpenFOAM,21.11013268586573,0.3721572966578995,0.0,4415,0.16836642503273158
4.228165040987612,0.025173587156005497,0.04017315059900284,0.3141146567357018,21.11177209315511,0.8481475114822388,500000.0,continuous_74,74,continuous_naca,direct OpenFOAM-coefficient surrogate,0.039107476335665636,-1.303562045097351,98851.796875,fno,surrogate estimate; validate top designs with OpenFOAM,21.11177209315511,0.37204267390297896,0.0,4415,0.1682538762809587
4.233127391150726,0.025184130845836605,0.04019653797149658,0.31435379024571025,21.112103154106357,0.848654568195343,500000.0,continuous_75,75,continuous_naca,direct OpenFOAM-coefficient surrogate,0.0391205608174407,-1.3045145273208618,98851.6484375,fno,surrogate estimate; validate top designs with OpenFOAM,21.112103154106357,0.3720136205275921,0.0,4415,0.1682261607006627
4.23373730606516,0.025026695257823296,0.04032191261649132,0.31642005540241686,21.10893246708005,0.8511736392974854,500000.0,continuous_76,76,continuous_naca,direct OpenFOAM-coefficient surrogate,0.03917770247097006,-1.3089675903320312,98851.375,fno,surrogate estimate; validate top designs with OpenFOAM,21.10893246708005,0.37191431983367845,0.0,4415,0.16812662652374333
4.22305021209589,0.025165745341185795,0.04014682024717331,0.31385458431946783,21.110902286230573,0.8475567102432251,500000.0,continuous_77,77,continuous_naca,direct OpenFOAM-coefficient surrogate,0.03908010644050824,-1.3025133609771729,98851.9609375,fno,surrogate estimate; validate top designs with OpenFOAM,21.110902286230573,0.37209655245184425,0.0,4415,0.16830647540548452
4.235230549345427,0.025301004165658027,0.040199898183345795,0.3156769054833214,21.11195904632015,0.8487197160720825,500000.0,continuous_78,78,continuous_naca,direct OpenFOAM-coefficient surrogate,0.0390692290701217,-1.3046538829803467,98851.625,fno,surrogate estimate; validate top designs with OpenFOAM,21.11195904632015,0.37243248096042025,0.0,4415,0.1684942067901462
4.23795031267907,0.025236529876598062,0.040216878056526184,0.3150017042004803,21.112072764505985,0.8490827679634094,500000.0,continuous_79,79,continuous_naca,direct OpenFOAM-coefficient surrogate,0.039114417978724704,-1.305359125137329,98851.515625,fno,surrogate estimate; validate top designs with OpenFOAM,21.112072764505985,0.3722955006009172,0.0,4415,0.1683829853897065
4.240468810709065,0.0260876193581537,0.04021897166967392,0.3188036175379601,21.112071932299106,0.849126935005188,500000.0,continuous_80,80,continuous_naca,direct OpenFOAM-coefficient surrogate,0.039038154077507645,-1.3054417371749878,98851.5,fno,surrogate estimate; validate top designs with OpenFOAM,21.112071932299106,0.37275738343418585,0.0,4415,0.16856260680934715
4.0,0.006222432776310785,0.019788455218076706,0.13999544522543808,17.014492248290257,0.33670753240585327,500000.0,continuous_1,1,continuous_naca,direct OpenFOAM-coefficient surrogate,0.0,-0.6764728426933289,98938.2734375,deeponet,surrogate estimate; validate top designs with OpenFOAM,17.014492248290257,0.4,0.0,0012,0.12
4.0,0.005283658128098304,0.02046334184706211,0.1008888746012242,19.831736576285277,0.40584343671798706,500000.0,continuous_2,2,continuous_naca,direct OpenFOAM-coefficient surrogate,0.00025,-0.7494423985481262,98946.21875,deeponet,surrogate estimate; validate top designs with OpenFOAM,19.831736576285277,0.4,0.0,0012,0.12
4.0,0.006222432776310785,0.019788455218076706,0.13999544522543808,17.014492248290257,0.33670753240585327,500000.0,continuous_3,3,continuous_naca,direct OpenFOAM-coefficient surrogate,0.0,-0.6764728426933289,98938.2734375,deeponet,surrogate estimate; validate top designs with OpenFOAM,17.014492248290257,0.42000000000000004,0.0,0012,0.12
4.0,0.0022313294570248934,0.020157933235168457,0.08780809110991258,16.578626045435023,0.3342074155807495,500000.0,continuous_4,4,continuous_naca,direct OpenFOAM-coefficient surrogate,0.0,-0.693463921546936,98936.8359375,deeponet,surrogate estimate; validate top designs with OpenFOAM,16.578626045435023,0.4,0.0,0012,0.126
4.2,0.007172785012225217,0.02065977454185486,0.14857876193200592,17.263317411453713,0.3566735088825226,500000.0,continuous_5,5,continuous_naca,direct OpenFOAM-coefficient surrogate,0.0,-0.6960119605064392,98935.5390625,deeponet,surrogate estimate; validate top designs with OpenFOAM,17.263317411453713,0.4,0.0,0012,0.12
4.1,0.009910255463213221,0.020342258736491203,0.16174328026153204,20.485102566813833,0.4167337417602539,500000.0,continuous_6,6,continuous_naca,direct OpenFOAM-coefficient surrogate,0.000125,-0.7306100130081177,98946.625,deeponet,surrogate estimate; validate top designs with OpenFOAM,20.485102566813833,0.41000000000000003,0.0,0012,0.11399999999999999
4.149999999999999,0.008526373299640611,0.02033926546573639,0.1484570416145345,21.11400170946872,0.4294643998146057,500000.0,continuous_7,7,continuous_naca,direct OpenFOAM-coefficient surrogate,0.0001875,-0.7209091186523438,98947.0390625,deeponet,surrogate estimate; validate top designs with OpenFOAM,21.11400170946872,0.41500000000000004,0.0,0012,0.10799999999999998
4.174999999999999,0.010001496779994944,0.021106146275997162,0.1584909352881491,20.69956949272513,0.4369088411331177,500000.0,continuous_8,8,continuous_naca,direct OpenFOAM-coefficient surrogate,0.00021875,-0.7616519927978516,98945.546875,deeponet,surrogate estimate; validate top designs with OpenFOAM,20.69956949272513,0.38750000000000007,0.0,0012,0.11399999999999999
4.262499999999999,0.010263497817704673,0.021154746413230896,0.15813355749577115,21.040801689758368,0.44513386487960815,500000.0,continuous_9,9,continuous_naca,direct OpenFOAM-coefficient surrogate,0.000328125,-0.7505784630775452,98945.40625,deeponet,surrogate estimate; validate top designs with OpenFOAM,21.040801689758368,0.40125,0.0,0012,0.11099999999999999
4.093749999999999,0.008186901275742883,0.020245833322405815,0.14127227515006135,21.500879745336636,0.4353247284889221,500000.0,continuous_10,10,continuous_naca,direct OpenFOAM-coefficient surrogate,0.0004921875,-0.7252793312072754,98947.7890625,deeponet,surrogate estimate; validate top designs with OpenFOAM,21.500879745336636,0.4018750000000001,0.0,0012,0.10649999999999998
4.040624999999999,0.005602266123383254,0.019844241440296173,0.09389465866220753,22.219684974018993,0.4409550130367279,500000.0,continuous_11,11,continuous_naca,direct OpenFOAM-coefficient surrogate,0.00073828125,-0.7067453861236572,98949.125,deeponet,surrogate estimate; validate top designs with OpenFOAM,22.219684974018993,0.40281250000000024,0.0,0012,0.09975
4.314062499999999,0.0012000084894445294,0.02119479700922966,0.023075241030949985,22.1952306359319,0.4704456031322479,500000.0,continuous_12,12,continuous_naca,direct OpenFOAM-coefficient surrogate,0.000486328125,-0.7230846285820007,98946.75,deeponet,surrogate estimate; validate top designs with OpenFOAM,22.1952306359319,0.40328125000000015,0.0,0012,0.09637499999999999
4.208593749999999,0.0002912440891643094,0.02028615213930607,0.02933801188293063,22.045275226847714,0.4472358524799347,500000.0,continuous_13,13,continuous_naca,direct OpenFOAM-coefficient surrogate,0.0006513671875,-0.6846424341201782,98947.8515625,deeponet,surrogate estimate; validate top designs with OpenFOAM,22.045275226847714,0.42367187500000025,0.0,0012,0.09356249999999999
4.094140624999998,0.0011596604610023108,0.01976850815117359,0.03291774545414899,22.59427253151448,0.44667765498161316,500000.0,continuous_14,14,continuous_naca,direct OpenFOAM-coefficient surrogate,0.0007036132812499999,-0.6664225459098816,98949.8671875,deeponet,surrogate estimate; validate top designs with OpenFOAM,22.59427253151448,0.42113281250000034,0.0,0012,0.08784375
4.009960937499997,0.0028707197552884332,0.0193935539573431,0.06997595425766275,22.813571676555384,0.4424590468406677,500000.0,continuous_15,15,continuous_naca,direct OpenFOAM-coefficient surrogate,0.0008913574218750001,-0.624367892742157,98951.3203125,deeponet,surrogate estimate; validate top designs with OpenFOAM,22.813571676555384,0.4310742187500005,0.0,0012,0.076265625
4.136621093749998,0.0038586572747475547,0.02049490623176098,0.0800007543410619,23.22206537515258,0.4759572744369507,500000.0,continuous_16,16,continuous_naca,direct OpenFOAM-coefficient surrogate,0.0011961669921875002,-0.6544674038887024,98949.96875,deeponet,surrogate estimate; validate top designs with OpenFOAM,23.22206537515258,0.41541992187500054,0.0,0012,0.07497656250000001
4.1299316406249975,0.009910055087288008,0.021427076309919357,0.16277162140647036,23.19122572736902,0.4969433546066284,500000.0,continuous_17,17,continuous_naca,direct OpenFOAM-coefficient surrogate,0.0017005004882812503,-0.6307376027107239,98950.1015625,deeponet,surrogate estimate; validate top designs with OpenFOAM,23.19122572736902,0.4156298828125009,0.0,0012,0.06
4.0420410156249975,0.0019163606610445975,0.01994163542985916,0.054335660895295936,23.508669918799512,0.4688248336315155,500000.0,continuous_18,18,continuous_naca,direct OpenFOAM-coefficient surrogate,0.0010046997070312501,-0.667634129524231,98950.8984375,deeponet,surrogate estimate; validate top designs with OpenFOAM,23.508669918799512,0.4026220703125004,0.0,0012,0.08012109375000001
3.958764648437498,0.004264496472112593,0.01982775703072548,0.09044715868740338,24.0467393639298,0.47681695222854614,500000.0,continuous_19,19,continuous_naca,direct OpenFOAM-coefficient surrogate,0.001181365966796875,-0.6567346453666687,98951.765625,deeponet,surrogate estimate; validate top designs with OpenFOAM,24.0467393639298,0.3920971679687504,0.0,0012,0.07340039062500003
3.758923339843747,0.00929877760025772,0.018500329926609993,0.17067305263858282,24.239099238119827,0.4484555721282959,500000.0,continuous_20,20,continuous_naca,direct OpenFOAM-coefficient surrogate,0.0015172576904296878,-0.5999324917793274,98954.6640625,deeponet,surrogate estimate; validate top designs with OpenFOAM,24.239099238119827,0.4174206542968757,0.0,0012,0.06582128906250004
3.4813537597656214,0.007087564999975288,0.016978785395622253,0.14258449721473432,25.043946939269322,0.4252408444881439,500000.0,continuous_21,21,continuous_naca,direct OpenFOAM-coefficient surrogate,0.0020327224731445316,-0.5592491626739502,98958.0390625,deeponet,surrogate estimate; validate top designs with OpenFOAM,25.043946939269322,0.4244903564453135,0.0,0012,0.06
3.7527252197265586,0.00818369379760588,0.01860254630446434,0.15008267906557402,24.08240965002164,0.44801822304725647,500000.0,continuous_22,22,continuous_naca,direct OpenFOAM-coefficient surrogate,0.0019125251770019532,-0.5807282328605652,98954.859375,deeponet,surrogate estimate; validate top designs with OpenFOAM,24.08240965002164,0.42872833251953224,0.0,0012,0.06
3.6547714233398407,0.008123182725053515,0.01847936026751995,0.15207671779997423,25.274355350143846,0.46707919239997864,500000.0,continuous_23,23,continuous_naca,direct OpenFOAM-coefficient surrogate,0.00227003288269043,-0.6041618585586548,98955.0546875,deeponet,surrogate estimate; validate top designs with OpenFOAM,25.274355350143846,0.3992936706542979,0.0,0012,0.06
3.477176666259762,0.007738917819343843,0.017820704728364944,0.15356694233710436,26.41805771559902,0.4708148241043091,500000.0,continuous_24,24,continuous_naca,direct OpenFOAM-coefficient surrogate,0.0029593706130981445,-0.6140004992485046,98955.703125,deeponet,surrogate estimate; validate top designs with OpenFOAM,26.41805771559902,0.3834033966064465,0.0,0012,0.06
3.198389053344722,0.006496924514323186,0.015896592289209366,0.1418813272520881,26.914046936894273,0.4278685450553894,500000.0,continuous_25,25,continuous_naca,direct OpenFOAM-coefficient surrogate,0.002846825122833252,-0.5670010447502136,98960.1875,deeponet,surrogate estimate; validate top designs with OpenFOAM,26.914046936894273,0.39893970489502084,0.0,0012,0.06
2.729273033142084,0.005238480962080563,0.013972196727991104,0.13425843413061855,28.704839583957394,0.401098370552063,500000.0,continuous_26,26,continuous_naca,direct OpenFOAM-coefficient surrogate,0.003672154188156128,-0.5474961400032043,98964.2421875,deeponet,surrogate estimate; validate top designs with OpenFOAM,28.704839583957394,0.39069959640503105,0.0,0012,0.06
2.761499691009515,0.004906829609891308,0.01343601569533348,0.13233920041860978,27.995710475382225,0.3761788010597229,500000.0,continuous_27,27,continuous_naca,direct OpenFOAM-coefficient surrogate,0.004107020258903504,-0.5090912580490112,98965.7109375,deeponet,surrogate estimate; validate top designs with OpenFOAM,27.995710475382225,0.4215636730194112,0.0,0012,0.06
2.4719263553619326,0.004736728746657426,0.013126228004693985,0.13501932640438763,29.697971790171614,0.38985204696655273,500000.0,continuous_28,28,continuous_naca,direct OpenFOAM-coefficient surrogate,0.004473108589649201,-0.5408651232719421,98965.9453125,deeponet,surrogate estimate; validate top designs with OpenFOAM,29.697971790171614,0.3813501787185689,0.0,0012,0.06
1.83152692317962,0.003658958203272474,0.011668995954096317,0.13691342919071284,31.03201731731624,0.36214351654052734,500000.0,continuous_29,29,continuous_naca,direct OpenFOAM-coefficient surrogate,0.005753400295972825,-0.5400357842445374,98968.625,deeponet,surrogate estimate; validate top designs with OpenFOAM,31.03201731731624,0.3576611018180873,0.0,0012,0.06
1.918384397029869,0.002662862120262482,0.012076723389327526,0.10195848417185695,31.30723746136672,0.37812015414237976,500000.0,continuous_30,30,continuous_naca,direct OpenFOAM-coefficient surrogate,0.00621325020492077,-0.5574612021446228,98966.796875,deeponet,surrogate estimate; validate top designs with OpenFOAM,31.30723746136672,0.3521735274791745,0.0,0012,0.06
1.1368997156619933,0.0012651582418315378,0.01124754548072815,0.061633804996427684,31.3938543396334,0.35313519835472107,500000.0,continuous_31,31,continuous_naca,direct OpenFOAM-coefficient surrogate,0.008303514070808888,-0.5841867327690125,98966.3828125,deeponet,surrogate estimate; validate top designs with OpenFOAM,31.3938543396334,0.3160151129961051,0.0,0012,0.06
0.7524230152368441,0.0006314172313042819,0.009512899443507195,0.05558516894506851,29.308704244581556,0.2788400650024414,500000.0,continuous_32,32,continuous_naca,direct OpenFOAM-coefficient surrogate,0.007958673793822528,-0.472636878490448,98977.5859375,deeponet,surrogate estimate; validate top designs with OpenFOAM,29.308704244581556,0.3595663455128708,0.0,0012,0.06
0.46356165260075555,0.0010479204997206892,0.010718826204538345,0.056496444778217594,28.899855613233644,0.3098014295101166,500000.0,continuous_33,33,continuous_naca,direct OpenFOAM-coefficient surrogate,0.00873685091547668,-0.5883845686912537,98966.9140625,deeponet,surrogate estimate; validate top designs with OpenFOAM,28.899855613233644,0.2904074053466359,0.0,0012,0.06
-0.6370673798024775,-0.0006047555948099517,0.010402544401586056,0.04249120914390572,23.894352223902853,0.24858595430850983,500000.0,continuous_34,34,continuous_naca,direct OpenFOAM-coefficient surrogate,0.011704065349884331,-0.5845639705657959,98967.4296875,deeponet,surrogate estimate; validate top designs with OpenFOAM,23.894352223902853,0.2711253864318185,0.0,0012,0.06
1.8876879299059435,0.0037003584527834322,0.011700556613504887,0.1363357951712867,30.98434018322114,0.3625650107860565,500000.0,continuous_35,35,continuous_naca,direct OpenFOAM-coefficient surrogate,0.005680131978588179,-0.5353556275367737,98968.796875,deeponet,surrogate estimate; validate top designs with OpenFOAM,30.98434018322114,0.3608060439117279,0.0,0012,0.06
2.340707139391445,0.004110690642611907,0.012108157388865948,0.13173688941185827,29.626032488170235,0.3587462902069092,500000.0,continuous_36,36,continuous_naca,direct OpenFOAM-coefficient surrogate,0.005111009154119531,-0.4971391558647156,98969.15625,deeponet,surrogate estimate; validate top designs with OpenFOAM,29.626032488170235,0.4066168967727597,0.0,0012,0.06
2.845987838832657,0.006072026286746789,0.015219241380691528,0.14877996135828644,29.048233023951294,0.44212111830711365,500000.0,continuous_37,37,continuous_naca,direct OpenFOAM-coefficient surrogate,0.0044653539559221835,-0.6008780598640442,98959.859375,deeponet,surrogate estimate; validate top designs with OpenFOAM,29.048233023951294,0.3609832322364692,0.0,0012,0.06
1.2758142211357972,0.0013096995416164022,0.01026536338031292,0.07551791838175856,30.936519904075812,0.31760555505752563,500000.0,continuous_38,38,continuous_naca,direct OpenFOAM-coefficient surrogate,0.007085343834347442,-0.4991777539253235,98973.7734375,deeponet,surrogate estimate; validate top designs with OpenFOAM,30.936519904075812,0.3599205671937704,0.0,0012,0.06
0.7252572555502321,0.0013426947004941765,0.01111292652785778,0.06193643460659127,29.685907729926818,0.329926997423172,500000.0,continuous_39,39,continuous_naca,direct OpenFOAM-coefficient surrogate,0.008300185935739137,-0.6012184023857117,98965.4375,deeponet,surrogate estimate; validate top designs with OpenFOAM,29.685907729926818,0.2905845161870857,0.0,0012,0.06
1.1291197265105355,0.0013606633852340207,0.010974638164043427,0.0706728372567909,30.953881890860046,0.3397386074066162,500000.0,continuous_40,40,continuous_naca,direct OpenFOAM-coefficient surrogate,0.007502891740334235,-0.5641721487045288,98968.3359375,deeponet,surrogate estimate; validate top designs with OpenFOAM,30.953881890860046,0.31959261133350414,0.0,0012,0.06
1.7168029264932492,0.0023417454111948456,0.012450413778424263,0.09287431000230585,31.100465206702737,0.3872447609901428,500000.0,continuous_41,41,continuous_naca,direct OpenFOAM-coefficient surrogate,0.006534625208504623,-0.601676344871521,98963.640625,deeponet,surrogate estimate; validate top designs with OpenFOAM,31.100465206702737,0.31711686783594184,0.0,0012,0.06
2.157339021109868,0.00436109993459731,0.012680287472903728,0.1430905575384653,30.858673442719006,0.39132770895957947,500000.0,continuous_42,42,continuous_naca,direct OpenFOAM-coefficient surrogate,0.005632944036603021,-0.5629085302352905,98965.578125,deeponet,surrogate estimate; validate top designs with OpenFOAM,30.858673442719006,0.3562069519474269,0.0,0012,0.06
1.3861745501603686,0.0017023220769045923,0.011382726952433586,0.07716601919106263,31.236970666942113,0.35559314489364624,500000.0,continuous_43,43,continuous_naca,direct OpenFOAM-coefficient surrogate,0.007035404814401432,-0.5689545273780823,98967.375,deeponet,surrogate estimate; validate top designs with OpenFOAM,31.236970666942113,0.32874619648698483,0.0,0012,0.06
1.1480141278416718,0.0013829680459681467,0.01163741946220398,0.06225211773870287,31.034827392447454,0.3611963391304016,500000.0,continuous_44,44,continuous_naca,direct OpenFOAM-coefficient surrogate,0.008133340216255705,-0.6073186993598938,98964.1484375,deeponet,surrogate estimate; validate top designs with OpenFOAM,31.034827392447454,0.2989635956568316,0.0,0012,0.06
0.8624187368990208,0.0014338363058213183,0.011986986733973026,0.058582409112017106,30.264577767235423,0.3628113567829132,500000.0,continuous_45,45,continuous_naca,direct OpenFOAM-coefficient surrogate,0.0092500418590125,-0.651473879814148,98960.1640625,deeponet,surrogate estimate; validate top designs with OpenFOAM,30.264577767235423,0.2727597846698444,0.0,0012,0.06
1.5892498766094703,0.0019916674849202627,0.011516289785504341,0.08807909623845324,31.368433487968453,0.36127933859825134,500000.0,continuous_46,46,continuous_naca,direct OpenFOAM-coefficient surrogate,0.006627560686732744,-0.5581932067871094,98967.8203125,deeponet,surrogate estimate; validate top designs with OpenFOAM,31.368433487968453,0.3364357725310266,0.0,0012,0.06
1.7665494066208685,0.002474981228981708,0.011632444337010384,0.09938364700639497,31.229099645113777,0.36330199241638184,500000.0,continuous_47,47,continuous_naca,direct OpenFOAM-coefficient surrogate,0.006117212173968139,-0.5459741950035095,98968.3125,deeponet,surrogate estimate; validate top designs with OpenFOAM,31.229099645113777,0.3501933792681976,0.0,0012,0.06
1.2226338480331012,0.0011651641777188388,0.010462343692779541,0.06637148355875595,31.251480878686593,0.32699498534202576,500000.0,continuous_48,48,continuous_naca,direct OpenFOAM-coefficient surrogate,0.00750722066445098,-0.520085871219635,98972.1328125,deeponet,surrogate estimate; validate top designs with OpenFOAM,31.251480878686593,0.34857836280521515,0.0,0012,0.06
0.9009295886115982,0.0009739868161322318,0.010800795629620552,0.055696967554625776,30.949033740198836,0.33430513739585876,500000.0,continuous_49,49,continuous_naca,direct OpenFOAM-coefficient surrogate,0.008619637944228882,-0.5713691711425781,98968.0859375,deeponet,surrogate estimate; validate top designs with OpenFOAM,30.949033740198836,0.31469434314146816,0.0,0012,0.06
1.550144452118551,0.0016437452365795583,0.011286803521215916,0.08155456572490451,31.42691644226905,0.35474085807800293,500000.0,continuous_50,50,continuous_naca,direct OpenFOAM-coefficient surrogate,0.006742818616533325,-0.547416627407074,98968.84375,deeponet,surrogate estimate; validate top designs with OpenFOAM,31.42691644226905,0.34131862023651527,0.0,0012,0.06
1.363289396051189,0.0012752268531543765,0.010885007679462433,0.06910241332024393,31.6490092082476,0.3445313572883606,500000.0,continuous_51,51,continuous_naca,direct OpenFOAM-coefficient surrogate,0.0075551522048615365,-0.5393022298812866,98970.0390625,deeponet,surrogate estimate; validate top designs with OpenFOAM,31.6490092082476,0.3424277377974461,0.0,0012,0.06
1.351846818996599,0.0008641062943433523,0.010688399896025658,0.0634607578328213,31.757852317504142,0.33947238326072693,500000.0,continuous_52,52,continuous_naca,direct OpenFOAM-coefficient surrogate,0.007815025900091588,-0.5265020132064819,98971.1171875,deeponet,surrogate estimate; validate top designs with OpenFOAM,31.757852317504142,0.3492685084526769,0.0,0012,0.06
1.5914365836602058,0.0015179147840202977,0.011984369717538357,0.07428555153154706,31.55707993090792,0.3782232701778412,500000.0,continuous_53,53,continuous_naca,direct OpenFOAM-coefficient surrogate,0.007237238972632293,-0.5891927480697632,98965.0078125,deeponet,surrogate estimate; validate top designs with OpenFOAM,31.55707993090792,0.32294064430294667,0.0,0012,0.06
1.2259139086092044,0.0011704093627111353,0.011094344779849052,0.06033164369442419,31.839588869351445,0.3532712161540985,500000.0,continuous_54,54,continuous_naca,direct OpenFOAM-coefficient surrogate,0.008421738093300303,-0.5674934387207031,98967.7578125,deeponet,surrogate estimate; validate top designs with OpenFOAM,31.839588869351445,0.32833567046309536,0.0,0012,0.06
1.0442459246090716,0.0007826148179827155,0.010779410600662231,0.05785233842554696,31.975662155944157,0.3447107672691345,500000.0,continuous_55,55,continuous_naca,direct OpenFOAM-coefficient surrogate,0.009318826796584084,-0.5610713958740234,98968.6953125,deeponet,surrogate estimate; validate top designs with OpenFOAM,31.975662155944157,0.3242856194291298,0.0,0012,0.06
1.6319371740302202,0.0014159674194479898,0.01132318563759327,0.06953048896781248,31.835964269782544,0.36051636934280396,500000.0,continuous_56,56,continuous_naca,direct OpenFOAM-coefficient surrogate,0.007253441072111759,-0.5431901812553406,98968.8203125,deeponet,surrogate estimate; validate top designs with OpenFOAM,31.835964269782544,0.3528915832145292,0.0,0012,0.06
1.2595887985294976,0.0008694857478451531,0.011003850027918816,0.056721115400189634,32.384765975549286,0.35638949275016785,500000.0,continuous_57,57,continuous_naca,direct OpenFOAM-coefficient surrogate,0.009069447754176535,-0.5601147413253784,98968.3125,deeponet,surrogate estimate; validate top designs with OpenFOAM,32.384765975549286,0.33337455746312594,0.0,0012,0.06
1.1143109717349713,0.0007086375073848441,0.01084914617240429,0.04875174250150203,32.768093719136765,0.35553860664367676,500000.0,continuous_58,58,continuous_naca,direct OpenFOAM-coefficient surrogate,0.010232762322998143,-0.5622959733009338,98968.3828125,deeponet,surrogate estimate; validate top designs with OpenFOAM,32.768093719136765,0.3294025260764313,0.0,0012,0.06
0.9797338610252253,0.0005413388526810606,0.01002720557153225,0.04446729420038129,31.932860732826448,0.32022929191589355,500000.0,continuous_59,59,continuous_naca,direct OpenFOAM-coefficient surrogate,0.010072789073260494,-0.5029577016830444,98974.078125,deeponet,surrogate estimate; validate top designs with OpenFOAM,31.932860732826448,0.3549834742834369,0.0,0012,0.06
1.0332671467031451,0.0004037286296082631,0.010722186416387558,0.04689706273381256,32.791906612117394,0.3516337275505066,500000.0,continuous_60,60,continuous_naca,direct OpenFOAM-coefficient surrogate,0.010623883732385653,-0.559116542339325,98968.828125,deeponet,surrogate estimate; validate top designs with OpenFOAM,32.791906612117394,0.3315130930490867,0.0,0012,0.06
0.8739773105564179,-0.0002964538396209304,0.01079733856022358,0.04133699581591116,33.14864854294467,0.3579503297805786,500000.0,continuous_61,61,continuous_naca,direct OpenFOAM-coefficient surrogate,0.012028312648532685,-0.5774087905883789,98967.3671875,deeponet,surrogate estimate; validate top designs with OpenFOAM,33.14864854294467,0.32263538534729164,0.0,0012,0.06
0.37419685993262286,-0.0007828154774689061,0.010397879406809807,0.039581470298012594,31.99547545740602,0.33271709084510803,500000.0,continuous_62,62,continuous_naca,direct OpenFOAM-coefficient surrogate,0.013572904348575944,-0.5699940323829651,98969.125,deeponet,surrogate estimate; validate top designs with OpenFOAM,31.99547545740602,0.31276191935361564,0.0,0012,0.06
0.7236316723913165,-0.0005120595035399317,0.011397769674658775,0.04665995668216979,32.51525216683795,0.3706338703632355,500000.0,continuous_63,63,continuous_naca,direct OpenFOAM-coefficient surrogate,0.012503613985084934,-0.6333969235420227,98962.1640625,deeponet,surrogate estimate; validate top designs with OpenFOAM,32.51525216683795,0.2895592508197973,0.0,0012,0.06
0.4988124826985927,-0.00029845216490652625,0.010976957157254219,0.03797617297711346,33.33179616202241,0.3659150302410126,500000.0,continuous_64,64,continuous_naca,direct OpenFOAM-coefficient surrogate,0.014849969856011768,-0.6140380501747131,98964.4375,deeponet,surrogate estimate; validate top designs with OpenFOAM,33.33179616202241,0.30289392136943805,0.0,0012,0.06
0.22609576174335322,-0.0004609762731321824,0.011173449456691742,0.036780573617420376,33.63025870477576,0.37579962611198425,500000.0,continuous_65,65,continuous_naca,direct OpenFOAM-coefficient surrogate,0.017615541385725606,-0.6377389430999756,98962.46875,deeponet,surrogate estimate; validate top designs with OpenFOAM,33.63025870477576,0.29219807233959216,0.0,0012,0.06
4.0,0.011187129135526377,0.022271882742643356,0.2280073287435712,27.090762760005227,0.6033893823623657,500000.0,continuous_1,1,continuous_naca,direct OpenFOAM-coefficient surrogate,0.02,-0.9009115695953369,98925.875,deeponet,surrogate estimate; validate top designs with OpenFOAM,27.090762760005227,0.4,0.0,2412,0.12
4.0,0.011178432894100422,0.022403450682759285,0.24992838775883341,27.402074968318797,0.6139284372329712,500000.0,continuous_2,2,continuous_naca,direct OpenFOAM-coefficient surrogate,0.021,-0.9085325002670288,98924.6640625,deeponet,surrogate estimate; validate top designs with OpenFOAM,27.402074968318797,0.4,0.0,2412,0.12
4.0,0.010420390255673725,0.021635601297020912,0.2149642427983141,27.071817238462287,0.5857421159744263,500000.0,continuous_3,3,continuous_naca,direct OpenFOAM-coefficient surrogate,0.02,-0.8598368763923645,98928.7890625,deeponet,surrogate estimate; validate top designs with OpenFOAM,27.071817238462287,0.42000000000000004,0.0,2412,0.12
4.0,0.01370282701075142,0.022745724767446518,0.25741042966728744,26.372577211974825,0.5998897552490234,500000.0,continuous_4,4,continuous_naca,direct OpenFOAM-coefficient surrogate,0.02,-0.921856164932251,98923.671875,deeponet,surrogate estimate; validate top designs with OpenFOAM,26.372577211974825,0.4,0.0,2412,0.126
4.2,0.01214410836494471,0.023172955960035324,0.23381495393691032,26.904107309348568,0.6234745979309082,500000.0,continuous_5,5,continuous_naca,direct OpenFOAM-coefficient surrogate,0.02,-0.9224657416343689,98923.3046875,deeponet,surrogate estimate; validate top designs with OpenFOAM,26.904107309348568,0.4,0.0,2412,0.12
4.1,0.008124023094060495,0.02196183055639267,0.1898034851204848,27.782999582014885,0.6101933121681213,500000.0,continuous_6,6,continuous_naca,direct OpenFOAM-coefficient surrogate,0.0205,-0.8684858679771423,98927.765625,deeponet,surrogate estimate; validate top designs with OpenFOAM,27.782999582014885,0.41000000000000003,0.0,2412,0.11399999999999999
4.149999999999999,0.0033973763008314536,0.021801095455884933,0.1264159312274578,28.31130588303062,0.6172457933425903,500000.0,continuous_7,7,continuous_naca,direct OpenFOAM-coefficient surrogate,0.020749999999999998,-0.8498105406761169,98928.8203125,deeponet,surrogate estimate; validate top designs with OpenFOAM,28.31130588303062,0.41500000000000004,0.0,2412,0.10799999999999998
3.874999999999999,0.0074788084526929265,0.020766902714967728,0.18720135181832892,28.117606897850425,0.5839437246322632,500000.0,continuous_8,8,continuous_naca,direct OpenFOAM-coefficient surrogate,0.020875,-0.8305501937866211,98931.4375,deeponet,surrogate estimate; validate top designs with OpenFOAM,28.117606897850425,0.4175000000000001,0.0,2412,0.11399999999999999
4.012499999999999,0.008518936780819986,0.022048212587833405,0.19084590850279362,28.45761441239866,0.6274679899215698,500000.0,continuous_9,9,continuous_naca,direct OpenFOAM-coefficient surrogate,0.0213125,-0.8918123841285706,98926.328125,deeponet,surrogate estimate; validate top designs with OpenFOAM,28.45761441239866,0.3962500000000001,0.0,2412,0.11099999999999999
4.018749999999999,0.0060388303068946965,0.022335626184940338,0.17326160746849534,29.033407487468775,0.6485083699226379,500000.0,continuous_10,10,continuous_naca,direct OpenFOAM-coefficient surrogate,0.021968750000000002,-0.9098461270332336,98924.5703125,deeponet,surrogate estimate; validate top designs with OpenFOAM,29.033407487468775,0.38437500000000013,0.0,2412,0.10649999999999998
4.021874999999998,0.003041864632928102,0.021397588774561882,0.11888634903101443,29.37384985322533,0.6285589337348938,500000.0,continuous_11,11,continuous_naca,direct OpenFOAM-coefficient surrogate,0.022296875000000004,-0.8489620089530945,98928.8125,deeponet,surrogate estimate; validate top designs with OpenFOAM,29.37384985322533,0.4084375000000001,0.0,2412,0.10424999999999998
4.032812499999997,0.0008225651526919971,0.021046645939350128,0.09461964616621278,30.24246634221507,0.636532723903656,500000.0,continuous_12,12,continuous_naca,direct OpenFOAM-coefficient surrogate,0.023445312500000003,-0.8193483948707581,98930.15625,deeponet,surrogate estimate; validate top designs with OpenFOAM,30.24246634221507,0.41265625000000017,0.0,2412,0.09637499999999999
4.038281249999997,0.0008680776763850911,0.020844515413045883,0.10222505461806476,30.217558175123283,0.6299005746841431,500000.0,continuous_13,13,continuous_naca,direct OpenFOAM-coefficient surrogate,0.022519531250000006,-0.80278480052948,98931.9453125,deeponet,surrogate estimate; validate top designs with OpenFOAM,30.217558175123283,0.41476562500000014,0.0,2412,0.09243749999999998
4.244921874999997,0.001168185705483664,0.022491950541734695,0.08886147717851663,30.23037739679587,0.679970383644104,500000.0,continuous_14,14,continuous_naca,direct OpenFOAM-coefficient surrogate,0.023466796875000005,-0.8555783033370972,98925.9375,deeponet,surrogate estimate; validate top designs with OpenFOAM,30.23037739679587,0.3958984375000002,0.0,2412,0.08765624999999999
4.017382812499996,-6.0956766730425024e-05,0.021591730415821075,0.09876962779651809,31.528056960740233,0.680776834487915,500000.0,continuous_15,15,continuous_naca,direct OpenFOAM-coefficient surrogate,0.024950195312500013,-0.8444482684135437,98926.796875,deeponet,surrogate estimate; validate top designs with OpenFOAM,31.528056960740233,0.3888476562500003,0.0,2412,0.08348437499999997
3.9510742187499943,0.003422225437237706,0.021750476211309433,0.14484819109279895,32.609425390239245,0.7093031406402588,500000.0,continuous_16,16,continuous_naca,direct OpenFOAM-coefficient surrogate,0.027050292968750014,-0.8447033166885376,98924.328125,deeponet,surrogate estimate; validate top designs with OpenFOAM,32.609425390239245,0.3757714843750004,0.0,2412,0.07122656249999998
4.114794921874994,0.00932127397799541,0.021257612854242325,0.22270008875597386,31.513854354958372,0.6699408292770386,500000.0,continuous_17,17,continuous_naca,direct OpenFOAM-coefficient surrogate,0.02627221679687501,-0.7598344087600708,98931.140625,deeponet,surrogate estimate; validate top designs with OpenFOAM,31.513854354958372,0.41517089843750044,0.0,2412,0.06734765625
4.133520507812493,0.0038926615159468655,0.022527409717440605,0.13684008922659327,32.02779134838268,0.7215352058410645,500000.0,continuous_18,18,continuous_naca,direct OpenFOAM-coefficient surrogate,0.027597778320312513,-0.8431987166404724,98922.7578125,deeponet,surrogate estimate; validate top designs with OpenFOAM,32.02779134838268,0.3849829101562504,0.0,2412,0.068865234375
3.8711791992187434,0.004335536888450542,0.020501408725976944,0.1712017394461402,33.20052364938791,0.6806907057762146,500000.0,continuous_19,19,continuous_naca,direct OpenFOAM-coefficient surrogate,0.02871600341796877,-0.7627273201942444,98930.1171875,deeponet,surrogate estimate; validate top designs with OpenFOAM,33.20052364938791,0.39839233398437557,0.0,2412,0.0642509765625
3.684307861328117,0.003319811440295449,0.01975364424288273,0.16049918374909122,34.36354287007725,0.6788395643234253,500000.0,continuous_20,20,continuous_naca,direct OpenFOAM-coefficient surrogate,0.03134060668945315,-0.7382122278213501,98930.8984375,deeponet,surrogate estimate; validate top designs with OpenFOAM,34.36354287007725,0.3996392822265633,0.0,2412,0.06
3.9090362548828024,0.0027712894250648836,0.021991411224007607,0.12781806639073787,33.90264086976448,0.7456008195877075,500000.0,continuous_21,21,continuous_naca,direct OpenFOAM-coefficient surrogate,0.03268513488769534,-0.8354605436325073,98919.09375,deeponet,surrogate estimate; validate top designs with OpenFOAM,33.90264086976448,0.37512603759765717,0.0,2412,0.06
3.724174499511709,0.0003038377958699848,0.022165829315781593,0.10341198910174655,34.56138763815421,0.7661163806915283,500000.0,continuous_22,22,continuous_naca,direct OpenFOAM-coefficient surrogate,0.0330646896362305,-0.8923129439353943,98914.71875,deeponet,surrogate estimate; validate top designs with OpenFOAM,34.56138763815421,0.3525889587402351,0.0,2412,0.06269824218749998
3.528864288330066,-0.0021791193271043026,0.023030895739793777,0.0997145466933245,35.25057733206147,0.8118876218795776,500000.0,continuous_23,23,continuous_naca,direct OpenFOAM-coefficient surrogate,0.03646092605590824,-0.966478705406189,98904.9375,deeponet,surrogate estimate; validate top designs with OpenFOAM,35.25057733206147,0.3212979888916023,0.0,2412,0.06037353515624996
3.403120803832996,-0.0017323141210885645,0.02091686986386776,0.10013132736489283,36.21481412033217,0.757536768913269,500000.0,continuous_24,24,continuous_naca,direct OpenFOAM-coefficient surrogate,0.03617070198059086,-0.8618133664131165,98916.2421875,deeponet,surrogate estimate; validate top designs with OpenFOAM,36.21481412033217,0.35093448638916114,0.0,2412,0.06
3.0379209518432475,-0.0037910271528676072,0.02073909528553486,0.07170184381422498,37.49675339395741,0.7776862382888794,500000.0,continuous_25,25,continuous_naca,direct OpenFOAM-coefficient surrogate,0.040457163810730036,-0.88983553647995,98911.6796875,deeponet,surrogate estimate; validate top designs with OpenFOAM,37.49675339395741,0.3339102745056166,0.0,2412,0.06
3.1289904594421216,-0.006888093262201659,0.021318279206752777,0.040155540114273705,37.32962418106209,0.7958406805992126,500000.0,continuous_26,26,continuous_naca,direct OpenFOAM-coefficient surrogate,0.043421622753143374,-0.8916261196136475,98907.859375,deeponet,surrogate estimate; validate top designs with OpenFOAM,37.32962418106209,0.33921530723571935,0.0,2412,0.06
2.7810055255889736,-0.004767881289723372,0.02076495811343193,0.03276951148356017,38.05258210550469,0.7901983261108398,500000.0,continuous_27,27,continuous_naca,direct OpenFOAM-coefficient surrogate,0.043155024766922054,-0.9111329913139343,98908.7109375,deeponet,surrogate estimate; validate top designs with OpenFOAM,38.05258210550469,0.32190538883209363,0.0,2412,0.06018676757812498
2.216990160942059,0.0028690419030905617,0.020963028073310852,0.1707678271864632,38.597862348587725,0.809166669845581,500000.0,continuous_28,28,continuous_naca,direct OpenFOAM-coefficient surrogate,0.04838996970653542,-0.9499186873435974,98903.8046875,deeponet,surrogate estimate; validate top designs with OpenFOAM,38.597862348587725,0.29529506444931175,0.0,2412,0.06028015136718748
2.27207506895063,0.004558287951537273,0.024889063090085983,0.30342275642619654,36.902356166305225,0.9185019731521606,500000.0,continuous_29,29,continuous_naca,direct OpenFOAM-coefficient surrogate,0.05302423447370539,-1.1589281558990479,98879.921875,deeponet,surrogate estimate; validate top designs with OpenFOAM,36.902356166305225,0.2452200353145617,0.0,2412,0.06032684326171872
1.7991240322589626,0.00047577041619855097,0.02181895263493061,0.13591215708622903,38.085093267874434,0.8310149312019348,500000.0,continuous_30,30,continuous_naca,direct OpenFOAM-coefficient surrogate,0.05618556931614886,-0.9591291546821594,98897.265625,deeponet,surrogate estimate; validate top designs with OpenFOAM,38.085093267874434,0.2855223518610024,0.0,2412,0.06
2.819437733292565,-0.003950937327864253,0.018216906115412712,0.05782115896498931,37.43458612138765,0.681979775428772,500000.0,continuous_31,31,continuous_naca,direct OpenFOAM-coefficient surrogate,0.04120292831957346,-0.7127564549446106,98929.4140625,deeponet,surrogate estimate; validate top designs with OpenFOAM,37.43458612138765,0.38175146371126334,0.0,2412,0.06
1.8077459797262954,0.0011838408267189017,0.0195247121155262,0.17058483107303046,38.825510526151824,0.7580957412719727,500000.0,continuous_32,32,continuous_naca,direct OpenFOAM-coefficient surrogate,0.04969619282335051,-0.8612809181213379,98913.3203125,deeponet,surrogate estimate; validate top designs with OpenFOAM,38.825510526151824,0.3090242700278777,0.0,2412,0.06014007568359374
1.1471237398683822,-0.0026382425520385428,0.019237017259001732,0.24420704620971734,38.1540303821786,0.7340078949928284,500000.0,continuous_33,33,continuous_naca,direct OpenFOAM-coefficient surrogate,0.052833477858454075,-0.8427817225456238,98916.4375,deeponet,surrogate estimate; validate top designs with OpenFOAM,38.1540303821786,0.2939287514239568,0.0,2412,0.0602101135253906
1.611452829092717,-0.0021350936295665454,0.023998335003852844,0.16277233303082064,37.37313788142489,0.896930456161499,500000.0,continuous_34,34,continuous_naca,direct OpenFOAM-coefficient surrogate,0.05616151950880895,-1.1427901983261108,98883.6484375,deeponet,surrogate estimate; validate top designs with OpenFOAM,37.37313788142489,0.23012451671064094,0.0,2412,0.0602101135253906
2.5174415072426033,-0.003933351614363853,0.019209299236536026,0.12140055406782739,38.46141247628042,0.738855242729187,500000.0,continuous_35,35,continuous_naca,direct OpenFOAM-coefficient surrogate,0.044942576116882335,-0.8082093000411987,98918.265625,deeponet,surrogate estimate; validate top designs with OpenFOAM,38.46141247628042,0.34384472696110774,0.0,2412,0.06005252838134765
1.1327298882417125,-0.002614542826841304,0.020932795479893684,0.10115855159718538,37.32142543463018,0.7812790870666504,500000.0,continuous_36,36,continuous_naca,direct OpenFOAM-coefficient surrogate,0.05914999017072852,-0.8893356323242188,98905.2109375,deeponet,surrogate estimate; validate top designs with OpenFOAM,37.32142543463018,0.28293293214403314,0.0,2412,0.06023637771606444
2.5616231859428638,0.0007145379945126745,0.02031932957470417,0.11540296720295085,38.47561440779754,0.7818371653556824,500000.0,continuous_37,37,continuous_naca,direct OpenFOAM-coefficient surrogate,0.04513037040072966,-0.8913909196853638,98910.0,deeponet,surrogate estimate; validate top designs with OpenFOAM,38.47561440779754,0.3211659389152207,0.0,2412,0.06005909442901611
2.752776384667948,-0.0028493870555602527,0.01852257549762726,0.07587970977768563,38.27415729221407,0.7089742422103882,500000.0,continuous_38,38,continuous_naca,direct OpenFOAM-coefficient surrogate,0.03789398520760011,-0.7966651916503906,98924.828125,deeponet,surrogate estimate; validate top designs with OpenFOAM,38.27415729221407,0.3491426483157566,0.0,2412,0.06026592493057249
2.5143632965657017,-0.006211988935425177,0.019167518243193626,0.04713531424901761,38.7216199170244,0.7422360777854919,500000.0,continuous_39,39,continuous_naca,direct OpenFOAM-coefficient surrogate,0.042466881234737304,-0.8385217785835266,98918.0234375,deeponet,surrogate estimate; validate top designs with OpenFOAM,38.7216199170244,0.333237574202068,0.0,2412,0.06019944369792937
2.0329198043458563,0.002028096565483363,0.020892441272735596,0.16327996950611479,38.708994345040985,0.8087641000747681,500000.0,continuous_40,40,continuous_naca,direct OpenFOAM-coefficient surrogate,0.04789913096579411,-0.9744237661361694,98903.640625,deeponet,surrogate estimate; validate top designs with OpenFOAM,38.708994345040985,0.2855166968361314,0.0,2412,0.06028685420751571
1.7243864348470925,-0.000712028813794153,0.019923081621527672,0.1809060432237428,38.98684832767745,0.7767771482467651,500000.0,continuous_41,41,continuous_naca,direct OpenFOAM-coefficient surrogate,0.04909571696447902,-0.9179350137710571,98909.7265625,deeponet,surrogate estimate; validate top designs with OpenFOAM,38.98684832767745,0.2903708638424737,0.0,2412,0.060394168049097044
1.305768059299207,-0.003402007544449287,0.01995653286576271,0.2042947654287322,38.78359361228771,0.7740248441696167,500000.0,continuous_42,42,continuous_naca,direct OpenFOAM-coefficient surrogate,0.051078390246353716,-0.9355423450469971,98909.3359375,deeponet,surrogate estimate; validate top designs with OpenFOAM,38.78359361228771,0.27497332630610016,0.0,2412,0.060561704859137505
1.8227175968004143,-0.0013435918975913967,0.018681326881051064,0.1412340891475083,39.22363026027522,0.7327886819839478,500000.0,continuous_43,43,continuous_naca,direct OpenFOAM-coefficient surrogate,0.04618899128764506,-0.8411741852760315,98918.796875,deeponet,surrogate estimate; validate top designs with OpenFOAM,39.22363026027522,0.31377963800496367,0.0,2412,0.06023011945188045
1.625581314729592,-0.0008064227266773273,0.017657697200775146,0.10723515127186244,39.17993657232397,0.6918666362762451,500000.0,continuous_44,44,continuous_naca,direct OpenFOAM-coefficient surrogate,0.045088502078199866,-0.7839579582214355,98926.375,deeponet,surrogate estimate; validate top designs with OpenFOAM,39.17993657232397,0.3230219247827897,0.0,2412,0.06020510349422692
1.9016868496238954,0.0010228421410360164,0.01793305017054081,0.1182337679824233,38.733664614728426,0.6946514844894409,500000.0,continuous_45,45,continuous_naca,direct OpenFOAM-coefficient surrogate,0.045824760189311836,-0.7593387365341187,98926.0234375,deeponet,surrogate estimate; validate top designs with OpenFOAM,38.733664614728426,0.3376894762025601,0.0,2412,0.060195049233734595
1.1139051339331472,-0.0033967444109088314,0.01937427744269371,0.25296619047237145,38.22067043437895,0.740536093711853,500000.0,continuous_46,46,continuous_naca,direct OpenFOAM-coefficient surrogate,0.05293594939765591,-0.8591278791427612,98915.1875,deeponet,surrogate estimate; validate top designs with OpenFOAM,38.22067043437895,0.29219454983686954,0.0,2412,0.06028026251122354
2.164248755907563,-1.1185135303315419e-05,0.018986163660883904,0.11435103800656074,39.04472085777712,0.7413485050201416,500000.0,continuous_47,47,continuous_naca,direct OpenFOAM-coefficient surrogate,0.04508414827546696,-0.8400114178657532,98917.609375,deeponet,surrogate estimate; validate top designs with OpenFOAM,39.04472085777712,0.3229768181107684,0.0,2412,0.06021964840125291
1.8578625340167871,-0.00018271813630945226,0.020868990570306778,0.18967643396927666,38.745030095657036,0.8086084127426147,500000.0,continuous_48,48,continuous_naca,direct OpenFOAM-coefficient surrogate,0.049207764486158934,-0.9773761630058289,98903.3828125,deeponet,surrogate estimate; validate top designs with OpenFOAM,38.745030095657036,0.28038631879048165,0.0,2412,0.06029695655917749
1.8688186129185644,0.0019613103314920868,0.019939187914133072,0.16460917706969347,38.99563357070174,0.7775802612304688,500000.0,continuous_49,49,continuous_naca,direct OpenFOAM-coefficient surrogate,0.048362013411947166,-0.9127989411354065,98909.8203125,deeponet,surrogate estimate; validate top designs with OpenFOAM,38.99563357070174,0.29471210814350124,0.0,2412,0.06027147972781677
1.982339720510522,-0.001290017139917064,0.019319383427500725,0.1201676412917487,39.23332474636439,0.7580028772354126,500000.0,continuous_50,50,continuous_naca,direct OpenFOAM-coefficient surrogate,0.044669242146418583,-0.8997014164924622,98914.0390625,deeponet,surrogate estimate; validate top designs with OpenFOAM,39.23332474636439,0.30189544402297586,0.0,2412,0.06041763213142985
2.0696365909026353,-0.0021433317921467914,0.019312482327222824,0.04281551131382914,39.150974940021875,0.7561416625976562,500000.0,continuous_51,51,continuous_naca,direct OpenFOAM-coefficient surrogate,0.042155766807952605,-0.918888509273529,98914.21875,deeponet,surrogate estimate; validate top designs with OpenFOAM,39.150974940021875,0.29833103102052494,0.0,2412,0.060556410355347895
2.1946759082214395,-0.007247944534981629,0.01859496347606182,0.040776931796124315,39.17538998403314,0.7285041213035583,500000.0,continuous_52,52,continuous_naca,direct OpenFOAM-coefficient surrogate,0.04305648059625987,-0.830687940120697,98920.296875,deeponet,surrogate estimate; validate top designs with OpenFOAM,39.17538998403314,0.32631114029863084,0.0,2412,0.06017527180709295
2.213172377801405,-0.0039282620016450435,0.017831919714808464,0.06166079732074123,39.185412315465015,0.6987903118133545,500000.0,continuous_53,53,continuous_naca,direct OpenFOAM-coefficient surrogate,0.041137417740948076,-0.7866637706756592,98926.09375,deeponet,surrogate estimate; validate top designs with OpenFOAM,39.185412315465015,0.3377694120751681,0.0,2412,0.060249856168011304
1.9422040457593273,-0.004412968906849432,0.018069373443722725,0.03474299428266105,39.4976051124137,0.7137364745140076,500000.0,continuous_54,54,continuous_naca,direct OpenFOAM-coefficient surrogate,0.04244191761016884,-0.8294880390167236,98922.8046875,deeponet,surrogate estimate; validate top designs with OpenFOAM,39.4976051124137,0.31690099909010083,0.0,2412,0.060316791377954364
1.8311816906852094,-0.005130461611563881,0.01770475134253502,0.06651971913892106,39.69092208368195,0.7027575969696045,500000.0,continuous_55,55,continuous_naca,direct OpenFOAM-coefficient surrogate,0.04112080227751977,-0.832338273525238,98924.5390625,deeponet,surrogate estimate; validate top designs with OpenFOAM,39.69092208368195,0.31386308957976705,0.0,2412,0.0603653628663051
1.7300297846773356,-0.001704971569965031,0.01811232790350914,0.06468968845596058,39.56283833751445,0.7166146636009216,500000.0,continuous_56,56,continuous_naca,direct OpenFOAM-coefficient surrogate,0.04350174613000589,-0.8455727100372314,98921.796875,deeponet,surrogate estimate; validate top designs with OpenFOAM,39.56283833751445,0.3073426515428065,0.0,2412,0.060456213501720396
1.4699620185353357,0.00036044288095588435,0.019185755401849747,0.13966876320135357,39.2937640611359,0.7539198398590088,500000.0,continuous_57,57,continuous_naca,direct OpenFOAM-coefficient surrogate,0.046602973179846574,-0.9247636198997498,98913.6875,deeponet,surrogate estimate; validate top designs with OpenFOAM,39.2937640611359,0.28067099950008845,0.0,2412,0.060484807807656596
1.684039010403787,-0.0019904425041391443,0.018431873992085457,0.051991469584631196,39.54874277468702,0.728996992111206,500000.0,continuous_58,58,continuous_naca,direct OpenFOAM-coefficient surrogate,0.04175839057925035,-0.9055221080780029,98918.5234375,deeponet,surrogate estimate; validate top designs with OpenFOAM,39.54874277468702,0.2881064543178552,0.0,2412,0.06063188870167552
1.375266531640312,-0.0020179390057810547,0.01747313141822815,0.049470893718984985,39.78377843106515,0.695186972618103,500000.0,continuous_59,59,continuous_naca,direct OpenFOAM-coefficient surrogate,0.0418227139368927,-0.8593104481697083,98924.640625,deeponet,surrogate estimate; validate top designs with OpenFOAM,39.78377843106515,0.2930961534472828,0.0,2412,0.06055150430724894
1.0717299372052072,-0.0017462064167844803,0.016696542501449585,0.05126446211260315,39.77997976837533,0.6642279028892517,500000.0,continuous_60,60,continuous_naca,direct OpenFOAM-coefficient surrogate,0.04039944983212976,-0.8438137769699097,98929.21875,deeponet,surrogate estimate; validate top designs with OpenFOAM,39.77997976837533,0.28869650815943626,0.0,2412,0.060618440395158485
1.8402964901679866,-0.004348188842867576,0.01676022633910179,0.08338442865844511,39.83503029546484,0.6676839590072632,500000.0,continuous_61,61,continuous_naca,direct OpenFOAM-coefficient surrogate,0.03749885328198778,-0.798134982585907,98930.7734375,deeponet,surrogate estimate; validate top designs with OpenFOAM,39.83503029546484,0.3205331749437673,0.0,2412,0.06051767688081838
2.025463725984312,-0.0017569443378850122,0.015835929661989212,0.10241633098257855,39.57714805370949,0.6267805099487305,500000.0,continuous_62,62,continuous_naca,direct OpenFOAM-coefficient surrogate,0.03294679333305839,-0.7455697059631348,98938.046875,deeponet,surrogate estimate; validate top designs with OpenFOAM,39.57714805370949,0.3404642626656067,0.0,2412,0.06053411141739928
1.7043482381816348,-0.003991224447108639,0.01662004552781582,0.05916689252147284,39.62772449238422,0.6586542129516602,500000.0,continuous_63,63,continuous_naca,direct OpenFOAM-coefficient surrogate,0.04021366723395273,-0.7585650682449341,98932.7890625,deeponet,surrogate estimate; validate top designs with OpenFOAM,39.62772449238422,0.3293110804389566,0.0,2412,0.06031349007637089
1.6455166906602359,-0.0034915783396068534,0.016139039769768715,0.07707658116014547,39.977715382599904,0.645241916179657,500000.0,continuous_64,64,continuous_naca,direct OpenFOAM-coefficient surrogate,0.0368262722351706,-0.7770950794219971,98934.4140625,deeponet,surrogate estimate; validate top designs with OpenFOAM,39.977715382599904,0.3210590976620804,0.0,2412,0.06041780356365126
1.6032601436516858,-0.0017119863572291451,0.015241961926221848,0.08579116580446144,39.98708586797768,0.6095216274261475,500000.0,continuous_65,65,continuous_naca,direct OpenFOAM-coefficient surrogate,0.033488535287752946,-0.7454425096511841,98940.0859375,deeponet,surrogate estimate; validate top designs with OpenFOAM,39.98708586797768,0.3279173207217174,0.0,2412,0.06039859859461669
4.0,-0.0023076418844295977,0.028515076264739037,0.1859627090861364,28.646497581880727,0.8168857097625732,500000.0,continuous_1,1,continuous_naca,direct OpenFOAM-coefficient surrogate,0.04,-1.164601445198059,98884.5234375,deeponet,surrogate estimate; validate top designs with OpenFOAM,28.646497581880727,0.4,0.0,4415,0.15
4.0,-0.0029379969263086513,0.028860213235020638,0.17337416870165756,29.039519056888924,0.8381157517433167,500000.0,continuous_2,2,continuous_naca,direct OpenFOAM-coefficient surrogate,0.042,-1.1706234216690063,98881.7734375,deeponet,surrogate estimate; validate top designs with OpenFOAM,29.039519056888924,0.4,0.0,4415,0.15
4.0,-0.0018257784589011906,0.02745707519352436,0.1674687533826454,28.88338357458505,0.7930821180343628,500000.0,continuous_3,3,continuous_naca,direct OpenFOAM-coefficient surrogate,0.04,-1.0970001220703125,98890.3515625,deeponet,surrogate estimate; validate top designs with OpenFOAM,28.88338357458505,0.42000000000000004,0.0,4415,0.15
4.0,-0.0005353900579144499,0.029449213296175003,0.1415054447326433,27.773936071147713,0.8179483413696289,500000.0,continuous_4,4,continuous_naca,direct OpenFOAM-coefficient surrogate,0.04,-1.1959506273269653,98880.2890625,deeponet,surrogate estimate; validate top designs with OpenFOAM,27.773936071147713,0.4,0.0,4415,0.1575
4.2,-0.0020421206131578996,0.02938900515437126,0.19049345005653157,28.4678831726147,0.8366712331771851,500000.0,continuous_5,5,continuous_naca,direct OpenFOAM-coefficient surrogate,0.04,-1.1891241073608398,98881.3515625,deeponet,surrogate estimate; validate top designs with OpenFOAM,28.4678831726147,0.4,0.0,4415,0.15
4.1,0.0035837394180549633,0.027537185698747635,0.19847949436991422,29.723355425029208,0.8185272812843323,500000.0,continuous_6,6,continuous_naca,direct OpenFOAM-coefficient surrogate,0.041,-1.1004003286361694,98889.328125,deeponet,surrogate estimate; validate top designs with OpenFOAM,29.723355425029208,0.41000000000000003,0.0,4415,0.1425
4.149999999999999,0.006873064805639381,0.026842890307307243,0.33446087920926454,30.509371822956798,0.8189902305603027,500000.0,continuous_7,7,continuous_naca,direct OpenFOAM-coefficient surrogate,0.041499999999999995,-1.0611662864685059,98892.4296875,deeponet,surrogate estimate; validate top designs with OpenFOAM,30.509371822956798,0.41500000000000004,0.0,4415,0.13499999999999995
3.874999999999999,0.00185567685090673,0.02631441131234169,0.19121528985439054,30.102550116041225,0.7921609878540039,500000.0,continuous_8,8,continuous_naca,direct OpenFOAM-coefficient surrogate,0.04175,-1.0482895374298096,98894.375,deeponet,surrogate estimate; validate top designs with OpenFOAM,30.102550116041225,0.4175000000000001,0.0,4415,0.1425
4.012499999999999,0.005028366767927115,0.026160122826695442,0.2064593957189942,30.490538719637563,0.7976667284965515,500000.0,continuous_9,9,continuous_naca,direct OpenFOAM-coefficient surrogate,0.042625,-1.0214176177978516,98894.9609375,deeponet,surrogate estimate; validate top designs with OpenFOAM,30.490538719637563,0.42625000000000013,0.0,4415,0.13875
4.018749999999999,-0.0009320403891368619,0.02655774913728237,0.26727604305103264,31.211617676117694,0.8289415240287781,500000.0,continuous_10,10,continuous_naca,direct OpenFOAM-coefficient surrogate,0.04393750000000001,-1.0508465766906738,98891.6875,deeponet,surrogate estimate; validate top designs with OpenFOAM,31.211617676117694,0.40937500000000016,0.0,4415,0.13312499999999997
4.028124999999999,0.008540656670445396,0.02638646960258484,0.3506348091319388,32.176208878628984,0.8490487337112427,500000.0,continuous_11,11,continuous_naca,direct OpenFOAM-coefficient surrogate,0.04590625000000002,-1.0418061017990112,98890.8046875,deeponet,surrogate estimate; validate top designs with OpenFOAM,32.176208878628984,0.4040625000000002,0.0,4415,0.12468749999999995
4.032812499999999,0.007604641725913982,0.024307452142238617,0.2593226105580683,32.03148661763104,0.7786358594894409,500000.0,continuous_12,12,continuous_naca,direct OpenFOAM-coefficient surrogate,0.04389062500000001,-0.9186983704566956,98903.4375,deeponet,surrogate estimate; validate top designs with OpenFOAM,32.03148661763104,0.4314062500000001,0.0,4415,0.12046874999999993
4.236718749999999,0.007185927263112153,0.025622792541980743,0.2537629264388401,32.30884483523476,0.8278751373291016,500000.0,continuous_13,13,continuous_naca,direct OpenFOAM-coefficient surrogate,0.04521093750000001,-0.9753311276435852,98895.84375,deeponet,surrogate estimate; validate top designs with OpenFOAM,32.30884483523476,0.42085937500000015,0.0,4415,0.11695312499999996
4.417578124999999,-0.003146381325795607,0.025559859350323677,0.11877834475020084,32.81014383388241,0.8386554718017578,500000.0,continuous_14,14,continuous_naca,direct OpenFOAM-coefficient surrogate,0.046941406250000026,-0.9430075883865356,98894.1171875,deeponet,surrogate estimate; validate top designs with OpenFOAM,32.81014383388241,0.42253906250000006,0.0,4415,0.10417968749999995
4.301757812499998,-0.004675860804216578,0.025332480669021606,0.08707051380845487,33.11533396835381,0.8389266729354858,500000.0,continuous_15,15,continuous_naca,direct OpenFOAM-coefficient surrogate,0.046494140625000034,-0.9505438804626465,98895.109375,deeponet,surrogate estimate; validate top designs with OpenFOAM,33.11533396835381,0.41025390625,0.0,4415,0.10341796874999987
4.446386718749999,-0.006050625797034926,0.025685906410217285,0.13655559184382265,33.61154990223001,0.8633767366409302,500000.0,continuous_16,16,continuous_naca,direct OpenFOAM-coefficient surrogate,0.04842871093750005,-0.9477841258049011,98891.328125,deeponet,surrogate estimate; validate top designs with OpenFOAM,33.61154990223001,0.4022558593750001,0.0,4415,0.08575195312499978
4.312451171874999,-0.007753887697001407,0.024497082456946373,0.10779813235246045,33.83420068687483,0.8288730382919312,500000.0,continuous_17,17,continuous_naca,direct OpenFOAM-coefficient surrogate,0.051083496093750055,-0.8734421133995056,98895.34375,deeponet,surrogate estimate; validate top designs with OpenFOAM,33.83420068687483,0.41513183593750025,0.0,4415,0.08254394531249987
4.3936767578125,0.0048705438381042,0.024305671453475952,0.17919560624304987,33.481164003956955,0.8138156533241272,500000.0,continuous_18,18,continuous_naca,direct OpenFOAM-coefficient surrogate,0.055875244140625085,-0.8069177269935608,98892.5546875,deeponet,surrogate estimate; validate top designs with OpenFOAM,33.481164003956955,0.41519775390625036,0.0,4415,0.06
4.5694580078125,-0.006570183769267673,0.026814335957169533,0.11644494125217315,33.71218032761846,0.9040034413337708,500000.0,continuous_19,19,continuous_naca,direct OpenFOAM-coefficient surrogate,0.05228930664062507,-0.9803889393806458,98881.09375,deeponet,surrogate estimate; validate top designs with OpenFOAM,33.71218032761846,0.3905883789062502,0.0,4415,0.07811279296874984
4.844812011718748,0.011950368612956792,0.026251140981912613,0.28036199001442796,32.60837445134319,0.8560396432876587,500000.0,continuous_20,20,continuous_naca,direct OpenFOAM-coefficient surrogate,0.05346520996093758,-0.8752108216285706,98885.6171875,deeponet,surrogate estimate; validate top designs with OpenFOAM,32.60837445134319,0.41119506835937514,0.0,4415,0.06
4.640640258789061,-0.0011738140297893843,0.02569645084440708,0.15638421591721557,33.251409139663814,0.8544764518737793,500000.0,continuous_21,21,continuous_naca,direct OpenFOAM-coefficient surrogate,0.05157546997070319,-0.8896558880805969,98889.3515625,deeponet,surrogate estimate; validate top designs with OpenFOAM,33.251409139663814,0.4094119262695314,0.0,4415,0.06912689208984357
4.5668899536132805,0.007215869806632807,0.02620157040655613,0.23892883577800358,33.70057236955544,0.8830416202545166,500000.0,continuous_22,22,continuous_naca,direct OpenFOAM-coefficient surrogate,0.054747085571289156,-0.9164662957191467,98881.0703125,deeponet,surrogate estimate; validate top designs with OpenFOAM,33.70057236955544,0.3861549377441409,0.0,4415,0.06
4.306952667236329,-0.004734835967833951,0.02588239498436451,0.0980550291224662,34.20636785752602,0.8853769302368164,500000.0,continuous_23,23,continuous_naca,direct OpenFOAM-coefficient surrogate,0.05169882965087897,-0.9680371880531311,98885.921875,deeponet,surrogate estimate; validate top designs with OpenFOAM,34.20636785752602,0.3876535797119143,0.0,4415,0.08407745361328117
4.140108871459963,-0.004109941513367418,0.026355858892202377,0.09281299989882545,34.360559939660064,0.9056364297866821,500000.0,continuous_24,24,continuous_naca,direct OpenFOAM-coefficient surrogate,0.05176050949096685,-1.0180490016937256,98883.28125,deeponet,surrogate estimate; validate top designs with OpenFOAM,34.360559939660064,0.3767744064331058,0.0,4415,0.09155273437499997
4.348067283630373,-0.005592183314082409,0.02595209702849388,0.10482647634205695,34.37818526792737,0.8922203779220581,500000.0,continuous_25,25,continuous_naca,direct OpenFOAM-coefficient surrogate,0.05651148796081551,-0.9378978610038757,98879.5703125,deeponet,surrogate estimate; validate top designs with OpenFOAM,34.37818526792737,0.38206892013549854,0.0,4415,0.07035278320312507
4.298907566070561,-0.004969031610235403,0.026315152645111084,0.13052385622679039,34.55698304631111,0.909406840801239,500000.0,continuous_26,26,continuous_naca,direct OpenFOAM-coefficient surrogate,0.06055287647247323,-0.9467583298683167,98871.4921875,deeponet,surrogate estimate; validate top designs with OpenFOAM,34.55698304631111,0.37197545051574776,0.0,4415,0.06265319824218774
4.093572854995731,0.005499228196673828,0.025729287415742874,0.2294464013966176,34.235399694305144,0.8808866739273071,500000.0,continuous_27,27,continuous_naca,direct OpenFOAM-coefficient surrogate,0.05309600877761844,-0.9732581973075867,98886.90625,deeponet,surrogate estimate; validate top designs with OpenFOAM,34.235399694305144,0.39108009815216116,0.0,4415,0.09743133544921873
3.853062224388127,-1.3771713142824625e-05,0.0247366800904274,0.18998013397730373,34.88462726422674,0.8629647493362427,500000.0,continuous_28,28,continuous_naca,direct OpenFOAM-coefficient surrogate,0.055957138776779235,-0.9222667813301086,98888.3203125,deeponet,surrogate estimate; validate top designs with OpenFOAM,34.88462726422674,0.3868925166130073,0.0,4415,0.08897781372070329
3.4948643326759417,0.008161175418679775,0.024078726768493652,0.24506244697878202,34.975922216276736,0.8422106504440308,500000.0,continuous_29,29,continuous_naca,direct OpenFOAM-coefficient surrogate,0.05779105484485632,-0.8979809880256653,98891.796875,deeponet,surrogate estimate; validate top designs with OpenFOAM,34.975922216276736,0.38504458546638576,0.0,4415,0.09441032409668004
3.7012756407261005,0.00822130643196161,0.027045562863349915,0.26507609845762015,35.151181541423206,0.9507186412811279,500000.0,continuous_30,30,continuous_naca,direct OpenFOAM-coefficient surrogate,0.060516728699207364,-1.0646255016326904,98871.3515625,deeponet,surrogate estimate; validate top designs with OpenFOAM,35.151181541423206,0.3473054343462,0.0,4415,0.09047985076904336
3.3956878751516513,-0.013196708324608373,0.029094427824020386,0.0997406125126153,34.888462999057325,1.0150947570800781,500000.0,continuous_31,31,continuous_naca,direct OpenFOAM-coefficient surrogate,0.06523334500193603,-1.1880515813827515,98857.8359375,deeponet,surrogate estimate; validate top designs with OpenFOAM,34.888462999057325,0.3133922335505499,0.0,4415,0.09444780349731507
3.724005350470552,-0.0019187785292341386,0.025818394497036934,0.17896266090419957,35.5219048154078,0.91715407371521,500000.0,continuous_32,32,continuous_naca,direct OpenFOAM-coefficient surrogate,0.062214575976133446,-0.9742240905761719,98873.421875,deeponet,surrogate estimate; validate top designs with OpenFOAM,35.5219048154078,0.3494698402285584,0.0,4415,0.07211671829223681
3.5392215982079627,-0.013656041116255083,0.026319552212953568,-0.010143105813049107,35.686714800034636,0.9392940402030945,500000.0,continuous_33,33,continuous_naca,direct OpenFOAM-coefficient surrogate,0.06677385957539095,-0.9946684837341309,98863.8359375,deeponet,surrogate estimate; validate top designs with OpenFOAM,35.686714800034636,0.3286647112667571,0.0,4415,0.06
3.3770256973803194,-0.004051973920635904,0.025492418557405472,0.14017782985473443,35.55631653340886,0.9064520597457886,500000.0,continuous_34,34,continuous_naca,direct OpenFOAM-coefficient surrogate,0.07105675030499708,-0.9321897029876709,98865.25,deeponet,surrogate estimate; validate top designs with OpenFOAM,35.55631653340886,0.3397206843644396,0.0,4415,0.062218952178955594
2.7572860684246017,-0.0053694301639338575,0.02606201358139515,0.1344506310803915,35.595947120931555,0.9277376532554626,500000.0,continuous_35,35,continuous_naca,direct OpenFOAM-coefficient surrogate,0.06751632023975263,-1.0352452993392944,98872.59375,deeponet,surrogate estimate; validate top designs with OpenFOAM,35.595947120931555,0.3283922572061435,0.0,4415,0.09090136528015175
3.19254016969355,0.0035978571657028207,0.02818165346980095,0.11306587313646814,35.53947431875077,1.0015966892242432,500000.0,continuous_36,36,continuous_naca,direct OpenFOAM-coefficient surrogate,0.0751407745648177,-1.0939360857009888,98845.421875,deeponet,surrogate estimate; validate top designs with OpenFOAM,35.53947431875077,0.2869969581253844,0.0,4415,0.06
2.7317611261271164,-0.004491420765640823,0.026609880849719048,0.1413205050444914,35.62127585486207,0.9479135274887085,500000.0,continuous_37,37,continuous_naca,direct OpenFOAM-coefficient surrogate,0.07972712364327182,-1.0037593841552734,98851.15625,deeponet,surrogate estimate; validate top designs with OpenFOAM,35.62127585486207,0.2945818711351623,0.0,4415,0.06
3.0101070753764505,0.0031304984240062327,0.023957151919603348,0.3132446012567809,35.37184091239957,0.8474439382553101,500000.0,continuous_38,38,continuous_naca,direct OpenFOAM-coefficient surrogate,0.06739625231688855,-0.8670234680175781,98882.9296875,deeponet,surrogate estimate; validate top designs with OpenFOAM,35.37184091239957,0.35868280386086693,0.0,4415,0.07656015872955368
3.146931896114275,0.0028626902375332546,0.02699478343129158,0.155670761283461,35.73089106180727,0.9645833969116211,500000.0,continuous_39,39,continuous_naca,direct OpenFOAM-coefficient surrogate,0.07320464400283541,-1.0367251634597778,98854.9765625,deeponet,surrogate estimate; validate top designs with OpenFOAM,35.73089106180727,0.304918419559255,0.0,4415,0.06414003968238842
2.7105746470566583,-0.0007731316683548647,0.02736590802669525,0.2098635356040646,35.734952650523155,0.977955162525177,500000.0,continuous_40,40,continuous_naca,direct OpenFOAM-coefficient surrogate,0.07255422342562831,-1.09553861618042,98858.140625,deeponet,surrogate estimate; validate top designs with OpenFOAM,35.734952650523155,0.2885579452192194,0.0,4415,0.07530175030231448
2.3773491218948273,0.0034499768642053336,0.02901501953601837,0.13045738178267866,35.24219618586463,1.0225882530212402,500000.0,continuous_41,41,continuous_naca,direct OpenFOAM-coefficient surrogate,0.07330295998594394,-1.2011111974716187,98854.1796875,deeponet,surrogate estimate; validate top designs with OpenFOAM,35.24219618586463,0.26297657564660937,0.0,4415,0.08184314936399392
3.3069585653284044,0.010744310268672863,0.02949836105108261,0.13693160514013175,35.219207744072385,1.038944125175476,500000.0,continuous_42,42,continuous_naca,direct OpenFOAM-coefficient surrogate,0.07861360508381063,-1.1472275257110596,98834.0859375,deeponet,surrogate estimate; validate top designs with OpenFOAM,35.219207744072385,0.2799692163840535,0.0,4415,0.06
2.8947041926505523,-0.0027970043884581195,0.02630632556974888,0.2040284719872371,35.80181966017433,0.9418501257896423,500000.0,continuous_43,43,continuous_naca,direct OpenFOAM-coefficient surrogate,0.07029064145076713,-1.028168797492981,98865.6953125,deeponet,surrogate estimate; validate top designs with OpenFOAM,35.80181966017433,0.316286497000621,0.0,4415,0.07788090638816374
3.4139550408876076,0.008381311950458223,0.026588955894112587,0.21860337973612262,35.75843243168161,0.9508151412010193,500000.0,continuous_44,44,continuous_naca,direct OpenFOAM-coefficient surrogate,0.06168456058403908,-1.061781883239746,98870.8046875,deeponet,surrogate estimate; validate top designs with OpenFOAM,35.75843243168161,0.32463191538776404,0.0,4415,0.0786613481864333
2.543861290146584,-0.007532007831818461,0.027880679816007614,0.11911010020883588,35.404648473989994,0.9871410727500916,500000.0,continuous_45,45,continuous_naca,direct OpenFOAM-coefficient surrogate,0.07209317515624403,-1.1257809400558472,98860.9921875,deeponet,surrogate estimate; validate top designs with OpenFOAM,35.404648473989994,0.28853267731667265,0.0,4415,0.08799202227964997
3.290381521192618,0.002545793822873371,0.026447903364896774,0.3021783174772142,35.84025579132685,0.9479354619979858,500000.0,continuous_46,46,continuous_naca,direct OpenFOAM-coefficient surrogate,0.06810368847060422,-1.0204317569732666,98863.5390625,deeponet,surrogate estimate; validate top designs with OpenFOAM,35.84025579132685,0.318631702779236,0.0,4415,0.06699800556991249
3.007875804779443,0.0027893787936461205,0.026168718934059143,0.22929939485537704,35.8872465255895,0.9391591548919678,500000.0,continuous_47,47,continuous_naca,direct OpenFOAM-coefficient surrogate,0.06311191296268395,-1.0630555152893066,98873.546875,deeponet,surrogate estimate; validate top designs with OpenFOAM,35.8872465255895,0.3191356106341652,0.0,4415,0.08528096554102359
2.938347759112026,0.002277236999189526,0.025868220254778862,0.33592350644270075,35.59820176930705,0.9208977222442627,500000.0,continuous_48,48,continuous_naca,direct OpenFOAM-coefficient surrogate,0.05806554744260822,-1.0879552364349365,98880.359375,deeponet,surrogate estimate; validate top designs with OpenFOAM,35.59820176930705,0.3262442061716202,0.0,4415,0.09585142847034117
3.5928836326984523,-0.003355193225115717,0.025487041100859642,0.12125898164681721,35.6800292876405,0.9094140529632568,500000.0,continuous_49,49,continuous_naca,direct OpenFOAM-coefficient surrogate,0.059041178308418873,-0.9886910915374756,98879.1953125,deeponet,surrogate estimate; validate top designs with OpenFOAM,35.6800292876405,0.35078491768167364,0.0,4415,0.0791088625404521
2.931151893467107,0.002844415160671151,0.026978271082043648,0.3017233861651143,35.8375340608981,0.9668705463409424,500000.0,continuous_50,50,continuous_naca,direct OpenFOAM-coefficient surrogate,0.06917596214632596,-1.0778405666351318,98862.5859375,deeponet,surrogate estimate; validate top designs with OpenFOAM,35.8375340608981,0.30411468833483296,0.0,4415,0.07625352836184889
2.6481016651572524,-0.005557071414594448,0.026284612715244293,0.07109598212934025,35.73910286681149,0.9394242167472839,500000.0,continuous_51,51,continuous_naca,direct OpenFOAM-coefficient surrogate,0.07365654193115155,-1.020376443862915,98863.1171875,deeponet,surrogate estimate; validate top designs with OpenFOAM,35.73910286681149,0.3044523339866635,0.0,4415,0.07454535474404106
3.222491696955019,0.014774956849175364,0.02646675892174244,0.27413010524525444,35.87550626302166,0.9495442509651184,500000.0,continuous_52,52,continuous_naca,direct OpenFOAM-coefficient surrogate,0.0646775559208172,-1.0519015789031982,98868.859375,deeponet,surrogate estimate; validate top designs with OpenFOAM,35.87550626302166,0.3195870200374889,0.0,4415,0.07763234982583525
3.3312462655465405,0.0022619938033272093,0.026889368891716003,0.23759217447357597,35.824440285898966,0.9633324146270752,500000.0,continuous_53,53,continuous_naca,direct OpenFOAM-coefficient surrogate,0.06224391829944853,-1.0850352048873901,98868.1171875,deeponet,surrogate estimate; validate top designs with OpenFOAM,35.824440285898966,0.3144480138922405,0.0,4415,0.07520151826114636
3.222110747322543,0.015360266580239285,0.026766303926706314,0.25518938309045114,35.88063567840057,0.9604278802871704,500000.0,continuous_54,54,continuous_naca,direct OpenFOAM-coefficient surrogate,0.06425559908727818,-1.0741488933563232,98867.265625,deeponet,surrogate estimate; validate top designs with OpenFOAM,35.88063567840057,0.3149076346693356,0.0,4415,0.0758713652929007
3.440277991657705,0.001975700752927655,0.025991346687078476,0.18233808443860725,35.855641526466705,0.9319722652435303,500000.0,continuous_55,55,continuous_naca,direct OpenFOAM-coefficient surrogate,0.06089841607436583,-1.026238203048706,98874.4140625,deeponet,surrogate estimate; validate top designs with OpenFOAM,35.855641526466705,0.33201629572527985,0.0,4415,0.07663781475298713
3.1559965991647374,0.0040563574819963075,0.026210438460111618,0.2600551156773939,35.66729942464552,0.9348912239074707,500000.0,continuous_56,56,continuous_naca,direct OpenFOAM-coefficient surrogate,0.05836805355196836,-1.088533639907837,98877.4609375,deeponet,surrogate estimate; validate top designs with OpenFOAM,35.66729942464552,0.32419157775389873,0.0,4415,0.09071324213646083
3.256785290685648,0.010127999660182551,0.026347825303673744,0.283829307376476,35.90413606489116,0.9460318088531494,500000.0,continuous_57,57,continuous_naca,direct OpenFOAM-coefficient surrogate,0.06566977974094526,-1.0339133739471436,98867.6640625,deeponet,surrogate estimate; validate top designs with OpenFOAM,35.90413606489116,0.32002167152290173,0.0,4415,0.07292681471154958
2.9143537782136204,0.001696532651029854,0.026868946850299835,0.291737391097828,35.844862401213,0.9631495475769043,500000.0,continuous_58,58,continuous_naca,direct OpenFOAM-coefficient surrogate,0.06795900778149647,-1.080691933631897,98864.9140625,deeponet,surrogate estimate; validate top designs with OpenFOAM,35.844862401213,0.30480967270666587,0.0,4415,0.07921793293266742
3.308796938296684,0.009603204343041228,0.026215538382530212,0.24187733878303505,35.901348381763164,0.941209077835083,500000.0,continuous_59,59,continuous_naca,direct OpenFOAM-coefficient surrogate,0.06266356400114849,-1.0419163703918457,98871.796875,deeponet,surrogate estimate; validate top designs with OpenFOAM,35.901348381763164,0.3252146399706264,0.0,4415,0.0772828442979072
3.1752926935871395,0.008213520454388758,0.026173338294029236,0.26599240425718806,35.97827311987912,0.9417074918746948,500000.0,continuous_60,60,continuous_naca,direct OpenFOAM-coefficient surrogate,0.06317287197521076,-1.0488004684448242,98871.8671875,deeponet,surrogate estimate; validate top designs with OpenFOAM,35.97827311987912,0.3200527583610255,0.0,4415,0.07804864509585527
3.1516931919032007,0.007153655690109164,0.026021305471658707,0.2429964207642257,36.031626991706716,0.9376260042190552,500000.0,continuous_61,61,continuous_naca,direct OpenFOAM-coefficient surrogate,0.06242053000240755,-1.0471980571746826,98873.359375,deeponet,surrogate estimate; validate top designs with OpenFOAM,36.031626991706716,0.32028562752279377,0.0,4415,0.07825679273086528
3.1404648655099443,0.013832699164801506,0.025915861129760742,0.23471204306676544,35.970815071587246,0.9322506189346313,500000.0,continuous_62,62,continuous_naca,direct OpenFOAM-coefficient surrogate,0.06267729426631446,-1.0384869575500488,98874.3046875,deeponet,surrogate estimate; validate top designs with OpenFOAM,35.970815071587246,0.32742114015590795,0.0,4415,0.08100234334777212
3.420994338418295,-0.000800818592329429,0.02617824636399746,0.18304196098841735,35.88886679845643,0.9395434856414795,500000.0,continuous_63,63,continuous_naca,direct OpenFOAM-coefficient surrogate,0.06360367104272394,-1.0203555822372437,98869.6640625,deeponet,surrogate estimate; validate top designs with OpenFOAM,35.88886679845643,0.32733592895194974,0.0,4415,0.0694534320030235
3.317714705008582,0.0035371863635981606,0.02606094814836979,0.24417773395307685,35.950594039380086,0.9369425177574158,500000.0,continuous_64,64,continuous_naca,direct OpenFOAM-coefficient surrogate,0.06348073152271394,-1.0249619483947754,98871.234375,deeponet,surrogate estimate; validate top designs with OpenFOAM,35.950594039380086,0.3252858493725036,0.0,4415,0.07341031538752352
3.124532088257004,0.008951875772279544,0.025959108024835587,0.2768036955843656,36.04009008767262,0.9356046319007874,500000.0,continuous_65,65,continuous_naca,direct OpenFOAM-coefficient surrogate,0.06446060376504213,-1.03001070022583,98871.5859375,deeponet,surrogate estimate; validate top designs with OpenFOAM,36.04009008767262,0.3212925043164272,0.0,4415,0.07551528879094806
3.0323996632371646,0.014097495307146934,0.025697633624076843,0.2598629444115786,36.08305901281444,0.9272853136062622,500000.0,continuous_66,66,continuous_naca,direct OpenFOAM-coefficient surrogate,0.06535912364698895,-1.0139294862747192,98872.3515625,deeponet,surrogate estimate; validate top designs with OpenFOAM,36.08305901281444,0.3193314364893276,0.0,4415,0.07463151103746848
3.064350922143798,0.002854534247220857,0.025476153939962387,0.16987537056148086,36.11910626199737,0.9202120304107666,500000.0,continuous_67,67,continuous_naca,direct OpenFOAM-coefficient surrogate,0.061299059978267206,-1.0284138917922974,98877.7890625,deeponet,surrogate estimate; validate top designs with OpenFOAM,36.11910626199737,0.32614035524736473,0.0,4415,0.08072366654026511
2.968133737872874,0.003204635746388138,0.024886928498744965,0.18143497802444705,36.173532496250935,0.9002842903137207,500000.0,continuous_68,68,continuous_naca,direct OpenFOAM-coefficient surrogate,0.05911370009692818,-1.0157197713851929,98883.3671875,deeponet,surrogate estimate; validate top designs with OpenFOAM,36.173532496250935,0.3291996971095963,0.0,4415,0.08462209245462288
2.82863102425301,0.0023459864787400515,0.025120515376329422,0.22786587609998374,36.10259060813483,0.9069517850875854,500000.0,continuous_69,69,continuous_naca,direct OpenFOAM-coefficient surrogate,0.06130459248360563,-1.0242794752120972,98881.0390625,deeponet,surrogate estimate; validate top designs with OpenFOAM,36.10259060813483,0.32283310126630915,0.0,4415,0.08584605439784088
