AoA,Re,U_inf,ambient_pressure_Pa,case,fn,fp,min_pred_margin_Pa,min_truth_margin_Pa,model,naca,pred_risky_fraction,tn,tp,truth_risky_fraction
-4.0,100000.0,0.09999999999999999,2500.0,case_161,0,0,197.46435546875,193.923583984375,unet,0018,0.0,7970,0,0.0
-4.0,100000.0,0.09999999999999999,3000.0,case_161,0,0,697.46435546875,693.923583984375,unet,0018,0.0,7970,0,0.0
-4.0,100000.0,0.09999999999999999,5000.0,case_161,0,0,2697.46435546875,2693.923828125,unet,0018,0.0,7970,0,0.0
-4.0,100000.0,0.09999999999999999,10000.0,case_161,0,0,7697.4638671875,7693.923828125,unet,0018,0.0,7970,0,0.0
-4.0,100000.0,0.09999999999999999,25000.0,case_161,0,0,22697.46484375,22693.923828125,unet,0018,0.0,7970,0,0.0
-4.0,100000.0,0.09999999999999999,101325.0,case_161,0,0,99022.4609375,99018.921875,unet,0018,0.0,7970,0,0.0
-4.0,200000.0,0.19999999999999998,2500.0,case_162,0,0,189.455810546875,175.363525390625,unet,0018,0.0,7970,0,0.0
-4.0,200000.0,0.19999999999999998,3000.0,case_162,0,0,689.455810546875,675.363525390625,unet,0018,0.0,7970,0,0.0
-4.0,200000.0,0.19999999999999998,5000.0,case_162,0,0,2689.45556640625,2675.36376953125,unet,0018,0.0,7970,0,0.0
-4.0,200000.0,0.19999999999999998,10000.0,case_162,0,0,7689.4560546875,7675.36328125,unet,0018,0.0,7970,0,0.0
-4.0,200000.0,0.19999999999999998,25000.0,case_162,0,0,22689.455078125,22675.36328125,unet,0018,0.0,7970,0,0.0
-4.0,200000.0,0.19999999999999998,101325.0,case_162,0,0,99014.453125,99000.3671875,unet,0018,0.0,7970,0,0.0
-4.0,500000.0,0.5,2500.0,case_163,0,0,123.240234375,46.363525390625,unet,0018,0.0,7970,0,0.0
-4.0,500000.0,0.5,3000.0,case_163,0,0,623.240234375,546.363525390625,unet,0018,0.0,7970,0,0.0
-4.0,500000.0,0.5,5000.0,case_163,0,0,2623.240234375,2546.36376953125,unet,0018,0.0,7970,0,0.0
-4.0,500000.0,0.5,10000.0,case_163,0,0,7623.240234375,7546.36328125,unet,0018,0.0,7970,0,0.0
-4.0,500000.0,0.5,25000.0,case_163,0,0,22623.240234375,22546.36328125,unet,0018,0.0,7970,0,0.0
-4.0,500000.0,0.5,101325.0,case_163,0,0,98948.2421875,98871.3671875,unet,0018,0.0,7970,0,0.0
-4.0,1000000.0,1.0,2500.0,case_164,146,24,-281.781982421875,-416.660400390625,unet,0018,0.010037641154328732,7744,56,0.02534504391468005
-4.0,1000000.0,1.0,3000.0,case_164,0,0,218.218017578125,83.339599609375,unet,0018,0.0,7970,0,0.0
-4.0,1000000.0,1.0,5000.0,case_164,0,0,2218.21826171875,2083.33935546875,unet,0018,0.0,7970,0,0.0
-4.0,1000000.0,1.0,10000.0,case_164,0,0,7218.2177734375,7083.33984375,unet,0018,0.0,7970,0,0.0
-4.0,1000000.0,1.0,25000.0,case_164,0,0,22218.21875,22083.33984375,unet,0018,0.0,7970,0,0.0
-4.0,1000000.0,1.0,101325.0,case_164,0,0,98543.21875,98408.3359375,unet,0018,0.0,7970,0,0.0
-2.0,100000.0,0.09999999999999999,2500.0,case_165,0,0,197.20654296875,195.628173828125,unet,0018,0.0,7970,0,0.0
-2.0,100000.0,0.09999999999999999,3000.0,case_165,0,0,697.20654296875,695.628173828125,unet,0018,0.0,7970,0,0.0
-2.0,100000.0,0.09999999999999999,5000.0,case_165,0,0,2697.20654296875,2695.62841796875,unet,0018,0.0,7970,0,0.0
-2.0,100000.0,0.09999999999999999,10000.0,case_165,0,0,7697.20703125,7695.6279296875,unet,0018,0.0,7970,0,0.0
-2.0,100000.0,0.09999999999999999,25000.0,case_165,0,0,22697.20703125,22695.62890625,unet,0018,0.0,7970,0,0.0
-2.0,100000.0,0.09999999999999999,101325.0,case_165,0,0,99022.203125,99020.625,unet,0018,0.0,7970,0,0.0
-2.0,200000.0,0.19999999999999998,2500.0,case_166,0,0,188.245849609375,182.422119140625,unet,0018,0.0,7970,0,0.0
-2.0,200000.0,0.19999999999999998,3000.0,case_166,0,0,688.245849609375,682.422119140625,unet,0018,0.0,7970,0,0.0
-2.0,200000.0,0.19999999999999998,5000.0,case_166,0,0,2688.24609375,2682.42236328125,unet,0018,0.0,7970,0,0.0
-2.0,200000.0,0.19999999999999998,10000.0,case_166,0,0,7688.24609375,7682.421875,unet,0018,0.0,7970,0,0.0
-2.0,200000.0,0.19999999999999998,25000.0,case_166,0,0,22688.24609375,22682.421875,unet,0018,0.0,7970,0,0.0
-2.0,200000.0,0.19999999999999998,101325.0,case_166,0,0,99013.2421875,99007.421875,unet,0018,0.0,7970,0,0.0
-2.0,500000.0,0.5,2500.0,case_167,0,0,113.048095703125,89.1865234375,unet,0018,0.0,7970,0,0.0
-2.0,500000.0,0.5,3000.0,case_167,0,0,613.048095703125,589.1865234375,unet,0018,0.0,7970,0,0.0
-2.0,500000.0,0.5,5000.0,case_167,0,0,2613.04833984375,2589.1865234375,unet,0018,0.0,7970,0,0.0
-2.0,500000.0,0.5,10000.0,case_167,0,0,7613.0478515625,7589.1865234375,unet,0018,0.0,7970,0,0.0
-2.0,500000.0,0.5,25000.0,case_167,0,0,22613.048828125,22589.1875,unet,0018,0.0,7970,0,0.0
-2.0,500000.0,0.5,101325.0,case_167,0,0,98938.046875,98914.1875,unet,0018,0.0,7970,0,0.0
-2.0,1000000.0,1.0,2500.0,case_168,101,36,-179.01513671875,-244.521240234375,unet,0018,0.006649937264742786,7816,17,0.014805520702634882
-2.0,1000000.0,1.0,3000.0,case_168,0,0,320.98486328125,255.478759765625,unet,0018,0.0,7970,0,0.0
-2.0,1000000.0,1.0,5000.0,case_168,0,0,2320.98486328125,2255.47900390625,unet,0018,0.0,7970,0,0.0
-2.0,1000000.0,1.0,10000.0,case_168,0,0,7320.9853515625,7255.478515625,unet,0018,0.0,7970,0,0.0
-2.0,1000000.0,1.0,25000.0,case_168,0,0,22320.984375,22255.478515625,unet,0018,0.0,7970,0,0.0
-2.0,1000000.0,1.0,101325.0,case_168,0,0,98645.984375,98580.4765625,unet,0018,0.0,7970,0,0.0
0.0,100000.0,0.09999999999999999,2500.0,case_169,0,0,196.481689453125,196.777587890625,unet,0018,0.0,7970,0,0.0
0.0,100000.0,0.09999999999999999,3000.0,case_169,0,0,696.481689453125,696.777587890625,unet,0018,0.0,7970,0,0.0
0.0,100000.0,0.09999999999999999,5000.0,case_169,0,0,2696.4814453125,2696.77734375,unet,0018,0.0,7970,0,0.0
0.0,100000.0,0.09999999999999999,10000.0,case_169,0,0,7696.4814453125,7696.77734375,unet,0018,0.0,7970,0,0.0
0.0,100000.0,0.09999999999999999,25000.0,case_169,0,0,22696.482421875,22696.77734375,unet,0018,0.0,7970,0,0.0
0.0,100000.0,0.09999999999999999,101325.0,case_169,0,0,99021.484375,99021.78125,unet,0018,0.0,7970,0,0.0
0.0,200000.0,0.19999999999999998,2500.0,case_170,0,0,185.466064453125,187.0283203125,unet,0018,0.0,7970,0,0.0
0.0,200000.0,0.19999999999999998,3000.0,case_170,0,0,685.466064453125,687.0283203125,unet,0018,0.0,7970,0,0.0
0.0,200000.0,0.19999999999999998,5000.0,case_170,0,0,2685.4658203125,2687.0283203125,unet,0018,0.0,7970,0,0.0
0.0,200000.0,0.19999999999999998,10000.0,case_170,0,0,7685.4658203125,7687.0283203125,unet,0018,0.0,7970,0,0.0
0.0,200000.0,0.19999999999999998,25000.0,case_170,0,0,22685.466796875,22687.029296875,unet,0018,0.0,7970,0,0.0
0.0,200000.0,0.19999999999999998,101325.0,case_170,0,0,99010.46875,99012.03125,unet,0018,0.0,7970,0,0.0
0.0,500000.0,0.5,2500.0,case_171,0,0,97.355224609375,118.266845703125,unet,0018,0.0,7970,0,0.0
0.0,500000.0,0.5,3000.0,case_171,0,0,597.355224609375,618.266845703125,unet,0018,0.0,7970,0,0.0
0.0,500000.0,0.5,5000.0,case_171,0,0,2597.35546875,2618.2666015625,unet,0018,0.0,7970,0,0.0
0.0,500000.0,0.5,10000.0,case_171,0,0,7597.35546875,7618.2666015625,unet,0018,0.0,7970,0,0.0
0.0,500000.0,0.5,25000.0,case_171,0,0,22597.35546875,22618.267578125,unet,0018,0.0,7970,0,0.0
0.0,500000.0,0.5,101325.0,case_171,0,0,98922.3515625,98943.265625,unet,0018,0.0,7970,0,0.0
0.0,1000000.0,1.0,2500.0,case_172,49,37,-237.560546875,-127.8173828125,unet,0018,0.007151819322459222,7864,20,0.008657465495608531
0.0,1000000.0,1.0,3000.0,case_172,0,0,262.439453125,372.1826171875,unet,0018,0.0,7970,0,0.0
0.0,1000000.0,1.0,5000.0,case_172,0,0,2262.439453125,2372.1826171875,unet,0018,0.0,7970,0,0.0
0.0,1000000.0,1.0,10000.0,case_172,0,0,7262.439453125,7372.1826171875,unet,0018,0.0,7970,0,0.0
0.0,1000000.0,1.0,25000.0,case_172,0,0,22262.439453125,22372.18359375,unet,0018,0.0,7970,0,0.0
0.0,1000000.0,1.0,101325.0,case_172,0,0,98587.4375,98697.1796875,unet,0018,0.0,7970,0,0.0
2.0,100000.0,0.09999999999999999,2500.0,case_173,0,0,195.629638671875,196.198974609375,unet,0018,0.0,7970,0,0.0
2.0,100000.0,0.09999999999999999,3000.0,case_173,0,0,695.629638671875,696.198974609375,unet,0018,0.0,7970,0,0.0
2.0,100000.0,0.09999999999999999,5000.0,case_173,0,0,2695.62939453125,2696.19921875,unet,0018,0.0,7970,0,0.0
2.0,100000.0,0.09999999999999999,10000.0,case_173,0,0,7695.6298828125,7696.19921875,unet,0018,0.0,7970,0,0.0
2.0,100000.0,0.09999999999999999,25000.0,case_173,0,0,22695.62890625,22696.19921875,unet,0018,0.0,7970,0,0.0
2.0,100000.0,0.09999999999999999,101325.0,case_173,0,0,99020.6328125,99021.1953125,unet,0018,0.0,7970,0,0.0
2.0,200000.0,0.19999999999999998,2500.0,case_174,0,0,182.04931640625,184.7294921875,unet,0018,0.0,7970,0,0.0
2.0,200000.0,0.19999999999999998,3000.0,case_174,0,0,682.04931640625,684.7294921875,unet,0018,0.0,7970,0,0.0
2.0,200000.0,0.19999999999999998,5000.0,case_174,0,0,2682.04931640625,2684.7294921875,unet,0018,0.0,7970,0,0.0
2.0,200000.0,0.19999999999999998,10000.0,case_174,0,0,7682.048828125,7684.7294921875,unet,0018,0.0,7970,0,0.0
2.0,200000.0,0.19999999999999998,25000.0,case_174,0,0,22682.048828125,22684.728515625,unet,0018,0.0,7970,0,0.0
2.0,200000.0,0.19999999999999998,101325.0,case_174,0,0,99007.046875,99009.7265625,unet,0018,0.0,7970,0,0.0
2.0,500000.0,0.5,2500.0,case_175,0,0,79.156494140625,104.596435546875,unet,0018,0.0,7970,0,0.0
2.0,500000.0,0.5,3000.0,case_175,0,0,579.156494140625,604.596435546875,unet,0018,0.0,7970,0,0.0
2.0,500000.0,0.5,5000.0,case_175,0,0,2579.15673828125,2604.5966796875,unet,0018,0.0,7970,0,0.0
2.0,500000.0,0.5,10000.0,case_175,0,0,7579.15625,7604.5966796875,unet,0018,0.0,7970,0,0.0
2.0,500000.0,0.5,25000.0,case_175,0,0,22579.15625,22604.595703125,unet,0018,0.0,7970,0,0.0
2.0,500000.0,0.5,101325.0,case_175,0,0,98904.15625,98929.59375,unet,0018,0.0,7970,0,0.0
2.0,1000000.0,1.0,2500.0,case_176,6,33,-341.6025390625,-181.80224609375,unet,0018,0.012923462986198243,7861,70,0.009535759096612296
2.0,1000000.0,1.0,3000.0,case_176,0,0,158.3974609375,318.19775390625,unet,0018,0.0,7970,0,0.0
2.0,1000000.0,1.0,5000.0,case_176,0,0,2158.3974609375,2318.19775390625,unet,0018,0.0,7970,0,0.0
2.0,1000000.0,1.0,10000.0,case_176,0,0,7158.3974609375,7318.1982421875,unet,0018,0.0,7970,0,0.0
2.0,1000000.0,1.0,25000.0,case_176,0,0,22158.3984375,22318.197265625,unet,0018,0.0,7970,0,0.0
2.0,1000000.0,1.0,101325.0,case_176,0,0,98483.3984375,98643.1953125,unet,0018,0.0,7970,0,0.0
4.0,100000.0,0.09999999999999999,2500.0,case_177,0,0,194.74951171875,194.564697265625,unet,0018,0.0,7970,0,0.0
4.0,100000.0,0.09999999999999999,3000.0,case_177,0,0,694.74951171875,694.564697265625,unet,0018,0.0,7970,0,0.0
4.0,100000.0,0.09999999999999999,5000.0,case_177,0,0,2694.74951171875,2694.56494140625,unet,0018,0.0,7970,0,0.0
4.0,100000.0,0.09999999999999999,10000.0,case_177,0,0,7694.7490234375,7694.564453125,unet,0018,0.0,7970,0,0.0
4.0,100000.0,0.09999999999999999,25000.0,case_177,0,0,22694.75,22694.564453125,unet,0018,0.0,7970,0,0.0
4.0,100000.0,0.09999999999999999,101325.0,case_177,0,0,99019.75,99019.5625,unet,0018,0.0,7970,0,0.0
4.0,200000.0,0.19999999999999998,2500.0,case_178,0,0,178.651123046875,178.11181640625,unet,0018,0.0,7970,0,0.0
4.0,200000.0,0.19999999999999998,3000.0,case_178,0,0,678.651123046875,678.11181640625,unet,0018,0.0,7970,0,0.0
4.0,200000.0,0.19999999999999998,5000.0,case_178,0,0,2678.6513671875,2678.11181640625,unet,0018,0.0,7970,0,0.0
4.0,200000.0,0.19999999999999998,10000.0,case_178,0,0,7678.6513671875,7678.1123046875,unet,0018,0.0,7970,0,0.0
4.0,200000.0,0.19999999999999998,25000.0,case_178,0,0,22678.650390625,22678.111328125,unet,0018,0.0,7970,0,0.0
4.0,200000.0,0.19999999999999998,101325.0,case_178,0,0,99003.6484375,99003.109375,unet,0018,0.0,7970,0,0.0
4.0,500000.0,0.5,2500.0,case_179,0,0,61.11865234375,62.71044921875,unet,0018,0.0,7970,0,0.0
4.0,500000.0,0.5,3000.0,case_179,0,0,561.11865234375,562.71044921875,unet,0018,0.0,7970,0,0.0
4.0,500000.0,0.5,5000.0,case_179,0,0,2561.11865234375,2562.71044921875,unet,0018,0.0,7970,0,0.0
4.0,500000.0,0.5,10000.0,case_179,0,0,7561.1181640625,7562.7109375,unet,0018,0.0,7970,0,0.0
4.0,500000.0,0.5,25000.0,case_179,0,0,22561.119140625,22562.7109375,unet,0018,0.0,7970,0,0.0
4.0,500000.0,0.5,101325.0,case_179,0,0,98886.1171875,98887.7109375,unet,0018,0.0,7970,0,0.0
4.0,1000000.0,1.0,2500.0,case_180,0,31,-448.19873046875,-349.804931640625,unet,0018,0.021455457967377665,7799,140,0.01756587202007528
4.0,1000000.0,1.0,3000.0,case_180,0,0,51.80126953125,150.195068359375,unet,0018,0.0,7970,0,0.0
4.0,1000000.0,1.0,5000.0,case_180,0,0,2051.80126953125,2150.19482421875,unet,0018,0.0,7970,0,0.0
4.0,1000000.0,1.0,10000.0,case_180,0,0,7051.8017578125,7150.1953125,unet,0018,0.0,7970,0,0.0
4.0,1000000.0,1.0,25000.0,case_180,0,0,22051.80078125,22150.1953125,unet,0018,0.0,7970,0,0.0
4.0,1000000.0,1.0,101325.0,case_180,0,0,98376.8046875,98475.1953125,unet,0018,0.0,7970,0,0.0
6.0,100000.0,0.09999999999999999,2500.0,case_181,0,0,193.75927734375,192.713623046875,unet,0018,0.0,7970,0,0.0
6.0,100000.0,0.09999999999999999,3000.0,case_181,0,0,693.75927734375,692.713623046875,unet,0018,0.0,7970,0,0.0
6.0,100000.0,0.09999999999999999,5000.0,case_181,0,0,2693.75927734375,2692.7138671875,unet,0018,0.0,7970,0,0.0
6.0,100000.0,0.09999999999999999,10000.0,case_181,0,0,7693.759765625,7692.7138671875,unet,0018,0.0,7970,0,0.0
6.0,100000.0,0.09999999999999999,25000.0,case_181,0,0,22693.759765625,22692.712890625,unet,0018,0.0,7970,0,0.0
6.0,100000.0,0.09999999999999999,101325.0,case_181,0,0,99018.7578125,99017.7109375,unet,0018,0.0,7970,0,0.0
6.0,200000.0,0.19999999999999998,2500.0,case_182,0,0,174.503662109375,170.652587890625,unet,0018,0.0,7970,0,0.0
6.0,200000.0,0.19999999999999998,3000.0,case_182,0,0,674.503662109375,670.652587890625,unet,0018,0.0,7970,0,0.0
6.0,200000.0,0.19999999999999998,5000.0,case_182,0,0,2674.50341796875,2670.65283203125,unet,0018,0.0,7970,0,0.0
6.0,200000.0,0.19999999999999998,10000.0,case_182,0,0,7674.50390625,7670.65234375,unet,0018,0.0,7970,0,0.0
6.0,200000.0,0.19999999999999998,25000.0,case_182,0,0,22674.50390625,22670.65234375,unet,0018,0.0,7970,0,0.0
6.0,200000.0,0.19999999999999998,101325.0,case_182,0,0,98999.5,98995.65625,unet,0018,0.0,7970,0,0.0
6.0,500000.0,0.5,2500.0,case_183,0,0,39.778076171875,15.696533203125,unet,0018,0.0,7970,0,0.0
6.0,500000.0,0.5,3000.0,case_183,0,0,539.778076171875,515.696533203125,unet,0018,0.0,7970,0,0.0
6.0,500000.0,0.5,5000.0,case_183,0,0,2539.7783203125,2515.6962890625,unet,0018,0.0,7970,0,0.0
6.0,500000.0,0.5,10000.0,case_183,0,0,7539.7783203125,7515.6962890625,unet,0018,0.0,7970,0,0.0
6.0,500000.0,0.5,25000.0,case_183,0,0,22539.77734375,22515.697265625,unet,0018,0.0,7970,0,0.0
6.0,500000.0,0.5,101325.0,case_183,0,0,98864.78125,98840.6953125,unet,0018,0.0,7970,0,0.0
6.0,1000000.0,1.0,2500.0,case_184,8,26,-551.4210205078125,-538.44677734375,unet,0018,0.030991217063989964,7715,221,0.028732747804265997
6.0,1000000.0,1.0,3000.0,case_184,0,1,-51.4208984375,-38.44677734375,unet,0018,0.0002509410288582183,7968,1,0.00012547051442910915
6.0,1000000.0,1.0,5000.0,case_184,0,0,1948.5791015625,1961.55322265625,unet,0018,0.0,7970,0,0.0
6.0,1000000.0,1.0,10000.0,case_184,0,0,6948.5791015625,6961.552734375,unet,0018,0.0,7970,0,0.0
6.0,1000000.0,1.0,25000.0,case_184,0,0,21948.578125,21961.552734375,unet,0018,0.0,7970,0,0.0
6.0,1000000.0,1.0,101325.0,case_184,0,0,98273.578125,98286.5546875,unet,0018,0.0,7970,0,0.0
8.0,100000.0,0.09999999999999999,2500.0,case_185,0,0,192.357177734375,190.0263671875,unet,0018,0.0,7970,0,0.0
8.0,100000.0,0.09999999999999999,3000.0,case_185,0,0,692.357177734375,690.0263671875,unet,0018,0.0,7970,0,0.0
8.0,100000.0,0.09999999999999999,5000.0,case_185,0,0,2692.35693359375,2690.0263671875,unet,0018,0.0,7970,0,0.0
8.0,100000.0,0.09999999999999999,10000.0,case_185,0,0,7692.357421875,7690.0263671875,unet,0018,0.0,7970,0,0.0
8.0,100000.0,0.09999999999999999,25000.0,case_185,0,0,22692.357421875,22690.02734375,unet,0018,0.0,7970,0,0.0
8.0,100000.0,0.09999999999999999,101325.0,case_185,0,0,99017.359375,99015.0234375,unet,0018,0.0,7970,0,0.0
8.0,200000.0,0.19999999999999998,2500.0,case_186,0,0,168.64404296875,161.822265625,unet,0018,0.0,7970,0,0.0
8.0,200000.0,0.19999999999999998,3000.0,case_186,0,0,668.64404296875,661.822265625,unet,0018,0.0,7970,0,0.0
8.0,200000.0,0.19999999999999998,5000.0,case_186,0,0,2668.64404296875,2661.822265625,unet,0018,0.0,7970,0,0.0
8.0,200000.0,0.19999999999999998,10000.0,case_186,0,0,7668.6435546875,7661.822265625,unet,0018,0.0,7970,0,0.0
8.0,200000.0,0.19999999999999998,25000.0,case_186,0,0,22668.64453125,22661.822265625,unet,0018,0.0,7970,0,0.0
8.0,200000.0,0.19999999999999998,101325.0,case_186,0,0,98993.640625,98986.8203125,unet,0018,0.0,7970,0,0.0
8.0,500000.0,0.5,2500.0,case_187,3,0,6.8154296875,-40.1259765625,unet,0018,0.0,7967,0,0.0003764115432873275
8.0,500000.0,0.5,3000.0,case_187,0,0,506.8154296875,459.8740234375,unet,0018,0.0,7970,0,0.0
8.0,500000.0,0.5,5000.0,case_187,0,0,2506.8154296875,2459.8740234375,unet,0018,0.0,7970,0,0.0
8.0,500000.0,0.5,10000.0,case_187,0,0,7506.8154296875,7459.8740234375,unet,0018,0.0,7970,0,0.0
8.0,500000.0,0.5,25000.0,case_187,0,0,22506.814453125,22459.873046875,unet,0018,0.0,7970,0,0.0
8.0,500000.0,0.5,101325.0,case_187,0,0,98831.8125,98784.875,unet,0018,0.0,7970,0,0.0
8.0,1000000.0,1.0,2500.0,case_188,14,35,-691.6162109375,-763.091796875,unet,0018,0.04303638644918444,7613,308,0.04040150564617315
8.0,1000000.0,1.0,3000.0,case_188,0,1,-191.6162109375,-263.091796875,unet,0018,0.0010037641154328732,7962,7,0.0008782936010037642
8.0,1000000.0,1.0,5000.0,case_188,0,0,1808.3837890625,1736.908203125,unet,0018,0.0,7970,0,0.0
8.0,1000000.0,1.0,10000.0,case_188,0,0,6808.3837890625,6736.908203125,unet,0018,0.0,7970,0,0.0
8.0,1000000.0,1.0,25000.0,case_188,0,0,21808.3828125,21736.908203125,unet,0018,0.0,7970,0,0.0
8.0,1000000.0,1.0,101325.0,case_188,0,0,98133.3828125,98061.90625,unet,0018,0.0,7970,0,0.0
10.0,100000.0,0.09999999999999999,2500.0,case_189,0,0,191.397216796875,186.980712890625,unet,0018,0.0,7970,0,0.0
10.0,100000.0,0.09999999999999999,3000.0,case_189,0,0,691.397216796875,686.980712890625,unet,0018,0.0,7970,0,0.0
10.0,100000.0,0.09999999999999999,5000.0,case_189,0,0,2691.3974609375,2686.98095703125,unet,0018,0.0,7970,0,0.0
10.0,100000.0,0.09999999999999999,10000.0,case_189,0,0,7691.3974609375,7686.98046875,unet,0018,0.0,7970,0,0.0
10.0,100000.0,0.09999999999999999,25000.0,case_189,0,0,22691.396484375,22686.98046875,unet,0018,0.0,7970,0,0.0
10.0,100000.0,0.09999999999999999,101325.0,case_189,0,0,99016.3984375,99011.984375,unet,0018,0.0,7970,0,0.0
10.0,200000.0,0.19999999999999998,2500.0,case_190,0,0,164.6240234375,147.224365234375,unet,0018,0.0,7970,0,0.0
10.0,200000.0,0.19999999999999998,3000.0,case_190,0,0,664.6240234375,647.224365234375,unet,0018,0.0,7970,0,0.0
10.0,200000.0,0.19999999999999998,5000.0,case_190,0,0,2664.6240234375,2647.224609375,unet,0018,0.0,7970,0,0.0
10.0,200000.0,0.19999999999999998,10000.0,case_190,0,0,7664.6240234375,7647.224609375,unet,0018,0.0,7970,0,0.0
10.0,200000.0,0.19999999999999998,25000.0,case_190,0,0,22664.623046875,22647.224609375,unet,0018,0.0,7970,0,0.0
10.0,200000.0,0.19999999999999998,101325.0,case_190,0,0,98989.625,98972.2265625,unet,0018,0.0,7970,0,0.0
10.0,500000.0,0.5,2500.0,case_191,4,0,-18.974853515625,-119.437744140625,unet,0018,0.0003764115432873275,7963,3,0.0008782936010037642
10.0,500000.0,0.5,3000.0,case_191,0,0,481.025146484375,380.562255859375,unet,0018,0.0,7970,0,0.0
10.0,500000.0,0.5,5000.0,case_191,0,0,2481.025390625,2380.56201171875,unet,0018,0.0,7970,0,0.0
10.0,500000.0,0.5,10000.0,case_191,0,0,7481.025390625,7380.5625,unet,0018,0.0,7970,0,0.0
10.0,500000.0,0.5,25000.0,case_191,0,0,22481.025390625,22380.5625,unet,0018,0.0,7970,0,0.0
10.0,500000.0,0.5,101325.0,case_191,0,0,98806.0234375,98705.5625,unet,0018,0.0,7970,0,0.0
10.0,1000000.0,1.0,2500.0,case_192,20,51,-806.384033203125,-1081.6754150390625,unet,0018,0.057465495608531994,7492,407,0.05357590966122961
10.0,1000000.0,1.0,3000.0,case_192,2,1,-306.384033203125,-581.6754150390625,unet,0018,0.0017565872020075283,7954,13,0.0018820577164366374
10.0,1000000.0,1.0,5000.0,case_192,0,0,1693.615966796875,1418.32470703125,unet,0018,0.0,7970,0,0.0
10.0,1000000.0,1.0,10000.0,case_192,0,0,6693.6162109375,6418.32421875,unet,0018,0.0,7970,0,0.0
10.0,1000000.0,1.0,25000.0,case_192,0,0,21693.615234375,21418.32421875,unet,0018,0.0,7970,0,0.0
10.0,1000000.0,1.0,101325.0,case_192,0,0,98018.6171875,97743.328125,unet,0018,0.0,7970,0,0.0
-4.0,100000.0,0.09999999999999999,2500.0,case_321,0,0,196.508544921875,195.163818359375,unet,4418,0.0,7975,0,0.0
-4.0,100000.0,0.09999999999999999,3000.0,case_321,0,0,696.508544921875,695.163818359375,unet,4418,0.0,7975,0,0.0
-4.0,100000.0,0.09999999999999999,5000.0,case_321,0,0,2696.50830078125,2695.1640625,unet,4418,0.0,7975,0,0.0
-4.0,100000.0,0.09999999999999999,10000.0,case_321,0,0,7696.5087890625,7695.1640625,unet,4418,0.0,7975,0,0.0
-4.0,100000.0,0.09999999999999999,25000.0,case_321,0,0,22696.5078125,22695.1640625,unet,4418,0.0,7975,0,0.0
-4.0,100000.0,0.09999999999999999,101325.0,case_321,0,0,99021.5078125,99020.1640625,unet,4418,0.0,7975,0,0.0
-4.0,200000.0,0.19999999999999998,2500.0,case_322,0,0,185.688232421875,180.60693359375,unet,4418,0.0,7975,0,0.0
-4.0,200000.0,0.19999999999999998,3000.0,case_322,0,0,685.688232421875,680.60693359375,unet,4418,0.0,7975,0,0.0
-4.0,200000.0,0.19999999999999998,5000.0,case_322,0,0,2685.6884765625,2680.60693359375,unet,4418,0.0,7975,0,0.0
-4.0,200000.0,0.19999999999999998,10000.0,case_322,0,0,7685.6884765625,7680.6064453125,unet,4418,0.0,7975,0,0.0
-4.0,200000.0,0.19999999999999998,25000.0,case_322,0,0,22685.6875,22680.607421875,unet,4418,0.0,7975,0,0.0
-4.0,200000.0,0.19999999999999998,101325.0,case_322,0,0,99010.6875,99005.609375,unet,4418,0.0,7975,0,0.0
-4.0,500000.0,0.5,2500.0,case_323,0,0,104.85986328125,78.342529296875,unet,4418,0.0,7975,0,0.0
-4.0,500000.0,0.5,3000.0,case_323,0,0,604.85986328125,578.342529296875,unet,4418,0.0,7975,0,0.0
-4.0,500000.0,0.5,5000.0,case_323,0,0,2604.85986328125,2578.34228515625,unet,4418,0.0,7975,0,0.0
-4.0,500000.0,0.5,10000.0,case_323,0,0,7604.859375,7578.3427734375,unet,4418,0.0,7975,0,0.0
-4.0,500000.0,0.5,25000.0,case_323,0,0,22604.859375,22578.341796875,unet,4418,0.0,7975,0,0.0
-4.0,500000.0,0.5,101325.0,case_323,0,0,98929.859375,98903.34375,unet,4418,0.0,7975,0,0.0
-4.0,1000000.0,1.0,2500.0,case_324,18,70,-270.942626953125,-287.235107421875,unet,4418,0.018934169278996864,7806,81,0.012413793103448275
-4.0,1000000.0,1.0,3000.0,case_324,0,0,229.057373046875,212.764892578125,unet,4418,0.0,7975,0,0.0
-4.0,1000000.0,1.0,5000.0,case_324,0,0,2229.0576171875,2212.76513671875,unet,4418,0.0,7975,0,0.0
-4.0,1000000.0,1.0,10000.0,case_324,0,0,7229.0576171875,7212.7646484375,unet,4418,0.0,7975,0,0.0
-4.0,1000000.0,1.0,25000.0,case_324,0,0,22229.056640625,22212.765625,unet,4418,0.0,7975,0,0.0
-4.0,1000000.0,1.0,101325.0,case_324,0,0,98554.0546875,98537.765625,unet,4418,0.0,7975,0,0.0
-2.0,100000.0,0.09999999999999999,2500.0,case_325,0,0,195.959716796875,196.4130859375,unet,4418,0.0,7975,0,0.0
-2.0,100000.0,0.09999999999999999,3000.0,case_325,0,0,695.959716796875,696.4130859375,unet,4418,0.0,7975,0,0.0
-2.0,100000.0,0.09999999999999999,5000.0,case_325,0,0,2695.9599609375,2696.4130859375,unet,4418,0.0,7975,0,0.0
-2.0,100000.0,0.09999999999999999,10000.0,case_325,0,0,7695.9599609375,7696.4130859375,unet,4418,0.0,7975,0,0.0
-2.0,100000.0,0.09999999999999999,25000.0,case_325,0,0,22695.958984375,22696.4140625,unet,4418,0.0,7975,0,0.0
-2.0,100000.0,0.09999999999999999,101325.0,case_325,0,0,99020.9609375,99021.4140625,unet,4418,0.0,7975,0,0.0
-2.0,200000.0,0.19999999999999998,2500.0,case_326,0,0,183.25732421875,185.549072265625,unet,4418,0.0,7975,0,0.0
-2.0,200000.0,0.19999999999999998,3000.0,case_326,0,0,683.25732421875,685.549072265625,unet,4418,0.0,7975,0,0.0
-2.0,200000.0,0.19999999999999998,5000.0,case_326,0,0,2683.25732421875,2685.548828125,unet,4418,0.0,7975,0,0.0
-2.0,200000.0,0.19999999999999998,10000.0,case_326,0,0,7683.2568359375,7685.548828125,unet,4418,0.0,7975,0,0.0
-2.0,200000.0,0.19999999999999998,25000.0,case_326,0,0,22683.2578125,22685.548828125,unet,4418,0.0,7975,0,0.0
-2.0,200000.0,0.19999999999999998,101325.0,case_326,0,0,99008.2578125,99010.546875,unet,4418,0.0,7975,0,0.0
-2.0,500000.0,0.5,2500.0,case_327,0,0,83.96435546875,109.31884765625,unet,4418,0.0,7975,0,0.0
-2.0,500000.0,0.5,3000.0,case_327,0,0,583.96435546875,609.31884765625,unet,4418,0.0,7975,0,0.0
-2.0,500000.0,0.5,5000.0,case_327,0,0,2583.96435546875,2609.31884765625,unet,4418,0.0,7975,0,0.0
-2.0,500000.0,0.5,10000.0,case_327,0,0,7583.9638671875,7609.3193359375,unet,4418,0.0,7975,0,0.0
-2.0,500000.0,0.5,25000.0,case_327,0,0,22583.96484375,22609.318359375,unet,4418,0.0,7975,0,0.0
-2.0,500000.0,0.5,101325.0,case_327,0,0,98908.9609375,98934.3203125,unet,4418,0.0,7975,0,0.0
-2.0,1000000.0,1.0,2500.0,case_328,4,55,-288.781005859375,-163.20556640625,unet,4418,0.020689655172413793,7806,110,0.014294670846394984
-2.0,1000000.0,1.0,3000.0,case_328,0,0,211.218994140625,336.79443359375,unet,4418,0.0,7975,0,0.0
-2.0,1000000.0,1.0,5000.0,case_328,0,0,2211.21923828125,2336.79443359375,unet,4418,0.0,7975,0,0.0
-2.0,1000000.0,1.0,10000.0,case_328,0,0,7211.21875,7336.794921875,unet,4418,0.0,7975,0,0.0
-2.0,1000000.0,1.0,25000.0,case_328,0,0,22211.21875,22336.794921875,unet,4418,0.0,7975,0,0.0
-2.0,1000000.0,1.0,101325.0,case_328,0,0,98536.21875,98661.796875,unet,4418,0.0,7975,0,0.0
0.0,100000.0,0.09999999999999999,2500.0,case_329,0,0,195.290771484375,195.641357421875,unet,4418,0.0,7975,0,0.0
0.0,100000.0,0.09999999999999999,3000.0,case_329,0,0,695.290771484375,695.641357421875,unet,4418,0.0,7975,0,0.0
0.0,100000.0,0.09999999999999999,5000.0,case_329,0,0,2695.291015625,2695.6416015625,unet,4418,0.0,7975,0,0.0
0.0,100000.0,0.09999999999999999,10000.0,case_329,0,0,7695.291015625,7695.6416015625,unet,4418,0.0,7975,0,0.0
0.0,100000.0,0.09999999999999999,25000.0,case_329,0,0,22695.291015625,22695.640625,unet,4418,0.0,7975,0,0.0
0.0,100000.0,0.09999999999999999,101325.0,case_329,0,0,99020.2890625,99020.640625,unet,4418,0.0,7975,0,0.0
0.0,200000.0,0.19999999999999998,2500.0,case_330,0,0,180.660400390625,182.413818359375,unet,4418,0.0,7975,0,0.0
0.0,200000.0,0.19999999999999998,3000.0,case_330,0,0,680.660400390625,682.413818359375,unet,4418,0.0,7975,0,0.0
0.0,200000.0,0.19999999999999998,5000.0,case_330,0,0,2680.66015625,2682.4140625,unet,4418,0.0,7975,0,0.0
0.0,200000.0,0.19999999999999998,10000.0,case_330,0,0,7680.66015625,7682.4140625,unet,4418,0.0,7975,0,0.0
0.0,200000.0,0.19999999999999998,25000.0,case_330,0,0,22680.66015625,22682.4140625,unet,4418,0.0,7975,0,0.0
0.0,200000.0,0.19999999999999998,101325.0,case_330,0,0,99005.6640625,99007.4140625,unet,4418,0.0,7975,0,0.0
0.0,500000.0,0.5,2500.0,case_331,0,0,68.39453125,89.517578125,unet,4418,0.0,7975,0,0.0
0.0,500000.0,0.5,3000.0,case_331,0,0,568.39453125,589.517578125,unet,4418,0.0,7975,0,0.0
0.0,500000.0,0.5,5000.0,case_331,0,0,2568.39453125,2589.517578125,unet,4418,0.0,7975,0,0.0
0.0,500000.0,0.5,10000.0,case_331,0,0,7568.39453125,7589.517578125,unet,4418,0.0,7975,0,0.0
0.0,500000.0,0.5,25000.0,case_331,0,0,22568.39453125,22589.517578125,unet,4418,0.0,7975,0,0.0
0.0,500000.0,0.5,101325.0,case_331,0,0,98893.390625,98914.515625,unet,4418,0.0,7975,0,0.0
0.0,1000000.0,1.0,2500.0,case_332,10,10,-378.155029296875,-244.50146484375,unet,4418,0.0219435736677116,7790,165,0.0219435736677116
0.0,1000000.0,1.0,3000.0,case_332,0,0,121.844970703125,255.49853515625,unet,4418,0.0,7975,0,0.0
0.0,1000000.0,1.0,5000.0,case_332,0,0,2121.8447265625,2255.49853515625,unet,4418,0.0,7975,0,0.0
0.0,1000000.0,1.0,10000.0,case_332,0,0,7121.8447265625,7255.4990234375,unet,4418,0.0,7975,0,0.0
0.0,1000000.0,1.0,25000.0,case_332,0,0,22121.845703125,22255.498046875,unet,4418,0.0,7975,0,0.0
0.0,1000000.0,1.0,101325.0,case_332,0,0,98446.84375,98580.5,unet,4418,0.0,7975,0,0.0
2.0,100000.0,0.09999999999999999,2500.0,case_333,0,0,194.50341796875,194.81201171875,unet,4418,0.0,7975,0,0.0
2.0,100000.0,0.09999999999999999,3000.0,case_333,0,0,694.50341796875,694.81201171875,unet,4418,0.0,7975,0,0.0
2.0,100000.0,0.09999999999999999,5000.0,case_333,0,0,2694.50341796875,2694.81201171875,unet,4418,0.0,7975,0,0.0
2.0,100000.0,0.09999999999999999,10000.0,case_333,0,0,7694.50390625,7694.8115234375,unet,4418,0.0,7975,0,0.0
2.0,100000.0,0.09999999999999999,25000.0,case_333,0,0,22694.50390625,22694.8125,unet,4418,0.0,7975,0,0.0
2.0,100000.0,0.09999999999999999,101325.0,case_333,0,0,99019.5,99019.8125,unet,4418,0.0,7975,0,0.0
2.0,200000.0,0.19999999999999998,2500.0,case_334,0,0,177.61279296875,179.06689453125,unet,4418,0.0,7975,0,0.0
2.0,200000.0,0.19999999999999998,3000.0,case_334,0,0,677.61279296875,679.06689453125,unet,4418,0.0,7975,0,0.0
2.0,200000.0,0.19999999999999998,5000.0,case_334,0,0,2677.61279296875,2679.06689453125,unet,4418,0.0,7975,0,0.0
2.0,200000.0,0.19999999999999998,10000.0,case_334,0,0,7677.61328125,7679.0673828125,unet,4418,0.0,7975,0,0.0
2.0,200000.0,0.19999999999999998,25000.0,case_334,0,0,22677.61328125,22679.06640625,unet,4418,0.0,7975,0,0.0
2.0,200000.0,0.19999999999999998,101325.0,case_334,0,0,99002.609375,99004.0703125,unet,4418,0.0,7975,0,0.0
2.0,500000.0,0.5,2500.0,case_335,0,0,49.352294921875,68.273681640625,unet,4418,0.0,7975,0,0.0
2.0,500000.0,0.5,3000.0,case_335,0,0,549.352294921875,568.273681640625,unet,4418,0.0,7975,0,0.0
2.0,500000.0,0.5,5000.0,case_335,0,0,2549.3525390625,2568.2734375,unet,4418,0.0,7975,0,0.0
2.0,500000.0,0.5,10000.0,case_335,0,0,7549.3525390625,7568.2734375,unet,4418,0.0,7975,0,0.0
2.0,500000.0,0.5,25000.0,case_335,0,0,22549.3515625,22568.2734375,unet,4418,0.0,7975,0,0.0
2.0,500000.0,0.5,101325.0,case_335,0,0,98874.3515625,98893.2734375,unet,4418,0.0,7975,0,0.0
2.0,1000000.0,1.0,2500.0,case_336,10,10,-470.7734375,-328.09521484375,unet,4418,0.03347962382445141,7698,257,0.03347962382445141
2.0,1000000.0,1.0,3000.0,case_336,0,0,29.2265625,171.90478515625,unet,4418,0.0,7975,0,0.0
2.0,1000000.0,1.0,5000.0,case_336,0,0,2029.2265625,2171.90478515625,unet,4418,0.0,7975,0,0.0
2.0,1000000.0,1.0,10000.0,case_336,0,0,7029.2265625,7171.904296875,unet,4418,0.0,7975,0,0.0
2.0,1000000.0,1.0,25000.0,case_336,0,0,22029.2265625,22171.904296875,unet,4418,0.0,7975,0,0.0
2.0,1000000.0,1.0,101325.0,case_336,0,0,98354.2265625,98496.90625,unet,4418,0.0,7975,0,0.0
4.0,100000.0,0.09999999999999999,2500.0,case_337,0,0,193.595703125,193.659423828125,unet,4418,0.0,7975,0,0.0
4.0,100000.0,0.09999999999999999,3000.0,case_337,0,0,693.595703125,693.659423828125,unet,4418,0.0,7975,0,0.0
4.0,100000.0,0.09999999999999999,5000.0,case_337,0,0,2693.595703125,2693.6591796875,unet,4418,0.0,7975,0,0.0
4.0,100000.0,0.09999999999999999,10000.0,case_337,0,0,7693.595703125,7693.6591796875,unet,4418,0.0,7975,0,0.0
4.0,100000.0,0.09999999999999999,25000.0,case_337,0,0,22693.595703125,22693.66015625,unet,4418,0.0,7975,0,0.0
4.0,100000.0,0.09999999999999999,101325.0,case_337,0,0,99018.59375,99018.65625,unet,4418,0.0,7975,0,0.0
4.0,200000.0,0.19999999999999998,2500.0,case_338,0,0,173.84765625,174.443359375,unet,4418,0.0,7975,0,0.0
4.0,200000.0,0.19999999999999998,3000.0,case_338,0,0,673.84765625,674.443359375,unet,4418,0.0,7975,0,0.0
4.0,200000.0,0.19999999999999998,5000.0,case_338,0,0,2673.84765625,2674.443359375,unet,4418,0.0,7975,0,0.0
4.0,200000.0,0.19999999999999998,10000.0,case_338,0,0,7673.84765625,7674.443359375,unet,4418,0.0,7975,0,0.0
4.0,200000.0,0.19999999999999998,25000.0,case_338,0,0,22673.84765625,22674.443359375,unet,4418,0.0,7975,0,0.0
4.0,200000.0,0.19999999999999998,101325.0,case_338,0,0,98998.84375,98999.4453125,unet,4418,0.0,7975,0,0.0
4.0,500000.0,0.5,2500.0,case_339,0,0,23.1240234375,39.06787109375,unet,4418,0.0,7975,0,0.0
4.0,500000.0,0.5,3000.0,case_339,0,0,523.1240234375,539.06787109375,unet,4418,0.0,7975,0,0.0
4.0,500000.0,0.5,5000.0,case_339,0,0,2523.1240234375,2539.06787109375,unet,4418,0.0,7975,0,0.0
4.0,500000.0,0.5,10000.0,case_339,0,0,7523.1240234375,7539.068359375,unet,4418,0.0,7975,0,0.0
4.0,500000.0,0.5,25000.0,case_339,0,0,22523.123046875,22539.068359375,unet,4418,0.0,7975,0,0.0
4.0,500000.0,0.5,101325.0,case_339,0,0,98848.125,98864.0703125,unet,4418,0.0,7975,0,0.0
4.0,1000000.0,1.0,2500.0,case_340,9,6,-587.8328857421875,-445.319091796875,unet,4418,0.047398119122257054,7588,372,0.047774294670846394
4.0,1000000.0,1.0,3000.0,case_340,0,5,-87.8330078125,54.680908203125,unet,4418,0.0006269592476489029,7970,0,0.0
4.0,1000000.0,1.0,5000.0,case_340,0,0,1912.1669921875,2054.68115234375,unet,4418,0.0,7975,0,0.0
4.0,1000000.0,1.0,10000.0,case_340,0,0,6912.1669921875,7054.6806640625,unet,4418,0.0,7975,0,0.0
4.0,1000000.0,1.0,25000.0,case_340,0,0,21912.16796875,22054.681640625,unet,4418,0.0,7975,0,0.0
4.0,1000000.0,1.0,101325.0,case_340,0,0,98237.1640625,98379.6796875,unet,4418,0.0,7975,0,0.0
6.0,100000.0,0.09999999999999999,2500.0,case_341,0,0,192.582763671875,192.252197265625,unet,4418,0.0,7975,0,0.0
6.0,100000.0,0.09999999999999999,3000.0,case_341,0,0,692.582763671875,692.252197265625,unet,4418,0.0,7975,0,0.0
6.0,100000.0,0.09999999999999999,5000.0,case_341,0,0,2692.5830078125,2692.25244140625,unet,4418,0.0,7975,0,0.0
6.0,100000.0,0.09999999999999999,10000.0,case_341,0,0,7692.5830078125,7692.251953125,unet,4418,0.0,7975,0,0.0
6.0,100000.0,0.09999999999999999,25000.0,case_341,0,0,22692.58203125,22692.251953125,unet,4418,0.0,7975,0,0.0
6.0,100000.0,0.09999999999999999,101325.0,case_341,0,0,99017.5859375,99017.25,unet,4418,0.0,7975,0,0.0
6.0,200000.0,0.19999999999999998,2500.0,case_342,0,0,169.2529296875,168.659912109375,unet,4418,0.0,7975,0,0.0
6.0,200000.0,0.19999999999999998,3000.0,case_342,0,0,669.2529296875,668.659912109375,unet,4418,0.0,7975,0,0.0
6.0,200000.0,0.19999999999999998,5000.0,case_342,0,0,2669.2529296875,2668.66015625,unet,4418,0.0,7975,0,0.0
6.0,200000.0,0.19999999999999998,10000.0,case_342,0,0,7669.2529296875,7668.66015625,unet,4418,0.0,7975,0,0.0
6.0,200000.0,0.19999999999999998,25000.0,case_342,0,0,22669.251953125,22668.66015625,unet,4418,0.0,7975,0,0.0
6.0,200000.0,0.19999999999999998,101325.0,case_342,0,0,98994.25,98993.65625,unet,4418,0.0,7975,0,0.0
6.0,500000.0,0.5,2500.0,case_343,0,2,-2.13671875,5.263671875,unet,4418,0.00025078369905956113,7973,0,0.0
6.0,500000.0,0.5,3000.0,case_343,0,0,497.86328125,505.263671875,unet,4418,0.0,7975,0,0.0
6.0,500000.0,0.5,5000.0,case_343,0,0,2497.86328125,2505.263671875,unet,4418,0.0,7975,0,0.0
6.0,500000.0,0.5,10000.0,case_343,0,0,7497.86328125,7505.263671875,unet,4418,0.0,7975,0,0.0
6.0,500000.0,0.5,25000.0,case_343,0,0,22497.86328125,22505.263671875,unet,4418,0.0,7975,0,0.0
6.0,500000.0,0.5,101325.0,case_343,0,0,98822.859375,98830.265625,unet,4418,0.0,7975,0,0.0
6.0,1000000.0,1.0,2500.0,case_344,33,1,-703.713134765625,-589.191650390625,unet,4418,0.061191222570532916,7454,487,0.0652037617554859
6.0,1000000.0,1.0,3000.0,case_344,4,5,-203.713134765625,-89.191650390625,unet,4418,0.0010031347962382445,7963,3,0.0008777429467084639
6.0,1000000.0,1.0,5000.0,case_344,0,0,1796.287109375,1910.80810546875,unet,4418,0.0,7975,0,0.0
6.0,1000000.0,1.0,10000.0,case_344,0,0,6796.287109375,6910.80859375,unet,4418,0.0,7975,0,0.0
6.0,1000000.0,1.0,25000.0,case_344,0,0,21796.287109375,21910.80859375,unet,4418,0.0,7975,0,0.0
6.0,1000000.0,1.0,101325.0,case_344,0,0,98121.2890625,98235.8046875,unet,4418,0.0,7975,0,0.0
8.0,100000.0,0.09999999999999999,2500.0,case_345,0,0,191.455810546875,190.67626953125,unet,4418,0.0,7975,0,0.0
8.0,100000.0,0.09999999999999999,3000.0,case_345,0,0,691.455810546875,690.67626953125,unet,4418,0.0,7975,0,0.0
8.0,100000.0,0.09999999999999999,5000.0,case_345,0,0,2691.45556640625,2690.67626953125,unet,4418,0.0,7975,0,0.0
8.0,100000.0,0.09999999999999999,10000.0,case_345,0,0,7691.4560546875,7690.6767578125,unet,4418,0.0,7975,0,0.0
8.0,100000.0,0.09999999999999999,25000.0,case_345,0,0,22691.455078125,22690.67578125,unet,4418,0.0,7975,0,0.0
8.0,100000.0,0.09999999999999999,101325.0,case_345,0,0,99016.453125,99015.6796875,unet,4418,0.0,7975,0,0.0
8.0,200000.0,0.19999999999999998,2500.0,case_346,0,0,164.432861328125,163.216796875,unet,4418,0.0,7975,0,0.0
8.0,200000.0,0.19999999999999998,3000.0,case_346,0,0,664.432861328125,663.216796875,unet,4418,0.0,7975,0,0.0
8.0,200000.0,0.19999999999999998,5000.0,case_346,0,0,2664.4326171875,2663.216796875,unet,4418,0.0,7975,0,0.0
8.0,200000.0,0.19999999999999998,10000.0,case_346,0,0,7664.4326171875,7663.216796875,unet,4418,0.0,7975,0,0.0
8.0,200000.0,0.19999999999999998,25000.0,case_346,0,0,22664.43359375,22663.216796875,unet,4418,0.0,7975,0,0.0
8.0,200000.0,0.19999999999999998,101325.0,case_346,0,0,98989.4296875,98988.21875,unet,4418,0.0,7975,0,0.0
8.0,500000.0,0.5,2500.0,case_347,2,2,-32.809814453125,-32.08056640625,unet,4418,0.0007523510971786833,7967,4,0.0007523510971786833
8.0,500000.0,0.5,3000.0,case_347,0,0,467.190185546875,467.91943359375,unet,4418,0.0,7975,0,0.0
8.0,500000.0,0.5,5000.0,case_347,0,0,2467.18994140625,2467.91943359375,unet,4418,0.0,7975,0,0.0
8.0,500000.0,0.5,10000.0,case_347,0,0,7467.1904296875,7467.919921875,unet,4418,0.0,7975,0,0.0
8.0,500000.0,0.5,25000.0,case_347,0,0,22467.189453125,22467.919921875,unet,4418,0.0,7975,0,0.0
8.0,500000.0,0.5,101325.0,case_347,0,0,98792.1875,98792.921875,unet,4418,0.0,7975,0,0.0
8.0,1000000.0,1.0,2500.0,case_348,41,2,-807.9163818359375,-731.254150390625,unet,4418,0.0761128526645768,7327,605,0.08100313479623825
8.0,1000000.0,1.0,3000.0,case_348,13,3,-307.9163818359375,-231.254150390625,unet,4418,0.0015047021943573667,7950,9,0.002758620689655172
8.0,1000000.0,1.0,5000.0,case_348,0,0,1692.08349609375,1768.745849609375,unet,4418,0.0,7975,0,0.0
8.0,1000000.0,1.0,10000.0,case_348,0,0,6692.083984375,6768.74609375,unet,4418,0.0,7975,0,0.0
8.0,1000000.0,1.0,25000.0,case_348,0,0,21692.083984375,21768.74609375,unet,4418,0.0,7975,0,0.0
8.0,1000000.0,1.0,101325.0,case_348,0,0,98017.0859375,98093.7421875,unet,4418,0.0,7975,0,0.0
10.0,100000.0,0.09999999999999999,2500.0,case_349,0,0,190.62451171875,188.794677734375,unet,4418,0.0,7975,0,0.0
10.0,100000.0,0.09999999999999999,3000.0,case_349,0,0,690.62451171875,688.794677734375,unet,4418,0.0,7975,0,0.0
10.0,100000.0,0.09999999999999999,5000.0,case_349,0,0,2690.62451171875,2688.794921875,unet,4418,0.0,7975,0,0.0
10.0,100000.0,0.09999999999999999,10000.0,case_349,0,0,7690.6240234375,7688.794921875,unet,4418,0.0,7975,0,0.0
10.0,100000.0,0.09999999999999999,25000.0,case_349,0,0,22690.625,22688.794921875,unet,4418,0.0,7975,0,0.0
10.0,100000.0,0.09999999999999999,101325.0,case_349,0,0,99015.625,99013.796875,unet,4418,0.0,7975,0,0.0
10.0,200000.0,0.19999999999999998,2500.0,case_350,0,0,160.669677734375,155.97265625,unet,4418,0.0,7975,0,0.0
10.0,200000.0,0.19999999999999998,3000.0,case_350,0,0,660.669677734375,655.97265625,unet,4418,0.0,7975,0,0.0
10.0,200000.0,0.19999999999999998,5000.0,case_350,0,0,2660.66943359375,2655.97265625,unet,4418,0.0,7975,0,0.0
10.0,200000.0,0.19999999999999998,10000.0,case_350,0,0,7660.669921875,7655.97265625,unet,4418,0.0,7975,0,0.0
10.0,200000.0,0.19999999999999998,25000.0,case_350,0,0,22660.669921875,22655.97265625,unet,4418,0.0,7975,0,0.0
10.0,200000.0,0.19999999999999998,101325.0,case_350,0,0,98985.671875,98980.9765625,unet,4418,0.0,7975,0,0.0
10.0,500000.0,0.5,2500.0,case_351,12,1,-54.717041015625,-77.8056640625,unet,4418,0.0011285266457680251,7954,8,0.0025078369905956114
10.0,500000.0,0.5,3000.0,case_351,0,0,445.282958984375,422.1943359375,unet,4418,0.0,7975,0,0.0
10.0,500000.0,0.5,5000.0,case_351,0,0,2445.28271484375,2422.1943359375,unet,4418,0.0,7975,0,0.0
10.0,500000.0,0.5,10000.0,case_351,0,0,7445.283203125,7422.1943359375,unet,4418,0.0,7975,0,0.0
10.0,500000.0,0.5,25000.0,case_351,0,0,22445.283203125,22422.1953125,unet,4418,0.0,7975,0,0.0
10.0,500000.0,0.5,101325.0,case_351,0,0,98770.28125,98747.1953125,unet,4418,0.0,7975,0,0.0
10.0,1000000.0,1.0,2500.0,case_352,78,5,-896.32861328125,-914.831787109375,unet,4418,0.0896551724137931,7182,710,0.09880877742946709
10.0,1000000.0,1.0,3000.0,case_352,26,0,-396.32861328125,-414.831787109375,unet,4418,0.0017554858934169279,7935,14,0.005015673981191223
10.0,1000000.0,1.0,5000.0,case_352,0,0,1603.67138671875,1585.168212890625,unet,4418,0.0,7975,0,0.0
10.0,1000000.0,1.0,10000.0,case_352,0,0,6603.671875,6585.16796875,unet,4418,0.0,7975,0,0.0
10.0,1000000.0,1.0,25000.0,case_352,0,0,21603.671875,21585.16796875,unet,4418,0.0,7975,0,0.0
10.0,1000000.0,1.0,101325.0,case_352,0,0,97928.671875,97910.171875,unet,4418,0.0,7975,0,0.0
-4.0,100000.0,0.09999999999999999,2500.0,case_161,0,0,198.163330078125,193.923583984375,pinn,0018,0.0,7970,0,0.0
-4.0,100000.0,0.09999999999999999,3000.0,case_161,0,0,698.163330078125,693.923583984375,pinn,0018,0.0,7970,0,0.0
-4.0,100000.0,0.09999999999999999,5000.0,case_161,0,0,2698.16357421875,2693.923828125,pinn,0018,0.0,7970,0,0.0
-4.0,100000.0,0.09999999999999999,10000.0,case_161,0,0,7698.1630859375,7693.923828125,pinn,0018,0.0,7970,0,0.0
-4.0,100000.0,0.09999999999999999,25000.0,case_161,0,0,22698.1640625,22693.923828125,pinn,0018,0.0,7970,0,0.0
-4.0,100000.0,0.09999999999999999,101325.0,case_161,0,0,99023.1640625,99018.921875,pinn,0018,0.0,7970,0,0.0
-4.0,200000.0,0.19999999999999998,2500.0,case_162,0,0,192.058837890625,175.363525390625,pinn,0018,0.0,7970,0,0.0
-4.0,200000.0,0.19999999999999998,3000.0,case_162,0,0,692.058837890625,675.363525390625,pinn,0018,0.0,7970,0,0.0
-4.0,200000.0,0.19999999999999998,5000.0,case_162,0,0,2692.05859375,2675.36376953125,pinn,0018,0.0,7970,0,0.0
-4.0,200000.0,0.19999999999999998,10000.0,case_162,0,0,7692.05859375,7675.36328125,pinn,0018,0.0,7970,0,0.0
-4.0,200000.0,0.19999999999999998,25000.0,case_162,0,0,22692.05859375,22675.36328125,pinn,0018,0.0,7970,0,0.0
-4.0,200000.0,0.19999999999999998,101325.0,case_162,0,0,99017.0625,99000.3671875,pinn,0018,0.0,7970,0,0.0
-4.0,500000.0,0.5,2500.0,case_163,0,0,145.040771484375,46.363525390625,pinn,0018,0.0,7970,0,0.0
-4.0,500000.0,0.5,3000.0,case_163,0,0,645.040771484375,546.363525390625,pinn,0018,0.0,7970,0,0.0
-4.0,500000.0,0.5,5000.0,case_163,0,0,2645.04052734375,2546.36376953125,pinn,0018,0.0,7970,0,0.0
-4.0,500000.0,0.5,10000.0,case_163,0,0,7645.041015625,7546.36328125,pinn,0018,0.0,7970,0,0.0
-4.0,500000.0,0.5,25000.0,case_163,0,0,22645.041015625,22546.36328125,pinn,0018,0.0,7970,0,0.0
-4.0,500000.0,0.5,101325.0,case_163,0,0,98970.0390625,98871.3671875,pinn,0018,0.0,7970,0,0.0
-4.0,1000000.0,1.0,2500.0,case_164,202,0,6.21044921875,-416.660400390625,pinn,0018,0.0,7768,0,0.02534504391468005
-4.0,1000000.0,1.0,3000.0,case_164,0,0,506.21044921875,83.339599609375,pinn,0018,0.0,7970,0,0.0
-4.0,1000000.0,1.0,5000.0,case_164,0,0,2506.21044921875,2083.33935546875,pinn,0018,0.0,7970,0,0.0
-4.0,1000000.0,1.0,10000.0,case_164,0,0,7506.2099609375,7083.33984375,pinn,0018,0.0,7970,0,0.0
-4.0,1000000.0,1.0,25000.0,case_164,0,0,22506.2109375,22083.33984375,pinn,0018,0.0,7970,0,0.0
-4.0,1000000.0,1.0,101325.0,case_164,0,0,98831.2109375,98408.3359375,pinn,0018,0.0,7970,0,0.0
-2.0,100000.0,0.09999999999999999,2500.0,case_165,0,0,198.31005859375,195.628173828125,pinn,0018,0.0,7970,0,0.0
-2.0,100000.0,0.09999999999999999,3000.0,case_165,0,0,698.31005859375,695.628173828125,pinn,0018,0.0,7970,0,0.0
-2.0,100000.0,0.09999999999999999,5000.0,case_165,0,0,2698.31005859375,2695.62841796875,pinn,0018,0.0,7970,0,0.0
-2.0,100000.0,0.09999999999999999,10000.0,case_165,0,0,7698.3095703125,7695.6279296875,pinn,0018,0.0,7970,0,0.0
-2.0,100000.0,0.09999999999999999,25000.0,case_165,0,0,22698.310546875,22695.62890625,pinn,0018,0.0,7970,0,0.0
-2.0,100000.0,0.09999999999999999,101325.0,case_165,0,0,99023.3125,99020.625,pinn,0018,0.0,7970,0,0.0
-2.0,200000.0,0.19999999999999998,2500.0,case_166,0,0,192.501220703125,182.422119140625,pinn,0018,0.0,7970,0,0.0
-2.0,200000.0,0.19999999999999998,3000.0,case_166,0,0,692.501220703125,682.422119140625,pinn,0018,0.0,7970,0,0.0
-2.0,200000.0,0.19999999999999998,5000.0,case_166,0,0,2692.5009765625,2682.42236328125,pinn,0018,0.0,7970,0,0.0
-2.0,200000.0,0.19999999999999998,10000.0,case_166,0,0,7692.5009765625,7682.421875,pinn,0018,0.0,7970,0,0.0
-2.0,200000.0,0.19999999999999998,25000.0,case_166,0,0,22692.501953125,22682.421875,pinn,0018,0.0,7970,0,0.0
-2.0,200000.0,0.19999999999999998,101325.0,case_166,0,0,99017.5,99007.421875,pinn,0018,0.0,7970,0,0.0
-2.0,500000.0,0.5,2500.0,case_167,0,0,144.6591796875,89.1865234375,pinn,0018,0.0,7970,0,0.0
-2.0,500000.0,0.5,3000.0,case_167,0,0,644.6591796875,589.1865234375,pinn,0018,0.0,7970,0,0.0
-2.0,500000.0,0.5,5000.0,case_167,0,0,2644.6591796875,2589.1865234375,pinn,0018,0.0,7970,0,0.0
-2.0,500000.0,0.5,10000.0,case_167,0,0,7644.6591796875,7589.1865234375,pinn,0018,0.0,7970,0,0.0
-2.0,500000.0,0.5,25000.0,case_167,0,0,22644.66015625,22589.1875,pinn,0018,0.0,7970,0,0.0
-2.0,500000.0,0.5,101325.0,case_167,0,0,98969.65625,98914.1875,pinn,0018,0.0,7970,0,0.0
-2.0,1000000.0,1.0,2500.0,case_168,95,0,-8.724609375,-244.521240234375,pinn,0018,0.0028858218318695106,7852,23,0.014805520702634882
-2.0,1000000.0,1.0,3000.0,case_168,0,0,491.275390625,255.478759765625,pinn,0018,0.0,7970,0,0.0
-2.0,1000000.0,1.0,5000.0,case_168,0,0,2491.275390625,2255.47900390625,pinn,0018,0.0,7970,0,0.0
-2.0,1000000.0,1.0,10000.0,case_168,0,0,7491.275390625,7255.478515625,pinn,0018,0.0,7970,0,0.0
-2.0,1000000.0,1.0,25000.0,case_168,0,0,22491.275390625,22255.478515625,pinn,0018,0.0,7970,0,0.0
-2.0,1000000.0,1.0,101325.0,case_168,0,0,98816.2734375,98580.4765625,pinn,0018,0.0,7970,0,0.0
0.0,100000.0,0.09999999999999999,2500.0,case_169,0,0,197.644287109375,196.777587890625,pinn,0018,0.0,7970,0,0.0
0.0,100000.0,0.09999999999999999,3000.0,case_169,0,0,697.644287109375,696.777587890625,pinn,0018,0.0,7970,0,0.0
0.0,100000.0,0.09999999999999999,5000.0,case_169,0,0,2697.64404296875,2696.77734375,pinn,0018,0.0,7970,0,0.0
0.0,100000.0,0.09999999999999999,10000.0,case_169,0,0,7697.64453125,7696.77734375,pinn,0018,0.0,7970,0,0.0
0.0,100000.0,0.09999999999999999,25000.0,case_169,0,0,22697.64453125,22696.77734375,pinn,0018,0.0,7970,0,0.0
0.0,100000.0,0.09999999999999999,101325.0,case_169,0,0,99022.640625,99021.78125,pinn,0018,0.0,7970,0,0.0
0.0,200000.0,0.19999999999999998,2500.0,case_170,0,0,190.575927734375,187.0283203125,pinn,0018,0.0,7970,0,0.0
0.0,200000.0,0.19999999999999998,3000.0,case_170,0,0,690.575927734375,687.0283203125,pinn,0018,0.0,7970,0,0.0
0.0,200000.0,0.19999999999999998,5000.0,case_170,0,0,2690.57568359375,2687.0283203125,pinn,0018,0.0,7970,0,0.0
0.0,200000.0,0.19999999999999998,10000.0,case_170,0,0,7690.576171875,7687.0283203125,pinn,0018,0.0,7970,0,0.0
0.0,200000.0,0.19999999999999998,25000.0,case_170,0,0,22690.576171875,22687.029296875,pinn,0018,0.0,7970,0,0.0
0.0,200000.0,0.19999999999999998,101325.0,case_170,0,0,99015.578125,99012.03125,pinn,0018,0.0,7970,0,0.0
0.0,500000.0,0.5,2500.0,case_171,0,0,146.59033203125,118.266845703125,pinn,0018,0.0,7970,0,0.0
0.0,500000.0,0.5,3000.0,case_171,0,0,646.59033203125,618.266845703125,pinn,0018,0.0,7970,0,0.0
0.0,500000.0,0.5,5000.0,case_171,0,0,2646.59033203125,2618.2666015625,pinn,0018,0.0,7970,0,0.0
0.0,500000.0,0.5,10000.0,case_171,0,0,7646.58984375,7618.2666015625,pinn,0018,0.0,7970,0,0.0
0.0,500000.0,0.5,25000.0,case_171,0,0,22646.58984375,22618.267578125,pinn,0018,0.0,7970,0,0.0
0.0,500000.0,0.5,101325.0,case_171,0,0,98971.59375,98943.265625,pinn,0018,0.0,7970,0,0.0
0.0,1000000.0,1.0,2500.0,case_172,62,0,-7.718505859375,-127.8173828125,pinn,0018,0.0008782936010037642,7901,7,0.008657465495608531
0.0,1000000.0,1.0,3000.0,case_172,0,0,492.281494140625,372.1826171875,pinn,0018,0.0,7970,0,0.0
0.0,1000000.0,1.0,5000.0,case_172,0,0,2492.28125,2372.1826171875,pinn,0018,0.0,7970,0,0.0
0.0,1000000.0,1.0,10000.0,case_172,0,0,7492.28125,7372.1826171875,pinn,0018,0.0,7970,0,0.0
0.0,1000000.0,1.0,25000.0,case_172,0,0,22492.28125,22372.18359375,pinn,0018,0.0,7970,0,0.0
0.0,1000000.0,1.0,101325.0,case_172,0,0,98817.28125,98697.1796875,pinn,0018,0.0,7970,0,0.0
2.0,100000.0,0.09999999999999999,2500.0,case_173,0,0,196.656982421875,196.198974609375,pinn,0018,0.0,7970,0,0.0
2.0,100000.0,0.09999999999999999,3000.0,case_173,0,0,696.656982421875,696.198974609375,pinn,0018,0.0,7970,0,0.0
2.0,100000.0,0.09999999999999999,5000.0,case_173,0,0,2696.6572265625,2696.19921875,pinn,0018,0.0,7970,0,0.0
2.0,100000.0,0.09999999999999999,10000.0,case_173,0,0,7696.6572265625,7696.19921875,pinn,0018,0.0,7970,0,0.0
2.0,100000.0,0.09999999999999999,25000.0,case_173,0,0,22696.65625,22696.19921875,pinn,0018,0.0,7970,0,0.0
2.0,100000.0,0.09999999999999999,101325.0,case_173,0,0,99021.65625,99021.1953125,pinn,0018,0.0,7970,0,0.0
2.0,200000.0,0.19999999999999998,2500.0,case_174,0,0,186.44970703125,184.7294921875,pinn,0018,0.0,7970,0,0.0
2.0,200000.0,0.19999999999999998,3000.0,case_174,0,0,686.44970703125,684.7294921875,pinn,0018,0.0,7970,0,0.0
2.0,200000.0,0.19999999999999998,5000.0,case_174,0,0,2686.44970703125,2684.7294921875,pinn,0018,0.0,7970,0,0.0
2.0,200000.0,0.19999999999999998,10000.0,case_174,0,0,7686.44921875,7684.7294921875,pinn,0018,0.0,7970,0,0.0
2.0,200000.0,0.19999999999999998,25000.0,case_174,0,0,22686.44921875,22684.728515625,pinn,0018,0.0,7970,0,0.0
2.0,200000.0,0.19999999999999998,101325.0,case_174,0,0,99011.453125,99009.7265625,pinn,0018,0.0,7970,0,0.0
2.0,500000.0,0.5,2500.0,case_175,0,0,120.465087890625,104.596435546875,pinn,0018,0.0,7970,0,0.0
2.0,500000.0,0.5,3000.0,case_175,0,0,620.465087890625,604.596435546875,pinn,0018,0.0,7970,0,0.0
2.0,500000.0,0.5,5000.0,case_175,0,0,2620.46533203125,2604.5966796875,pinn,0018,0.0,7970,0,0.0
2.0,500000.0,0.5,10000.0,case_175,0,0,7620.46484375,7604.5966796875,pinn,0018,0.0,7970,0,0.0
2.0,500000.0,0.5,25000.0,case_175,0,0,22620.46484375,22604.595703125,pinn,0018,0.0,7970,0,0.0
2.0,500000.0,0.5,101325.0,case_175,0,0,98945.46875,98929.59375,pinn,0018,0.0,7970,0,0.0
2.0,1000000.0,1.0,2500.0,case_176,45,3,-156.898681640625,-181.80224609375,pinn,0018,0.004265997490589712,7891,31,0.009535759096612296
2.0,1000000.0,1.0,3000.0,case_176,0,0,343.101318359375,318.19775390625,pinn,0018,0.0,7970,0,0.0
2.0,1000000.0,1.0,5000.0,case_176,0,0,2343.10107421875,2318.19775390625,pinn,0018,0.0,7970,0,0.0
2.0,1000000.0,1.0,10000.0,case_176,0,0,7343.1015625,7318.1982421875,pinn,0018,0.0,7970,0,0.0
2.0,1000000.0,1.0,25000.0,case_176,0,0,22343.1015625,22318.197265625,pinn,0018,0.0,7970,0,0.0
2.0,1000000.0,1.0,101325.0,case_176,0,0,98668.1015625,98643.1953125,pinn,0018,0.0,7970,0,0.0
4.0,100000.0,0.09999999999999999,2500.0,case_177,0,0,195.816162109375,194.564697265625,pinn,0018,0.0,7970,0,0.0
4.0,100000.0,0.09999999999999999,3000.0,case_177,0,0,695.816162109375,694.564697265625,pinn,0018,0.0,7970,0,0.0
4.0,100000.0,0.09999999999999999,5000.0,case_177,0,0,2695.81640625,2694.56494140625,pinn,0018,0.0,7970,0,0.0
4.0,100000.0,0.09999999999999999,10000.0,case_177,0,0,7695.81640625,7694.564453125,pinn,0018,0.0,7970,0,0.0
4.0,100000.0,0.09999999999999999,25000.0,case_177,0,0,22695.81640625,22694.564453125,pinn,0018,0.0,7970,0,0.0
4.0,100000.0,0.09999999999999999,101325.0,case_177,0,0,99020.8125,99019.5625,pinn,0018,0.0,7970,0,0.0
4.0,200000.0,0.19999999999999998,2500.0,case_178,0,0,182.8701171875,178.11181640625,pinn,0018,0.0,7970,0,0.0
4.0,200000.0,0.19999999999999998,3000.0,case_178,0,0,682.8701171875,678.11181640625,pinn,0018,0.0,7970,0,0.0
4.0,200000.0,0.19999999999999998,5000.0,case_178,0,0,2682.8701171875,2678.11181640625,pinn,0018,0.0,7970,0,0.0
4.0,200000.0,0.19999999999999998,10000.0,case_178,0,0,7682.8701171875,7678.1123046875,pinn,0018,0.0,7970,0,0.0
4.0,200000.0,0.19999999999999998,25000.0,case_178,0,0,22682.87109375,22678.111328125,pinn,0018,0.0,7970,0,0.0
4.0,200000.0,0.19999999999999998,101325.0,case_178,0,0,99007.8671875,99003.109375,pinn,0018,0.0,7970,0,0.0
4.0,500000.0,0.5,2500.0,case_179,0,0,94.6640625,62.71044921875,pinn,0018,0.0,7970,0,0.0
4.0,500000.0,0.5,3000.0,case_179,0,0,594.6640625,562.71044921875,pinn,0018,0.0,7970,0,0.0
4.0,500000.0,0.5,5000.0,case_179,0,0,2594.6640625,2562.71044921875,pinn,0018,0.0,7970,0,0.0
4.0,500000.0,0.5,10000.0,case_179,0,0,7594.6640625,7562.7109375,pinn,0018,0.0,7970,0,0.0
4.0,500000.0,0.5,25000.0,case_179,0,0,22594.6640625,22562.7109375,pinn,0018,0.0,7970,0,0.0
4.0,500000.0,0.5,101325.0,case_179,0,0,98919.6640625,98887.7109375,pinn,0018,0.0,7970,0,0.0
4.0,1000000.0,1.0,2500.0,case_180,60,2,-274.398681640625,-349.804931640625,pinn,0018,0.010288582183186951,7828,80,0.01756587202007528
4.0,1000000.0,1.0,3000.0,case_180,0,0,225.601318359375,150.195068359375,pinn,0018,0.0,7970,0,0.0
4.0,1000000.0,1.0,5000.0,case_180,0,0,2225.6015625,2150.19482421875,pinn,0018,0.0,7970,0,0.0
4.0,1000000.0,1.0,10000.0,case_180,0,0,7225.6015625,7150.1953125,pinn,0018,0.0,7970,0,0.0
4.0,1000000.0,1.0,25000.0,case_180,0,0,22225.6015625,22150.1953125,pinn,0018,0.0,7970,0,0.0
4.0,1000000.0,1.0,101325.0,case_180,0,0,98550.6015625,98475.1953125,pinn,0018,0.0,7970,0,0.0
6.0,100000.0,0.09999999999999999,2500.0,case_181,0,0,195.21044921875,192.713623046875,pinn,0018,0.0,7970,0,0.0
6.0,100000.0,0.09999999999999999,3000.0,case_181,0,0,695.21044921875,692.713623046875,pinn,0018,0.0,7970,0,0.0
6.0,100000.0,0.09999999999999999,5000.0,case_181,0,0,2695.21044921875,2692.7138671875,pinn,0018,0.0,7970,0,0.0
6.0,100000.0,0.09999999999999999,10000.0,case_181,0,0,7695.2099609375,7692.7138671875,pinn,0018,0.0,7970,0,0.0
6.0,100000.0,0.09999999999999999,25000.0,case_181,0,0,22695.2109375,22692.712890625,pinn,0018,0.0,7970,0,0.0
6.0,100000.0,0.09999999999999999,101325.0,case_181,0,0,99020.2109375,99017.7109375,pinn,0018,0.0,7970,0,0.0
6.0,200000.0,0.19999999999999998,2500.0,case_182,0,0,180.241455078125,170.652587890625,pinn,0018,0.0,7970,0,0.0
6.0,200000.0,0.19999999999999998,3000.0,case_182,0,0,680.241455078125,670.652587890625,pinn,0018,0.0,7970,0,0.0
6.0,200000.0,0.19999999999999998,5000.0,case_182,0,0,2680.2412109375,2670.65283203125,pinn,0018,0.0,7970,0,0.0
6.0,200000.0,0.19999999999999998,10000.0,case_182,0,0,7680.2412109375,7670.65234375,pinn,0018,0.0,7970,0,0.0
6.0,200000.0,0.19999999999999998,25000.0,case_182,0,0,22680.2421875,22670.65234375,pinn,0018,0.0,7970,0,0.0
6.0,200000.0,0.19999999999999998,101325.0,case_182,0,0,99005.2421875,98995.65625,pinn,0018,0.0,7970,0,0.0
6.0,500000.0,0.5,2500.0,case_183,0,0,74.689453125,15.696533203125,pinn,0018,0.0,7970,0,0.0
6.0,500000.0,0.5,3000.0,case_183,0,0,574.689453125,515.696533203125,pinn,0018,0.0,7970,0,0.0
6.0,500000.0,0.5,5000.0,case_183,0,0,2574.689453125,2515.6962890625,pinn,0018,0.0,7970,0,0.0
6.0,500000.0,0.5,10000.0,case_183,0,0,7574.689453125,7515.6962890625,pinn,0018,0.0,7970,0,0.0
6.0,500000.0,0.5,25000.0,case_183,0,0,22574.689453125,22515.697265625,pinn,0018,0.0,7970,0,0.0
6.0,500000.0,0.5,101325.0,case_183,0,0,98899.6875,98840.6953125,pinn,0018,0.0,7970,0,0.0
6.0,1000000.0,1.0,2500.0,case_184,61,1,-351.08251953125,-538.44677734375,pinn,0018,0.02120451693851945,7740,168,0.028732747804265997
6.0,1000000.0,1.0,3000.0,case_184,1,0,148.91748046875,-38.44677734375,pinn,0018,0.0,7969,0,0.00012547051442910915
6.0,1000000.0,1.0,5000.0,case_184,0,0,2148.91748046875,1961.55322265625,pinn,0018,0.0,7970,0,0.0
6.0,1000000.0,1.0,10000.0,case_184,0,0,7148.91796875,6961.552734375,pinn,0018,0.0,7970,0,0.0
6.0,1000000.0,1.0,25000.0,case_184,0,0,22148.91796875,21961.552734375,pinn,0018,0.0,7970,0,0.0
6.0,1000000.0,1.0,101325.0,case_184,0,0,98473.9140625,98286.5546875,pinn,0018,0.0,7970,0,0.0
8.0,100000.0,0.09999999999999999,2500.0,case_185,0,0,194.805419921875,190.0263671875,pinn,0018,0.0,7970,0,0.0
8.0,100000.0,0.09999999999999999,3000.0,case_185,0,0,694.805419921875,690.0263671875,pinn,0018,0.0,7970,0,0.0
8.0,100000.0,0.09999999999999999,5000.0,case_185,0,0,2694.80517578125,2690.0263671875,pinn,0018,0.0,7970,0,0.0
8.0,100000.0,0.09999999999999999,10000.0,case_185,0,0,7694.8056640625,7690.0263671875,pinn,0018,0.0,7970,0,0.0
8.0,100000.0,0.09999999999999999,25000.0,case_185,0,0,22694.8046875,22690.02734375,pinn,0018,0.0,7970,0,0.0
8.0,100000.0,0.09999999999999999,101325.0,case_185,0,0,99019.8046875,99015.0234375,pinn,0018,0.0,7970,0,0.0
8.0,200000.0,0.19999999999999998,2500.0,case_186,0,0,178.380859375,161.822265625,pinn,0018,0.0,7970,0,0.0
8.0,200000.0,0.19999999999999998,3000.0,case_186,0,0,678.380859375,661.822265625,pinn,0018,0.0,7970,0,0.0
8.0,200000.0,0.19999999999999998,5000.0,case_186,0,0,2678.380859375,2661.822265625,pinn,0018,0.0,7970,0,0.0
8.0,200000.0,0.19999999999999998,10000.0,case_186,0,0,7678.380859375,7661.822265625,pinn,0018,0.0,7970,0,0.0
8.0,200000.0,0.19999999999999998,25000.0,case_186,0,0,22678.380859375,22661.822265625,pinn,0018,0.0,7970,0,0.0
8.0,200000.0,0.19999999999999998,101325.0,case_186,0,0,99003.3828125,98986.8203125,pinn,0018,0.0,7970,0,0.0
8.0,500000.0,0.5,2500.0,case_187,3,0,58.614501953125,-40.1259765625,pinn,0018,0.0,7967,0,0.0003764115432873275
8.0,500000.0,0.5,3000.0,case_187,0,0,558.614501953125,459.8740234375,pinn,0018,0.0,7970,0,0.0
8.0,500000.0,0.5,5000.0,case_187,0,0,2558.61474609375,2459.8740234375,pinn,0018,0.0,7970,0,0.0
8.0,500000.0,0.5,10000.0,case_187,0,0,7558.6142578125,7459.8740234375,pinn,0018,0.0,7970,0,0.0
8.0,500000.0,0.5,25000.0,case_187,0,0,22558.615234375,22459.873046875,pinn,0018,0.0,7970,0,0.0
8.0,500000.0,0.5,101325.0,case_187,0,0,98883.6171875,98784.875,pinn,0018,0.0,7970,0,0.0
8.0,1000000.0,1.0,2500.0,case_188,63,1,-406.469970703125,-763.091796875,pinn,0018,0.03262233375156838,7647,259,0.04040150564617315
8.0,1000000.0,1.0,3000.0,case_188,7,0,93.530029296875,-263.091796875,pinn,0018,0.0,7963,0,0.0008782936010037642
8.0,1000000.0,1.0,5000.0,case_188,0,0,2093.5302734375,1736.908203125,pinn,0018,0.0,7970,0,0.0
8.0,1000000.0,1.0,10000.0,case_188,0,0,7093.5302734375,6736.908203125,pinn,0018,0.0,7970,0,0.0
8.0,1000000.0,1.0,25000.0,case_188,0,0,22093.529296875,21736.908203125,pinn,0018,0.0,7970,0,0.0
8.0,1000000.0,1.0,101325.0,case_188,0,0,98418.53125,98061.90625,pinn,0018,0.0,7970,0,0.0
10.0,100000.0,0.09999999999999999,2500.0,case_189,0,0,194.552978515625,186.980712890625,pinn,0018,0.0,7970,0,0.0
10.0,100000.0,0.09999999999999999,3000.0,case_189,0,0,694.552978515625,686.980712890625,pinn,0018,0.0,7970,0,0.0
10.0,100000.0,0.09999999999999999,5000.0,case_189,0,0,2694.552734375,2686.98095703125,pinn,0018,0.0,7970,0,0.0
10.0,100000.0,0.09999999999999999,10000.0,case_189,0,0,7694.552734375,7686.98046875,pinn,0018,0.0,7970,0,0.0
10.0,100000.0,0.09999999999999999,25000.0,case_189,0,0,22694.552734375,22686.98046875,pinn,0018,0.0,7970,0,0.0
10.0,100000.0,0.09999999999999999,101325.0,case_189,0,0,99019.5546875,99011.984375,pinn,0018,0.0,7970,0,0.0
10.0,200000.0,0.19999999999999998,2500.0,case_190,0,0,177.09619140625,147.224365234375,pinn,0018,0.0,7970,0,0.0
10.0,200000.0,0.19999999999999998,3000.0,case_190,0,0,677.09619140625,647.224365234375,pinn,0018,0.0,7970,0,0.0
10.0,200000.0,0.19999999999999998,5000.0,case_190,0,0,2677.09619140625,2647.224609375,pinn,0018,0.0,7970,0,0.0
10.0,200000.0,0.19999999999999998,10000.0,case_190,0,0,7677.095703125,7647.224609375,pinn,0018,0.0,7970,0,0.0
10.0,200000.0,0.19999999999999998,25000.0,case_190,0,0,22677.095703125,22647.224609375,pinn,0018,0.0,7970,0,0.0
10.0,200000.0,0.19999999999999998,101325.0,case_190,0,0,99002.09375,98972.2265625,pinn,0018,0.0,7970,0,0.0
10.0,500000.0,0.5,2500.0,case_191,7,0,44.711669921875,-119.437744140625,pinn,0018,0.0,7963,0,0.0008782936010037642
10.0,500000.0,0.5,3000.0,case_191,0,0,544.711669921875,380.562255859375,pinn,0018,0.0,7970,0,0.0
10.0,500000.0,0.5,5000.0,case_191,0,0,2544.7119140625,2380.56201171875,pinn,0018,0.0,7970,0,0.0
10.0,500000.0,0.5,10000.0,case_191,0,0,7544.7119140625,7380.5625,pinn,0018,0.0,7970,0,0.0
10.0,500000.0,0.5,25000.0,case_191,0,0,22544.7109375,22380.5625,pinn,0018,0.0,7970,0,0.0
10.0,500000.0,0.5,101325.0,case_191,0,0,98869.7109375,98705.5625,pinn,0018,0.0,7970,0,0.0
10.0,1000000.0,1.0,2500.0,case_192,82,7,-449.6317138671875,-1081.6754150390625,pinn,0018,0.044165621079046424,7536,345,0.05357590966122961
10.0,1000000.0,1.0,3000.0,case_192,15,0,50.3681640625,-581.6754150390625,pinn,0018,0.0,7955,0,0.0018820577164366374
10.0,1000000.0,1.0,5000.0,case_192,0,0,2050.3681640625,1418.32470703125,pinn,0018,0.0,7970,0,0.0
10.0,1000000.0,1.0,10000.0,case_192,0,0,7050.3681640625,6418.32421875,pinn,0018,0.0,7970,0,0.0
10.0,1000000.0,1.0,25000.0,case_192,0,0,22050.369140625,21418.32421875,pinn,0018,0.0,7970,0,0.0
10.0,1000000.0,1.0,101325.0,case_192,0,0,98375.3671875,97743.328125,pinn,0018,0.0,7970,0,0.0
-4.0,100000.0,0.09999999999999999,2500.0,case_321,0,0,197.40869140625,195.163818359375,pinn,4418,0.0,7975,0,0.0
-4.0,100000.0,0.09999999999999999,3000.0,case_321,0,0,697.40869140625,695.163818359375,pinn,4418,0.0,7975,0,0.0
-4.0,100000.0,0.09999999999999999,5000.0,case_321,0,0,2697.40869140625,2695.1640625,pinn,4418,0.0,7975,0,0.0
-4.0,100000.0,0.09999999999999999,10000.0,case_321,0,0,7697.408203125,7695.1640625,pinn,4418,0.0,7975,0,0.0
-4.0,100000.0,0.09999999999999999,25000.0,case_321,0,0,22697.408203125,22695.1640625,pinn,4418,0.0,7975,0,0.0
-4.0,100000.0,0.09999999999999999,101325.0,case_321,0,0,99022.40625,99020.1640625,pinn,4418,0.0,7975,0,0.0
-4.0,200000.0,0.19999999999999998,2500.0,case_322,0,0,189.19384765625,180.60693359375,pinn,4418,0.0,7975,0,0.0
-4.0,200000.0,0.19999999999999998,3000.0,case_322,0,0,689.19384765625,680.60693359375,pinn,4418,0.0,7975,0,0.0
-4.0,200000.0,0.19999999999999998,5000.0,case_322,0,0,2689.19384765625,2680.60693359375,pinn,4418,0.0,7975,0,0.0
-4.0,200000.0,0.19999999999999998,10000.0,case_322,0,0,7689.1943359375,7680.6064453125,pinn,4418,0.0,7975,0,0.0
-4.0,200000.0,0.19999999999999998,25000.0,case_322,0,0,22689.193359375,22680.607421875,pinn,4418,0.0,7975,0,0.0
-4.0,200000.0,0.19999999999999998,101325.0,case_322,0,0,99014.1953125,99005.609375,pinn,4418,0.0,7975,0,0.0
-4.0,500000.0,0.5,2500.0,case_323,0,0,129.28564453125,78.342529296875,pinn,4418,0.0,7975,0,0.0
-4.0,500000.0,0.5,3000.0,case_323,0,0,629.28564453125,578.342529296875,pinn,4418,0.0,7975,0,0.0
-4.0,500000.0,0.5,5000.0,case_323,0,0,2629.28564453125,2578.34228515625,pinn,4418,0.0,7975,0,0.0
-4.0,500000.0,0.5,10000.0,case_323,0,0,7629.28515625,7578.3427734375,pinn,4418,0.0,7975,0,0.0
-4.0,500000.0,0.5,25000.0,case_323,0,0,22629.28515625,22578.341796875,pinn,4418,0.0,7975,0,0.0
-4.0,500000.0,0.5,101325.0,case_323,0,0,98954.2890625,98903.34375,pinn,4418,0.0,7975,0,0.0
-4.0,1000000.0,1.0,2500.0,case_324,60,11,-100.608642578125,-287.235107421875,pinn,4418,0.006269592476489028,7865,39,0.012413793103448275
-4.0,1000000.0,1.0,3000.0,case_324,0,0,399.391357421875,212.764892578125,pinn,4418,0.0,7975,0,0.0
-4.0,1000000.0,1.0,5000.0,case_324,0,0,2399.3916015625,2212.76513671875,pinn,4418,0.0,7975,0,0.0
-4.0,1000000.0,1.0,10000.0,case_324,0,0,7399.3916015625,7212.7646484375,pinn,4418,0.0,7975,0,0.0
-4.0,1000000.0,1.0,25000.0,case_324,0,0,22399.390625,22212.765625,pinn,4418,0.0,7975,0,0.0
-4.0,1000000.0,1.0,101325.0,case_324,0,0,98724.390625,98537.765625,pinn,4418,0.0,7975,0,0.0
-2.0,100000.0,0.09999999999999999,2500.0,case_325,0,0,196.684326171875,196.4130859375,pinn,4418,0.0,7975,0,0.0
-2.0,100000.0,0.09999999999999999,3000.0,case_325,0,0,696.684326171875,696.4130859375,pinn,4418,0.0,7975,0,0.0
-2.0,100000.0,0.09999999999999999,5000.0,case_325,0,0,2696.6845703125,2696.4130859375,pinn,4418,0.0,7975,0,0.0
-2.0,100000.0,0.09999999999999999,10000.0,case_325,0,0,7696.6845703125,7696.4130859375,pinn,4418,0.0,7975,0,0.0
-2.0,100000.0,0.09999999999999999,25000.0,case_325,0,0,22696.68359375,22696.4140625,pinn,4418,0.0,7975,0,0.0
-2.0,100000.0,0.09999999999999999,101325.0,case_325,0,0,99021.6875,99021.4140625,pinn,4418,0.0,7975,0,0.0
-2.0,200000.0,0.19999999999999998,2500.0,case_326,0,0,186.311279296875,185.549072265625,pinn,4418,0.0,7975,0,0.0
-2.0,200000.0,0.19999999999999998,3000.0,case_326,0,0,686.311279296875,685.549072265625,pinn,4418,0.0,7975,0,0.0
-2.0,200000.0,0.19999999999999998,5000.0,case_326,0,0,2686.31103515625,2685.548828125,pinn,4418,0.0,7975,0,0.0
-2.0,200000.0,0.19999999999999998,10000.0,case_326,0,0,7686.3115234375,7685.548828125,pinn,4418,0.0,7975,0,0.0
-2.0,200000.0,0.19999999999999998,25000.0,case_326,0,0,22686.310546875,22685.548828125,pinn,4418,0.0,7975,0,0.0
-2.0,200000.0,0.19999999999999998,101325.0,case_326,0,0,99011.3125,99010.546875,pinn,4418,0.0,7975,0,0.0
-2.0,500000.0,0.5,2500.0,case_327,0,0,113.63623046875,109.31884765625,pinn,4418,0.0,7975,0,0.0
-2.0,500000.0,0.5,3000.0,case_327,0,0,613.63623046875,609.31884765625,pinn,4418,0.0,7975,0,0.0
-2.0,500000.0,0.5,5000.0,case_327,0,0,2613.63623046875,2609.31884765625,pinn,4418,0.0,7975,0,0.0
-2.0,500000.0,0.5,10000.0,case_327,0,0,7613.63671875,7609.3193359375,pinn,4418,0.0,7975,0,0.0
-2.0,500000.0,0.5,25000.0,case_327,0,0,22613.63671875,22609.318359375,pinn,4418,0.0,7975,0,0.0
-2.0,500000.0,0.5,101325.0,case_327,0,0,98938.6328125,98934.3203125,pinn,4418,0.0,7975,0,0.0
-2.0,1000000.0,1.0,2500.0,case_328,24,4,-158.1142578125,-163.20556640625,pinn,4418,0.011786833855799372,7857,90,0.014294670846394984
-2.0,1000000.0,1.0,3000.0,case_328,0,0,341.8857421875,336.79443359375,pinn,4418,0.0,7975,0,0.0
-2.0,1000000.0,1.0,5000.0,case_328,0,0,2341.8857421875,2336.79443359375,pinn,4418,0.0,7975,0,0.0
-2.0,1000000.0,1.0,10000.0,case_328,0,0,7341.8857421875,7336.794921875,pinn,4418,0.0,7975,0,0.0
-2.0,1000000.0,1.0,25000.0,case_328,0,0,22341.88671875,22336.794921875,pinn,4418,0.0,7975,0,0.0
-2.0,1000000.0,1.0,101325.0,case_328,0,0,98666.8828125,98661.796875,pinn,4418,0.0,7975,0,0.0
0.0,100000.0,0.09999999999999999,2500.0,case_329,0,0,195.769775390625,195.641357421875,pinn,4418,0.0,7975,0,0.0
0.0,100000.0,0.09999999999999999,3000.0,case_329,0,0,695.769775390625,695.641357421875,pinn,4418,0.0,7975,0,0.0
0.0,100000.0,0.09999999999999999,5000.0,case_329,0,0,2695.77001953125,2695.6416015625,pinn,4418,0.0,7975,0,0.0
0.0,100000.0,0.09999999999999999,10000.0,case_329,0,0,7695.76953125,7695.6416015625,pinn,4418,0.0,7975,0,0.0
0.0,100000.0,0.09999999999999999,25000.0,case_329,0,0,22695.76953125,22695.640625,pinn,4418,0.0,7975,0,0.0
0.0,100000.0,0.09999999999999999,101325.0,case_329,0,0,99020.7734375,99020.640625,pinn,4418,0.0,7975,0,0.0
0.0,200000.0,0.19999999999999998,2500.0,case_330,0,0,182.66455078125,182.413818359375,pinn,4418,0.0,7975,0,0.0
0.0,200000.0,0.19999999999999998,3000.0,case_330,0,0,682.66455078125,682.413818359375,pinn,4418,0.0,7975,0,0.0
0.0,200000.0,0.19999999999999998,5000.0,case_330,0,0,2682.66455078125,2682.4140625,pinn,4418,0.0,7975,0,0.0
0.0,200000.0,0.19999999999999998,10000.0,case_330,0,0,7682.6650390625,7682.4140625,pinn,4418,0.0,7975,0,0.0
0.0,200000.0,0.19999999999999998,25000.0,case_330,0,0,22682.6640625,22682.4140625,pinn,4418,0.0,7975,0,0.0
0.0,200000.0,0.19999999999999998,101325.0,case_330,0,0,99007.6640625,99007.4140625,pinn,4418,0.0,7975,0,0.0
0.0,500000.0,0.5,2500.0,case_331,0,0,93.693603515625,89.517578125,pinn,4418,0.0,7975,0,0.0
0.0,500000.0,0.5,3000.0,case_331,0,0,593.693603515625,589.517578125,pinn,4418,0.0,7975,0,0.0
0.0,500000.0,0.5,5000.0,case_331,0,0,2593.693359375,2589.517578125,pinn,4418,0.0,7975,0,0.0
0.0,500000.0,0.5,10000.0,case_331,0,0,7593.693359375,7589.517578125,pinn,4418,0.0,7975,0,0.0
0.0,500000.0,0.5,25000.0,case_331,0,0,22593.693359375,22589.517578125,pinn,4418,0.0,7975,0,0.0
0.0,500000.0,0.5,101325.0,case_331,0,0,98918.6953125,98914.515625,pinn,4418,0.0,7975,0,0.0
0.0,1000000.0,1.0,2500.0,case_332,14,1,-247.376953125,-244.50146484375,pinn,4418,0.020313479623824453,7799,161,0.0219435736677116
0.0,1000000.0,1.0,3000.0,case_332,0,0,252.623046875,255.49853515625,pinn,4418,0.0,7975,0,0.0
0.0,1000000.0,1.0,5000.0,case_332,0,0,2252.623046875,2255.49853515625,pinn,4418,0.0,7975,0,0.0
0.0,1000000.0,1.0,10000.0,case_332,0,0,7252.623046875,7255.4990234375,pinn,4418,0.0,7975,0,0.0
0.0,1000000.0,1.0,25000.0,case_332,0,0,22252.623046875,22255.498046875,pinn,4418,0.0,7975,0,0.0
0.0,1000000.0,1.0,101325.0,case_332,0,0,98577.625,98580.5,pinn,4418,0.0,7975,0,0.0
2.0,100000.0,0.09999999999999999,2500.0,case_333,0,0,194.968994140625,194.81201171875,pinn,4418,0.0,7975,0,0.0
2.0,100000.0,0.09999999999999999,3000.0,case_333,0,0,694.968994140625,694.81201171875,pinn,4418,0.0,7975,0,0.0
2.0,100000.0,0.09999999999999999,5000.0,case_333,0,0,2694.96875,2694.81201171875,pinn,4418,0.0,7975,0,0.0
2.0,100000.0,0.09999999999999999,10000.0,case_333,0,0,7694.96875,7694.8115234375,pinn,4418,0.0,7975,0,0.0
2.0,100000.0,0.09999999999999999,25000.0,case_333,0,0,22694.96875,22694.8125,pinn,4418,0.0,7975,0,0.0
2.0,100000.0,0.09999999999999999,101325.0,case_333,0,0,99019.96875,99019.8125,pinn,4418,0.0,7975,0,0.0
2.0,200000.0,0.19999999999999998,2500.0,case_334,0,0,179.3134765625,179.06689453125,pinn,4418,0.0,7975,0,0.0
2.0,200000.0,0.19999999999999998,3000.0,case_334,0,0,679.3134765625,679.06689453125,pinn,4418,0.0,7975,0,0.0
2.0,200000.0,0.19999999999999998,5000.0,case_334,0,0,2679.3134765625,2679.06689453125,pinn,4418,0.0,7975,0,0.0
2.0,200000.0,0.19999999999999998,10000.0,case_334,0,0,7679.3134765625,7679.0673828125,pinn,4418,0.0,7975,0,0.0
2.0,200000.0,0.19999999999999998,25000.0,case_334,0,0,22679.314453125,22679.06640625,pinn,4418,0.0,7975,0,0.0
2.0,200000.0,0.19999999999999998,101325.0,case_334,0,0,99004.3125,99004.0703125,pinn,4418,0.0,7975,0,0.0
2.0,500000.0,0.5,2500.0,case_335,0,0,70.635986328125,68.273681640625,pinn,4418,0.0,7975,0,0.0
2.0,500000.0,0.5,3000.0,case_335,0,0,570.635986328125,568.273681640625,pinn,4418,0.0,7975,0,0.0
2.0,500000.0,0.5,5000.0,case_335,0,0,2570.6357421875,2568.2734375,pinn,4418,0.0,7975,0,0.0
2.0,500000.0,0.5,10000.0,case_335,0,0,7570.6357421875,7568.2734375,pinn,4418,0.0,7975,0,0.0
2.0,500000.0,0.5,25000.0,case_335,0,0,22570.63671875,22568.2734375,pinn,4418,0.0,7975,0,0.0
2.0,500000.0,0.5,101325.0,case_335,0,0,98895.6328125,98893.2734375,pinn,4418,0.0,7975,0,0.0
2.0,1000000.0,1.0,2500.0,case_336,48,0,-364.8734130859375,-328.09521484375,pinn,4418,0.027460815047021945,7708,219,0.03347962382445141
2.0,1000000.0,1.0,3000.0,case_336,0,0,135.12646484375,171.90478515625,pinn,4418,0.0,7975,0,0.0
2.0,1000000.0,1.0,5000.0,case_336,0,0,2135.12646484375,2171.90478515625,pinn,4418,0.0,7975,0,0.0
2.0,1000000.0,1.0,10000.0,case_336,0,0,7135.126953125,7171.904296875,pinn,4418,0.0,7975,0,0.0
2.0,1000000.0,1.0,25000.0,case_336,0,0,22135.126953125,22171.904296875,pinn,4418,0.0,7975,0,0.0
2.0,1000000.0,1.0,101325.0,case_336,0,0,98460.125,98496.90625,pinn,4418,0.0,7975,0,0.0
4.0,100000.0,0.09999999999999999,2500.0,case_337,0,0,194.40478515625,193.659423828125,pinn,4418,0.0,7975,0,0.0
4.0,100000.0,0.09999999999999999,3000.0,case_337,0,0,694.40478515625,693.659423828125,pinn,4418,0.0,7975,0,0.0
4.0,100000.0,0.09999999999999999,5000.0,case_337,0,0,2694.40478515625,2693.6591796875,pinn,4418,0.0,7975,0,0.0
4.0,100000.0,0.09999999999999999,10000.0,case_337,0,0,7694.4052734375,7693.6591796875,pinn,4418,0.0,7975,0,0.0
4.0,100000.0,0.09999999999999999,25000.0,case_337,0,0,22694.404296875,22693.66015625,pinn,4418,0.0,7975,0,0.0
4.0,100000.0,0.09999999999999999,101325.0,case_337,0,0,99019.40625,99018.65625,pinn,4418,0.0,7975,0,0.0
4.0,200000.0,0.19999999999999998,2500.0,case_338,0,0,176.94091796875,174.443359375,pinn,4418,0.0,7975,0,0.0
4.0,200000.0,0.19999999999999998,3000.0,case_338,0,0,676.94091796875,674.443359375,pinn,4418,0.0,7975,0,0.0
4.0,200000.0,0.19999999999999998,5000.0,case_338,0,0,2676.94091796875,2674.443359375,pinn,4418,0.0,7975,0,0.0
4.0,200000.0,0.19999999999999998,10000.0,case_338,0,0,7676.94140625,7674.443359375,pinn,4418,0.0,7975,0,0.0
4.0,200000.0,0.19999999999999998,25000.0,case_338,0,0,22676.94140625,22674.443359375,pinn,4418,0.0,7975,0,0.0
4.0,200000.0,0.19999999999999998,101325.0,case_338,0,0,99001.9375,98999.4453125,pinn,4418,0.0,7975,0,0.0
4.0,500000.0,0.5,2500.0,case_339,0,0,52.98388671875,39.06787109375,pinn,4418,0.0,7975,0,0.0
4.0,500000.0,0.5,3000.0,case_339,0,0,552.98388671875,539.06787109375,pinn,4418,0.0,7975,0,0.0
4.0,500000.0,0.5,5000.0,case_339,0,0,2552.98388671875,2539.06787109375,pinn,4418,0.0,7975,0,0.0
4.0,500000.0,0.5,10000.0,case_339,0,0,7552.984375,7539.068359375,pinn,4418,0.0,7975,0,0.0
4.0,500000.0,0.5,25000.0,case_339,0,0,22552.984375,22539.068359375,pinn,4418,0.0,7975,0,0.0
4.0,500000.0,0.5,101325.0,case_339,0,0,98877.984375,98864.0703125,pinn,4418,0.0,7975,0,0.0
4.0,1000000.0,1.0,2500.0,case_340,49,0,-417.341552734375,-445.319091796875,pinn,4418,0.04163009404388715,7594,332,0.047774294670846394
4.0,1000000.0,1.0,3000.0,case_340,0,0,82.658447265625,54.680908203125,pinn,4418,0.0,7975,0,0.0
4.0,1000000.0,1.0,5000.0,case_340,0,0,2082.658203125,2054.68115234375,pinn,4418,0.0,7975,0,0.0
4.0,1000000.0,1.0,10000.0,case_340,0,0,7082.658203125,7054.6806640625,pinn,4418,0.0,7975,0,0.0
4.0,1000000.0,1.0,25000.0,case_340,0,0,22082.658203125,22054.681640625,pinn,4418,0.0,7975,0,0.0
4.0,1000000.0,1.0,101325.0,case_340,0,0,98407.65625,98379.6796875,pinn,4418,0.0,7975,0,0.0
6.0,100000.0,0.09999999999999999,2500.0,case_341,0,0,194.01025390625,192.252197265625,pinn,4418,0.0,7975,0,0.0
6.0,100000.0,0.09999999999999999,3000.0,case_341,0,0,694.01025390625,692.252197265625,pinn,4418,0.0,7975,0,0.0
6.0,100000.0,0.09999999999999999,5000.0,case_341,0,0,2694.01025390625,2692.25244140625,pinn,4418,0.0,7975,0,0.0
6.0,100000.0,0.09999999999999999,10000.0,case_341,0,0,7694.009765625,7692.251953125,pinn,4418,0.0,7975,0,0.0
6.0,100000.0,0.09999999999999999,25000.0,case_341,0,0,22694.009765625,22692.251953125,pinn,4418,0.0,7975,0,0.0
6.0,100000.0,0.09999999999999999,101325.0,case_341,0,0,99019.0078125,99017.25,pinn,4418,0.0,7975,0,0.0
6.0,200000.0,0.19999999999999998,2500.0,case_342,0,0,175.199462890625,168.659912109375,pinn,4418,0.0,7975,0,0.0
6.0,200000.0,0.19999999999999998,3000.0,case_342,0,0,675.199462890625,668.659912109375,pinn,4418,0.0,7975,0,0.0
6.0,200000.0,0.19999999999999998,5000.0,case_342,0,0,2675.19921875,2668.66015625,pinn,4418,0.0,7975,0,0.0
6.0,200000.0,0.19999999999999998,10000.0,case_342,0,0,7675.19921875,7668.66015625,pinn,4418,0.0,7975,0,0.0
6.0,200000.0,0.19999999999999998,25000.0,case_342,0,0,22675.19921875,22668.66015625,pinn,4418,0.0,7975,0,0.0
6.0,200000.0,0.19999999999999998,101325.0,case_342,0,0,99000.203125,98993.65625,pinn,4418,0.0,7975,0,0.0
6.0,500000.0,0.5,2500.0,case_343,0,0,38.1923828125,5.263671875,pinn,4418,0.0,7975,0,0.0
6.0,500000.0,0.5,3000.0,case_343,0,0,538.1923828125,505.263671875,pinn,4418,0.0,7975,0,0.0
6.0,500000.0,0.5,5000.0,case_343,0,0,2538.1923828125,2505.263671875,pinn,4418,0.0,7975,0,0.0
6.0,500000.0,0.5,10000.0,case_343,0,0,7538.1923828125,7505.263671875,pinn,4418,0.0,7975,0,0.0
6.0,500000.0,0.5,25000.0,case_343,0,0,22538.193359375,22505.263671875,pinn,4418,0.0,7975,0,0.0
6.0,500000.0,0.5,101325.0,case_343,0,0,98863.1953125,98830.265625,pinn,4418,0.0,7975,0,0.0
6.0,1000000.0,1.0,2500.0,case_344,59,0,-457.30078125,-589.191650390625,pinn,4418,0.05780564263322884,7455,461,0.0652037617554859
6.0,1000000.0,1.0,3000.0,case_344,7,0,42.69921875,-89.191650390625,pinn,4418,0.0,7968,0,0.0008777429467084639
6.0,1000000.0,1.0,5000.0,case_344,0,0,2042.69921875,1910.80810546875,pinn,4418,0.0,7975,0,0.0
6.0,1000000.0,1.0,10000.0,case_344,0,0,7042.69921875,6910.80859375,pinn,4418,0.0,7975,0,0.0
6.0,1000000.0,1.0,25000.0,case_344,0,0,22042.69921875,21910.80859375,pinn,4418,0.0,7975,0,0.0
6.0,1000000.0,1.0,101325.0,case_344,0,0,98367.703125,98235.8046875,pinn,4418,0.0,7975,0,0.0
8.0,100000.0,0.09999999999999999,2500.0,case_345,0,0,193.763427734375,190.67626953125,pinn,4418,0.0,7975,0,0.0
8.0,100000.0,0.09999999999999999,3000.0,case_345,0,0,693.763427734375,690.67626953125,pinn,4418,0.0,7975,0,0.0
8.0,100000.0,0.09999999999999999,5000.0,case_345,0,0,2693.76318359375,2690.67626953125,pinn,4418,0.0,7975,0,0.0
8.0,100000.0,0.09999999999999999,10000.0,case_345,0,0,7693.763671875,7690.6767578125,pinn,4418,0.0,7975,0,0.0
8.0,100000.0,0.09999999999999999,25000.0,case_345,0,0,22693.763671875,22690.67578125,pinn,4418,0.0,7975,0,0.0
8.0,100000.0,0.09999999999999999,101325.0,case_345,0,0,99018.765625,99015.6796875,pinn,4418,0.0,7975,0,0.0
8.0,200000.0,0.19999999999999998,2500.0,case_346,0,0,173.9970703125,163.216796875,pinn,4418,0.0,7975,0,0.0
8.0,200000.0,0.19999999999999998,3000.0,case_346,0,0,673.9970703125,663.216796875,pinn,4418,0.0,7975,0,0.0
8.0,200000.0,0.19999999999999998,5000.0,case_346,0,0,2673.9970703125,2663.216796875,pinn,4418,0.0,7975,0,0.0
8.0,200000.0,0.19999999999999998,10000.0,case_346,0,0,7673.9970703125,7663.216796875,pinn,4418,0.0,7975,0,0.0
8.0,200000.0,0.19999999999999998,25000.0,case_346,0,0,22673.99609375,22663.216796875,pinn,4418,0.0,7975,0,0.0
8.0,200000.0,0.19999999999999998,101325.0,case_346,0,0,98999.0,98988.21875,pinn,4418,0.0,7975,0,0.0
8.0,500000.0,0.5,2500.0,case_347,6,0,26.09716796875,-32.08056640625,pinn,4418,0.0,7969,0,0.0007523510971786833
8.0,500000.0,0.5,3000.0,case_347,0,0,526.09716796875,467.91943359375,pinn,4418,0.0,7975,0,0.0
8.0,500000.0,0.5,5000.0,case_347,0,0,2526.09716796875,2467.91943359375,pinn,4418,0.0,7975,0,0.0
8.0,500000.0,0.5,10000.0,case_347,0,0,7526.0966796875,7467.919921875,pinn,4418,0.0,7975,0,0.0
8.0,500000.0,0.5,25000.0,case_347,0,0,22526.09765625,22467.919921875,pinn,4418,0.0,7975,0,0.0
8.0,500000.0,0.5,101325.0,case_347,0,0,98851.09375,98792.921875,pinn,4418,0.0,7975,0,0.0
8.0,1000000.0,1.0,2500.0,case_348,34,9,-487.951416015625,-731.254150390625,pinn,4418,0.07786833855799373,7320,612,0.08100313479623825
8.0,1000000.0,1.0,3000.0,case_348,22,0,12.048583984375,-231.254150390625,pinn,4418,0.0,7953,0,0.002758620689655172
8.0,1000000.0,1.0,5000.0,case_348,0,0,2012.048828125,1768.745849609375,pinn,4418,0.0,7975,0,0.0
8.0,1000000.0,1.0,10000.0,case_348,0,0,7012.048828125,6768.74609375,pinn,4418,0.0,7975,0,0.0
8.0,1000000.0,1.0,25000.0,case_348,0,0,22012.048828125,21768.74609375,pinn,4418,0.0,7975,0,0.0
8.0,1000000.0,1.0,101325.0,case_348,0,0,98337.046875,98093.7421875,pinn,4418,0.0,7975,0,0.0
10.0,100000.0,0.09999999999999999,2500.0,case_349,0,0,193.631591796875,188.794677734375,pinn,4418,0.0,7975,0,0.0
10.0,100000.0,0.09999999999999999,3000.0,case_349,0,0,693.631591796875,688.794677734375,pinn,4418,0.0,7975,0,0.0
10.0,100000.0,0.09999999999999999,5000.0,case_349,0,0,2693.6318359375,2688.794921875,pinn,4418,0.0,7975,0,0.0
10.0,100000.0,0.09999999999999999,10000.0,case_349,0,0,7693.6318359375,7688.794921875,pinn,4418,0.0,7975,0,0.0
10.0,100000.0,0.09999999999999999,25000.0,case_349,0,0,22693.630859375,22688.794921875,pinn,4418,0.0,7975,0,0.0
10.0,100000.0,0.09999999999999999,101325.0,case_349,0,0,99018.6328125,99013.796875,pinn,4418,0.0,7975,0,0.0
10.0,200000.0,0.19999999999999998,2500.0,case_350,0,0,173.240234375,155.97265625,pinn,4418,0.0,7975,0,0.0
10.0,200000.0,0.19999999999999998,3000.0,case_350,0,0,673.240234375,655.97265625,pinn,4418,0.0,7975,0,0.0
10.0,200000.0,0.19999999999999998,5000.0,case_350,0,0,2673.240234375,2655.97265625,pinn,4418,0.0,7975,0,0.0
10.0,200000.0,0.19999999999999998,10000.0,case_350,0,0,7673.240234375,7655.97265625,pinn,4418,0.0,7975,0,0.0
10.0,200000.0,0.19999999999999998,25000.0,case_350,0,0,22673.240234375,22655.97265625,pinn,4418,0.0,7975,0,0.0
10.0,200000.0,0.19999999999999998,101325.0,case_350,0,0,98998.2421875,98980.9765625,pinn,4418,0.0,7975,0,0.0
10.0,500000.0,0.5,2500.0,case_351,20,0,17.208251953125,-77.8056640625,pinn,4418,0.0,7955,0,0.0025078369905956114
10.0,500000.0,0.5,3000.0,case_351,0,0,517.208251953125,422.1943359375,pinn,4418,0.0,7975,0,0.0
10.0,500000.0,0.5,5000.0,case_351,0,0,2517.20849609375,2422.1943359375,pinn,4418,0.0,7975,0,0.0
10.0,500000.0,0.5,10000.0,case_351,0,0,7517.2080078125,7422.1943359375,pinn,4418,0.0,7975,0,0.0
10.0,500000.0,0.5,25000.0,case_351,0,0,22517.208984375,22422.1953125,pinn,4418,0.0,7975,0,0.0
10.0,500000.0,0.5,101325.0,case_351,0,0,98842.2109375,98747.1953125,pinn,4418,0.0,7975,0,0.0
10.0,1000000.0,1.0,2500.0,case_352,21,37,-503.3232421875,-914.831787109375,pinn,4418,0.10081504702194358,7150,767,0.09880877742946709
10.0,1000000.0,1.0,3000.0,case_352,36,0,-3.3232421875,-414.831787109375,pinn,4418,0.0005015673981191223,7935,4,0.005015673981191223
10.0,1000000.0,1.0,5000.0,case_352,0,0,1996.6767578125,1585.168212890625,pinn,4418,0.0,7975,0,0.0
10.0,1000000.0,1.0,10000.0,case_352,0,0,6996.6767578125,6585.16796875,pinn,4418,0.0,7975,0,0.0
10.0,1000000.0,1.0,25000.0,case_352,0,0,21996.67578125,21585.16796875,pinn,4418,0.0,7975,0,0.0
10.0,1000000.0,1.0,101325.0,case_352,0,0,98321.6796875,97910.171875,pinn,4418,0.0,7975,0,0.0
-4.0,100000.0,0.09999999999999999,2500.0,case_161,0,0,194.98095703125,193.923583984375,fno,0018,0.0,7970,0,0.0
-4.0,100000.0,0.09999999999999999,3000.0,case_161,0,0,694.98095703125,693.923583984375,fno,0018,0.0,7970,0,0.0
-4.0,100000.0,0.09999999999999999,5000.0,case_161,0,0,2694.98095703125,2693.923828125,fno,0018,0.0,7970,0,0.0
-4.0,100000.0,0.09999999999999999,10000.0,case_161,0,0,7694.98046875,7693.923828125,fno,0018,0.0,7970,0,0.0
-4.0,100000.0,0.09999999999999999,25000.0,case_161,0,0,22694.98046875,22693.923828125,fno,0018,0.0,7970,0,0.0
-4.0,100000.0,0.09999999999999999,101325.0,case_161,0,0,99019.984375,99018.921875,fno,0018,0.0,7970,0,0.0
-4.0,200000.0,0.19999999999999998,2500.0,case_162,0,0,180.140625,175.363525390625,fno,0018,0.0,7970,0,0.0
-4.0,200000.0,0.19999999999999998,3000.0,case_162,0,0,680.140625,675.363525390625,fno,0018,0.0,7970,0,0.0
-4.0,200000.0,0.19999999999999998,5000.0,case_162,0,0,2680.140625,2675.36376953125,fno,0018,0.0,7970,0,0.0
-4.0,200000.0,0.19999999999999998,10000.0,case_162,0,0,7680.140625,7675.36328125,fno,0018,0.0,7970,0,0.0
-4.0,200000.0,0.19999999999999998,25000.0,case_162,0,0,22680.140625,22675.36328125,fno,0018,0.0,7970,0,0.0
-4.0,200000.0,0.19999999999999998,101325.0,case_162,0,0,99005.140625,99000.3671875,fno,0018,0.0,7970,0,0.0
-4.0,500000.0,0.5,2500.0,case_163,0,0,80.29931640625,46.363525390625,fno,0018,0.0,7970,0,0.0
-4.0,500000.0,0.5,3000.0,case_163,0,0,580.29931640625,546.363525390625,fno,0018,0.0,7970,0,0.0
-4.0,500000.0,0.5,5000.0,case_163,0,0,2580.29931640625,2546.36376953125,fno,0018,0.0,7970,0,0.0
-4.0,500000.0,0.5,10000.0,case_163,0,0,7580.298828125,7546.36328125,fno,0018,0.0,7970,0,0.0
-4.0,500000.0,0.5,25000.0,case_163,0,0,22580.298828125,22546.36328125,fno,0018,0.0,7970,0,0.0
-4.0,500000.0,0.5,101325.0,case_163,0,0,98905.296875,98871.3671875,fno,0018,0.0,7970,0,0.0
-4.0,1000000.0,1.0,2500.0,case_164,166,24,-216.028076171875,-416.660400390625,fno,0018,0.0075282308657465494,7744,36,0.02534504391468005
-4.0,1000000.0,1.0,3000.0,case_164,0,0,283.971923828125,83.339599609375,fno,0018,0.0,7970,0,0.0
-4.0,1000000.0,1.0,5000.0,case_164,0,0,2283.97216796875,2083.33935546875,fno,0018,0.0,7970,0,0.0
-4.0,1000000.0,1.0,10000.0,case_164,0,0,7283.9716796875,7083.33984375,fno,0018,0.0,7970,0,0.0
-4.0,1000000.0,1.0,25000.0,case_164,0,0,22283.97265625,22083.33984375,fno,0018,0.0,7970,0,0.0
-4.0,1000000.0,1.0,101325.0,case_164,0,0,98608.96875,98408.3359375,fno,0018,0.0,7970,0,0.0
-2.0,100000.0,0.09999999999999999,2500.0,case_165,0,0,195.183349609375,195.628173828125,fno,0018,0.0,7970,0,0.0
-2.0,100000.0,0.09999999999999999,3000.0,case_165,0,0,695.183349609375,695.628173828125,fno,0018,0.0,7970,0,0.0
-2.0,100000.0,0.09999999999999999,5000.0,case_165,0,0,2695.18359375,2695.62841796875,fno,0018,0.0,7970,0,0.0
-2.0,100000.0,0.09999999999999999,10000.0,case_165,0,0,7695.18359375,7695.6279296875,fno,0018,0.0,7970,0,0.0
-2.0,100000.0,0.09999999999999999,25000.0,case_165,0,0,22695.18359375,22695.62890625,fno,0018,0.0,7970,0,0.0
-2.0,100000.0,0.09999999999999999,101325.0,case_165,0,0,99020.1796875,99020.625,fno,0018,0.0,7970,0,0.0
-2.0,200000.0,0.19999999999999998,2500.0,case_166,0,0,181.062744140625,182.422119140625,fno,0018,0.0,7970,0,0.0
-2.0,200000.0,0.19999999999999998,3000.0,case_166,0,0,681.062744140625,682.422119140625,fno,0018,0.0,7970,0,0.0
-2.0,200000.0,0.19999999999999998,5000.0,case_166,0,0,2681.06298828125,2682.42236328125,fno,0018,0.0,7970,0,0.0
-2.0,200000.0,0.19999999999999998,10000.0,case_166,0,0,7681.0625,7682.421875,fno,0018,0.0,7970,0,0.0
-2.0,200000.0,0.19999999999999998,25000.0,case_166,0,0,22681.0625,22682.421875,fno,0018,0.0,7970,0,0.0
-2.0,200000.0,0.19999999999999998,101325.0,case_166,0,0,99006.0625,99007.421875,fno,0018,0.0,7970,0,0.0
-2.0,500000.0,0.5,2500.0,case_167,0,0,89.776123046875,89.1865234375,fno,0018,0.0,7970,0,0.0
-2.0,500000.0,0.5,3000.0,case_167,0,0,589.776123046875,589.1865234375,fno,0018,0.0,7970,0,0.0
-2.0,500000.0,0.5,5000.0,case_167,0,0,2589.7763671875,2589.1865234375,fno,0018,0.0,7970,0,0.0
-2.0,500000.0,0.5,10000.0,case_167,0,0,7589.7763671875,7589.1865234375,fno,0018,0.0,7970,0,0.0
-2.0,500000.0,0.5,25000.0,case_167,0,0,22589.775390625,22589.1875,fno,0018,0.0,7970,0,0.0
-2.0,500000.0,0.5,101325.0,case_167,0,0,98914.7734375,98914.1875,fno,0018,0.0,7970,0,0.0
-2.0,1000000.0,1.0,2500.0,case_168,99,58,-102.4384765625,-244.521240234375,fno,0018,0.009661229611041405,7794,19,0.014805520702634882
-2.0,1000000.0,1.0,3000.0,case_168,0,0,397.5615234375,255.478759765625,fno,0018,0.0,7970,0,0.0
-2.0,1000000.0,1.0,5000.0,case_168,0,0,2397.5615234375,2255.47900390625,fno,0018,0.0,7970,0,0.0
-2.0,1000000.0,1.0,10000.0,case_168,0,0,7397.5615234375,7255.478515625,fno,0018,0.0,7970,0,0.0
-2.0,1000000.0,1.0,25000.0,case_168,0,0,22397.5625,22255.478515625,fno,0018,0.0,7970,0,0.0
-2.0,1000000.0,1.0,101325.0,case_168,0,0,98722.5625,98580.4765625,fno,0018,0.0,7970,0,0.0
0.0,100000.0,0.09999999999999999,2500.0,case_169,0,0,195.539306640625,196.777587890625,fno,0018,0.0,7970,0,0.0
0.0,100000.0,0.09999999999999999,3000.0,case_169,0,0,695.539306640625,696.777587890625,fno,0018,0.0,7970,0,0.0
0.0,100000.0,0.09999999999999999,5000.0,case_169,0,0,2695.5390625,2696.77734375,fno,0018,0.0,7970,0,0.0
0.0,100000.0,0.09999999999999999,10000.0,case_169,0,0,7695.5390625,7696.77734375,fno,0018,0.0,7970,0,0.0
0.0,100000.0,0.09999999999999999,25000.0,case_169,0,0,22695.5390625,22696.77734375,fno,0018,0.0,7970,0,0.0
0.0,100000.0,0.09999999999999999,101325.0,case_169,0,0,99020.5390625,99021.78125,fno,0018,0.0,7970,0,0.0
0.0,200000.0,0.19999999999999998,2500.0,case_170,0,0,182.76171875,187.0283203125,fno,0018,0.0,7970,0,0.0
0.0,200000.0,0.19999999999999998,3000.0,case_170,0,0,682.76171875,687.0283203125,fno,0018,0.0,7970,0,0.0
0.0,200000.0,0.19999999999999998,5000.0,case_170,0,0,2682.76171875,2687.0283203125,fno,0018,0.0,7970,0,0.0
0.0,200000.0,0.19999999999999998,10000.0,case_170,0,0,7682.76171875,7687.0283203125,fno,0018,0.0,7970,0,0.0
0.0,200000.0,0.19999999999999998,25000.0,case_170,0,0,22682.76171875,22687.029296875,fno,0018,0.0,7970,0,0.0
0.0,200000.0,0.19999999999999998,101325.0,case_170,0,0,99007.7578125,99012.03125,fno,0018,0.0,7970,0,0.0
0.0,500000.0,0.5,2500.0,case_171,0,0,112.132568359375,118.266845703125,fno,0018,0.0,7970,0,0.0
0.0,500000.0,0.5,3000.0,case_171,0,0,612.132568359375,618.266845703125,fno,0018,0.0,7970,0,0.0
0.0,500000.0,0.5,5000.0,case_171,0,0,2612.1328125,2618.2666015625,fno,0018,0.0,7970,0,0.0
0.0,500000.0,0.5,10000.0,case_171,0,0,7612.1328125,7618.2666015625,fno,0018,0.0,7970,0,0.0
0.0,500000.0,0.5,25000.0,case_171,0,0,22612.1328125,22618.267578125,fno,0018,0.0,7970,0,0.0
0.0,500000.0,0.5,101325.0,case_171,0,0,98937.1328125,98943.265625,fno,0018,0.0,7970,0,0.0
0.0,1000000.0,1.0,2500.0,case_172,50,89,-129.339111328125,-127.8173828125,fno,0018,0.013550815558343789,7812,19,0.008657465495608531
0.0,1000000.0,1.0,3000.0,case_172,0,0,370.660888671875,372.1826171875,fno,0018,0.0,7970,0,0.0
0.0,1000000.0,1.0,5000.0,case_172,0,0,2370.66064453125,2372.1826171875,fno,0018,0.0,7970,0,0.0
0.0,1000000.0,1.0,10000.0,case_172,0,0,7370.6611328125,7372.1826171875,fno,0018,0.0,7970,0,0.0
0.0,1000000.0,1.0,25000.0,case_172,0,0,22370.66015625,22372.18359375,fno,0018,0.0,7970,0,0.0
0.0,1000000.0,1.0,101325.0,case_172,0,0,98695.6640625,98697.1796875,fno,0018,0.0,7970,0,0.0
2.0,100000.0,0.09999999999999999,2500.0,case_173,0,0,196.35693359375,196.198974609375,fno,0018,0.0,7970,0,0.0
2.0,100000.0,0.09999999999999999,3000.0,case_173,0,0,696.35693359375,696.198974609375,fno,0018,0.0,7970,0,0.0
2.0,100000.0,0.09999999999999999,5000.0,case_173,0,0,2696.35693359375,2696.19921875,fno,0018,0.0,7970,0,0.0
2.0,100000.0,0.09999999999999999,10000.0,case_173,0,0,7696.357421875,7696.19921875,fno,0018,0.0,7970,0,0.0
2.0,100000.0,0.09999999999999999,25000.0,case_173,0,0,22696.357421875,22696.19921875,fno,0018,0.0,7970,0,0.0
2.0,100000.0,0.09999999999999999,101325.0,case_173,0,0,99021.359375,99021.1953125,fno,0018,0.0,7970,0,0.0
2.0,200000.0,0.19999999999999998,2500.0,case_174,0,0,186.808837890625,184.7294921875,fno,0018,0.0,7970,0,0.0
2.0,200000.0,0.19999999999999998,3000.0,case_174,0,0,686.808837890625,684.7294921875,fno,0018,0.0,7970,0,0.0
2.0,200000.0,0.19999999999999998,5000.0,case_174,0,0,2686.80859375,2684.7294921875,fno,0018,0.0,7970,0,0.0
2.0,200000.0,0.19999999999999998,10000.0,case_174,0,0,7686.80859375,7684.7294921875,fno,0018,0.0,7970,0,0.0
2.0,200000.0,0.19999999999999998,25000.0,case_174,0,0,22686.80859375,22684.728515625,fno,0018,0.0,7970,0,0.0
2.0,200000.0,0.19999999999999998,101325.0,case_174,0,0,99011.8125,99009.7265625,fno,0018,0.0,7970,0,0.0
2.0,500000.0,0.5,2500.0,case_175,0,0,122.59228515625,104.596435546875,fno,0018,0.0,7970,0,0.0
2.0,500000.0,0.5,3000.0,case_175,0,0,622.59228515625,604.596435546875,fno,0018,0.0,7970,0,0.0
2.0,500000.0,0.5,5000.0,case_175,0,0,2622.59228515625,2604.5966796875,fno,0018,0.0,7970,0,0.0
2.0,500000.0,0.5,10000.0,case_175,0,0,7622.5927734375,7604.5966796875,fno,0018,0.0,7970,0,0.0
2.0,500000.0,0.5,25000.0,case_175,0,0,22622.591796875,22604.595703125,fno,0018,0.0,7970,0,0.0
2.0,500000.0,0.5,101325.0,case_175,0,0,98947.59375,98929.59375,fno,0018,0.0,7970,0,0.0
2.0,1000000.0,1.0,2500.0,case_176,6,130,-204.538818359375,-181.80224609375,fno,0018,0.025094102885821833,7764,70,0.009535759096612296
2.0,1000000.0,1.0,3000.0,case_176,0,0,295.461181640625,318.19775390625,fno,0018,0.0,7970,0,0.0
2.0,1000000.0,1.0,5000.0,case_176,0,0,2295.46142578125,2318.19775390625,fno,0018,0.0,7970,0,0.0
2.0,1000000.0,1.0,10000.0,case_176,0,0,7295.4609375,7318.1982421875,fno,0018,0.0,7970,0,0.0
2.0,1000000.0,1.0,25000.0,case_176,0,0,22295.4609375,22318.197265625,fno,0018,0.0,7970,0,0.0
2.0,1000000.0,1.0,101325.0,case_176,0,0,98620.4609375,98643.1953125,fno,0018,0.0,7970,0,0.0
4.0,100000.0,0.09999999999999999,2500.0,case_177,0,0,196.953125,194.564697265625,fno,0018,0.0,7970,0,0.0
4.0,100000.0,0.09999999999999999,3000.0,case_177,0,0,696.953125,694.564697265625,fno,0018,0.0,7970,0,0.0
4.0,100000.0,0.09999999999999999,5000.0,case_177,0,0,2696.953125,2694.56494140625,fno,0018,0.0,7970,0,0.0
4.0,100000.0,0.09999999999999999,10000.0,case_177,0,0,7696.953125,7694.564453125,fno,0018,0.0,7970,0,0.0
4.0,100000.0,0.09999999999999999,25000.0,case_177,0,0,22696.953125,22694.564453125,fno,0018,0.0,7970,0,0.0
4.0,100000.0,0.09999999999999999,101325.0,case_177,0,0,99021.953125,99019.5625,fno,0018,0.0,7970,0,0.0
4.0,200000.0,0.19999999999999998,2500.0,case_178,0,0,187.287109375,178.11181640625,fno,0018,0.0,7970,0,0.0
4.0,200000.0,0.19999999999999998,3000.0,case_178,0,0,687.287109375,678.11181640625,fno,0018,0.0,7970,0,0.0
4.0,200000.0,0.19999999999999998,5000.0,case_178,0,0,2687.287109375,2678.11181640625,fno,0018,0.0,7970,0,0.0
4.0,200000.0,0.19999999999999998,10000.0,case_178,0,0,7687.287109375,7678.1123046875,fno,0018,0.0,7970,0,0.0
4.0,200000.0,0.19999999999999998,25000.0,case_178,0,0,22687.287109375,22678.111328125,fno,0018,0.0,7970,0,0.0
4.0,200000.0,0.19999999999999998,101325.0,case_178,0,0,99012.2890625,99003.109375,fno,0018,0.0,7970,0,0.0
4.0,500000.0,0.5,2500.0,case_179,0,0,107.6708984375,62.71044921875,fno,0018,0.0,7970,0,0.0
4.0,500000.0,0.5,3000.0,case_179,0,0,607.6708984375,562.71044921875,fno,0018,0.0,7970,0,0.0
4.0,500000.0,0.5,5000.0,case_179,0,0,2607.6708984375,2562.71044921875,fno,0018,0.0,7970,0,0.0
4.0,500000.0,0.5,10000.0,case_179,0,0,7607.6708984375,7562.7109375,fno,0018,0.0,7970,0,0.0
4.0,500000.0,0.5,25000.0,case_179,0,0,22607.671875,22562.7109375,fno,0018,0.0,7970,0,0.0
4.0,500000.0,0.5,101325.0,case_179,0,0,98932.671875,98887.7109375,fno,0018,0.0,7970,0,0.0
4.0,1000000.0,1.0,2500.0,case_180,0,174,-330.7359619140625,-349.804931640625,fno,0018,0.03939774153074028,7656,140,0.01756587202007528
4.0,1000000.0,1.0,3000.0,case_180,0,0,169.26416015625,150.195068359375,fno,0018,0.0,7970,0,0.0
4.0,1000000.0,1.0,5000.0,case_180,0,0,2169.26416015625,2150.19482421875,fno,0018,0.0,7970,0,0.0
4.0,1000000.0,1.0,10000.0,case_180,0,0,7169.263671875,7150.1953125,fno,0018,0.0,7970,0,0.0
4.0,1000000.0,1.0,25000.0,case_180,0,0,22169.263671875,22150.1953125,fno,0018,0.0,7970,0,0.0
4.0,1000000.0,1.0,101325.0,case_180,0,0,98494.265625,98475.1953125,fno,0018,0.0,7970,0,0.0
6.0,100000.0,0.09999999999999999,2500.0,case_181,0,0,196.39794921875,192.713623046875,fno,0018,0.0,7970,0,0.0
6.0,100000.0,0.09999999999999999,3000.0,case_181,0,0,696.39794921875,692.713623046875,fno,0018,0.0,7970,0,0.0
6.0,100000.0,0.09999999999999999,5000.0,case_181,0,0,2696.39794921875,2692.7138671875,fno,0018,0.0,7970,0,0.0
6.0,100000.0,0.09999999999999999,10000.0,case_181,0,0,7696.3984375,7692.7138671875,fno,0018,0.0,7970,0,0.0
6.0,100000.0,0.09999999999999999,25000.0,case_181,0,0,22696.3984375,22692.712890625,fno,0018,0.0,7970,0,0.0
6.0,100000.0,0.09999999999999999,101325.0,case_181,0,0,99021.3984375,99017.7109375,fno,0018,0.0,7970,0,0.0
6.0,200000.0,0.19999999999999998,2500.0,case_182,0,0,184.611572265625,170.652587890625,fno,0018,0.0,7970,0,0.0
6.0,200000.0,0.19999999999999998,3000.0,case_182,0,0,684.611572265625,670.652587890625,fno,0018,0.0,7970,0,0.0
6.0,200000.0,0.19999999999999998,5000.0,case_182,0,0,2684.611328125,2670.65283203125,fno,0018,0.0,7970,0,0.0
6.0,200000.0,0.19999999999999998,10000.0,case_182,0,0,7684.611328125,7670.65234375,fno,0018,0.0,7970,0,0.0
6.0,200000.0,0.19999999999999998,25000.0,case_182,0,0,22684.611328125,22670.65234375,fno,0018,0.0,7970,0,0.0
6.0,200000.0,0.19999999999999998,101325.0,case_182,0,0,99009.609375,98995.65625,fno,0018,0.0,7970,0,0.0
6.0,500000.0,0.5,2500.0,case_183,0,0,80.032470703125,15.696533203125,fno,0018,0.0,7970,0,0.0
6.0,500000.0,0.5,3000.0,case_183,0,0,580.032470703125,515.696533203125,fno,0018,0.0,7970,0,0.0
6.0,500000.0,0.5,5000.0,case_183,0,0,2580.0322265625,2515.6962890625,fno,0018,0.0,7970,0,0.0
6.0,500000.0,0.5,10000.0,case_183,0,0,7580.0322265625,7515.6962890625,fno,0018,0.0,7970,0,0.0
6.0,500000.0,0.5,25000.0,case_183,0,0,22580.033203125,22515.697265625,fno,0018,0.0,7970,0,0.0
6.0,500000.0,0.5,101325.0,case_183,0,0,98905.03125,98840.6953125,fno,0018,0.0,7970,0,0.0
6.0,1000000.0,1.0,2500.0,case_184,0,188,-489.069091796875,-538.44677734375,fno,0018,0.05232120451693852,7553,229,0.028732747804265997
6.0,1000000.0,1.0,3000.0,case_184,1,0,10.930908203125,-38.44677734375,fno,0018,0.0,7969,0,0.00012547051442910915
6.0,1000000.0,1.0,5000.0,case_184,0,0,2010.9306640625,1961.55322265625,fno,0018,0.0,7970,0,0.0
6.0,1000000.0,1.0,10000.0,case_184,0,0,7010.9306640625,6961.552734375,fno,0018,0.0,7970,0,0.0
6.0,1000000.0,1.0,25000.0,case_184,0,0,22010.931640625,21961.552734375,fno,0018,0.0,7970,0,0.0
6.0,1000000.0,1.0,101325.0,case_184,0,0,98335.9296875,98286.5546875,fno,0018,0.0,7970,0,0.0
8.0,100000.0,0.09999999999999999,2500.0,case_185,0,0,195.339111328125,190.0263671875,fno,0018,0.0,7970,0,0.0
8.0,100000.0,0.09999999999999999,3000.0,case_185,0,0,695.339111328125,690.0263671875,fno,0018,0.0,7970,0,0.0
8.0,100000.0,0.09999999999999999,5000.0,case_185,0,0,2695.3388671875,2690.0263671875,fno,0018,0.0,7970,0,0.0
8.0,100000.0,0.09999999999999999,10000.0,case_185,0,0,7695.3388671875,7690.0263671875,fno,0018,0.0,7970,0,0.0
8.0,100000.0,0.09999999999999999,25000.0,case_185,0,0,22695.33984375,22690.02734375,fno,0018,0.0,7970,0,0.0
8.0,100000.0,0.09999999999999999,101325.0,case_185,0,0,99020.3359375,99015.0234375,fno,0018,0.0,7970,0,0.0
8.0,200000.0,0.19999999999999998,2500.0,case_186,0,0,179.911865234375,161.822265625,fno,0018,0.0,7970,0,0.0
8.0,200000.0,0.19999999999999998,3000.0,case_186,0,0,679.911865234375,661.822265625,fno,0018,0.0,7970,0,0.0
8.0,200000.0,0.19999999999999998,5000.0,case_186,0,0,2679.91162109375,2661.822265625,fno,0018,0.0,7970,0,0.0
8.0,200000.0,0.19999999999999998,10000.0,case_186,0,0,7679.912109375,7661.822265625,fno,0018,0.0,7970,0,0.0
8.0,200000.0,0.19999999999999998,25000.0,case_186,0,0,22679.912109375,22661.822265625,fno,0018,0.0,7970,0,0.0
8.0,200000.0,0.19999999999999998,101325.0,case_186,0,0,99004.9140625,98986.8203125,fno,0018,0.0,7970,0,0.0
8.0,500000.0,0.5,2500.0,case_187,3,0,45.764892578125,-40.1259765625,fno,0018,0.0,7967,0,0.0003764115432873275
8.0,500000.0,0.5,3000.0,case_187,0,0,545.764892578125,459.8740234375,fno,0018,0.0,7970,0,0.0
8.0,500000.0,0.5,5000.0,case_187,0,0,2545.76513671875,2459.8740234375,fno,0018,0.0,7970,0,0.0
8.0,500000.0,0.5,10000.0,case_187,0,0,7545.7646484375,7459.8740234375,fno,0018,0.0,7970,0,0.0
8.0,500000.0,0.5,25000.0,case_187,0,0,22545.765625,22459.873046875,fno,0018,0.0,7970,0,0.0
8.0,500000.0,0.5,101325.0,case_187,0,0,98870.765625,98784.875,fno,0018,0.0,7970,0,0.0
8.0,1000000.0,1.0,2500.0,case_188,0,154,-704.441162109375,-763.091796875,fno,0018,0.05972396486825596,7494,322,0.04040150564617315
8.0,1000000.0,1.0,3000.0,case_188,0,1,-204.441162109375,-263.091796875,fno,0018,0.0010037641154328732,7962,7,0.0008782936010037642
8.0,1000000.0,1.0,5000.0,case_188,0,0,1795.558837890625,1736.908203125,fno,0018,0.0,7970,0,0.0
8.0,1000000.0,1.0,10000.0,case_188,0,0,6795.55859375,6736.908203125,fno,0018,0.0,7970,0,0.0
8.0,1000000.0,1.0,25000.0,case_188,0,0,21795.55859375,21736.908203125,fno,0018,0.0,7970,0,0.0
8.0,1000000.0,1.0,101325.0,case_188,0,0,98120.5625,98061.90625,fno,0018,0.0,7970,0,0.0
10.0,100000.0,0.09999999999999999,2500.0,case_189,0,0,193.982177734375,186.980712890625,fno,0018,0.0,7970,0,0.0
10.0,100000.0,0.09999999999999999,3000.0,case_189,0,0,693.982177734375,686.980712890625,fno,0018,0.0,7970,0,0.0
10.0,100000.0,0.09999999999999999,5000.0,case_189,0,0,2693.982421875,2686.98095703125,fno,0018,0.0,7970,0,0.0
10.0,100000.0,0.09999999999999999,10000.0,case_189,0,0,7693.982421875,7686.98046875,fno,0018,0.0,7970,0,0.0
10.0,100000.0,0.09999999999999999,25000.0,case_189,0,0,22693.982421875,22686.98046875,fno,0018,0.0,7970,0,0.0
10.0,100000.0,0.09999999999999999,101325.0,case_189,0,0,99018.984375,99011.984375,fno,0018,0.0,7970,0,0.0
10.0,200000.0,0.19999999999999998,2500.0,case_190,0,0,174.360595703125,147.224365234375,fno,0018,0.0,7970,0,0.0
10.0,200000.0,0.19999999999999998,3000.0,case_190,0,0,674.360595703125,647.224365234375,fno,0018,0.0,7970,0,0.0
10.0,200000.0,0.19999999999999998,5000.0,case_190,0,0,2674.3603515625,2647.224609375,fno,0018,0.0,7970,0,0.0
10.0,200000.0,0.19999999999999998,10000.0,case_190,0,0,7674.3603515625,7647.224609375,fno,0018,0.0,7970,0,0.0
10.0,200000.0,0.19999999999999998,25000.0,case_190,0,0,22674.361328125,22647.224609375,fno,0018,0.0,7970,0,0.0
10.0,200000.0,0.19999999999999998,101325.0,case_190,0,0,98999.359375,98972.2265625,fno,0018,0.0,7970,0,0.0
10.0,500000.0,0.5,2500.0,case_191,6,0,-13.525390625,-119.437744140625,fno,0018,0.00012547051442910915,7963,1,0.0008782936010037642
10.0,500000.0,0.5,3000.0,case_191,0,0,486.474609375,380.562255859375,fno,0018,0.0,7970,0,0.0
10.0,500000.0,0.5,5000.0,case_191,0,0,2486.474609375,2380.56201171875,fno,0018,0.0,7970,0,0.0
10.0,500000.0,0.5,10000.0,case_191,0,0,7486.474609375,7380.5625,fno,0018,0.0,7970,0,0.0
10.0,500000.0,0.5,25000.0,case_191,0,0,22486.474609375,22380.5625,fno,0018,0.0,7970,0,0.0
10.0,500000.0,0.5,101325.0,case_191,0,0,98811.4765625,98705.5625,fno,0018,0.0,7970,0,0.0
10.0,1000000.0,1.0,2500.0,case_192,16,108,-853.2913818359375,-1081.6754150390625,fno,0018,0.06511919698870765,7435,411,0.05357590966122961
10.0,1000000.0,1.0,3000.0,case_192,1,5,-353.2913818359375,-581.6754150390625,fno,0018,0.002383939774153074,7950,14,0.0018820577164366374
10.0,1000000.0,1.0,5000.0,case_192,0,0,1646.70849609375,1418.32470703125,fno,0018,0.0,7970,0,0.0
10.0,1000000.0,1.0,10000.0,case_192,0,0,6646.708984375,6418.32421875,fno,0018,0.0,7970,0,0.0
10.0,1000000.0,1.0,25000.0,case_192,0,0,21646.708984375,21418.32421875,fno,0018,0.0,7970,0,0.0
10.0,1000000.0,1.0,101325.0,case_192,0,0,97971.7109375,97743.328125,fno,0018,0.0,7970,0,0.0
-4.0,100000.0,0.09999999999999999,2500.0,case_321,0,0,195.060546875,195.163818359375,fno,4418,0.0,7975,0,0.0
-4.0,100000.0,0.09999999999999999,3000.0,case_321,0,0,695.060546875,695.163818359375,fno,4418,0.0,7975,0,0.0
-4.0,100000.0,0.09999999999999999,5000.0,case_321,0,0,2695.060546875,2695.1640625,fno,4418,0.0,7975,0,0.0
-4.0,100000.0,0.09999999999999999,10000.0,case_321,0,0,7695.060546875,7695.1640625,fno,4418,0.0,7975,0,0.0
-4.0,100000.0,0.09999999999999999,25000.0,case_321,0,0,22695.060546875,22695.1640625,fno,4418,0.0,7975,0,0.0
-4.0,100000.0,0.09999999999999999,101325.0,case_321,0,0,99020.0625,99020.1640625,fno,4418,0.0,7975,0,0.0
-4.0,200000.0,0.19999999999999998,2500.0,case_322,0,0,180.4580078125,180.60693359375,fno,4418,0.0,7975,0,0.0
-4.0,200000.0,0.19999999999999998,3000.0,case_322,0,0,680.4580078125,680.60693359375,fno,4418,0.0,7975,0,0.0
-4.0,200000.0,0.19999999999999998,5000.0,case_322,0,0,2680.4580078125,2680.60693359375,fno,4418,0.0,7975,0,0.0
-4.0,200000.0,0.19999999999999998,10000.0,case_322,0,0,7680.4580078125,7680.6064453125,fno,4418,0.0,7975,0,0.0
-4.0,200000.0,0.19999999999999998,25000.0,case_322,0,0,22680.45703125,22680.607421875,fno,4418,0.0,7975,0,0.0
-4.0,200000.0,0.19999999999999998,101325.0,case_322,0,0,99005.4609375,99005.609375,fno,4418,0.0,7975,0,0.0
-4.0,500000.0,0.5,2500.0,case_323,0,0,83.64599609375,78.342529296875,fno,4418,0.0,7975,0,0.0
-4.0,500000.0,0.5,3000.0,case_323,0,0,583.64599609375,578.342529296875,fno,4418,0.0,7975,0,0.0
-4.0,500000.0,0.5,5000.0,case_323,0,0,2583.64599609375,2578.34228515625,fno,4418,0.0,7975,0,0.0
-4.0,500000.0,0.5,10000.0,case_323,0,0,7583.646484375,7578.3427734375,fno,4418,0.0,7975,0,0.0
-4.0,500000.0,0.5,25000.0,case_323,0,0,22583.646484375,22578.341796875,fno,4418,0.0,7975,0,0.0
-4.0,500000.0,0.5,101325.0,case_323,0,0,98908.6484375,98903.34375,fno,4418,0.0,7975,0,0.0
-4.0,1000000.0,1.0,2500.0,case_324,29,67,-143.760986328125,-287.235107421875,fno,4418,0.017178683385579936,7809,70,0.012413793103448275
-4.0,1000000.0,1.0,3000.0,case_324,0,0,356.239013671875,212.764892578125,fno,4418,0.0,7975,0,0.0
-4.0,1000000.0,1.0,5000.0,case_324,0,0,2356.23876953125,2212.76513671875,fno,4418,0.0,7975,0,0.0
-4.0,1000000.0,1.0,10000.0,case_324,0,0,7356.2392578125,7212.7646484375,fno,4418,0.0,7975,0,0.0
-4.0,1000000.0,1.0,25000.0,case_324,0,0,22356.23828125,22212.765625,fno,4418,0.0,7975,0,0.0
-4.0,1000000.0,1.0,101325.0,case_324,0,0,98681.2421875,98537.765625,fno,4418,0.0,7975,0,0.0
-2.0,100000.0,0.09999999999999999,2500.0,case_325,0,0,195.314697265625,196.4130859375,fno,4418,0.0,7975,0,0.0
-2.0,100000.0,0.09999999999999999,3000.0,case_325,0,0,695.314697265625,696.4130859375,fno,4418,0.0,7975,0,0.0
-2.0,100000.0,0.09999999999999999,5000.0,case_325,0,0,2695.314453125,2696.4130859375,fno,4418,0.0,7975,0,0.0
-2.0,100000.0,0.09999999999999999,10000.0,case_325,0,0,7695.314453125,7696.4130859375,fno,4418,0.0,7975,0,0.0
-2.0,100000.0,0.09999999999999999,25000.0,case_325,0,0,22695.314453125,22696.4140625,fno,4418,0.0,7975,0,0.0
-2.0,100000.0,0.09999999999999999,101325.0,case_325,0,0,99020.3125,99021.4140625,fno,4418,0.0,7975,0,0.0
-2.0,200000.0,0.19999999999999998,2500.0,case_326,0,0,181.630615234375,185.549072265625,fno,4418,0.0,7975,0,0.0
-2.0,200000.0,0.19999999999999998,3000.0,case_326,0,0,681.630615234375,685.549072265625,fno,4418,0.0,7975,0,0.0
-2.0,200000.0,0.19999999999999998,5000.0,case_326,0,0,2681.630859375,2685.548828125,fno,4418,0.0,7975,0,0.0
-2.0,200000.0,0.19999999999999998,10000.0,case_326,0,0,7681.630859375,7685.548828125,fno,4418,0.0,7975,0,0.0
-2.0,200000.0,0.19999999999999998,25000.0,case_326,0,0,22681.630859375,22685.548828125,fno,4418,0.0,7975,0,0.0
-2.0,200000.0,0.19999999999999998,101325.0,case_326,0,0,99006.6328125,99010.546875,fno,4418,0.0,7975,0,0.0
-2.0,500000.0,0.5,2500.0,case_327,0,0,100.343017578125,109.31884765625,fno,4418,0.0,7975,0,0.0
-2.0,500000.0,0.5,3000.0,case_327,0,0,600.343017578125,609.31884765625,fno,4418,0.0,7975,0,0.0
-2.0,500000.0,0.5,5000.0,case_327,0,0,2600.3427734375,2609.31884765625,fno,4418,0.0,7975,0,0.0
-2.0,500000.0,0.5,10000.0,case_327,0,0,7600.3427734375,7609.3193359375,fno,4418,0.0,7975,0,0.0
-2.0,500000.0,0.5,25000.0,case_327,0,0,22600.34375,22609.318359375,fno,4418,0.0,7975,0,0.0
-2.0,500000.0,0.5,101325.0,case_327,0,0,98925.34375,98934.3203125,fno,4418,0.0,7975,0,0.0
-2.0,1000000.0,1.0,2500.0,case_328,17,47,-173.533935546875,-163.20556640625,fno,4418,0.018056426332288402,7814,97,0.014294670846394984
-2.0,1000000.0,1.0,3000.0,case_328,0,0,326.466064453125,336.79443359375,fno,4418,0.0,7975,0,0.0
-2.0,1000000.0,1.0,5000.0,case_328,0,0,2326.4658203125,2336.79443359375,fno,4418,0.0,7975,0,0.0
-2.0,1000000.0,1.0,10000.0,case_328,0,0,7326.4658203125,7336.794921875,fno,4418,0.0,7975,0,0.0
-2.0,1000000.0,1.0,25000.0,case_328,0,0,22326.466796875,22336.794921875,fno,4418,0.0,7975,0,0.0
-2.0,1000000.0,1.0,101325.0,case_328,0,0,98651.46875,98661.796875,fno,4418,0.0,7975,0,0.0
0.0,100000.0,0.09999999999999999,2500.0,case_329,0,0,195.89453125,195.641357421875,fno,4418,0.0,7975,0,0.0
0.0,100000.0,0.09999999999999999,3000.0,case_329,0,0,695.89453125,695.641357421875,fno,4418,0.0,7975,0,0.0
0.0,100000.0,0.09999999999999999,5000.0,case_329,0,0,2695.89453125,2695.6416015625,fno,4418,0.0,7975,0,0.0
0.0,100000.0,0.09999999999999999,10000.0,case_329,0,0,7695.89453125,7695.6416015625,fno,4418,0.0,7975,0,0.0
0.0,100000.0,0.09999999999999999,25000.0,case_329,0,0,22695.89453125,22695.640625,fno,4418,0.0,7975,0,0.0
0.0,100000.0,0.09999999999999999,101325.0,case_329,0,0,99020.890625,99020.640625,fno,4418,0.0,7975,0,0.0
0.0,200000.0,0.19999999999999998,2500.0,case_330,0,0,184.9794921875,182.413818359375,fno,4418,0.0,7975,0,0.0
0.0,200000.0,0.19999999999999998,3000.0,case_330,0,0,684.9794921875,682.413818359375,fno,4418,0.0,7975,0,0.0
0.0,200000.0,0.19999999999999998,5000.0,case_330,0,0,2684.9794921875,2682.4140625,fno,4418,0.0,7975,0,0.0
0.0,200000.0,0.19999999999999998,10000.0,case_330,0,0,7684.9794921875,7682.4140625,fno,4418,0.0,7975,0,0.0
0.0,200000.0,0.19999999999999998,25000.0,case_330,0,0,22684.98046875,22682.4140625,fno,4418,0.0,7975,0,0.0
0.0,200000.0,0.19999999999999998,101325.0,case_330,0,0,99009.9765625,99007.4140625,fno,4418,0.0,7975,0,0.0
0.0,500000.0,0.5,2500.0,case_331,0,0,112.559326171875,89.517578125,fno,4418,0.0,7975,0,0.0
0.0,500000.0,0.5,3000.0,case_331,0,0,612.559326171875,589.517578125,fno,4418,0.0,7975,0,0.0
0.0,500000.0,0.5,5000.0,case_331,0,0,2612.55908203125,2589.517578125,fno,4418,0.0,7975,0,0.0
0.0,500000.0,0.5,10000.0,case_331,0,0,7612.5595703125,7589.517578125,fno,4418,0.0,7975,0,0.0
0.0,500000.0,0.5,25000.0,case_331,0,0,22612.55859375,22589.517578125,fno,4418,0.0,7975,0,0.0
0.0,500000.0,0.5,101325.0,case_331,0,0,98937.5625,98914.515625,fno,4418,0.0,7975,0,0.0
0.0,1000000.0,1.0,2500.0,case_332,3,65,-248.1474609375,-244.50146484375,fno,4418,0.029717868338557992,7735,172,0.0219435736677116
0.0,1000000.0,1.0,3000.0,case_332,0,0,251.8525390625,255.49853515625,fno,4418,0.0,7975,0,0.0
0.0,1000000.0,1.0,5000.0,case_332,0,0,2251.8525390625,2255.49853515625,fno,4418,0.0,7975,0,0.0
0.0,1000000.0,1.0,10000.0,case_332,0,0,7251.8525390625,7255.4990234375,fno,4418,0.0,7975,0,0.0
0.0,1000000.0,1.0,25000.0,case_332,0,0,22251.853515625,22255.498046875,fno,4418,0.0,7975,0,0.0
0.0,1000000.0,1.0,101325.0,case_332,0,0,98576.8515625,98580.5,fno,4418,0.0,7975,0,0.0
2.0,100000.0,0.09999999999999999,2500.0,case_333,0,0,196.564208984375,194.81201171875,fno,4418,0.0,7975,0,0.0
2.0,100000.0,0.09999999999999999,3000.0,case_333,0,0,696.564208984375,694.81201171875,fno,4418,0.0,7975,0,0.0
2.0,100000.0,0.09999999999999999,5000.0,case_333,0,0,2696.564453125,2694.81201171875,fno,4418,0.0,7975,0,0.0
2.0,100000.0,0.09999999999999999,10000.0,case_333,0,0,7696.564453125,7694.8115234375,fno,4418,0.0,7975,0,0.0
2.0,100000.0,0.09999999999999999,25000.0,case_333,0,0,22696.564453125,22694.8125,fno,4418,0.0,7975,0,0.0
2.0,100000.0,0.09999999999999999,101325.0,case_333,0,0,99021.5625,99019.8125,fno,4418,0.0,7975,0,0.0
2.0,200000.0,0.19999999999999998,2500.0,case_334,0,0,185.60302734375,179.06689453125,fno,4418,0.0,7975,0,0.0
2.0,200000.0,0.19999999999999998,3000.0,case_334,0,0,685.60302734375,679.06689453125,fno,4418,0.0,7975,0,0.0
2.0,200000.0,0.19999999999999998,5000.0,case_334,0,0,2685.60302734375,2679.06689453125,fno,4418,0.0,7975,0,0.0
2.0,200000.0,0.19999999999999998,10000.0,case_334,0,0,7685.6025390625,7679.0673828125,fno,4418,0.0,7975,0,0.0
2.0,200000.0,0.19999999999999998,25000.0,case_334,0,0,22685.603515625,22679.06640625,fno,4418,0.0,7975,0,0.0
2.0,200000.0,0.19999999999999998,101325.0,case_334,0,0,99010.6015625,99004.0703125,fno,4418,0.0,7975,0,0.0
2.0,500000.0,0.5,2500.0,case_335,0,0,95.848388671875,68.273681640625,fno,4418,0.0,7975,0,0.0
2.0,500000.0,0.5,3000.0,case_335,0,0,595.848388671875,568.273681640625,fno,4418,0.0,7975,0,0.0
2.0,500000.0,0.5,5000.0,case_335,0,0,2595.8486328125,2568.2734375,fno,4418,0.0,7975,0,0.0
2.0,500000.0,0.5,10000.0,case_335,0,0,7595.8486328125,7568.2734375,fno,4418,0.0,7975,0,0.0
2.0,500000.0,0.5,25000.0,case_335,0,0,22595.84765625,22568.2734375,fno,4418,0.0,7975,0,0.0
2.0,500000.0,0.5,101325.0,case_335,0,0,98920.8515625,98893.2734375,fno,4418,0.0,7975,0,0.0
2.0,1000000.0,1.0,2500.0,case_336,0,83,-333.31396484375,-328.09521484375,fno,4418,0.0438871473354232,7625,267,0.03347962382445141
2.0,1000000.0,1.0,3000.0,case_336,0,0,166.68603515625,171.90478515625,fno,4418,0.0,7975,0,0.0
2.0,1000000.0,1.0,5000.0,case_336,0,0,2166.68603515625,2171.90478515625,fno,4418,0.0,7975,0,0.0
2.0,1000000.0,1.0,10000.0,case_336,0,0,7166.685546875,7171.904296875,fno,4418,0.0,7975,0,0.0
2.0,1000000.0,1.0,25000.0,case_336,0,0,22166.685546875,22171.904296875,fno,4418,0.0,7975,0,0.0
2.0,1000000.0,1.0,101325.0,case_336,0,0,98491.6875,98496.90625,fno,4418,0.0,7975,0,0.0
4.0,100000.0,0.09999999999999999,2500.0,case_337,0,0,195.913330078125,193.659423828125,fno,4418,0.0,7975,0,0.0
4.0,100000.0,0.09999999999999999,3000.0,case_337,0,0,695.913330078125,693.659423828125,fno,4418,0.0,7975,0,0.0
4.0,100000.0,0.09999999999999999,5000.0,case_337,0,0,2695.9130859375,2693.6591796875,fno,4418,0.0,7975,0,0.0
4.0,100000.0,0.09999999999999999,10000.0,case_337,0,0,7695.9130859375,7693.6591796875,fno,4418,0.0,7975,0,0.0
4.0,100000.0,0.09999999999999999,25000.0,case_337,0,0,22695.9140625,22693.66015625,fno,4418,0.0,7975,0,0.0
4.0,100000.0,0.09999999999999999,101325.0,case_337,0,0,99020.9140625,99018.65625,fno,4418,0.0,7975,0,0.0
4.0,200000.0,0.19999999999999998,2500.0,case_338,0,0,182.81494140625,174.443359375,fno,4418,0.0,7975,0,0.0
4.0,200000.0,0.19999999999999998,3000.0,case_338,0,0,682.81494140625,674.443359375,fno,4418,0.0,7975,0,0.0
4.0,200000.0,0.19999999999999998,5000.0,case_338,0,0,2682.81494140625,2674.443359375,fno,4418,0.0,7975,0,0.0
4.0,200000.0,0.19999999999999998,10000.0,case_338,0,0,7682.814453125,7674.443359375,fno,4418,0.0,7975,0,0.0
4.0,200000.0,0.19999999999999998,25000.0,case_338,0,0,22682.814453125,22674.443359375,fno,4418,0.0,7975,0,0.0
4.0,200000.0,0.19999999999999998,101325.0,case_338,0,0,99007.8125,98999.4453125,fno,4418,0.0,7975,0,0.0
4.0,500000.0,0.5,2500.0,case_339,0,0,74.835693359375,39.06787109375,fno,4418,0.0,7975,0,0.0
4.0,500000.0,0.5,3000.0,case_339,0,0,574.835693359375,539.06787109375,fno,4418,0.0,7975,0,0.0
4.0,500000.0,0.5,5000.0,case_339,0,0,2574.8359375,2539.06787109375,fno,4418,0.0,7975,0,0.0
4.0,500000.0,0.5,10000.0,case_339,0,0,7574.8359375,7539.068359375,fno,4418,0.0,7975,0,0.0
4.0,500000.0,0.5,25000.0,case_339,0,0,22574.8359375,22539.068359375,fno,4418,0.0,7975,0,0.0
4.0,500000.0,0.5,101325.0,case_339,0,0,98899.8359375,98864.0703125,fno,4418,0.0,7975,0,0.0
4.0,1000000.0,1.0,2500.0,case_340,1,94,-470.009033203125,-445.319091796875,fno,4418,0.059435736677115984,7500,380,0.047774294670846394
4.0,1000000.0,1.0,3000.0,case_340,0,0,29.990966796875,54.680908203125,fno,4418,0.0,7975,0,0.0
4.0,1000000.0,1.0,5000.0,case_340,0,0,2029.9912109375,2054.68115234375,fno,4418,0.0,7975,0,0.0
4.0,1000000.0,1.0,10000.0,case_340,0,0,7029.9912109375,7054.6806640625,fno,4418,0.0,7975,0,0.0
4.0,1000000.0,1.0,25000.0,case_340,0,0,22029.990234375,22054.681640625,fno,4418,0.0,7975,0,0.0
4.0,1000000.0,1.0,101325.0,case_340,0,0,98354.9921875,98379.6796875,fno,4418,0.0,7975,0,0.0
6.0,100000.0,0.09999999999999999,2500.0,case_341,0,0,195.083740234375,192.252197265625,fno,4418,0.0,7975,0,0.0
6.0,100000.0,0.09999999999999999,3000.0,case_341,0,0,695.083740234375,692.252197265625,fno,4418,0.0,7975,0,0.0
6.0,100000.0,0.09999999999999999,5000.0,case_341,0,0,2695.08349609375,2692.25244140625,fno,4418,0.0,7975,0,0.0
6.0,100000.0,0.09999999999999999,10000.0,case_341,0,0,7695.083984375,7692.251953125,fno,4418,0.0,7975,0,0.0
6.0,100000.0,0.09999999999999999,25000.0,case_341,0,0,22695.083984375,22692.251953125,fno,4418,0.0,7975,0,0.0
6.0,100000.0,0.09999999999999999,101325.0,case_341,0,0,99020.0859375,99017.25,fno,4418,0.0,7975,0,0.0
6.0,200000.0,0.19999999999999998,2500.0,case_342,0,0,179.386962890625,168.659912109375,fno,4418,0.0,7975,0,0.0
6.0,200000.0,0.19999999999999998,3000.0,case_342,0,0,679.386962890625,668.659912109375,fno,4418,0.0,7975,0,0.0
6.0,200000.0,0.19999999999999998,5000.0,case_342,0,0,2679.38671875,2668.66015625,fno,4418,0.0,7975,0,0.0
6.0,200000.0,0.19999999999999998,10000.0,case_342,0,0,7679.38671875,7668.66015625,fno,4418,0.0,7975,0,0.0
6.0,200000.0,0.19999999999999998,25000.0,case_342,0,0,22679.38671875,22668.66015625,fno,4418,0.0,7975,0,0.0
6.0,200000.0,0.19999999999999998,101325.0,case_342,0,0,99004.390625,98993.65625,fno,4418,0.0,7975,0,0.0
6.0,500000.0,0.5,2500.0,case_343,0,0,47.17626953125,5.263671875,fno,4418,0.0,7975,0,0.0
6.0,500000.0,0.5,3000.0,case_343,0,0,547.17626953125,505.263671875,fno,4418,0.0,7975,0,0.0
6.0,500000.0,0.5,5000.0,case_343,0,0,2547.17626953125,2505.263671875,fno,4418,0.0,7975,0,0.0
6.0,500000.0,0.5,10000.0,case_343,0,0,7547.1767578125,7505.263671875,fno,4418,0.0,7975,0,0.0
6.0,500000.0,0.5,25000.0,case_343,0,0,22547.17578125,22505.263671875,fno,4418,0.0,7975,0,0.0
6.0,500000.0,0.5,101325.0,case_343,0,0,98872.1796875,98830.265625,fno,4418,0.0,7975,0,0.0
6.0,1000000.0,1.0,2500.0,case_344,16,64,-687.7392578125,-589.191650390625,fno,4418,0.07122257053291536,7391,504,0.0652037617554859
6.0,1000000.0,1.0,3000.0,case_344,2,8,-187.7392578125,-89.191650390625,fno,4418,0.0016300940438871473,7960,5,0.0008777429467084639
6.0,1000000.0,1.0,5000.0,case_344,0,0,1812.2607421875,1910.80810546875,fno,4418,0.0,7975,0,0.0
6.0,1000000.0,1.0,10000.0,case_344,0,0,6812.2607421875,6910.80859375,fno,4418,0.0,7975,0,0.0
6.0,1000000.0,1.0,25000.0,case_344,0,0,21812.26171875,21910.80859375,fno,4418,0.0,7975,0,0.0
6.0,1000000.0,1.0,101325.0,case_344,0,0,98137.2578125,98235.8046875,fno,4418,0.0,7975,0,0.0
8.0,100000.0,0.09999999999999999,2500.0,case_345,0,0,194.0478515625,190.67626953125,fno,4418,0.0,7975,0,0.0
8.0,100000.0,0.09999999999999999,3000.0,case_345,0,0,694.0478515625,690.67626953125,fno,4418,0.0,7975,0,0.0
8.0,100000.0,0.09999999999999999,5000.0,case_345,0,0,2694.0478515625,2690.67626953125,fno,4418,0.0,7975,0,0.0
8.0,100000.0,0.09999999999999999,10000.0,case_345,0,0,7694.0478515625,7690.6767578125,fno,4418,0.0,7975,0,0.0
8.0,100000.0,0.09999999999999999,25000.0,case_345,0,0,22694.048828125,22690.67578125,fno,4418,0.0,7975,0,0.0
8.0,100000.0,0.09999999999999999,101325.0,case_345,0,0,99019.046875,99015.6796875,fno,4418,0.0,7975,0,0.0
8.0,200000.0,0.19999999999999998,2500.0,case_346,0,0,174.504150390625,163.216796875,fno,4418,0.0,7975,0,0.0
8.0,200000.0,0.19999999999999998,3000.0,case_346,0,0,674.504150390625,663.216796875,fno,4418,0.0,7975,0,0.0
8.0,200000.0,0.19999999999999998,5000.0,case_346,0,0,2674.50439453125,2663.216796875,fno,4418,0.0,7975,0,0.0
8.0,200000.0,0.19999999999999998,10000.0,case_346,0,0,7674.50390625,7663.216796875,fno,4418,0.0,7975,0,0.0
8.0,200000.0,0.19999999999999998,25000.0,case_346,0,0,22674.50390625,22663.216796875,fno,4418,0.0,7975,0,0.0
8.0,200000.0,0.19999999999999998,101325.0,case_346,0,0,98999.5078125,98988.21875,fno,4418,0.0,7975,0,0.0
8.0,500000.0,0.5,2500.0,case_347,6,0,3.412841796875,-32.08056640625,fno,4418,0.0,7969,0,0.0007523510971786833
8.0,500000.0,0.5,3000.0,case_347,0,0,503.412841796875,467.91943359375,fno,4418,0.0,7975,0,0.0
8.0,500000.0,0.5,5000.0,case_347,0,0,2503.41259765625,2467.91943359375,fno,4418,0.0,7975,0,0.0
8.0,500000.0,0.5,10000.0,case_347,0,0,7503.4130859375,7467.919921875,fno,4418,0.0,7975,0,0.0
8.0,500000.0,0.5,25000.0,case_347,0,0,22503.412109375,22467.919921875,fno,4418,0.0,7975,0,0.0
8.0,500000.0,0.5,101325.0,case_347,0,0,98828.4140625,98792.921875,fno,4418,0.0,7975,0,0.0
8.0,1000000.0,1.0,2500.0,case_348,91,48,-845.4422607421875,-731.254150390625,fno,4418,0.07561128526645768,7281,555,0.08100313479623825
8.0,1000000.0,1.0,3000.0,case_348,8,8,-345.4422607421875,-231.254150390625,fno,4418,0.002758620689655172,7945,14,0.002758620689655172
8.0,1000000.0,1.0,5000.0,case_348,0,0,1654.5576171875,1768.745849609375,fno,4418,0.0,7975,0,0.0
8.0,1000000.0,1.0,10000.0,case_348,0,0,6654.5576171875,6768.74609375,fno,4418,0.0,7975,0,0.0
8.0,1000000.0,1.0,25000.0,case_348,0,0,21654.55859375,21768.74609375,fno,4418,0.0,7975,0,0.0
8.0,1000000.0,1.0,101325.0,case_348,0,0,97979.5546875,98093.7421875,fno,4418,0.0,7975,0,0.0
10.0,100000.0,0.09999999999999999,2500.0,case_349,0,0,192.40283203125,188.794677734375,fno,4418,0.0,7975,0,0.0
10.0,100000.0,0.09999999999999999,3000.0,case_349,0,0,692.40283203125,688.794677734375,fno,4418,0.0,7975,0,0.0
10.0,100000.0,0.09999999999999999,5000.0,case_349,0,0,2692.40283203125,2688.794921875,fno,4418,0.0,7975,0,0.0
10.0,100000.0,0.09999999999999999,10000.0,case_349,0,0,7692.40234375,7688.794921875,fno,4418,0.0,7975,0,0.0
10.0,100000.0,0.09999999999999999,25000.0,case_349,0,0,22692.40234375,22688.794921875,fno,4418,0.0,7975,0,0.0
10.0,100000.0,0.09999999999999999,101325.0,case_349,0,0,99017.40625,99013.796875,fno,4418,0.0,7975,0,0.0
10.0,200000.0,0.19999999999999998,2500.0,case_350,0,0,166.80419921875,155.97265625,fno,4418,0.0,7975,0,0.0
10.0,200000.0,0.19999999999999998,3000.0,case_350,0,0,666.80419921875,655.97265625,fno,4418,0.0,7975,0,0.0
10.0,200000.0,0.19999999999999998,5000.0,case_350,0,0,2666.80419921875,2655.97265625,fno,4418,0.0,7975,0,0.0
10.0,200000.0,0.19999999999999998,10000.0,case_350,0,0,7666.8037109375,7655.97265625,fno,4418,0.0,7975,0,0.0
10.0,200000.0,0.19999999999999998,25000.0,case_350,0,0,22666.8046875,22655.97265625,fno,4418,0.0,7975,0,0.0
10.0,200000.0,0.19999999999999998,101325.0,case_350,0,0,98991.8046875,98980.9765625,fno,4418,0.0,7975,0,0.0
10.0,500000.0,0.5,2500.0,case_351,12,0,-45.94873046875,-77.8056640625,fno,4418,0.0010031347962382445,7955,8,0.0025078369905956114
10.0,500000.0,0.5,3000.0,case_351,0,0,454.05126953125,422.1943359375,fno,4418,0.0,7975,0,0.0
10.0,500000.0,0.5,5000.0,case_351,0,0,2454.05126953125,2422.1943359375,fno,4418,0.0,7975,0,0.0
10.0,500000.0,0.5,10000.0,case_351,0,0,7454.05078125,7422.1943359375,fno,4418,0.0,7975,0,0.0
10.0,500000.0,0.5,25000.0,case_351,0,0,22454.05078125,22422.1953125,fno,4418,0.0,7975,0,0.0
10.0,500000.0,0.5,101325.0,case_351,0,0,98779.0546875,98747.1953125,fno,4418,0.0,7975,0,0.0
10.0,1000000.0,1.0,2500.0,case_352,92,87,-984.2215576171875,-914.831787109375,fno,4418,0.09818181818181818,7100,696,0.09880877742946709
10.0,1000000.0,1.0,3000.0,case_352,14,8,-484.2215576171875,-414.831787109375,fno,4418,0.004263322884012539,7927,26,0.005015673981191223
10.0,1000000.0,1.0,5000.0,case_352,0,0,1515.7783203125,1585.168212890625,fno,4418,0.0,7975,0,0.0
10.0,1000000.0,1.0,10000.0,case_352,0,0,6515.7783203125,6585.16796875,fno,4418,0.0,7975,0,0.0
10.0,1000000.0,1.0,25000.0,case_352,0,0,21515.779296875,21585.16796875,fno,4418,0.0,7975,0,0.0
10.0,1000000.0,1.0,101325.0,case_352,0,0,97840.78125,97910.171875,fno,4418,0.0,7975,0,0.0
-4.0,100000.0,0.09999999999999999,2500.0,case_161,0,0,197.3203125,193.923583984375,deeponet,0018,0.0,7970,0,0.0
-4.0,100000.0,0.09999999999999999,3000.0,case_161,0,0,697.3203125,693.923583984375,deeponet,0018,0.0,7970,0,0.0
-4.0,100000.0,0.09999999999999999,5000.0,case_161,0,0,2697.3203125,2693.923828125,deeponet,0018,0.0,7970,0,0.0
-4.0,100000.0,0.09999999999999999,10000.0,case_161,0,0,7697.3203125,7693.923828125,deeponet,0018,0.0,7970,0,0.0
-4.0,100000.0,0.09999999999999999,25000.0,case_161,0,0,22697.3203125,22693.923828125,deeponet,0018,0.0,7970,0,0.0
-4.0,100000.0,0.09999999999999999,101325.0,case_161,0,0,99022.3203125,99018.921875,deeponet,0018,0.0,7970,0,0.0
-4.0,200000.0,0.19999999999999998,2500.0,case_162,0,0,189.19091796875,175.363525390625,deeponet,0018,0.0,7970,0,0.0
-4.0,200000.0,0.19999999999999998,3000.0,case_162,0,0,689.19091796875,675.363525390625,deeponet,0018,0.0,7970,0,0.0
-4.0,200000.0,0.19999999999999998,5000.0,case_162,0,0,2689.19091796875,2675.36376953125,deeponet,0018,0.0,7970,0,0.0
-4.0,200000.0,0.19999999999999998,10000.0,case_162,0,0,7689.1904296875,7675.36328125,deeponet,0018,0.0,7970,0,0.0
-4.0,200000.0,0.19999999999999998,25000.0,case_162,0,0,22689.19140625,22675.36328125,deeponet,0018,0.0,7970,0,0.0
-4.0,200000.0,0.19999999999999998,101325.0,case_162,0,0,99014.1875,99000.3671875,deeponet,0018,0.0,7970,0,0.0
-4.0,500000.0,0.5,2500.0,case_163,0,0,129.661865234375,46.363525390625,deeponet,0018,0.0,7970,0,0.0
-4.0,500000.0,0.5,3000.0,case_163,0,0,629.661865234375,546.363525390625,deeponet,0018,0.0,7970,0,0.0
-4.0,500000.0,0.5,5000.0,case_163,0,0,2629.662109375,2546.36376953125,deeponet,0018,0.0,7970,0,0.0
-4.0,500000.0,0.5,10000.0,case_163,0,0,7629.662109375,7546.36328125,deeponet,0018,0.0,7970,0,0.0
-4.0,500000.0,0.5,25000.0,case_163,0,0,22629.662109375,22546.36328125,deeponet,0018,0.0,7970,0,0.0
-4.0,500000.0,0.5,101325.0,case_163,0,0,98954.6640625,98871.3671875,deeponet,0018,0.0,7970,0,0.0
-4.0,1000000.0,1.0,2500.0,case_164,67,0,-114.509521484375,-416.660400390625,deeponet,0018,0.016938519447929738,7768,135,0.02534504391468005
-4.0,1000000.0,1.0,3000.0,case_164,0,0,385.490478515625,83.339599609375,deeponet,0018,0.0,7970,0,0.0
-4.0,1000000.0,1.0,5000.0,case_164,0,0,2385.49072265625,2083.33935546875,deeponet,0018,0.0,7970,0,0.0
-4.0,1000000.0,1.0,10000.0,case_164,0,0,7385.490234375,7083.33984375,deeponet,0018,0.0,7970,0,0.0
-4.0,1000000.0,1.0,25000.0,case_164,0,0,22385.490234375,22083.33984375,deeponet,0018,0.0,7970,0,0.0
-4.0,1000000.0,1.0,101325.0,case_164,0,0,98710.4921875,98408.3359375,deeponet,0018,0.0,7970,0,0.0
-2.0,100000.0,0.09999999999999999,2500.0,case_165,0,0,197.857666015625,195.628173828125,deeponet,0018,0.0,7970,0,0.0
-2.0,100000.0,0.09999999999999999,3000.0,case_165,0,0,697.857666015625,695.628173828125,deeponet,0018,0.0,7970,0,0.0
-2.0,100000.0,0.09999999999999999,5000.0,case_165,0,0,2697.857421875,2695.62841796875,deeponet,0018,0.0,7970,0,0.0
-2.0,100000.0,0.09999999999999999,10000.0,case_165,0,0,7697.857421875,7695.6279296875,deeponet,0018,0.0,7970,0,0.0
-2.0,100000.0,0.09999999999999999,25000.0,case_165,0,0,22697.857421875,22695.62890625,deeponet,0018,0.0,7970,0,0.0
-2.0,100000.0,0.09999999999999999,101325.0,case_165,0,0,99022.859375,99020.625,deeponet,0018,0.0,7970,0,0.0
-2.0,200000.0,0.19999999999999998,2500.0,case_166,0,0,191.399169921875,182.422119140625,deeponet,0018,0.0,7970,0,0.0
-2.0,200000.0,0.19999999999999998,3000.0,case_166,0,0,691.399169921875,682.422119140625,deeponet,0018,0.0,7970,0,0.0
-2.0,200000.0,0.19999999999999998,5000.0,case_166,0,0,2691.39892578125,2682.42236328125,deeponet,0018,0.0,7970,0,0.0
-2.0,200000.0,0.19999999999999998,10000.0,case_166,0,0,7691.3994140625,7682.421875,deeponet,0018,0.0,7970,0,0.0
-2.0,200000.0,0.19999999999999998,25000.0,case_166,0,0,22691.3984375,22682.421875,deeponet,0018,0.0,7970,0,0.0
-2.0,200000.0,0.19999999999999998,101325.0,case_166,0,0,99016.3984375,99007.421875,deeponet,0018,0.0,7970,0,0.0
-2.0,500000.0,0.5,2500.0,case_167,0,0,144.56298828125,89.1865234375,deeponet,0018,0.0,7970,0,0.0
-2.0,500000.0,0.5,3000.0,case_167,0,0,644.56298828125,589.1865234375,deeponet,0018,0.0,7970,0,0.0
-2.0,500000.0,0.5,5000.0,case_167,0,0,2644.56298828125,2589.1865234375,deeponet,0018,0.0,7970,0,0.0
-2.0,500000.0,0.5,10000.0,case_167,0,0,7644.5625,7589.1865234375,deeponet,0018,0.0,7970,0,0.0
-2.0,500000.0,0.5,25000.0,case_167,0,0,22644.5625,22589.1875,deeponet,0018,0.0,7970,0,0.0
-2.0,500000.0,0.5,101325.0,case_167,0,0,98969.5625,98914.1875,deeponet,0018,0.0,7970,0,0.0
-2.0,1000000.0,1.0,2500.0,case_168,70,0,-49.318359375,-244.521240234375,deeponet,0018,0.00602258469259724,7852,48,0.014805520702634882
-2.0,1000000.0,1.0,3000.0,case_168,0,0,450.681640625,255.478759765625,deeponet,0018,0.0,7970,0,0.0
-2.0,1000000.0,1.0,5000.0,case_168,0,0,2450.681640625,2255.47900390625,deeponet,0018,0.0,7970,0,0.0
-2.0,1000000.0,1.0,10000.0,case_168,0,0,7450.681640625,7255.478515625,deeponet,0018,0.0,7970,0,0.0
-2.0,1000000.0,1.0,25000.0,case_168,0,0,22450.681640625,22255.478515625,deeponet,0018,0.0,7970,0,0.0
-2.0,1000000.0,1.0,101325.0,case_168,0,0,98775.6796875,98580.4765625,deeponet,0018,0.0,7970,0,0.0
0.0,100000.0,0.09999999999999999,2500.0,case_169,0,0,198.0546875,196.777587890625,deeponet,0018,0.0,7970,0,0.0
0.0,100000.0,0.09999999999999999,3000.0,case_169,0,0,698.0546875,696.777587890625,deeponet,0018,0.0,7970,0,0.0
0.0,100000.0,0.09999999999999999,5000.0,case_169,0,0,2698.0546875,2696.77734375,deeponet,0018,0.0,7970,0,0.0
0.0,100000.0,0.09999999999999999,10000.0,case_169,0,0,7698.0546875,7696.77734375,deeponet,0018,0.0,7970,0,0.0
0.0,100000.0,0.09999999999999999,25000.0,case_169,0,0,22698.0546875,22696.77734375,deeponet,0018,0.0,7970,0,0.0
0.0,100000.0,0.09999999999999999,101325.0,case_169,0,0,99023.0546875,99021.78125,deeponet,0018,0.0,7970,0,0.0
0.0,200000.0,0.19999999999999998,2500.0,case_170,0,0,192.2626953125,187.0283203125,deeponet,0018,0.0,7970,0,0.0
0.0,200000.0,0.19999999999999998,3000.0,case_170,0,0,692.2626953125,687.0283203125,deeponet,0018,0.0,7970,0,0.0
0.0,200000.0,0.19999999999999998,5000.0,case_170,0,0,2692.2626953125,2687.0283203125,deeponet,0018,0.0,7970,0,0.0
0.0,200000.0,0.19999999999999998,10000.0,case_170,0,0,7692.2626953125,7687.0283203125,deeponet,0018,0.0,7970,0,0.0
0.0,200000.0,0.19999999999999998,25000.0,case_170,0,0,22692.26171875,22687.029296875,deeponet,0018,0.0,7970,0,0.0
0.0,200000.0,0.19999999999999998,101325.0,case_170,0,0,99017.265625,99012.03125,deeponet,0018,0.0,7970,0,0.0
0.0,500000.0,0.5,2500.0,case_171,0,0,150.21875,118.266845703125,deeponet,0018,0.0,7970,0,0.0
0.0,500000.0,0.5,3000.0,case_171,0,0,650.21875,618.266845703125,deeponet,0018,0.0,7970,0,0.0
0.0,500000.0,0.5,5000.0,case_171,0,0,2650.21875,2618.2666015625,deeponet,0018,0.0,7970,0,0.0
0.0,500000.0,0.5,10000.0,case_171,0,0,7650.21875,7618.2666015625,deeponet,0018,0.0,7970,0,0.0
0.0,500000.0,0.5,25000.0,case_171,0,0,22650.21875,22618.267578125,deeponet,0018,0.0,7970,0,0.0
0.0,500000.0,0.5,101325.0,case_171,0,0,98975.21875,98943.265625,deeponet,0018,0.0,7970,0,0.0
0.0,1000000.0,1.0,2500.0,case_172,68,6,-9.616943359375,-127.8173828125,deeponet,0018,0.0008782936010037642,7895,1,0.008657465495608531
0.0,1000000.0,1.0,3000.0,case_172,0,0,490.383056640625,372.1826171875,deeponet,0018,0.0,7970,0,0.0
0.0,1000000.0,1.0,5000.0,case_172,0,0,2490.38330078125,2372.1826171875,deeponet,0018,0.0,7970,0,0.0
0.0,1000000.0,1.0,10000.0,case_172,0,0,7490.3828125,7372.1826171875,deeponet,0018,0.0,7970,0,0.0
0.0,1000000.0,1.0,25000.0,case_172,0,0,22490.3828125,22372.18359375,deeponet,0018,0.0,7970,0,0.0
0.0,1000000.0,1.0,101325.0,case_172,0,0,98815.3828125,98697.1796875,deeponet,0018,0.0,7970,0,0.0
2.0,100000.0,0.09999999999999999,2500.0,case_173,0,0,197.42138671875,196.198974609375,deeponet,0018,0.0,7970,0,0.0
2.0,100000.0,0.09999999999999999,3000.0,case_173,0,0,697.42138671875,696.198974609375,deeponet,0018,0.0,7970,0,0.0
2.0,100000.0,0.09999999999999999,5000.0,case_173,0,0,2697.42138671875,2696.19921875,deeponet,0018,0.0,7970,0,0.0
2.0,100000.0,0.09999999999999999,10000.0,case_173,0,0,7697.421875,7696.19921875,deeponet,0018,0.0,7970,0,0.0
2.0,100000.0,0.09999999999999999,25000.0,case_173,0,0,22697.421875,22696.19921875,deeponet,0018,0.0,7970,0,0.0
2.0,100000.0,0.09999999999999999,101325.0,case_173,0,0,99022.421875,99021.1953125,deeponet,0018,0.0,7970,0,0.0
2.0,200000.0,0.19999999999999998,2500.0,case_174,0,0,189.675537109375,184.7294921875,deeponet,0018,0.0,7970,0,0.0
2.0,200000.0,0.19999999999999998,3000.0,case_174,0,0,689.675537109375,684.7294921875,deeponet,0018,0.0,7970,0,0.0
2.0,200000.0,0.19999999999999998,5000.0,case_174,0,0,2689.67578125,2684.7294921875,deeponet,0018,0.0,7970,0,0.0
2.0,200000.0,0.19999999999999998,10000.0,case_174,0,0,7689.67578125,7684.7294921875,deeponet,0018,0.0,7970,0,0.0
2.0,200000.0,0.19999999999999998,25000.0,case_174,0,0,22689.67578125,22684.728515625,deeponet,0018,0.0,7970,0,0.0
2.0,200000.0,0.19999999999999998,101325.0,case_174,0,0,99014.671875,99009.7265625,deeponet,0018,0.0,7970,0,0.0
2.0,500000.0,0.5,2500.0,case_175,0,0,133.267333984375,104.596435546875,deeponet,0018,0.0,7970,0,0.0
2.0,500000.0,0.5,3000.0,case_175,0,0,633.267333984375,604.596435546875,deeponet,0018,0.0,7970,0,0.0
2.0,500000.0,0.5,5000.0,case_175,0,0,2633.267578125,2604.5966796875,deeponet,0018,0.0,7970,0,0.0
2.0,500000.0,0.5,10000.0,case_175,0,0,7633.267578125,7604.5966796875,deeponet,0018,0.0,7970,0,0.0
2.0,500000.0,0.5,25000.0,case_175,0,0,22633.267578125,22604.595703125,deeponet,0018,0.0,7970,0,0.0
2.0,500000.0,0.5,101325.0,case_175,0,0,98958.265625,98929.59375,deeponet,0018,0.0,7970,0,0.0
2.0,1000000.0,1.0,2500.0,case_176,40,19,-73.73046875,-181.80224609375,deeponet,0018,0.006900878293601004,7875,36,0.009535759096612296
2.0,1000000.0,1.0,3000.0,case_176,0,0,426.26953125,318.19775390625,deeponet,0018,0.0,7970,0,0.0
2.0,1000000.0,1.0,5000.0,case_176,0,0,2426.26953125,2318.19775390625,deeponet,0018,0.0,7970,0,0.0
2.0,1000000.0,1.0,10000.0,case_176,0,0,7426.26953125,7318.1982421875,deeponet,0018,0.0,7970,0,0.0
2.0,1000000.0,1.0,25000.0,case_176,0,0,22426.26953125,22318.197265625,deeponet,0018,0.0,7970,0,0.0
2.0,1000000.0,1.0,101325.0,case_176,0,0,98751.2734375,98643.1953125,deeponet,0018,0.0,7970,0,0.0
4.0,100000.0,0.09999999999999999,2500.0,case_177,0,0,196.635498046875,194.564697265625,deeponet,0018,0.0,7970,0,0.0
4.0,100000.0,0.09999999999999999,3000.0,case_177,0,0,696.635498046875,694.564697265625,deeponet,0018,0.0,7970,0,0.0
4.0,100000.0,0.09999999999999999,5000.0,case_177,0,0,2696.6357421875,2694.56494140625,deeponet,0018,0.0,7970,0,0.0
4.0,100000.0,0.09999999999999999,10000.0,case_177,0,0,7696.6357421875,7694.564453125,deeponet,0018,0.0,7970,0,0.0
4.0,100000.0,0.09999999999999999,25000.0,case_177,0,0,22696.634765625,22694.564453125,deeponet,0018,0.0,7970,0,0.0
4.0,100000.0,0.09999999999999999,101325.0,case_177,0,0,99021.6328125,99019.5625,deeponet,0018,0.0,7970,0,0.0
4.0,200000.0,0.19999999999999998,2500.0,case_178,0,0,186.47607421875,178.11181640625,deeponet,0018,0.0,7970,0,0.0
4.0,200000.0,0.19999999999999998,3000.0,case_178,0,0,686.47607421875,678.11181640625,deeponet,0018,0.0,7970,0,0.0
4.0,200000.0,0.19999999999999998,5000.0,case_178,0,0,2686.47607421875,2678.11181640625,deeponet,0018,0.0,7970,0,0.0
4.0,200000.0,0.19999999999999998,10000.0,case_178,0,0,7686.4765625,7678.1123046875,deeponet,0018,0.0,7970,0,0.0
4.0,200000.0,0.19999999999999998,25000.0,case_178,0,0,22686.4765625,22678.111328125,deeponet,0018,0.0,7970,0,0.0
4.0,200000.0,0.19999999999999998,101325.0,case_178,0,0,99011.4765625,99003.109375,deeponet,0018,0.0,7970,0,0.0
4.0,500000.0,0.5,2500.0,case_179,0,0,113.50146484375,62.71044921875,deeponet,0018,0.0,7970,0,0.0
4.0,500000.0,0.5,3000.0,case_179,0,0,613.50146484375,562.71044921875,deeponet,0018,0.0,7970,0,0.0
4.0,500000.0,0.5,5000.0,case_179,0,0,2613.50146484375,2562.71044921875,deeponet,0018,0.0,7970,0,0.0
4.0,500000.0,0.5,10000.0,case_179,0,0,7613.5009765625,7562.7109375,deeponet,0018,0.0,7970,0,0.0
4.0,500000.0,0.5,25000.0,case_179,0,0,22613.501953125,22562.7109375,deeponet,0018,0.0,7970,0,0.0
4.0,500000.0,0.5,101325.0,case_179,0,0,98938.5,98887.7109375,deeponet,0018,0.0,7970,0,0.0
4.0,1000000.0,1.0,2500.0,case_180,44,17,-143.133056640625,-349.804931640625,deeponet,0018,0.014178168130489334,7813,96,0.01756587202007528
4.0,1000000.0,1.0,3000.0,case_180,0,0,356.866943359375,150.195068359375,deeponet,0018,0.0,7970,0,0.0
4.0,1000000.0,1.0,5000.0,case_180,0,0,2356.8671875,2150.19482421875,deeponet,0018,0.0,7970,0,0.0
4.0,1000000.0,1.0,10000.0,case_180,0,0,7356.8671875,7150.1953125,deeponet,0018,0.0,7970,0,0.0
4.0,1000000.0,1.0,25000.0,case_180,0,0,22356.8671875,22150.1953125,deeponet,0018,0.0,7970,0,0.0
4.0,1000000.0,1.0,101325.0,case_180,0,0,98681.8671875,98475.1953125,deeponet,0018,0.0,7970,0,0.0
6.0,100000.0,0.09999999999999999,2500.0,case_181,0,0,195.736328125,192.713623046875,deeponet,0018,0.0,7970,0,0.0
6.0,100000.0,0.09999999999999999,3000.0,case_181,0,0,695.736328125,692.713623046875,deeponet,0018,0.0,7970,0,0.0
6.0,100000.0,0.09999999999999999,5000.0,case_181,0,0,2695.736328125,2692.7138671875,deeponet,0018,0.0,7970,0,0.0
6.0,100000.0,0.09999999999999999,10000.0,case_181,0,0,7695.736328125,7692.7138671875,deeponet,0018,0.0,7970,0,0.0
6.0,100000.0,0.09999999999999999,25000.0,case_181,0,0,22695.736328125,22692.712890625,deeponet,0018,0.0,7970,0,0.0
6.0,100000.0,0.09999999999999999,101325.0,case_181,0,0,99020.734375,99017.7109375,deeponet,0018,0.0,7970,0,0.0
6.0,200000.0,0.19999999999999998,2500.0,case_182,0,0,182.8154296875,170.652587890625,deeponet,0018,0.0,7970,0,0.0
6.0,200000.0,0.19999999999999998,3000.0,case_182,0,0,682.8154296875,670.652587890625,deeponet,0018,0.0,7970,0,0.0
6.0,200000.0,0.19999999999999998,5000.0,case_182,0,0,2682.8154296875,2670.65283203125,deeponet,0018,0.0,7970,0,0.0
6.0,200000.0,0.19999999999999998,10000.0,case_182,0,0,7682.8154296875,7670.65234375,deeponet,0018,0.0,7970,0,0.0
6.0,200000.0,0.19999999999999998,25000.0,case_182,0,0,22682.81640625,22670.65234375,deeponet,0018,0.0,7970,0,0.0
6.0,200000.0,0.19999999999999998,101325.0,case_182,0,0,99007.8125,98995.65625,deeponet,0018,0.0,7970,0,0.0
6.0,500000.0,0.5,2500.0,case_183,0,0,91.15283203125,15.696533203125,deeponet,0018,0.0,7970,0,0.0
6.0,500000.0,0.5,3000.0,case_183,0,0,591.15283203125,515.696533203125,deeponet,0018,0.0,7970,0,0.0
6.0,500000.0,0.5,5000.0,case_183,0,0,2591.15283203125,2515.6962890625,deeponet,0018,0.0,7970,0,0.0
6.0,500000.0,0.5,10000.0,case_183,0,0,7591.15234375,7515.6962890625,deeponet,0018,0.0,7970,0,0.0
6.0,500000.0,0.5,25000.0,case_183,0,0,22591.15234375,22515.697265625,deeponet,0018,0.0,7970,0,0.0
6.0,500000.0,0.5,101325.0,case_183,0,0,98916.15625,98840.6953125,deeponet,0018,0.0,7970,0,0.0
6.0,1000000.0,1.0,2500.0,case_184,56,14,-227.80224609375,-538.44677734375,deeponet,0018,0.023462986198243413,7727,173,0.028732747804265997
6.0,1000000.0,1.0,3000.0,case_184,1,0,272.19775390625,-38.44677734375,deeponet,0018,0.0,7969,0,0.00012547051442910915
6.0,1000000.0,1.0,5000.0,case_184,0,0,2272.19775390625,1961.55322265625,deeponet,0018,0.0,7970,0,0.0
6.0,1000000.0,1.0,10000.0,case_184,0,0,7272.197265625,6961.552734375,deeponet,0018,0.0,7970,0,0.0
6.0,1000000.0,1.0,25000.0,case_184,0,0,22272.197265625,21961.552734375,deeponet,0018,0.0,7970,0,0.0
6.0,1000000.0,1.0,101325.0,case_184,0,0,98597.1953125,98286.5546875,deeponet,0018,0.0,7970,0,0.0
8.0,100000.0,0.09999999999999999,2500.0,case_185,0,0,194.78515625,190.0263671875,deeponet,0018,0.0,7970,0,0.0
8.0,100000.0,0.09999999999999999,3000.0,case_185,0,0,694.78515625,690.0263671875,deeponet,0018,0.0,7970,0,0.0
8.0,100000.0,0.09999999999999999,5000.0,case_185,0,0,2694.78515625,2690.0263671875,deeponet,0018,0.0,7970,0,0.0
8.0,100000.0,0.09999999999999999,10000.0,case_185,0,0,7694.78515625,7690.0263671875,deeponet,0018,0.0,7970,0,0.0
8.0,100000.0,0.09999999999999999,25000.0,case_185,0,0,22694.78515625,22690.02734375,deeponet,0018,0.0,7970,0,0.0
8.0,100000.0,0.09999999999999999,101325.0,case_185,0,0,99019.78125,99015.0234375,deeponet,0018,0.0,7970,0,0.0
8.0,200000.0,0.19999999999999998,2500.0,case_186,0,0,178.93310546875,161.822265625,deeponet,0018,0.0,7970,0,0.0
8.0,200000.0,0.19999999999999998,3000.0,case_186,0,0,678.93310546875,661.822265625,deeponet,0018,0.0,7970,0,0.0
8.0,200000.0,0.19999999999999998,5000.0,case_186,0,0,2678.93310546875,2661.822265625,deeponet,0018,0.0,7970,0,0.0
8.0,200000.0,0.19999999999999998,10000.0,case_186,0,0,7678.9326171875,7661.822265625,deeponet,0018,0.0,7970,0,0.0
8.0,200000.0,0.19999999999999998,25000.0,case_186,0,0,22678.93359375,22661.822265625,deeponet,0018,0.0,7970,0,0.0
8.0,200000.0,0.19999999999999998,101325.0,case_186,0,0,99003.9296875,98986.8203125,deeponet,0018,0.0,7970,0,0.0
8.0,500000.0,0.5,2500.0,case_187,3,0,66.439697265625,-40.1259765625,deeponet,0018,0.0,7967,0,0.0003764115432873275
8.0,500000.0,0.5,3000.0,case_187,0,0,566.439697265625,459.8740234375,deeponet,0018,0.0,7970,0,0.0
8.0,500000.0,0.5,5000.0,case_187,0,0,2566.439453125,2459.8740234375,deeponet,0018,0.0,7970,0,0.0
8.0,500000.0,0.5,10000.0,case_187,0,0,7566.439453125,7459.8740234375,deeponet,0018,0.0,7970,0,0.0
8.0,500000.0,0.5,25000.0,case_187,0,0,22566.439453125,22459.873046875,deeponet,0018,0.0,7970,0,0.0
8.0,500000.0,0.5,101325.0,case_187,0,0,98891.4375,98784.875,deeponet,0018,0.0,7970,0,0.0
8.0,1000000.0,1.0,2500.0,case_188,38,17,-328.4400634765625,-763.091796875,deeponet,0018,0.03776662484316186,7631,284,0.04040150564617315
8.0,1000000.0,1.0,3000.0,case_188,7,0,171.56005859375,-263.091796875,deeponet,0018,0.0,7963,0,0.0008782936010037642
8.0,1000000.0,1.0,5000.0,case_188,0,0,2171.56005859375,1736.908203125,deeponet,0018,0.0,7970,0,0.0
8.0,1000000.0,1.0,10000.0,case_188,0,0,7171.5595703125,6736.908203125,deeponet,0018,0.0,7970,0,0.0
8.0,1000000.0,1.0,25000.0,case_188,0,0,22171.560546875,21736.908203125,deeponet,0018,0.0,7970,0,0.0
8.0,1000000.0,1.0,101325.0,case_188,0,0,98496.5625,98061.90625,deeponet,0018,0.0,7970,0,0.0
10.0,100000.0,0.09999999999999999,2500.0,case_189,0,0,193.836181640625,186.980712890625,deeponet,0018,0.0,7970,0,0.0
10.0,100000.0,0.09999999999999999,3000.0,case_189,0,0,693.836181640625,686.980712890625,deeponet,0018,0.0,7970,0,0.0
10.0,100000.0,0.09999999999999999,5000.0,case_189,0,0,2693.8359375,2686.98095703125,deeponet,0018,0.0,7970,0,0.0
10.0,100000.0,0.09999999999999999,10000.0,case_189,0,0,7693.8359375,7686.98046875,deeponet,0018,0.0,7970,0,0.0
10.0,100000.0,0.09999999999999999,25000.0,case_189,0,0,22693.8359375,22686.98046875,deeponet,0018,0.0,7970,0,0.0
10.0,100000.0,0.09999999999999999,101325.0,case_189,0,0,99018.8359375,99011.984375,deeponet,0018,0.0,7970,0,0.0
10.0,200000.0,0.19999999999999998,2500.0,case_190,0,0,175.05078125,147.224365234375,deeponet,0018,0.0,7970,0,0.0
10.0,200000.0,0.19999999999999998,3000.0,case_190,0,0,675.05078125,647.224365234375,deeponet,0018,0.0,7970,0,0.0
10.0,200000.0,0.19999999999999998,5000.0,case_190,0,0,2675.05078125,2647.224609375,deeponet,0018,0.0,7970,0,0.0
10.0,200000.0,0.19999999999999998,10000.0,case_190,0,0,7675.05078125,7647.224609375,deeponet,0018,0.0,7970,0,0.0
10.0,200000.0,0.19999999999999998,25000.0,case_190,0,0,22675.05078125,22647.224609375,deeponet,0018,0.0,7970,0,0.0
10.0,200000.0,0.19999999999999998,101325.0,case_190,0,0,99000.0546875,98972.2265625,deeponet,0018,0.0,7970,0,0.0
10.0,500000.0,0.5,2500.0,case_191,7,0,40.23193359375,-119.437744140625,deeponet,0018,0.0,7963,0,0.0008782936010037642
10.0,500000.0,0.5,3000.0,case_191,0,0,540.23193359375,380.562255859375,deeponet,0018,0.0,7970,0,0.0
10.0,500000.0,0.5,5000.0,case_191,0,0,2540.23193359375,2380.56201171875,deeponet,0018,0.0,7970,0,0.0
10.0,500000.0,0.5,10000.0,case_191,0,0,7540.2314453125,7380.5625,deeponet,0018,0.0,7970,0,0.0
10.0,500000.0,0.5,25000.0,case_191,0,0,22540.232421875,22380.5625,deeponet,0018,0.0,7970,0,0.0
10.0,500000.0,0.5,101325.0,case_191,0,0,98865.234375,98705.5625,deeponet,0018,0.0,7970,0,0.0
10.0,1000000.0,1.0,2500.0,case_192,22,41,-437.572265625,-1081.6754150390625,deeponet,0018,0.05595984943538269,7502,405,0.05357590966122961
10.0,1000000.0,1.0,3000.0,case_192,15,0,62.427734375,-581.6754150390625,deeponet,0018,0.0,7955,0,0.0018820577164366374
10.0,1000000.0,1.0,5000.0,case_192,0,0,2062.427734375,1418.32470703125,deeponet,0018,0.0,7970,0,0.0
10.0,1000000.0,1.0,10000.0,case_192,0,0,7062.427734375,6418.32421875,deeponet,0018,0.0,7970,0,0.0
10.0,1000000.0,1.0,25000.0,case_192,0,0,22062.427734375,21418.32421875,deeponet,0018,0.0,7970,0,0.0
10.0,1000000.0,1.0,101325.0,case_192,0,0,98387.4296875,97743.328125,deeponet,0018,0.0,7970,0,0.0
-4.0,100000.0,0.09999999999999999,2500.0,case_321,0,0,197.791015625,195.163818359375,deeponet,4418,0.0,7975,0,0.0
-4.0,100000.0,0.09999999999999999,3000.0,case_321,0,0,697.791015625,695.163818359375,deeponet,4418,0.0,7975,0,0.0
-4.0,100000.0,0.09999999999999999,5000.0,case_321,0,0,2697.791015625,2695.1640625,deeponet,4418,0.0,7975,0,0.0
-4.0,100000.0,0.09999999999999999,10000.0,case_321,0,0,7697.791015625,7695.1640625,deeponet,4418,0.0,7975,0,0.0
-4.0,100000.0,0.09999999999999999,25000.0,case_321,0,0,22697.791015625,22695.1640625,deeponet,4418,0.0,7975,0,0.0
-4.0,100000.0,0.09999999999999999,101325.0,case_321,0,0,99022.7890625,99020.1640625,deeponet,4418,0.0,7975,0,0.0
-4.0,200000.0,0.19999999999999998,2500.0,case_322,0,0,191.468017578125,180.60693359375,deeponet,4418,0.0,7975,0,0.0
-4.0,200000.0,0.19999999999999998,3000.0,case_322,0,0,691.468017578125,680.60693359375,deeponet,4418,0.0,7975,0,0.0
-4.0,200000.0,0.19999999999999998,5000.0,case_322,0,0,2691.46826171875,2680.60693359375,deeponet,4418,0.0,7975,0,0.0
-4.0,200000.0,0.19999999999999998,10000.0,case_322,0,0,7691.4677734375,7680.6064453125,deeponet,4418,0.0,7975,0,0.0
-4.0,200000.0,0.19999999999999998,25000.0,case_322,0,0,22691.46875,22680.607421875,deeponet,4418,0.0,7975,0,0.0
-4.0,200000.0,0.19999999999999998,101325.0,case_322,0,0,99016.46875,99005.609375,deeponet,4418,0.0,7975,0,0.0
-4.0,500000.0,0.5,2500.0,case_323,0,0,146.62890625,78.342529296875,deeponet,4418,0.0,7975,0,0.0
-4.0,500000.0,0.5,3000.0,case_323,0,0,646.62890625,578.342529296875,deeponet,4418,0.0,7975,0,0.0
-4.0,500000.0,0.5,5000.0,case_323,0,0,2646.62890625,2578.34228515625,deeponet,4418,0.0,7975,0,0.0
-4.0,500000.0,0.5,10000.0,case_323,0,0,7646.62890625,7578.3427734375,deeponet,4418,0.0,7975,0,0.0
-4.0,500000.0,0.5,25000.0,case_323,0,0,22646.62890625,22578.341796875,deeponet,4418,0.0,7975,0,0.0
-4.0,500000.0,0.5,101325.0,case_323,0,0,98971.6328125,98903.34375,deeponet,4418,0.0,7975,0,0.0
-4.0,1000000.0,1.0,2500.0,case_324,64,23,-43.77880859375,-287.235107421875,deeponet,4418,0.007272727272727273,7853,35,0.012413793103448275
-4.0,1000000.0,1.0,3000.0,case_324,0,0,456.22119140625,212.764892578125,deeponet,4418,0.0,7975,0,0.0
-4.0,1000000.0,1.0,5000.0,case_324,0,0,2456.22119140625,2212.76513671875,deeponet,4418,0.0,7975,0,0.0
-4.0,1000000.0,1.0,10000.0,case_324,0,0,7456.2216796875,7212.7646484375,deeponet,4418,0.0,7975,0,0.0
-4.0,1000000.0,1.0,25000.0,case_324,0,0,22456.220703125,22212.765625,deeponet,4418,0.0,7975,0,0.0
-4.0,1000000.0,1.0,101325.0,case_324,0,0,98781.21875,98537.765625,deeponet,4418,0.0,7975,0,0.0
-2.0,100000.0,0.09999999999999999,2500.0,case_325,0,0,197.1162109375,196.4130859375,deeponet,4418,0.0,7975,0,0.0
-2.0,100000.0,0.09999999999999999,3000.0,case_325,0,0,697.1162109375,696.4130859375,deeponet,4418,0.0,7975,0,0.0
-2.0,100000.0,0.09999999999999999,5000.0,case_325,0,0,2697.1162109375,2696.4130859375,deeponet,4418,0.0,7975,0,0.0
-2.0,100000.0,0.09999999999999999,10000.0,case_325,0,0,7697.1162109375,7696.4130859375,deeponet,4418,0.0,7975,0,0.0
-2.0,100000.0,0.09999999999999999,25000.0,case_325,0,0,22697.115234375,22696.4140625,deeponet,4418,0.0,7975,0,0.0
-2.0,100000.0,0.09999999999999999,101325.0,case_325,0,0,99022.1171875,99021.4140625,deeponet,4418,0.0,7975,0,0.0
-2.0,200000.0,0.19999999999999998,2500.0,case_326,0,0,188.7685546875,185.549072265625,deeponet,4418,0.0,7975,0,0.0
-2.0,200000.0,0.19999999999999998,3000.0,case_326,0,0,688.7685546875,685.549072265625,deeponet,4418,0.0,7975,0,0.0
-2.0,200000.0,0.19999999999999998,5000.0,case_326,0,0,2688.7685546875,2685.548828125,deeponet,4418,0.0,7975,0,0.0
-2.0,200000.0,0.19999999999999998,10000.0,case_326,0,0,7688.7685546875,7685.548828125,deeponet,4418,0.0,7975,0,0.0
-2.0,200000.0,0.19999999999999998,25000.0,case_326,0,0,22688.767578125,22685.548828125,deeponet,4418,0.0,7975,0,0.0
-2.0,200000.0,0.19999999999999998,101325.0,case_326,0,0,99013.765625,99010.546875,deeponet,4418,0.0,7975,0,0.0
-2.0,500000.0,0.5,2500.0,case_327,0,0,131.345947265625,109.31884765625,deeponet,4418,0.0,7975,0,0.0
-2.0,500000.0,0.5,3000.0,case_327,0,0,631.345947265625,609.31884765625,deeponet,4418,0.0,7975,0,0.0
-2.0,500000.0,0.5,5000.0,case_327,0,0,2631.34619140625,2609.31884765625,deeponet,4418,0.0,7975,0,0.0
-2.0,500000.0,0.5,10000.0,case_327,0,0,7631.345703125,7609.3193359375,deeponet,4418,0.0,7975,0,0.0
-2.0,500000.0,0.5,25000.0,case_327,0,0,22631.345703125,22609.318359375,deeponet,4418,0.0,7975,0,0.0
-2.0,500000.0,0.5,101325.0,case_327,0,0,98956.34375,98934.3203125,deeponet,4418,0.0,7975,0,0.0
-2.0,1000000.0,1.0,2500.0,case_328,37,0,-118.0107421875,-163.20556640625,deeponet,4418,0.009655172413793104,7861,77,0.014294670846394984
-2.0,1000000.0,1.0,3000.0,case_328,0,0,381.9892578125,336.79443359375,deeponet,4418,0.0,7975,0,0.0
-2.0,1000000.0,1.0,5000.0,case_328,0,0,2381.9892578125,2336.79443359375,deeponet,4418,0.0,7975,0,0.0
-2.0,1000000.0,1.0,10000.0,case_328,0,0,7381.9892578125,7336.794921875,deeponet,4418,0.0,7975,0,0.0
-2.0,1000000.0,1.0,25000.0,case_328,0,0,22381.990234375,22336.794921875,deeponet,4418,0.0,7975,0,0.0
-2.0,1000000.0,1.0,101325.0,case_328,0,0,98706.9921875,98661.796875,deeponet,4418,0.0,7975,0,0.0
0.0,100000.0,0.09999999999999999,2500.0,case_329,0,0,196.283447265625,195.641357421875,deeponet,4418,0.0,7975,0,0.0
0.0,100000.0,0.09999999999999999,3000.0,case_329,0,0,696.283447265625,695.641357421875,deeponet,4418,0.0,7975,0,0.0
0.0,100000.0,0.09999999999999999,5000.0,case_329,0,0,2696.28369140625,2695.6416015625,deeponet,4418,0.0,7975,0,0.0
0.0,100000.0,0.09999999999999999,10000.0,case_329,0,0,7696.283203125,7695.6416015625,deeponet,4418,0.0,7975,0,0.0
0.0,100000.0,0.09999999999999999,25000.0,case_329,0,0,22696.283203125,22695.640625,deeponet,4418,0.0,7975,0,0.0
0.0,100000.0,0.09999999999999999,101325.0,case_329,0,0,99021.28125,99020.640625,deeponet,4418,0.0,7975,0,0.0
0.0,200000.0,0.19999999999999998,2500.0,case_330,0,0,185.415771484375,182.413818359375,deeponet,4418,0.0,7975,0,0.0
0.0,200000.0,0.19999999999999998,3000.0,case_330,0,0,685.415771484375,682.413818359375,deeponet,4418,0.0,7975,0,0.0
0.0,200000.0,0.19999999999999998,5000.0,case_330,0,0,2685.416015625,2682.4140625,deeponet,4418,0.0,7975,0,0.0
0.0,200000.0,0.19999999999999998,10000.0,case_330,0,0,7685.416015625,7682.4140625,deeponet,4418,0.0,7975,0,0.0
0.0,200000.0,0.19999999999999998,25000.0,case_330,0,0,22685.416015625,22682.4140625,deeponet,4418,0.0,7975,0,0.0
0.0,200000.0,0.19999999999999998,101325.0,case_330,0,0,99010.4140625,99007.4140625,deeponet,4418,0.0,7975,0,0.0
0.0,500000.0,0.5,2500.0,case_331,0,0,110.1376953125,89.517578125,deeponet,4418,0.0,7975,0,0.0
0.0,500000.0,0.5,3000.0,case_331,0,0,610.1376953125,589.517578125,deeponet,4418,0.0,7975,0,0.0
0.0,500000.0,0.5,5000.0,case_331,0,0,2610.1376953125,2589.517578125,deeponet,4418,0.0,7975,0,0.0
0.0,500000.0,0.5,10000.0,case_331,0,0,7610.1376953125,7589.517578125,deeponet,4418,0.0,7975,0,0.0
0.0,500000.0,0.5,25000.0,case_331,0,0,22610.138671875,22589.517578125,deeponet,4418,0.0,7975,0,0.0
0.0,500000.0,0.5,101325.0,case_331,0,0,98935.140625,98914.515625,deeponet,4418,0.0,7975,0,0.0
0.0,1000000.0,1.0,2500.0,case_332,12,1,-211.20751953125,-244.50146484375,deeponet,4418,0.020564263322884014,7799,163,0.0219435736677116
0.0,1000000.0,1.0,3000.0,case_332,0,0,288.79248046875,255.49853515625,deeponet,4418,0.0,7975,0,0.0
0.0,1000000.0,1.0,5000.0,case_332,0,0,2288.79248046875,2255.49853515625,deeponet,4418,0.0,7975,0,0.0
0.0,1000000.0,1.0,10000.0,case_332,0,0,7288.79296875,7255.4990234375,deeponet,4418,0.0,7975,0,0.0
0.0,1000000.0,1.0,25000.0,case_332,0,0,22288.79296875,22255.498046875,deeponet,4418,0.0,7975,0,0.0
0.0,1000000.0,1.0,101325.0,case_332,0,0,98613.7890625,98580.5,deeponet,4418,0.0,7975,0,0.0
2.0,100000.0,0.09999999999999999,2500.0,case_333,0,0,195.33740234375,194.81201171875,deeponet,4418,0.0,7975,0,0.0
2.0,100000.0,0.09999999999999999,3000.0,case_333,0,0,695.33740234375,694.81201171875,deeponet,4418,0.0,7975,0,0.0
2.0,100000.0,0.09999999999999999,5000.0,case_333,0,0,2695.33740234375,2694.81201171875,deeponet,4418,0.0,7975,0,0.0
2.0,100000.0,0.09999999999999999,10000.0,case_333,0,0,7695.337890625,7694.8115234375,deeponet,4418,0.0,7975,0,0.0
2.0,100000.0,0.09999999999999999,25000.0,case_333,0,0,22695.337890625,22694.8125,deeponet,4418,0.0,7975,0,0.0
2.0,100000.0,0.09999999999999999,101325.0,case_333,0,0,99020.3359375,99019.8125,deeponet,4418,0.0,7975,0,0.0
2.0,200000.0,0.19999999999999998,2500.0,case_334,0,0,181.55859375,179.06689453125,deeponet,4418,0.0,7975,0,0.0
2.0,200000.0,0.19999999999999998,3000.0,case_334,0,0,681.55859375,679.06689453125,deeponet,4418,0.0,7975,0,0.0
2.0,200000.0,0.19999999999999998,5000.0,case_334,0,0,2681.55859375,2679.06689453125,deeponet,4418,0.0,7975,0,0.0
2.0,200000.0,0.19999999999999998,10000.0,case_334,0,0,7681.55859375,7679.0673828125,deeponet,4418,0.0,7975,0,0.0
2.0,200000.0,0.19999999999999998,25000.0,case_334,0,0,22681.55859375,22679.06640625,deeponet,4418,0.0,7975,0,0.0
2.0,200000.0,0.19999999999999998,101325.0,case_334,0,0,99006.5625,99004.0703125,deeponet,4418,0.0,7975,0,0.0
2.0,500000.0,0.5,2500.0,case_335,0,0,85.761474609375,68.273681640625,deeponet,4418,0.0,7975,0,0.0
2.0,500000.0,0.5,3000.0,case_335,0,0,585.761474609375,568.273681640625,deeponet,4418,0.0,7975,0,0.0
2.0,500000.0,0.5,5000.0,case_335,0,0,2585.76123046875,2568.2734375,deeponet,4418,0.0,7975,0,0.0
2.0,500000.0,0.5,10000.0,case_335,0,0,7585.76171875,7568.2734375,deeponet,4418,0.0,7975,0,0.0
2.0,500000.0,0.5,25000.0,case_335,0,0,22585.76171875,22568.2734375,deeponet,4418,0.0,7975,0,0.0
2.0,500000.0,0.5,101325.0,case_335,0,0,98910.7578125,98893.2734375,deeponet,4418,0.0,7975,0,0.0
2.0,1000000.0,1.0,2500.0,case_336,14,12,-297.4920654296875,-328.09521484375,deeponet,4418,0.03322884012539185,7696,253,0.03347962382445141
2.0,1000000.0,1.0,3000.0,case_336,0,0,202.5078125,171.90478515625,deeponet,4418,0.0,7975,0,0.0
2.0,1000000.0,1.0,5000.0,case_336,0,0,2202.5078125,2171.90478515625,deeponet,4418,0.0,7975,0,0.0
2.0,1000000.0,1.0,10000.0,case_336,0,0,7202.5078125,7171.904296875,deeponet,4418,0.0,7975,0,0.0
2.0,1000000.0,1.0,25000.0,case_336,0,0,22202.5078125,22171.904296875,deeponet,4418,0.0,7975,0,0.0
2.0,1000000.0,1.0,101325.0,case_336,0,0,98527.5078125,98496.90625,deeponet,4418,0.0,7975,0,0.0
4.0,100000.0,0.09999999999999999,2500.0,case_337,0,0,194.345703125,193.659423828125,deeponet,4418,0.0,7975,0,0.0
4.0,100000.0,0.09999999999999999,3000.0,case_337,0,0,694.345703125,693.659423828125,deeponet,4418,0.0,7975,0,0.0
4.0,100000.0,0.09999999999999999,5000.0,case_337,0,0,2694.345703125,2693.6591796875,deeponet,4418,0.0,7975,0,0.0
4.0,100000.0,0.09999999999999999,10000.0,case_337,0,0,7694.345703125,7693.6591796875,deeponet,4418,0.0,7975,0,0.0
4.0,100000.0,0.09999999999999999,25000.0,case_337,0,0,22694.345703125,22693.66015625,deeponet,4418,0.0,7975,0,0.0
4.0,100000.0,0.09999999999999999,101325.0,case_337,0,0,99019.34375,99018.65625,deeponet,4418,0.0,7975,0,0.0
4.0,200000.0,0.19999999999999998,2500.0,case_338,0,0,177.49267578125,174.443359375,deeponet,4418,0.0,7975,0,0.0
4.0,200000.0,0.19999999999999998,3000.0,case_338,0,0,677.49267578125,674.443359375,deeponet,4418,0.0,7975,0,0.0
4.0,200000.0,0.19999999999999998,5000.0,case_338,0,0,2677.49267578125,2674.443359375,deeponet,4418,0.0,7975,0,0.0
4.0,200000.0,0.19999999999999998,10000.0,case_338,0,0,7677.4921875,7674.443359375,deeponet,4418,0.0,7975,0,0.0
4.0,200000.0,0.19999999999999998,25000.0,case_338,0,0,22677.4921875,22674.443359375,deeponet,4418,0.0,7975,0,0.0
4.0,200000.0,0.19999999999999998,101325.0,case_338,0,0,99002.4921875,98999.4453125,deeponet,4418,0.0,7975,0,0.0
4.0,500000.0,0.5,2500.0,case_339,0,0,60.654541015625,39.06787109375,deeponet,4418,0.0,7975,0,0.0
4.0,500000.0,0.5,3000.0,case_339,0,0,560.654541015625,539.06787109375,deeponet,4418,0.0,7975,0,0.0
4.0,500000.0,0.5,5000.0,case_339,0,0,2560.65478515625,2539.06787109375,deeponet,4418,0.0,7975,0,0.0
4.0,500000.0,0.5,10000.0,case_339,0,0,7560.654296875,7539.068359375,deeponet,4418,0.0,7975,0,0.0
4.0,500000.0,0.5,25000.0,case_339,0,0,22560.654296875,22539.068359375,deeponet,4418,0.0,7975,0,0.0
4.0,500000.0,0.5,101325.0,case_339,0,0,98885.65625,98864.0703125,deeponet,4418,0.0,7975,0,0.0
4.0,1000000.0,1.0,2500.0,case_340,20,15,-380.102783203125,-445.319091796875,deeponet,4418,0.04714733542319749,7579,361,0.047774294670846394
4.0,1000000.0,1.0,3000.0,case_340,0,0,119.897216796875,54.680908203125,deeponet,4418,0.0,7975,0,0.0
4.0,1000000.0,1.0,5000.0,case_340,0,0,2119.89697265625,2054.68115234375,deeponet,4418,0.0,7975,0,0.0
4.0,1000000.0,1.0,10000.0,case_340,0,0,7119.8974609375,7054.6806640625,deeponet,4418,0.0,7975,0,0.0
4.0,1000000.0,1.0,25000.0,case_340,0,0,22119.896484375,22054.681640625,deeponet,4418,0.0,7975,0,0.0
4.0,1000000.0,1.0,101325.0,case_340,0,0,98444.8984375,98379.6796875,deeponet,4418,0.0,7975,0,0.0
6.0,100000.0,0.09999999999999999,2500.0,case_341,0,0,193.371826171875,192.252197265625,deeponet,4418,0.0,7975,0,0.0
6.0,100000.0,0.09999999999999999,3000.0,case_341,0,0,693.371826171875,692.252197265625,deeponet,4418,0.0,7975,0,0.0
6.0,100000.0,0.09999999999999999,5000.0,case_341,0,0,2693.37158203125,2692.25244140625,deeponet,4418,0.0,7975,0,0.0
6.0,100000.0,0.09999999999999999,10000.0,case_341,0,0,7693.3720703125,7692.251953125,deeponet,4418,0.0,7975,0,0.0
6.0,100000.0,0.09999999999999999,25000.0,case_341,0,0,22693.37109375,22692.251953125,deeponet,4418,0.0,7975,0,0.0
6.0,100000.0,0.09999999999999999,101325.0,case_341,0,0,99018.375,99017.25,deeponet,4418,0.0,7975,0,0.0
6.0,200000.0,0.19999999999999998,2500.0,case_342,0,0,173.490478515625,168.659912109375,deeponet,4418,0.0,7975,0,0.0
6.0,200000.0,0.19999999999999998,3000.0,case_342,0,0,673.490478515625,668.659912109375,deeponet,4418,0.0,7975,0,0.0
6.0,200000.0,0.19999999999999998,5000.0,case_342,0,0,2673.490234375,2668.66015625,deeponet,4418,0.0,7975,0,0.0
6.0,200000.0,0.19999999999999998,10000.0,case_342,0,0,7673.490234375,7668.66015625,deeponet,4418,0.0,7975,0,0.0
6.0,200000.0,0.19999999999999998,25000.0,case_342,0,0,22673.490234375,22668.66015625,deeponet,4418,0.0,7975,0,0.0
6.0,200000.0,0.19999999999999998,101325.0,case_342,0,0,98998.4921875,98993.65625,deeponet,4418,0.0,7975,0,0.0
6.0,500000.0,0.5,2500.0,case_343,0,0,36.10791015625,5.263671875,deeponet,4418,0.0,7975,0,0.0
6.0,500000.0,0.5,3000.0,case_343,0,0,536.10791015625,505.263671875,deeponet,4418,0.0,7975,0,0.0
6.0,500000.0,0.5,5000.0,case_343,0,0,2536.10791015625,2505.263671875,deeponet,4418,0.0,7975,0,0.0
6.0,500000.0,0.5,10000.0,case_343,0,0,7536.1083984375,7505.263671875,deeponet,4418,0.0,7975,0,0.0
6.0,500000.0,0.5,25000.0,case_343,0,0,22536.107421875,22505.263671875,deeponet,4418,0.0,7975,0,0.0
6.0,500000.0,0.5,101325.0,case_343,0,0,98861.109375,98830.265625,deeponet,4418,0.0,7975,0,0.0
6.0,1000000.0,1.0,2500.0,case_344,31,10,-465.597900390625,-589.191650390625,deeponet,4418,0.06257053291536051,7445,489,0.0652037617554859
6.0,1000000.0,1.0,3000.0,case_344,7,0,34.402099609375,-89.191650390625,deeponet,4418,0.0,7968,0,0.0008777429467084639
6.0,1000000.0,1.0,5000.0,case_344,0,0,2034.40185546875,1910.80810546875,deeponet,4418,0.0,7975,0,0.0
6.0,1000000.0,1.0,10000.0,case_344,0,0,7034.40234375,6910.80859375,deeponet,4418,0.0,7975,0,0.0
6.0,1000000.0,1.0,25000.0,case_344,0,0,22034.40234375,21910.80859375,deeponet,4418,0.0,7975,0,0.0
6.0,1000000.0,1.0,101325.0,case_344,0,0,98359.3984375,98235.8046875,deeponet,4418,0.0,7975,0,0.0
8.0,100000.0,0.09999999999999999,2500.0,case_345,0,0,192.451904296875,190.67626953125,deeponet,4418,0.0,7975,0,0.0
8.0,100000.0,0.09999999999999999,3000.0,case_345,0,0,692.451904296875,690.67626953125,deeponet,4418,0.0,7975,0,0.0
8.0,100000.0,0.09999999999999999,5000.0,case_345,0,0,2692.45166015625,2690.67626953125,deeponet,4418,0.0,7975,0,0.0
8.0,100000.0,0.09999999999999999,10000.0,case_345,0,0,7692.4521484375,7690.6767578125,deeponet,4418,0.0,7975,0,0.0
8.0,100000.0,0.09999999999999999,25000.0,case_345,0,0,22692.451171875,22690.67578125,deeponet,4418,0.0,7975,0,0.0
8.0,100000.0,0.09999999999999999,101325.0,case_345,0,0,99017.453125,99015.6796875,deeponet,4418,0.0,7975,0,0.0
8.0,200000.0,0.19999999999999998,2500.0,case_346,0,0,169.722412109375,163.216796875,deeponet,4418,0.0,7975,0,0.0
8.0,200000.0,0.19999999999999998,3000.0,case_346,0,0,669.722412109375,663.216796875,deeponet,4418,0.0,7975,0,0.0
8.0,200000.0,0.19999999999999998,5000.0,case_346,0,0,2669.72216796875,2663.216796875,deeponet,4418,0.0,7975,0,0.0
8.0,200000.0,0.19999999999999998,10000.0,case_346,0,0,7669.72265625,7663.216796875,deeponet,4418,0.0,7975,0,0.0
8.0,200000.0,0.19999999999999998,25000.0,case_346,0,0,22669.72265625,22663.216796875,deeponet,4418,0.0,7975,0,0.0
8.0,200000.0,0.19999999999999998,101325.0,case_346,0,0,98994.71875,98988.21875,deeponet,4418,0.0,7975,0,0.0
8.0,500000.0,0.5,2500.0,case_347,6,0,12.47900390625,-32.08056640625,deeponet,4418,0.0,7969,0,0.0007523510971786833
8.0,500000.0,0.5,3000.0,case_347,0,0,512.47900390625,467.91943359375,deeponet,4418,0.0,7975,0,0.0
8.0,500000.0,0.5,5000.0,case_347,0,0,2512.47900390625,2467.91943359375,deeponet,4418,0.0,7975,0,0.0
8.0,500000.0,0.5,10000.0,case_347,0,0,7512.478515625,7467.919921875,deeponet,4418,0.0,7975,0,0.0
8.0,500000.0,0.5,25000.0,case_347,0,0,22512.478515625,22467.919921875,deeponet,4418,0.0,7975,0,0.0
8.0,500000.0,0.5,101325.0,case_347,0,0,98837.4765625,98792.921875,deeponet,4418,0.0,7975,0,0.0
8.0,1000000.0,1.0,2500.0,case_348,30,11,-554.3759765625,-731.254150390625,deeponet,4418,0.07862068965517241,7318,616,0.08100313479623825
8.0,1000000.0,1.0,3000.0,case_348,13,0,-54.3759765625,-231.254150390625,deeponet,4418,0.0011285266457680251,7953,9,0.002758620689655172
8.0,1000000.0,1.0,5000.0,case_348,0,0,1945.6240234375,1768.745849609375,deeponet,4418,0.0,7975,0,0.0
8.0,1000000.0,1.0,10000.0,case_348,0,0,6945.6240234375,6768.74609375,deeponet,4418,0.0,7975,0,0.0
8.0,1000000.0,1.0,25000.0,case_348,0,0,21945.625,21768.74609375,deeponet,4418,0.0,7975,0,0.0
8.0,1000000.0,1.0,101325.0,case_348,0,0,98270.625,98093.7421875,deeponet,4418,0.0,7975,0,0.0
10.0,100000.0,0.09999999999999999,2500.0,case_349,0,0,191.611572265625,188.794677734375,deeponet,4418,0.0,7975,0,0.0
10.0,100000.0,0.09999999999999999,3000.0,case_349,0,0,691.611572265625,688.794677734375,deeponet,4418,0.0,7975,0,0.0
10.0,100000.0,0.09999999999999999,5000.0,case_349,0,0,2691.611328125,2688.794921875,deeponet,4418,0.0,7975,0,0.0
10.0,100000.0,0.09999999999999999,10000.0,case_349,0,0,7691.611328125,7688.794921875,deeponet,4418,0.0,7975,0,0.0
10.0,100000.0,0.09999999999999999,25000.0,case_349,0,0,22691.611328125,22688.794921875,deeponet,4418,0.0,7975,0,0.0
10.0,100000.0,0.09999999999999999,101325.0,case_349,0,0,99016.609375,99013.796875,deeponet,4418,0.0,7975,0,0.0
10.0,200000.0,0.19999999999999998,2500.0,case_350,0,0,166.26806640625,155.97265625,deeponet,4418,0.0,7975,0,0.0
10.0,200000.0,0.19999999999999998,3000.0,case_350,0,0,666.26806640625,655.97265625,deeponet,4418,0.0,7975,0,0.0
10.0,200000.0,0.19999999999999998,5000.0,case_350,0,0,2666.26806640625,2655.97265625,deeponet,4418,0.0,7975,0,0.0
10.0,200000.0,0.19999999999999998,10000.0,case_350,0,0,7666.2685546875,7655.97265625,deeponet,4418,0.0,7975,0,0.0
10.0,200000.0,0.19999999999999998,25000.0,case_350,0,0,22666.267578125,22655.97265625,deeponet,4418,0.0,7975,0,0.0
10.0,200000.0,0.19999999999999998,101325.0,case_350,0,0,98991.265625,98980.9765625,deeponet,4418,0.0,7975,0,0.0
10.0,500000.0,0.5,2500.0,case_351,13,0,-10.524658203125,-77.8056640625,deeponet,4418,0.0008777429467084639,7955,7,0.0025078369905956114
10.0,500000.0,0.5,3000.0,case_351,0,0,489.475341796875,422.1943359375,deeponet,4418,0.0,7975,0,0.0
10.0,500000.0,0.5,5000.0,case_351,0,0,2489.4755859375,2422.1943359375,deeponet,4418,0.0,7975,0,0.0
10.0,500000.0,0.5,10000.0,case_351,0,0,7489.4755859375,7422.1943359375,deeponet,4418,0.0,7975,0,0.0
10.0,500000.0,0.5,25000.0,case_351,0,0,22489.474609375,22422.1953125,deeponet,4418,0.0,7975,0,0.0
10.0,500000.0,0.5,101325.0,case_351,0,0,98814.4765625,98747.1953125,deeponet,4418,0.0,7975,0,0.0
10.0,1000000.0,1.0,2500.0,case_352,32,7,-645.0135498046875,-914.831787109375,deeponet,4418,0.09567398119122257,7180,756,0.09880877742946709
10.0,1000000.0,1.0,3000.0,case_352,16,0,-145.013671875,-414.831787109375,deeponet,4418,0.0030094043887147334,7935,24,0.005015673981191223
10.0,1000000.0,1.0,5000.0,case_352,0,0,1854.986328125,1585.168212890625,deeponet,4418,0.0,7975,0,0.0
10.0,1000000.0,1.0,10000.0,case_352,0,0,6854.986328125,6585.16796875,deeponet,4418,0.0,7975,0,0.0
10.0,1000000.0,1.0,25000.0,case_352,0,0,21854.986328125,21585.16796875,deeponet,4418,0.0,7975,0,0.0
10.0,1000000.0,1.0,101325.0,case_352,0,0,98179.984375,97910.171875,deeponet,4418,0.0,7975,0,0.0
