AoA,Re,U_inf,ambient_pressure_Pa,case,fn,fp,min_pred_margin_Pa,min_truth_margin_Pa,model,naca,pred_risky_fraction,tn,tp,truth_risky_fraction
-4.0,100000.0,0.09999999999999999,2500.0,case_129,0,0,194.597412109375,194.35107421875,unet,0015,0.0,8008,0,0.0
-4.0,100000.0,0.09999999999999999,3000.0,case_129,0,0,694.597412109375,694.35107421875,unet,0015,0.0,8008,0,0.0
-4.0,100000.0,0.09999999999999999,5000.0,case_129,0,0,2694.59765625,2694.35107421875,unet,0015,0.0,8008,0,0.0
-4.0,100000.0,0.09999999999999999,10000.0,case_129,0,0,7694.59765625,7694.3505859375,unet,0015,0.0,8008,0,0.0
-4.0,100000.0,0.09999999999999999,25000.0,case_129,0,0,22694.59765625,22694.3515625,unet,0015,0.0,8008,0,0.0
-4.0,100000.0,0.09999999999999999,101325.0,case_129,0,0,99019.59375,99019.3515625,unet,0015,0.0,8008,0,0.0
-4.0,200000.0,0.19999999999999998,2500.0,case_130,0,0,178.4462890625,177.379638671875,unet,0015,0.0,8008,0,0.0
-4.0,200000.0,0.19999999999999998,3000.0,case_130,0,0,678.4462890625,677.379638671875,unet,0015,0.0,8008,0,0.0
-4.0,200000.0,0.19999999999999998,5000.0,case_130,0,0,2678.4462890625,2677.37939453125,unet,0015,0.0,8008,0,0.0
-4.0,200000.0,0.19999999999999998,10000.0,case_130,0,0,7678.4462890625,7677.3798828125,unet,0015,0.0,8008,0,0.0
-4.0,200000.0,0.19999999999999998,25000.0,case_130,0,0,22678.4453125,22677.37890625,unet,0015,0.0,8008,0,0.0
-4.0,200000.0,0.19999999999999998,101325.0,case_130,0,0,99003.4453125,99002.3828125,unet,0015,0.0,8008,0,0.0
-4.0,500000.0,0.5,2500.0,case_131,0,0,66.4609375,57.5546875,unet,0015,0.0,8008,0,0.0
-4.0,500000.0,0.5,3000.0,case_131,0,0,566.4609375,557.5546875,unet,0015,0.0,8008,0,0.0
-4.0,500000.0,0.5,5000.0,case_131,0,0,2566.4609375,2557.5546875,unet,0015,0.0,8008,0,0.0
-4.0,500000.0,0.5,10000.0,case_131,0,0,7566.4609375,7557.5546875,unet,0015,0.0,8008,0,0.0
-4.0,500000.0,0.5,25000.0,case_131,0,0,22566.4609375,22557.5546875,unet,0015,0.0,8008,0,0.0
-4.0,500000.0,0.5,101325.0,case_131,0,0,98891.4609375,98882.5546875,unet,0015,0.0,8008,0,0.0
-4.0,1000000.0,1.0,2500.0,case_132,43,1,-324.723876953125,-371.20068359375,unet,0015,0.01510989010989011,7844,120,0.020354645354645356
-4.0,1000000.0,1.0,3000.0,case_132,0,0,175.276123046875,128.79931640625,unet,0015,0.0,8008,0,0.0
-4.0,1000000.0,1.0,5000.0,case_132,0,0,2175.2763671875,2128.79931640625,unet,0015,0.0,8008,0,0.0
-4.0,1000000.0,1.0,10000.0,case_132,0,0,7175.2763671875,7128.7998046875,unet,0015,0.0,8008,0,0.0
-4.0,1000000.0,1.0,25000.0,case_132,0,0,22175.275390625,22128.798828125,unet,0015,0.0,8008,0,0.0
-4.0,1000000.0,1.0,101325.0,case_132,0,0,98500.2734375,98453.796875,unet,0015,0.0,8008,0,0.0
-2.0,100000.0,0.09999999999999999,2500.0,case_133,0,0,195.58837890625,195.881591796875,unet,0015,0.0,8008,0,0.0
-2.0,100000.0,0.09999999999999999,3000.0,case_133,0,0,695.58837890625,695.881591796875,unet,0015,0.0,8008,0,0.0
-2.0,100000.0,0.09999999999999999,5000.0,case_133,0,0,2695.58837890625,2695.88134765625,unet,0015,0.0,8008,0,0.0
-2.0,100000.0,0.09999999999999999,10000.0,case_133,0,0,7695.5888671875,7695.8818359375,unet,0015,0.0,8008,0,0.0
-2.0,100000.0,0.09999999999999999,25000.0,case_133,0,0,22695.587890625,22695.880859375,unet,0015,0.0,8008,0,0.0
-2.0,100000.0,0.09999999999999999,101325.0,case_133,0,0,99020.5859375,99020.8828125,unet,0015,0.0,8008,0,0.0
-2.0,200000.0,0.19999999999999998,2500.0,case_134,0,0,182.5361328125,183.510009765625,unet,0015,0.0,8008,0,0.0
-2.0,200000.0,0.19999999999999998,3000.0,case_134,0,0,682.5361328125,683.510009765625,unet,0015,0.0,8008,0,0.0
-2.0,200000.0,0.19999999999999998,5000.0,case_134,0,0,2682.5361328125,2683.509765625,unet,0015,0.0,8008,0,0.0
-2.0,200000.0,0.19999999999999998,10000.0,case_134,0,0,7682.5361328125,7683.509765625,unet,0015,0.0,8008,0,0.0
-2.0,200000.0,0.19999999999999998,25000.0,case_134,0,0,22682.537109375,22683.509765625,unet,0015,0.0,8008,0,0.0
-2.0,200000.0,0.19999999999999998,101325.0,case_134,0,0,99007.5390625,99008.5078125,unet,0015,0.0,8008,0,0.0
-2.0,500000.0,0.5,2500.0,case_135,0,0,94.475830078125,96.166015625,unet,0015,0.0,8008,0,0.0
-2.0,500000.0,0.5,3000.0,case_135,0,0,594.475830078125,596.166015625,unet,0015,0.0,8008,0,0.0
-2.0,500000.0,0.5,5000.0,case_135,0,0,2594.4755859375,2596.166015625,unet,0015,0.0,8008,0,0.0
-2.0,500000.0,0.5,10000.0,case_135,0,0,7594.4755859375,7596.166015625,unet,0015,0.0,8008,0,0.0
-2.0,500000.0,0.5,25000.0,case_135,0,0,22594.4765625,22596.166015625,unet,0015,0.0,8008,0,0.0
-2.0,500000.0,0.5,101325.0,case_135,0,0,98919.4765625,98921.1640625,unet,0015,0.0,8008,0,0.0
-2.0,1000000.0,1.0,2500.0,case_136,8,9,-195.48046875,-216.358642578125,unet,0015,0.01048951048951049,7916,75,0.010364635364635364
-2.0,1000000.0,1.0,3000.0,case_136,0,0,304.51953125,283.641357421875,unet,0015,0.0,8008,0,0.0
-2.0,1000000.0,1.0,5000.0,case_136,0,0,2304.51953125,2283.64111328125,unet,0015,0.0,8008,0,0.0
-2.0,1000000.0,1.0,10000.0,case_136,0,0,7304.51953125,7283.6416015625,unet,0015,0.0,8008,0,0.0
-2.0,1000000.0,1.0,25000.0,case_136,0,0,22304.51953125,22283.640625,unet,0015,0.0,8008,0,0.0
-2.0,1000000.0,1.0,101325.0,case_136,0,0,98629.5234375,98608.640625,unet,0015,0.0,8008,0,0.0
0.0,100000.0,0.09999999999999999,2500.0,case_137,0,0,197.502685546875,197.3544921875,unet,0015,0.0,8008,0,0.0
0.0,100000.0,0.09999999999999999,3000.0,case_137,0,0,697.502685546875,697.3544921875,unet,0015,0.0,8008,0,0.0
0.0,100000.0,0.09999999999999999,5000.0,case_137,0,0,2697.5029296875,2697.3544921875,unet,0015,0.0,8008,0,0.0
0.0,100000.0,0.09999999999999999,10000.0,case_137,0,0,7697.5029296875,7697.3544921875,unet,0015,0.0,8008,0,0.0
0.0,100000.0,0.09999999999999999,25000.0,case_137,0,0,22697.501953125,22697.353515625,unet,0015,0.0,8008,0,0.0
0.0,100000.0,0.09999999999999999,101325.0,case_137,0,0,99022.5,99022.3515625,unet,0015,0.0,8008,0,0.0
0.0,200000.0,0.19999999999999998,2500.0,case_138,0,0,190.21337890625,189.410400390625,unet,0015,0.0,8008,0,0.0
0.0,200000.0,0.19999999999999998,3000.0,case_138,0,0,690.21337890625,689.410400390625,unet,0015,0.0,8008,0,0.0
0.0,200000.0,0.19999999999999998,5000.0,case_138,0,0,2690.21337890625,2689.41015625,unet,0015,0.0,8008,0,0.0
0.0,200000.0,0.19999999999999998,10000.0,case_138,0,0,7690.212890625,7689.41015625,unet,0015,0.0,8008,0,0.0
0.0,200000.0,0.19999999999999998,25000.0,case_138,0,0,22690.212890625,22689.41015625,unet,0015,0.0,8008,0,0.0
0.0,200000.0,0.19999999999999998,101325.0,case_138,0,0,99015.2109375,99014.4140625,unet,0015,0.0,8008,0,0.0
0.0,500000.0,0.5,2500.0,case_139,0,0,140.342041015625,133.32568359375,unet,0015,0.0,8008,0,0.0
0.0,500000.0,0.5,3000.0,case_139,0,0,640.342041015625,633.32568359375,unet,0015,0.0,8008,0,0.0
0.0,500000.0,0.5,5000.0,case_139,0,0,2640.341796875,2633.32568359375,unet,0015,0.0,8008,0,0.0
0.0,500000.0,0.5,10000.0,case_139,0,0,7640.341796875,7633.3251953125,unet,0015,0.0,8008,0,0.0
0.0,500000.0,0.5,25000.0,case_139,0,0,22640.341796875,22633.326171875,unet,0015,0.0,8008,0,0.0
0.0,500000.0,0.5,101325.0,case_139,0,0,98965.34375,98958.328125,unet,0015,0.0,8008,0,0.0
0.0,1000000.0,1.0,2500.0,case_140,5,29,-58.7783203125,-67.346923828125,unet,0015,0.006368631368631369,7952,22,0.0033716283716283715
0.0,1000000.0,1.0,3000.0,case_140,0,0,441.2216796875,432.653076171875,unet,0015,0.0,8008,0,0.0
0.0,1000000.0,1.0,5000.0,case_140,0,0,2441.2216796875,2432.65283203125,unet,0015,0.0,8008,0,0.0
0.0,1000000.0,1.0,10000.0,case_140,0,0,7441.2216796875,7432.6533203125,unet,0015,0.0,8008,0,0.0
0.0,1000000.0,1.0,25000.0,case_140,0,0,22441.22265625,22432.65234375,unet,0015,0.0,8008,0,0.0
0.0,1000000.0,1.0,101325.0,case_140,0,0,98766.21875,98757.65625,unet,0015,0.0,8008,0,0.0
2.0,100000.0,0.09999999999999999,2500.0,case_141,0,0,196.357421875,196.626220703125,unet,0015,0.0,8008,0,0.0
2.0,100000.0,0.09999999999999999,3000.0,case_141,0,0,696.357421875,696.626220703125,unet,0015,0.0,8008,0,0.0
2.0,100000.0,0.09999999999999999,5000.0,case_141,0,0,2696.357421875,2696.6259765625,unet,0015,0.0,8008,0,0.0
2.0,100000.0,0.09999999999999999,10000.0,case_141,0,0,7696.357421875,7696.6259765625,unet,0015,0.0,8008,0,0.0
2.0,100000.0,0.09999999999999999,25000.0,case_141,0,0,22696.357421875,22696.626953125,unet,0015,0.0,8008,0,0.0
2.0,100000.0,0.09999999999999999,101325.0,case_141,0,0,99021.359375,99021.625,unet,0015,0.0,8008,0,0.0
2.0,200000.0,0.19999999999999998,2500.0,case_142,0,0,185.269775390625,186.32275390625,unet,0015,0.0,8008,0,0.0
2.0,200000.0,0.19999999999999998,3000.0,case_142,0,0,685.269775390625,686.32275390625,unet,0015,0.0,8008,0,0.0
2.0,200000.0,0.19999999999999998,5000.0,case_142,0,0,2685.26953125,2686.32275390625,unet,0015,0.0,8008,0,0.0
2.0,200000.0,0.19999999999999998,10000.0,case_142,0,0,7685.26953125,7686.322265625,unet,0015,0.0,8008,0,0.0
2.0,200000.0,0.19999999999999998,25000.0,case_142,0,0,22685.26953125,22686.322265625,unet,0015,0.0,8008,0,0.0
2.0,200000.0,0.19999999999999998,101325.0,case_142,0,0,99010.2734375,99011.3203125,unet,0015,0.0,8008,0,0.0
2.0,500000.0,0.5,2500.0,case_143,0,0,104.940673828125,114.163818359375,unet,0015,0.0,8008,0,0.0
2.0,500000.0,0.5,3000.0,case_143,0,0,604.940673828125,614.163818359375,unet,0015,0.0,8008,0,0.0
2.0,500000.0,0.5,5000.0,case_143,0,0,2604.94091796875,2614.1640625,unet,0015,0.0,8008,0,0.0
2.0,500000.0,0.5,10000.0,case_143,0,0,7604.9404296875,7614.1640625,unet,0015,0.0,8008,0,0.0
2.0,500000.0,0.5,25000.0,case_143,0,0,22604.94140625,22614.1640625,unet,0015,0.0,8008,0,0.0
2.0,500000.0,0.5,101325.0,case_143,0,0,98929.9375,98939.1640625,unet,0015,0.0,8008,0,0.0
2.0,1000000.0,1.0,2500.0,case_144,0,8,-200.262451171875,-143.816162109375,unet,0015,0.006743256743256743,7954,46,0.005744255744255744
2.0,1000000.0,1.0,3000.0,case_144,0,0,299.737548828125,356.183837890625,unet,0015,0.0,8008,0,0.0
2.0,1000000.0,1.0,5000.0,case_144,0,0,2299.73779296875,2356.18408203125,unet,0015,0.0,8008,0,0.0
2.0,1000000.0,1.0,10000.0,case_144,0,0,7299.7373046875,7356.18359375,unet,0015,0.0,8008,0,0.0
2.0,1000000.0,1.0,25000.0,case_144,0,0,22299.73828125,22356.18359375,unet,0015,0.0,8008,0,0.0
2.0,1000000.0,1.0,101325.0,case_144,0,0,98624.734375,98681.1875,unet,0015,0.0,8008,0,0.0
4.0,100000.0,0.09999999999999999,2500.0,case_145,0,0,194.95849609375,195.107177734375,unet,0015,0.0,8008,0,0.0
4.0,100000.0,0.09999999999999999,3000.0,case_145,0,0,694.95849609375,695.107177734375,unet,0015,0.0,8008,0,0.0
4.0,100000.0,0.09999999999999999,5000.0,case_145,0,0,2694.95849609375,2695.107421875,unet,0015,0.0,8008,0,0.0
4.0,100000.0,0.09999999999999999,10000.0,case_145,0,0,7694.9580078125,7695.107421875,unet,0015,0.0,8008,0,0.0
4.0,100000.0,0.09999999999999999,25000.0,case_145,0,0,22694.958984375,22695.107421875,unet,0015,0.0,8008,0,0.0
4.0,100000.0,0.09999999999999999,101325.0,case_145,0,0,99019.9609375,99020.109375,unet,0015,0.0,8008,0,0.0
4.0,200000.0,0.19999999999999998,2500.0,case_146,0,0,179.66650390625,180.282958984375,unet,0015,0.0,8008,0,0.0
4.0,200000.0,0.19999999999999998,3000.0,case_146,0,0,679.66650390625,680.282958984375,unet,0015,0.0,8008,0,0.0
4.0,200000.0,0.19999999999999998,5000.0,case_146,0,0,2679.66650390625,2680.283203125,unet,0015,0.0,8008,0,0.0
4.0,200000.0,0.19999999999999998,10000.0,case_146,0,0,7679.666015625,7680.283203125,unet,0015,0.0,8008,0,0.0
4.0,200000.0,0.19999999999999998,25000.0,case_146,0,0,22679.666015625,22680.283203125,unet,0015,0.0,8008,0,0.0
4.0,200000.0,0.19999999999999998,101325.0,case_146,0,0,99004.6640625,99005.28125,unet,0015,0.0,8008,0,0.0
4.0,500000.0,0.5,2500.0,case_147,0,0,69.741455078125,76.218505859375,unet,0015,0.0,8008,0,0.0
4.0,500000.0,0.5,3000.0,case_147,0,0,569.741455078125,576.218505859375,unet,0015,0.0,8008,0,0.0
4.0,500000.0,0.5,5000.0,case_147,0,0,2569.74169921875,2576.21875,unet,0015,0.0,8008,0,0.0
4.0,500000.0,0.5,10000.0,case_147,0,0,7569.7412109375,7576.21875,unet,0015,0.0,8008,0,0.0
4.0,500000.0,0.5,25000.0,case_147,0,0,22569.7421875,22576.21875,unet,0015,0.0,8008,0,0.0
4.0,500000.0,0.5,101325.0,case_147,0,0,98894.7421875,98901.21875,unet,0015,0.0,8008,0,0.0
4.0,1000000.0,1.0,2500.0,case_148,4,4,-342.71044921875,-295.1934814453125,unet,0015,0.013861138861138862,7893,107,0.013861138861138862
4.0,1000000.0,1.0,3000.0,case_148,0,0,157.28955078125,204.806640625,unet,0015,0.0,8008,0,0.0
4.0,1000000.0,1.0,5000.0,case_148,0,0,2157.28955078125,2204.806640625,unet,0015,0.0,8008,0,0.0
4.0,1000000.0,1.0,10000.0,case_148,0,0,7157.2900390625,7204.806640625,unet,0015,0.0,8008,0,0.0
4.0,1000000.0,1.0,25000.0,case_148,0,0,22157.2890625,22204.806640625,unet,0015,0.0,8008,0,0.0
4.0,1000000.0,1.0,101325.0,case_148,0,0,98482.2890625,98529.8046875,unet,0015,0.0,8008,0,0.0
6.0,100000.0,0.09999999999999999,2500.0,case_149,0,0,193.461181640625,193.47412109375,unet,0015,0.0,8008,0,0.0
6.0,100000.0,0.09999999999999999,3000.0,case_149,0,0,693.461181640625,693.47412109375,unet,0015,0.0,8008,0,0.0
6.0,100000.0,0.09999999999999999,5000.0,case_149,0,0,2693.4609375,2693.47412109375,unet,0015,0.0,8008,0,0.0
6.0,100000.0,0.09999999999999999,10000.0,case_149,0,0,7693.4609375,7693.4736328125,unet,0015,0.0,8008,0,0.0
6.0,100000.0,0.09999999999999999,25000.0,case_149,0,0,22693.4609375,22693.474609375,unet,0015,0.0,8008,0,0.0
6.0,100000.0,0.09999999999999999,101325.0,case_149,0,0,99018.4609375,99018.4765625,unet,0015,0.0,8008,0,0.0
6.0,200000.0,0.19999999999999998,2500.0,case_150,0,0,173.66015625,173.625244140625,unet,0015,0.0,8008,0,0.0
6.0,200000.0,0.19999999999999998,3000.0,case_150,0,0,673.66015625,673.625244140625,unet,0015,0.0,8008,0,0.0
6.0,200000.0,0.19999999999999998,5000.0,case_150,0,0,2673.66015625,2673.62548828125,unet,0015,0.0,8008,0,0.0
6.0,200000.0,0.19999999999999998,10000.0,case_150,0,0,7673.66015625,7673.625,unet,0015,0.0,8008,0,0.0
6.0,200000.0,0.19999999999999998,25000.0,case_150,0,0,22673.66015625,22673.625,unet,0015,0.0,8008,0,0.0
6.0,200000.0,0.19999999999999998,101325.0,case_150,0,0,98998.6640625,98998.625,unet,0015,0.0,8008,0,0.0
6.0,500000.0,0.5,2500.0,case_151,0,0,31.90576171875,38.3076171875,unet,0015,0.0,8008,0,0.0
6.0,500000.0,0.5,3000.0,case_151,0,0,531.90576171875,538.3076171875,unet,0015,0.0,8008,0,0.0
6.0,500000.0,0.5,5000.0,case_151,0,0,2531.90576171875,2538.3076171875,unet,0015,0.0,8008,0,0.0
6.0,500000.0,0.5,10000.0,case_151,0,0,7531.90625,7538.3076171875,unet,0015,0.0,8008,0,0.0
6.0,500000.0,0.5,25000.0,case_151,0,0,22531.90625,22538.30859375,unet,0015,0.0,8008,0,0.0
6.0,500000.0,0.5,101325.0,case_151,0,0,98856.90625,98863.3046875,unet,0015,0.0,8008,0,0.0
6.0,1000000.0,1.0,2500.0,case_152,4,7,-495.640380859375,-448.040283203125,unet,0015,0.024725274725274724,7806,191,0.024350649350649352
6.0,1000000.0,1.0,3000.0,case_152,0,0,4.359619140625,51.959716796875,unet,0015,0.0,8008,0,0.0
6.0,1000000.0,1.0,5000.0,case_152,0,0,2004.359375,2051.9599609375,unet,0015,0.0,8008,0,0.0
6.0,1000000.0,1.0,10000.0,case_152,0,0,7004.359375,7051.9599609375,unet,0015,0.0,8008,0,0.0
6.0,1000000.0,1.0,25000.0,case_152,0,0,22004.359375,22051.958984375,unet,0015,0.0,8008,0,0.0
6.0,1000000.0,1.0,101325.0,case_152,0,0,98329.359375,98376.9609375,unet,0015,0.0,8008,0,0.0
8.0,100000.0,0.09999999999999999,2500.0,case_153,0,0,192.01025390625,190.859130859375,unet,0015,0.0,8008,0,0.0
8.0,100000.0,0.09999999999999999,3000.0,case_153,0,0,692.01025390625,690.859130859375,unet,0015,0.0,8008,0,0.0
8.0,100000.0,0.09999999999999999,5000.0,case_153,0,0,2692.01025390625,2690.85888671875,unet,0015,0.0,8008,0,0.0
8.0,100000.0,0.09999999999999999,10000.0,case_153,0,0,7692.0107421875,7690.859375,unet,0015,0.0,8008,0,0.0
8.0,100000.0,0.09999999999999999,25000.0,case_153,0,0,22692.009765625,22690.859375,unet,0015,0.0,8008,0,0.0
8.0,100000.0,0.09999999999999999,101325.0,case_153,0,0,99017.0078125,99015.859375,unet,0015,0.0,8008,0,0.0
8.0,200000.0,0.19999999999999998,2500.0,case_154,0,0,167.88134765625,162.537841796875,unet,0015,0.0,8008,0,0.0
8.0,200000.0,0.19999999999999998,3000.0,case_154,0,0,667.88134765625,662.537841796875,unet,0015,0.0,8008,0,0.0
8.0,200000.0,0.19999999999999998,5000.0,case_154,0,0,2667.88134765625,2662.53759765625,unet,0015,0.0,8008,0,0.0
8.0,200000.0,0.19999999999999998,10000.0,case_154,0,0,7667.8818359375,7662.5380859375,unet,0015,0.0,8008,0,0.0
8.0,200000.0,0.19999999999999998,25000.0,case_154,0,0,22667.880859375,22662.537109375,unet,0015,0.0,8008,0,0.0
8.0,200000.0,0.19999999999999998,101325.0,case_154,0,0,98992.8828125,98987.5390625,unet,0015,0.0,8008,0,0.0
8.0,500000.0,0.5,2500.0,case_155,1,1,-3.68798828125,-31.507568359375,unet,0015,0.00024975024975024975,8005,1,0.00024975024975024975
8.0,500000.0,0.5,3000.0,case_155,0,0,496.31201171875,468.492431640625,unet,0015,0.0,8008,0,0.0
8.0,500000.0,0.5,5000.0,case_155,0,0,2496.31201171875,2468.49267578125,unet,0015,0.0,8008,0,0.0
8.0,500000.0,0.5,10000.0,case_155,0,0,7496.3115234375,7468.4921875,unet,0015,0.0,8008,0,0.0
8.0,500000.0,0.5,25000.0,case_155,0,0,22496.3125,22468.4921875,unet,0015,0.0,8008,0,0.0
8.0,500000.0,0.5,101325.0,case_155,0,0,98821.3125,98793.4921875,unet,0015,0.0,8008,0,0.0
8.0,1000000.0,1.0,2500.0,case_156,3,46,-633.6024169921875,-728.56640625,unet,0015,0.04208291708291708,7668,291,0.03671328671328671
8.0,1000000.0,1.0,3000.0,case_156,0,5,-133.6025390625,-228.56640625,unet,0015,0.001123876123876124,7999,4,0.0004995004995004995
8.0,1000000.0,1.0,5000.0,case_156,0,0,1866.3974609375,1771.43359375,unet,0015,0.0,8008,0,0.0
8.0,1000000.0,1.0,10000.0,case_156,0,0,6866.3974609375,6771.43359375,unet,0015,0.0,8008,0,0.0
8.0,1000000.0,1.0,25000.0,case_156,0,0,21866.3984375,21771.43359375,unet,0015,0.0,8008,0,0.0
8.0,1000000.0,1.0,101325.0,case_156,0,0,98191.3984375,98096.4296875,unet,0015,0.0,8008,0,0.0
10.0,100000.0,0.09999999999999999,2500.0,case_157,0,0,190.71142578125,187.646484375,unet,0015,0.0,8008,0,0.0
10.0,100000.0,0.09999999999999999,3000.0,case_157,0,0,690.71142578125,687.646484375,unet,0015,0.0,8008,0,0.0
10.0,100000.0,0.09999999999999999,5000.0,case_157,0,0,2690.71142578125,2687.646484375,unet,0015,0.0,8008,0,0.0
10.0,100000.0,0.09999999999999999,10000.0,case_157,0,0,7690.7109375,7687.646484375,unet,0015,0.0,8008,0,0.0
10.0,100000.0,0.09999999999999999,25000.0,case_157,0,0,22690.7109375,22687.646484375,unet,0015,0.0,8008,0,0.0
10.0,100000.0,0.09999999999999999,101325.0,case_157,0,0,99015.7109375,99012.6484375,unet,0015,0.0,8008,0,0.0
10.0,200000.0,0.19999999999999998,2500.0,case_158,0,0,162.705078125,150.0302734375,unet,0015,0.0,8008,0,0.0
10.0,200000.0,0.19999999999999998,3000.0,case_158,0,0,662.705078125,650.0302734375,unet,0015,0.0,8008,0,0.0
10.0,200000.0,0.19999999999999998,5000.0,case_158,0,0,2662.705078125,2650.0302734375,unet,0015,0.0,8008,0,0.0
10.0,200000.0,0.19999999999999998,10000.0,case_158,0,0,7662.705078125,7650.0302734375,unet,0015,0.0,8008,0,0.0
10.0,200000.0,0.19999999999999998,25000.0,case_158,0,0,22662.705078125,22650.029296875,unet,0015,0.0,8008,0,0.0
10.0,200000.0,0.19999999999999998,101325.0,case_158,0,0,98987.703125,98975.03125,unet,0015,0.0,8008,0,0.0
10.0,500000.0,0.5,2500.0,case_159,0,4,-35.597900390625,-101.2255859375,unet,0015,0.000999000999000999,8000,4,0.0004995004995004995
10.0,500000.0,0.5,3000.0,case_159,0,0,464.402099609375,398.7744140625,unet,0015,0.0,8008,0,0.0
10.0,500000.0,0.5,5000.0,case_159,0,0,2464.40185546875,2398.7744140625,unet,0015,0.0,8008,0,0.0
10.0,500000.0,0.5,10000.0,case_159,0,0,7464.40234375,7398.7744140625,unet,0015,0.0,8008,0,0.0
10.0,500000.0,0.5,25000.0,case_159,0,0,22464.40234375,22398.775390625,unet,0015,0.0,8008,0,0.0
10.0,500000.0,0.5,101325.0,case_159,0,0,98789.3984375,98723.7734375,unet,0015,0.0,8008,0,0.0
10.0,1000000.0,1.0,2500.0,case_160,3,119,-757.371826171875,-1008.3797607421875,unet,0015,0.06268731268731269,7503,383,0.0482017982017982
10.0,1000000.0,1.0,3000.0,case_160,0,6,-257.371826171875,-508.3797607421875,unet,0015,0.001998001998001998,7992,10,0.0012487512487512488
10.0,1000000.0,1.0,5000.0,case_160,0,0,1742.628173828125,1491.6201171875,unet,0015,0.0,8008,0,0.0
10.0,1000000.0,1.0,10000.0,case_160,0,0,6742.6279296875,6491.6201171875,unet,0015,0.0,8008,0,0.0
10.0,1000000.0,1.0,25000.0,case_160,0,0,21742.62890625,21491.62109375,unet,0015,0.0,8008,0,0.0
10.0,1000000.0,1.0,101325.0,case_160,0,0,98067.625,97816.6171875,unet,0015,0.0,8008,0,0.0
-4.0,100000.0,0.09999999999999999,2500.0,case_193,0,0,195.007568359375,194.198974609375,unet,2412,0.0,8045,0,0.0
-4.0,100000.0,0.09999999999999999,3000.0,case_193,0,0,695.007568359375,694.198974609375,unet,2412,0.0,8045,0,0.0
-4.0,100000.0,0.09999999999999999,5000.0,case_193,0,0,2695.00732421875,2694.19921875,unet,2412,0.0,8045,0,0.0
-4.0,100000.0,0.09999999999999999,10000.0,case_193,0,0,7695.0078125,7694.19921875,unet,2412,0.0,8045,0,0.0
-4.0,100000.0,0.09999999999999999,25000.0,case_193,0,0,22695.0078125,22694.19921875,unet,2412,0.0,8045,0,0.0
-4.0,100000.0,0.09999999999999999,101325.0,case_193,0,0,99020.0078125,99019.1953125,unet,2412,0.0,8045,0,0.0
-4.0,200000.0,0.19999999999999998,2500.0,case_194,0,0,180.088623046875,176.61572265625,unet,2412,0.0,8045,0,0.0
-4.0,200000.0,0.19999999999999998,3000.0,case_194,0,0,680.088623046875,676.61572265625,unet,2412,0.0,8045,0,0.0
-4.0,200000.0,0.19999999999999998,5000.0,case_194,0,0,2680.0888671875,2676.61572265625,unet,2412,0.0,8045,0,0.0
-4.0,200000.0,0.19999999999999998,10000.0,case_194,0,0,7680.0888671875,7676.6162109375,unet,2412,0.0,8045,0,0.0
-4.0,200000.0,0.19999999999999998,25000.0,case_194,0,0,22680.087890625,22676.615234375,unet,2412,0.0,8045,0,0.0
-4.0,200000.0,0.19999999999999998,101325.0,case_194,0,0,99005.0859375,99001.6171875,unet,2412,0.0,8045,0,0.0
-4.0,500000.0,0.5,2500.0,case_195,0,0,76.86328125,53.1650390625,unet,2412,0.0,8045,0,0.0
-4.0,500000.0,0.5,3000.0,case_195,0,0,576.86328125,553.1650390625,unet,2412,0.0,8045,0,0.0
-4.0,500000.0,0.5,5000.0,case_195,0,0,2576.86328125,2553.1650390625,unet,2412,0.0,8045,0,0.0
-4.0,500000.0,0.5,10000.0,case_195,0,0,7576.86328125,7553.1650390625,unet,2412,0.0,8045,0,0.0
-4.0,500000.0,0.5,25000.0,case_195,0,0,22576.86328125,22553.166015625,unet,2412,0.0,8045,0,0.0
-4.0,500000.0,0.5,101325.0,case_195,0,0,98901.8671875,98878.1640625,unet,2412,0.0,8045,0,0.0
-4.0,1000000.0,1.0,2500.0,case_196,5,21,-280.593505859375,-371.87109375,unet,2412,0.008203853325046613,7974,45,0.006215040397762586
-4.0,1000000.0,1.0,3000.0,case_196,0,0,219.406494140625,128.12890625,unet,2412,0.0,8045,0,0.0
-4.0,1000000.0,1.0,5000.0,case_196,0,0,2219.40625,2128.12890625,unet,2412,0.0,8045,0,0.0
-4.0,1000000.0,1.0,10000.0,case_196,0,0,7219.40625,7128.12890625,unet,2412,0.0,8045,0,0.0
-4.0,1000000.0,1.0,25000.0,case_196,0,0,22219.40625,22128.12890625,unet,2412,0.0,8045,0,0.0
-4.0,1000000.0,1.0,101325.0,case_196,0,0,98544.40625,98453.125,unet,2412,0.0,8045,0,0.0
-2.0,100000.0,0.09999999999999999,2500.0,case_197,0,0,196.688720703125,196.49755859375,unet,2412,0.0,8045,0,0.0
-2.0,100000.0,0.09999999999999999,3000.0,case_197,0,0,696.688720703125,696.49755859375,unet,2412,0.0,8045,0,0.0
-2.0,100000.0,0.09999999999999999,5000.0,case_197,0,0,2696.6884765625,2696.49755859375,unet,2412,0.0,8045,0,0.0
-2.0,100000.0,0.09999999999999999,10000.0,case_197,0,0,7696.6884765625,7696.498046875,unet,2412,0.0,8045,0,0.0
-2.0,100000.0,0.09999999999999999,25000.0,case_197,0,0,22696.689453125,22696.498046875,unet,2412,0.0,8045,0,0.0
-2.0,100000.0,0.09999999999999999,101325.0,case_197,0,0,99021.6875,99021.5,unet,2412,0.0,8045,0,0.0
-2.0,200000.0,0.19999999999999998,2500.0,case_198,0,0,187.029296875,186.0244140625,unet,2412,0.0,8045,0,0.0
-2.0,200000.0,0.19999999999999998,3000.0,case_198,0,0,687.029296875,686.0244140625,unet,2412,0.0,8045,0,0.0
-2.0,200000.0,0.19999999999999998,5000.0,case_198,0,0,2687.029296875,2686.0244140625,unet,2412,0.0,8045,0,0.0
-2.0,200000.0,0.19999999999999998,10000.0,case_198,0,0,7687.029296875,7686.0244140625,unet,2412,0.0,8045,0,0.0
-2.0,200000.0,0.19999999999999998,25000.0,case_198,0,0,22687.029296875,22686.025390625,unet,2412,0.0,8045,0,0.0
-2.0,200000.0,0.19999999999999998,101325.0,case_198,0,0,99012.03125,99011.0234375,unet,2412,0.0,8045,0,0.0
-2.0,500000.0,0.5,2500.0,case_199,0,0,124.173095703125,112.22265625,unet,2412,0.0,8045,0,0.0
-2.0,500000.0,0.5,3000.0,case_199,0,0,624.173095703125,612.22265625,unet,2412,0.0,8045,0,0.0
-2.0,500000.0,0.5,5000.0,case_199,0,0,2624.17333984375,2612.22265625,unet,2412,0.0,8045,0,0.0
-2.0,500000.0,0.5,10000.0,case_199,0,0,7624.1728515625,7612.22265625,unet,2412,0.0,8045,0,0.0
-2.0,500000.0,0.5,25000.0,case_199,0,0,22624.173828125,22612.22265625,unet,2412,0.0,8045,0,0.0
-2.0,500000.0,0.5,101325.0,case_199,0,0,98949.171875,98937.2265625,unet,2412,0.0,8045,0,0.0
-2.0,1000000.0,1.0,2500.0,case_200,4,17,-67.82861328125,-151.690185546875,unet,2412,0.003107520198881293,8016,8,0.0014916096954630206
-2.0,1000000.0,1.0,3000.0,case_200,0,0,432.17138671875,348.309814453125,unet,2412,0.0,8045,0,0.0
-2.0,1000000.0,1.0,5000.0,case_200,0,0,2432.17138671875,2348.31005859375,unet,2412,0.0,8045,0,0.0
-2.0,1000000.0,1.0,10000.0,case_200,0,0,7432.1708984375,7348.3095703125,unet,2412,0.0,8045,0,0.0
-2.0,1000000.0,1.0,25000.0,case_200,0,0,22432.171875,22348.310546875,unet,2412,0.0,8045,0,0.0
-2.0,1000000.0,1.0,101325.0,case_200,0,0,98757.171875,98673.3125,unet,2412,0.0,8045,0,0.0
0.0,100000.0,0.09999999999999999,2500.0,case_201,0,0,196.94677734375,197.463134765625,unet,2412,0.0,8045,0,0.0
0.0,100000.0,0.09999999999999999,3000.0,case_201,0,0,696.94677734375,697.463134765625,unet,2412,0.0,8045,0,0.0
0.0,100000.0,0.09999999999999999,5000.0,case_201,0,0,2696.94677734375,2697.462890625,unet,2412,0.0,8045,0,0.0
0.0,100000.0,0.09999999999999999,10000.0,case_201,0,0,7696.947265625,7697.462890625,unet,2412,0.0,8045,0,0.0
0.0,100000.0,0.09999999999999999,25000.0,case_201,0,0,22696.947265625,22697.462890625,unet,2412,0.0,8045,0,0.0
0.0,100000.0,0.09999999999999999,101325.0,case_201,0,0,99021.9453125,99022.4609375,unet,2412,0.0,8045,0,0.0
0.0,200000.0,0.19999999999999998,2500.0,case_202,0,0,187.6806640625,189.9306640625,unet,2412,0.0,8045,0,0.0
0.0,200000.0,0.19999999999999998,3000.0,case_202,0,0,687.6806640625,689.9306640625,unet,2412,0.0,8045,0,0.0
0.0,200000.0,0.19999999999999998,5000.0,case_202,0,0,2687.6806640625,2689.9306640625,unet,2412,0.0,8045,0,0.0
0.0,200000.0,0.19999999999999998,10000.0,case_202,0,0,7687.6806640625,7689.9306640625,unet,2412,0.0,8045,0,0.0
0.0,200000.0,0.19999999999999998,25000.0,case_202,0,0,22687.681640625,22689.9296875,unet,2412,0.0,8045,0,0.0
0.0,200000.0,0.19999999999999998,101325.0,case_202,0,0,99012.6796875,99014.9296875,unet,2412,0.0,8045,0,0.0
0.0,500000.0,0.5,2500.0,case_203,0,0,120.985595703125,136.8232421875,unet,2412,0.0,8045,0,0.0
0.0,500000.0,0.5,3000.0,case_203,0,0,620.985595703125,636.8232421875,unet,2412,0.0,8045,0,0.0
0.0,500000.0,0.5,5000.0,case_203,0,0,2620.9853515625,2636.8232421875,unet,2412,0.0,8045,0,0.0
0.0,500000.0,0.5,10000.0,case_203,0,0,7620.9853515625,7636.8232421875,unet,2412,0.0,8045,0,0.0
0.0,500000.0,0.5,25000.0,case_203,0,0,22620.986328125,22636.82421875,unet,2412,0.0,8045,0,0.0
0.0,500000.0,0.5,101325.0,case_203,0,0,98945.984375,98961.8203125,unet,2412,0.0,8045,0,0.0
0.0,1000000.0,1.0,2500.0,case_204,1,10,-129.78173828125,-53.03076171875,unet,2412,0.004847731510254817,8005,29,0.0037290242386575512
0.0,1000000.0,1.0,3000.0,case_204,0,0,370.21826171875,446.96923828125,unet,2412,0.0,8045,0,0.0
0.0,1000000.0,1.0,5000.0,case_204,0,0,2370.21826171875,2446.96923828125,unet,2412,0.0,8045,0,0.0
0.0,1000000.0,1.0,10000.0,case_204,0,0,7370.2177734375,7446.96875,unet,2412,0.0,8045,0,0.0
0.0,1000000.0,1.0,25000.0,case_204,0,0,22370.21875,22446.96875,unet,2412,0.0,8045,0,0.0
0.0,1000000.0,1.0,101325.0,case_204,0,0,98695.21875,98771.96875,unet,2412,0.0,8045,0,0.0
2.0,100000.0,0.09999999999999999,2500.0,case_205,0,0,195.8896484375,196.541015625,unet,2412,0.0,8045,0,0.0
2.0,100000.0,0.09999999999999999,3000.0,case_205,0,0,695.8896484375,696.541015625,unet,2412,0.0,8045,0,0.0
2.0,100000.0,0.09999999999999999,5000.0,case_205,0,0,2695.8896484375,2696.541015625,unet,2412,0.0,8045,0,0.0
2.0,100000.0,0.09999999999999999,10000.0,case_205,0,0,7695.8896484375,7696.541015625,unet,2412,0.0,8045,0,0.0
2.0,100000.0,0.09999999999999999,25000.0,case_205,0,0,22695.890625,22696.541015625,unet,2412,0.0,8045,0,0.0
2.0,100000.0,0.09999999999999999,101325.0,case_205,0,0,99020.890625,99021.5390625,unet,2412,0.0,8045,0,0.0
2.0,200000.0,0.19999999999999998,2500.0,case_206,0,0,183.43017578125,186.239013671875,unet,2412,0.0,8045,0,0.0
2.0,200000.0,0.19999999999999998,3000.0,case_206,0,0,683.43017578125,686.239013671875,unet,2412,0.0,8045,0,0.0
2.0,200000.0,0.19999999999999998,5000.0,case_206,0,0,2683.43017578125,2686.2392578125,unet,2412,0.0,8045,0,0.0
2.0,200000.0,0.19999999999999998,10000.0,case_206,0,0,7683.4296875,7686.2392578125,unet,2412,0.0,8045,0,0.0
2.0,200000.0,0.19999999999999998,25000.0,case_206,0,0,22683.4296875,22686.23828125,unet,2412,0.0,8045,0,0.0
2.0,200000.0,0.19999999999999998,101325.0,case_206,0,0,99008.4296875,99011.2421875,unet,2412,0.0,8045,0,0.0
2.0,500000.0,0.5,2500.0,case_207,0,0,93.976806640625,113.4375,unet,2412,0.0,8045,0,0.0
2.0,500000.0,0.5,3000.0,case_207,0,0,593.976806640625,613.4375,unet,2412,0.0,8045,0,0.0
2.0,500000.0,0.5,5000.0,case_207,0,0,2593.9765625,2613.4375,unet,2412,0.0,8045,0,0.0
2.0,500000.0,0.5,10000.0,case_207,0,0,7593.9765625,7613.4375,unet,2412,0.0,8045,0,0.0
2.0,500000.0,0.5,25000.0,case_207,0,0,22593.9765625,22613.4375,unet,2412,0.0,8045,0,0.0
2.0,500000.0,0.5,101325.0,case_207,0,0,98918.9765625,98938.4375,unet,2412,0.0,8045,0,0.0
2.0,1000000.0,1.0,2500.0,case_208,7,5,-241.259033203125,-146.984619140625,unet,2412,0.011808576755748913,7943,90,0.012057178371659415
2.0,1000000.0,1.0,3000.0,case_208,0,0,258.740966796875,353.015380859375,unet,2412,0.0,8045,0,0.0
2.0,1000000.0,1.0,5000.0,case_208,0,0,2258.7412109375,2353.015625,unet,2412,0.0,8045,0,0.0
2.0,1000000.0,1.0,10000.0,case_208,0,0,7258.7412109375,7353.015625,unet,2412,0.0,8045,0,0.0
2.0,1000000.0,1.0,25000.0,case_208,0,0,22258.740234375,22353.015625,unet,2412,0.0,8045,0,0.0
2.0,1000000.0,1.0,101325.0,case_208,0,0,98583.7421875,98678.015625,unet,2412,0.0,8045,0,0.0
4.0,100000.0,0.09999999999999999,2500.0,case_209,0,0,194.5458984375,195.056396484375,unet,2412,0.0,8045,0,0.0
4.0,100000.0,0.09999999999999999,3000.0,case_209,0,0,694.5458984375,695.056396484375,unet,2412,0.0,8045,0,0.0
4.0,100000.0,0.09999999999999999,5000.0,case_209,0,0,2694.5458984375,2695.05615234375,unet,2412,0.0,8045,0,0.0
4.0,100000.0,0.09999999999999999,10000.0,case_209,0,0,7694.5458984375,7695.056640625,unet,2412,0.0,8045,0,0.0
4.0,100000.0,0.09999999999999999,25000.0,case_209,0,0,22694.544921875,22695.056640625,unet,2412,0.0,8045,0,0.0
4.0,100000.0,0.09999999999999999,101325.0,case_209,0,0,99019.546875,99020.0546875,unet,2412,0.0,8045,0,0.0
4.0,200000.0,0.19999999999999998,2500.0,case_210,0,0,178.006103515625,180.322021484375,unet,2412,0.0,8045,0,0.0
4.0,200000.0,0.19999999999999998,3000.0,case_210,0,0,678.006103515625,680.322021484375,unet,2412,0.0,8045,0,0.0
4.0,200000.0,0.19999999999999998,5000.0,case_210,0,0,2678.00634765625,2680.322265625,unet,2412,0.0,8045,0,0.0
4.0,200000.0,0.19999999999999998,10000.0,case_210,0,0,7678.005859375,7680.322265625,unet,2412,0.0,8045,0,0.0
4.0,200000.0,0.19999999999999998,25000.0,case_210,0,0,22678.005859375,22680.322265625,unet,2412,0.0,8045,0,0.0
4.0,200000.0,0.19999999999999998,101325.0,case_210,0,0,99003.0078125,99005.3203125,unet,2412,0.0,8045,0,0.0
4.0,500000.0,0.5,2500.0,case_211,0,0,59.138671875,76.150634765625,unet,2412,0.0,8045,0,0.0
4.0,500000.0,0.5,3000.0,case_211,0,0,559.138671875,576.150634765625,unet,2412,0.0,8045,0,0.0
4.0,500000.0,0.5,5000.0,case_211,0,0,2559.138671875,2576.15087890625,unet,2412,0.0,8045,0,0.0
4.0,500000.0,0.5,10000.0,case_211,0,0,7559.138671875,7576.150390625,unet,2412,0.0,8045,0,0.0
4.0,500000.0,0.5,25000.0,case_211,0,0,22559.138671875,22576.150390625,unet,2412,0.0,8045,0,0.0
4.0,500000.0,0.5,101325.0,case_211,0,0,98884.140625,98901.1484375,unet,2412,0.0,8045,0,0.0
4.0,1000000.0,1.0,2500.0,case_212,17,9,-387.075439453125,-296.5372314453125,unet,2412,0.02262274704785581,7846,173,0.023617153511497825
4.0,1000000.0,1.0,3000.0,case_212,0,0,112.924560546875,203.462646484375,unet,2412,0.0,8045,0,0.0
4.0,1000000.0,1.0,5000.0,case_212,0,0,2112.92431640625,2203.462890625,unet,2412,0.0,8045,0,0.0
4.0,1000000.0,1.0,10000.0,case_212,0,0,7112.9248046875,7203.462890625,unet,2412,0.0,8045,0,0.0
4.0,1000000.0,1.0,25000.0,case_212,0,0,22112.923828125,22203.462890625,unet,2412,0.0,8045,0,0.0
4.0,1000000.0,1.0,101325.0,case_212,0,0,98437.921875,98528.4609375,unet,2412,0.0,8045,0,0.0
6.0,100000.0,0.09999999999999999,2500.0,case_213,0,0,192.60546875,193.473876953125,unet,2412,0.0,8045,0,0.0
6.0,100000.0,0.09999999999999999,3000.0,case_213,0,0,692.60546875,693.473876953125,unet,2412,0.0,8045,0,0.0
6.0,100000.0,0.09999999999999999,5000.0,case_213,0,0,2692.60546875,2693.4736328125,unet,2412,0.0,8045,0,0.0
6.0,100000.0,0.09999999999999999,10000.0,case_213,0,0,7692.60546875,7693.4736328125,unet,2412,0.0,8045,0,0.0
6.0,100000.0,0.09999999999999999,25000.0,case_213,0,0,22692.60546875,22693.474609375,unet,2412,0.0,8045,0,0.0
6.0,100000.0,0.09999999999999999,101325.0,case_213,0,0,99017.6015625,99018.4765625,unet,2412,0.0,8045,0,0.0
6.0,200000.0,0.19999999999999998,2500.0,case_214,0,0,170.1005859375,174.086181640625,unet,2412,0.0,8045,0,0.0
6.0,200000.0,0.19999999999999998,3000.0,case_214,0,0,670.1005859375,674.086181640625,unet,2412,0.0,8045,0,0.0
6.0,200000.0,0.19999999999999998,5000.0,case_214,0,0,2670.1005859375,2674.0859375,unet,2412,0.0,8045,0,0.0
6.0,200000.0,0.19999999999999998,10000.0,case_214,0,0,7670.1005859375,7674.0859375,unet,2412,0.0,8045,0,0.0
6.0,200000.0,0.19999999999999998,25000.0,case_214,0,0,22670.099609375,22674.0859375,unet,2412,0.0,8045,0,0.0
6.0,200000.0,0.19999999999999998,101325.0,case_214,0,0,98995.1015625,98999.0859375,unet,2412,0.0,8045,0,0.0
6.0,500000.0,0.5,2500.0,case_215,0,0,7.122802734375,36.447265625,unet,2412,0.0,8045,0,0.0
6.0,500000.0,0.5,3000.0,case_215,0,0,507.122802734375,536.447265625,unet,2412,0.0,8045,0,0.0
6.0,500000.0,0.5,5000.0,case_215,0,0,2507.12255859375,2536.447265625,unet,2412,0.0,8045,0,0.0
6.0,500000.0,0.5,10000.0,case_215,0,0,7507.123046875,7536.447265625,unet,2412,0.0,8045,0,0.0
6.0,500000.0,0.5,25000.0,case_215,0,0,22507.123046875,22536.447265625,unet,2412,0.0,8045,0,0.0
6.0,500000.0,0.5,101325.0,case_215,0,0,98832.125,98861.4453125,unet,2412,0.0,8045,0,0.0
6.0,1000000.0,1.0,2500.0,case_216,10,38,-611.1405029296875,-456.31396484375,unet,2412,0.039776258545680544,7715,282,0.0362958359229335
6.0,1000000.0,1.0,3000.0,case_216,0,5,-111.140625,43.68603515625,unet,2412,0.0006215040397762585,8040,0,0.0
6.0,1000000.0,1.0,5000.0,case_216,0,0,1888.859375,2043.68603515625,unet,2412,0.0,8045,0,0.0
6.0,1000000.0,1.0,10000.0,case_216,0,0,6888.859375,7043.685546875,unet,2412,0.0,8045,0,0.0
6.0,1000000.0,1.0,25000.0,case_216,0,0,21888.859375,22043.685546875,unet,2412,0.0,8045,0,0.0
6.0,1000000.0,1.0,101325.0,case_216,0,0,98213.859375,98368.6875,unet,2412,0.0,8045,0,0.0
8.0,100000.0,0.09999999999999999,2500.0,case_217,0,0,190.238037109375,190.568115234375,unet,2412,0.0,8045,0,0.0
8.0,100000.0,0.09999999999999999,3000.0,case_217,0,0,690.238037109375,690.568115234375,unet,2412,0.0,8045,0,0.0
8.0,100000.0,0.09999999999999999,5000.0,case_217,0,0,2690.23779296875,2690.568359375,unet,2412,0.0,8045,0,0.0
8.0,100000.0,0.09999999999999999,10000.0,case_217,0,0,7690.23828125,7690.568359375,unet,2412,0.0,8045,0,0.0
8.0,100000.0,0.09999999999999999,25000.0,case_217,0,0,22690.23828125,22690.568359375,unet,2412,0.0,8045,0,0.0
8.0,100000.0,0.09999999999999999,101325.0,case_217,0,0,99015.234375,99015.5703125,unet,2412,0.0,8045,0,0.0
8.0,200000.0,0.19999999999999998,2500.0,case_218,0,0,160.7333984375,161.783447265625,unet,2412,0.0,8045,0,0.0
8.0,200000.0,0.19999999999999998,3000.0,case_218,0,0,660.7333984375,661.783447265625,unet,2412,0.0,8045,0,0.0
8.0,200000.0,0.19999999999999998,5000.0,case_218,0,0,2660.7333984375,2661.783203125,unet,2412,0.0,8045,0,0.0
8.0,200000.0,0.19999999999999998,10000.0,case_218,0,0,7660.7333984375,7661.783203125,unet,2412,0.0,8045,0,0.0
8.0,200000.0,0.19999999999999998,25000.0,case_218,0,0,22660.734375,22661.783203125,unet,2412,0.0,8045,0,0.0
8.0,200000.0,0.19999999999999998,101325.0,case_218,0,0,98985.734375,98986.78125,unet,2412,0.0,8045,0,0.0
8.0,500000.0,0.5,2500.0,case_219,0,8,-49.3359375,-29.9501953125,unet,2412,0.0011187072715972653,8036,1,0.0001243008079552517
8.0,500000.0,0.5,3000.0,case_219,0,0,450.6640625,470.0498046875,unet,2412,0.0,8045,0,0.0
8.0,500000.0,0.5,5000.0,case_219,0,0,2450.6640625,2470.0498046875,unet,2412,0.0,8045,0,0.0
8.0,500000.0,0.5,10000.0,case_219,0,0,7450.6640625,7470.0498046875,unet,2412,0.0,8045,0,0.0
8.0,500000.0,0.5,25000.0,case_219,0,0,22450.6640625,22470.048828125,unet,2412,0.0,8045,0,0.0
8.0,500000.0,0.5,101325.0,case_219,0,0,98775.6640625,98795.046875,unet,2412,0.0,8045,0,0.0
8.0,1000000.0,1.0,2500.0,case_220,4,136,-820.9609375,-722.595947265625,unet,2412,0.06687383467992541,7503,402,0.05046612802983219
8.0,1000000.0,1.0,3000.0,case_220,0,14,-320.9609375,-222.595947265625,unet,2412,0.0023617153511497823,8026,5,0.0006215040397762585
8.0,1000000.0,1.0,5000.0,case_220,0,0,1679.0390625,1777.404052734375,unet,2412,0.0,8045,0,0.0
8.0,1000000.0,1.0,10000.0,case_220,0,0,6679.0390625,6777.404296875,unet,2412,0.0,8045,0,0.0
8.0,1000000.0,1.0,25000.0,case_220,0,0,21679.0390625,21777.404296875,unet,2412,0.0,8045,0,0.0
8.0,1000000.0,1.0,101325.0,case_220,0,0,98004.0390625,98102.40625,unet,2412,0.0,8045,0,0.0
10.0,100000.0,0.09999999999999999,2500.0,case_221,0,0,189.183837890625,187.9287109375,unet,2412,0.0,8045,0,0.0
10.0,100000.0,0.09999999999999999,3000.0,case_221,0,0,689.183837890625,687.9287109375,unet,2412,0.0,8045,0,0.0
10.0,100000.0,0.09999999999999999,5000.0,case_221,0,0,2689.18359375,2687.9287109375,unet,2412,0.0,8045,0,0.0
10.0,100000.0,0.09999999999999999,10000.0,case_221,0,0,7689.18359375,7687.9287109375,unet,2412,0.0,8045,0,0.0
10.0,100000.0,0.09999999999999999,25000.0,case_221,0,0,22689.18359375,22687.927734375,unet,2412,0.0,8045,0,0.0
10.0,100000.0,0.09999999999999999,101325.0,case_221,0,0,99014.1875,99012.9296875,unet,2412,0.0,8045,0,0.0
10.0,200000.0,0.19999999999999998,2500.0,case_222,0,0,156.68603515625,153.3876953125,unet,2412,0.0,8045,0,0.0
10.0,200000.0,0.19999999999999998,3000.0,case_222,0,0,656.68603515625,653.3876953125,unet,2412,0.0,8045,0,0.0
10.0,200000.0,0.19999999999999998,5000.0,case_222,0,0,2656.68603515625,2653.3876953125,unet,2412,0.0,8045,0,0.0
10.0,200000.0,0.19999999999999998,10000.0,case_222,0,0,7656.6865234375,7653.3876953125,unet,2412,0.0,8045,0,0.0
10.0,200000.0,0.19999999999999998,25000.0,case_222,0,0,22656.685546875,22653.388671875,unet,2412,0.0,8045,0,0.0
10.0,200000.0,0.19999999999999998,101325.0,case_222,0,0,98981.6875,98978.390625,unet,2412,0.0,8045,0,0.0
10.0,500000.0,0.5,2500.0,case_223,0,7,-71.494140625,-90.552978515625,unet,2412,0.0014916096954630206,8033,5,0.0006215040397762585
10.0,500000.0,0.5,3000.0,case_223,0,0,428.505859375,409.447021484375,unet,2412,0.0,8045,0,0.0
10.0,500000.0,0.5,5000.0,case_223,0,0,2428.505859375,2409.447265625,unet,2412,0.0,8045,0,0.0
10.0,500000.0,0.5,10000.0,case_223,0,0,7428.505859375,7409.447265625,unet,2412,0.0,8045,0,0.0
10.0,500000.0,0.5,25000.0,case_223,0,0,22428.505859375,22409.447265625,unet,2412,0.0,8045,0,0.0
10.0,500000.0,0.5,101325.0,case_223,0,0,98753.5078125,98734.4453125,unet,2412,0.0,8045,0,0.0
10.0,1000000.0,1.0,2500.0,case_224,4,197,-889.39794921875,-965.6834716796875,unet,2412,0.08601615910503418,7349,495,0.0620261031696706
10.0,1000000.0,1.0,3000.0,case_224,1,11,-389.39794921875,-465.6834716796875,unet,2412,0.0028589185829707895,8021,12,0.0016159105034182723
10.0,1000000.0,1.0,5000.0,case_224,0,0,1610.60205078125,1534.31640625,unet,2412,0.0,8045,0,0.0
10.0,1000000.0,1.0,10000.0,case_224,0,0,6610.6015625,6534.31640625,unet,2412,0.0,8045,0,0.0
10.0,1000000.0,1.0,25000.0,case_224,0,0,21610.6015625,21534.31640625,unet,2412,0.0,8045,0,0.0
10.0,1000000.0,1.0,101325.0,case_224,0,0,97935.6015625,97859.3203125,unet,2412,0.0,8045,0,0.0
-4.0,100000.0,0.09999999999999999,2500.0,case_129,0,0,196.616455078125,194.35107421875,pinn,0015,0.0,8008,0,0.0
-4.0,100000.0,0.09999999999999999,3000.0,case_129,0,0,696.616455078125,694.35107421875,pinn,0015,0.0,8008,0,0.0
-4.0,100000.0,0.09999999999999999,5000.0,case_129,0,0,2696.61669921875,2694.35107421875,pinn,0015,0.0,8008,0,0.0
-4.0,100000.0,0.09999999999999999,10000.0,case_129,0,0,7696.6162109375,7694.3505859375,pinn,0015,0.0,8008,0,0.0
-4.0,100000.0,0.09999999999999999,25000.0,case_129,0,0,22696.6171875,22694.3515625,pinn,0015,0.0,8008,0,0.0
-4.0,100000.0,0.09999999999999999,101325.0,case_129,0,0,99021.6171875,99019.3515625,pinn,0015,0.0,8008,0,0.0
-4.0,200000.0,0.19999999999999998,2500.0,case_130,0,0,185.96533203125,177.379638671875,pinn,0015,0.0,8008,0,0.0
-4.0,200000.0,0.19999999999999998,3000.0,case_130,0,0,685.96533203125,677.379638671875,pinn,0015,0.0,8008,0,0.0
-4.0,200000.0,0.19999999999999998,5000.0,case_130,0,0,2685.96533203125,2677.37939453125,pinn,0015,0.0,8008,0,0.0
-4.0,200000.0,0.19999999999999998,10000.0,case_130,0,0,7685.96484375,7677.3798828125,pinn,0015,0.0,8008,0,0.0
-4.0,200000.0,0.19999999999999998,25000.0,case_130,0,0,22685.96484375,22677.37890625,pinn,0015,0.0,8008,0,0.0
-4.0,200000.0,0.19999999999999998,101325.0,case_130,0,0,99010.96875,99002.3828125,pinn,0015,0.0,8008,0,0.0
-4.0,500000.0,0.5,2500.0,case_131,0,0,112.758544921875,57.5546875,pinn,0015,0.0,8008,0,0.0
-4.0,500000.0,0.5,3000.0,case_131,0,0,612.758544921875,557.5546875,pinn,0015,0.0,8008,0,0.0
-4.0,500000.0,0.5,5000.0,case_131,0,0,2612.7587890625,2557.5546875,pinn,0015,0.0,8008,0,0.0
-4.0,500000.0,0.5,10000.0,case_131,0,0,7612.7587890625,7557.5546875,pinn,0015,0.0,8008,0,0.0
-4.0,500000.0,0.5,25000.0,case_131,0,0,22612.7578125,22557.5546875,pinn,0015,0.0,8008,0,0.0
-4.0,500000.0,0.5,101325.0,case_131,0,0,98937.7578125,98882.5546875,pinn,0015,0.0,8008,0,0.0
-4.0,1000000.0,1.0,2500.0,case_132,16,5,-85.380859375,-371.20068359375,pinn,0015,0.01898101898101898,7840,147,0.020354645354645356
-4.0,1000000.0,1.0,3000.0,case_132,0,0,414.619140625,128.79931640625,pinn,0015,0.0,8008,0,0.0
-4.0,1000000.0,1.0,5000.0,case_132,0,0,2414.619140625,2128.79931640625,pinn,0015,0.0,8008,0,0.0
-4.0,1000000.0,1.0,10000.0,case_132,0,0,7414.619140625,7128.7998046875,pinn,0015,0.0,8008,0,0.0
-4.0,1000000.0,1.0,25000.0,case_132,0,0,22414.619140625,22128.798828125,pinn,0015,0.0,8008,0,0.0
-4.0,1000000.0,1.0,101325.0,case_132,0,0,98739.6171875,98453.796875,pinn,0015,0.0,8008,0,0.0
-2.0,100000.0,0.09999999999999999,2500.0,case_133,0,0,197.123779296875,195.881591796875,pinn,0015,0.0,8008,0,0.0
-2.0,100000.0,0.09999999999999999,3000.0,case_133,0,0,697.123779296875,695.881591796875,pinn,0015,0.0,8008,0,0.0
-2.0,100000.0,0.09999999999999999,5000.0,case_133,0,0,2697.1240234375,2695.88134765625,pinn,0015,0.0,8008,0,0.0
-2.0,100000.0,0.09999999999999999,10000.0,case_133,0,0,7697.1240234375,7695.8818359375,pinn,0015,0.0,8008,0,0.0
-2.0,100000.0,0.09999999999999999,25000.0,case_133,0,0,22697.123046875,22695.880859375,pinn,0015,0.0,8008,0,0.0
-2.0,100000.0,0.09999999999999999,101325.0,case_133,0,0,99022.125,99020.8828125,pinn,0015,0.0,8008,0,0.0
-2.0,200000.0,0.19999999999999998,2500.0,case_134,0,0,187.98876953125,183.510009765625,pinn,0015,0.0,8008,0,0.0
-2.0,200000.0,0.19999999999999998,3000.0,case_134,0,0,687.98876953125,683.510009765625,pinn,0015,0.0,8008,0,0.0
-2.0,200000.0,0.19999999999999998,5000.0,case_134,0,0,2687.98876953125,2683.509765625,pinn,0015,0.0,8008,0,0.0
-2.0,200000.0,0.19999999999999998,10000.0,case_134,0,0,7687.9892578125,7683.509765625,pinn,0015,0.0,8008,0,0.0
-2.0,200000.0,0.19999999999999998,25000.0,case_134,0,0,22687.98828125,22683.509765625,pinn,0015,0.0,8008,0,0.0
-2.0,200000.0,0.19999999999999998,101325.0,case_134,0,0,99012.9921875,99008.5078125,pinn,0015,0.0,8008,0,0.0
-2.0,500000.0,0.5,2500.0,case_135,0,0,123.54296875,96.166015625,pinn,0015,0.0,8008,0,0.0
-2.0,500000.0,0.5,3000.0,case_135,0,0,623.54296875,596.166015625,pinn,0015,0.0,8008,0,0.0
-2.0,500000.0,0.5,5000.0,case_135,0,0,2623.54296875,2596.166015625,pinn,0015,0.0,8008,0,0.0
-2.0,500000.0,0.5,10000.0,case_135,0,0,7623.54296875,7596.166015625,pinn,0015,0.0,8008,0,0.0
-2.0,500000.0,0.5,25000.0,case_135,0,0,22623.54296875,22596.166015625,pinn,0015,0.0,8008,0,0.0
-2.0,500000.0,0.5,101325.0,case_135,0,0,98948.5390625,98921.1640625,pinn,0015,0.0,8008,0,0.0
-2.0,1000000.0,1.0,2500.0,case_136,12,13,-62.581787109375,-216.358642578125,pinn,0015,0.01048951048951049,7912,71,0.010364635364635364
-2.0,1000000.0,1.0,3000.0,case_136,0,0,437.418212890625,283.641357421875,pinn,0015,0.0,8008,0,0.0
-2.0,1000000.0,1.0,5000.0,case_136,0,0,2437.41845703125,2283.64111328125,pinn,0015,0.0,8008,0,0.0
-2.0,1000000.0,1.0,10000.0,case_136,0,0,7437.41796875,7283.6416015625,pinn,0015,0.0,8008,0,0.0
-2.0,1000000.0,1.0,25000.0,case_136,0,0,22437.41796875,22283.640625,pinn,0015,0.0,8008,0,0.0
-2.0,1000000.0,1.0,101325.0,case_136,0,0,98762.421875,98608.640625,pinn,0015,0.0,8008,0,0.0
0.0,100000.0,0.09999999999999999,2500.0,case_137,0,0,197.767333984375,197.3544921875,pinn,0015,0.0,8008,0,0.0
0.0,100000.0,0.09999999999999999,3000.0,case_137,0,0,697.767333984375,697.3544921875,pinn,0015,0.0,8008,0,0.0
0.0,100000.0,0.09999999999999999,5000.0,case_137,0,0,2697.767578125,2697.3544921875,pinn,0015,0.0,8008,0,0.0
0.0,100000.0,0.09999999999999999,10000.0,case_137,0,0,7697.767578125,7697.3544921875,pinn,0015,0.0,8008,0,0.0
0.0,100000.0,0.09999999999999999,25000.0,case_137,0,0,22697.767578125,22697.353515625,pinn,0015,0.0,8008,0,0.0
0.0,100000.0,0.09999999999999999,101325.0,case_137,0,0,99022.765625,99022.3515625,pinn,0015,0.0,8008,0,0.0
0.0,200000.0,0.19999999999999998,2500.0,case_138,0,0,191.131591796875,189.410400390625,pinn,0015,0.0,8008,0,0.0
0.0,200000.0,0.19999999999999998,3000.0,case_138,0,0,691.131591796875,689.410400390625,pinn,0015,0.0,8008,0,0.0
0.0,200000.0,0.19999999999999998,5000.0,case_138,0,0,2691.1318359375,2689.41015625,pinn,0015,0.0,8008,0,0.0
0.0,200000.0,0.19999999999999998,10000.0,case_138,0,0,7691.1318359375,7689.41015625,pinn,0015,0.0,8008,0,0.0
0.0,200000.0,0.19999999999999998,25000.0,case_138,0,0,22691.130859375,22689.41015625,pinn,0015,0.0,8008,0,0.0
0.0,200000.0,0.19999999999999998,101325.0,case_138,0,0,99016.1328125,99014.4140625,pinn,0015,0.0,8008,0,0.0
0.0,500000.0,0.5,2500.0,case_139,0,0,142.818359375,133.32568359375,pinn,0015,0.0,8008,0,0.0
0.0,500000.0,0.5,3000.0,case_139,0,0,642.818359375,633.32568359375,pinn,0015,0.0,8008,0,0.0
0.0,500000.0,0.5,5000.0,case_139,0,0,2642.818359375,2633.32568359375,pinn,0015,0.0,8008,0,0.0
0.0,500000.0,0.5,10000.0,case_139,0,0,7642.818359375,7633.3251953125,pinn,0015,0.0,8008,0,0.0
0.0,500000.0,0.5,25000.0,case_139,0,0,22642.818359375,22633.326171875,pinn,0015,0.0,8008,0,0.0
0.0,500000.0,0.5,101325.0,case_139,0,0,98967.8203125,98958.328125,pinn,0015,0.0,8008,0,0.0
0.0,1000000.0,1.0,2500.0,case_140,14,5,-31.96142578125,-67.346923828125,pinn,0015,0.002247752247752248,7976,13,0.0033716283716283715
0.0,1000000.0,1.0,3000.0,case_140,0,0,468.03857421875,432.653076171875,pinn,0015,0.0,8008,0,0.0
0.0,1000000.0,1.0,5000.0,case_140,0,0,2468.03857421875,2432.65283203125,pinn,0015,0.0,8008,0,0.0
0.0,1000000.0,1.0,10000.0,case_140,0,0,7468.0380859375,7432.6533203125,pinn,0015,0.0,8008,0,0.0
0.0,1000000.0,1.0,25000.0,case_140,0,0,22468.0390625,22432.65234375,pinn,0015,0.0,8008,0,0.0
0.0,1000000.0,1.0,101325.0,case_140,0,0,98793.0390625,98757.65625,pinn,0015,0.0,8008,0,0.0
2.0,100000.0,0.09999999999999999,2500.0,case_141,0,0,196.728515625,196.626220703125,pinn,0015,0.0,8008,0,0.0
2.0,100000.0,0.09999999999999999,3000.0,case_141,0,0,696.728515625,696.626220703125,pinn,0015,0.0,8008,0,0.0
2.0,100000.0,0.09999999999999999,5000.0,case_141,0,0,2696.728515625,2696.6259765625,pinn,0015,0.0,8008,0,0.0
2.0,100000.0,0.09999999999999999,10000.0,case_141,0,0,7696.728515625,7696.6259765625,pinn,0015,0.0,8008,0,0.0
2.0,100000.0,0.09999999999999999,25000.0,case_141,0,0,22696.728515625,22696.626953125,pinn,0015,0.0,8008,0,0.0
2.0,100000.0,0.09999999999999999,101325.0,case_141,0,0,99021.7265625,99021.625,pinn,0015,0.0,8008,0,0.0
2.0,200000.0,0.19999999999999998,2500.0,case_142,0,0,187.025390625,186.32275390625,pinn,0015,0.0,8008,0,0.0
2.0,200000.0,0.19999999999999998,3000.0,case_142,0,0,687.025390625,686.32275390625,pinn,0015,0.0,8008,0,0.0
2.0,200000.0,0.19999999999999998,5000.0,case_142,0,0,2687.025390625,2686.32275390625,pinn,0015,0.0,8008,0,0.0
2.0,200000.0,0.19999999999999998,10000.0,case_142,0,0,7687.025390625,7686.322265625,pinn,0015,0.0,8008,0,0.0
2.0,200000.0,0.19999999999999998,25000.0,case_142,0,0,22687.025390625,22686.322265625,pinn,0015,0.0,8008,0,0.0
2.0,200000.0,0.19999999999999998,101325.0,case_142,0,0,99012.0234375,99011.3203125,pinn,0015,0.0,8008,0,0.0
2.0,500000.0,0.5,2500.0,case_143,0,0,122.887451171875,114.163818359375,pinn,0015,0.0,8008,0,0.0
2.0,500000.0,0.5,3000.0,case_143,0,0,622.887451171875,614.163818359375,pinn,0015,0.0,8008,0,0.0
2.0,500000.0,0.5,5000.0,case_143,0,0,2622.88720703125,2614.1640625,pinn,0015,0.0,8008,0,0.0
2.0,500000.0,0.5,10000.0,case_143,0,0,7622.8876953125,7614.1640625,pinn,0015,0.0,8008,0,0.0
2.0,500000.0,0.5,25000.0,case_143,0,0,22622.88671875,22614.1640625,pinn,0015,0.0,8008,0,0.0
2.0,500000.0,0.5,101325.0,case_143,0,0,98947.890625,98939.1640625,pinn,0015,0.0,8008,0,0.0
2.0,1000000.0,1.0,2500.0,case_144,4,8,-135.25537109375,-143.816162109375,pinn,0015,0.006243756243756244,7954,42,0.005744255744255744
2.0,1000000.0,1.0,3000.0,case_144,0,0,364.74462890625,356.183837890625,pinn,0015,0.0,8008,0,0.0
2.0,1000000.0,1.0,5000.0,case_144,0,0,2364.74462890625,2356.18408203125,pinn,0015,0.0,8008,0,0.0
2.0,1000000.0,1.0,10000.0,case_144,0,0,7364.7451171875,7356.18359375,pinn,0015,0.0,8008,0,0.0
2.0,1000000.0,1.0,25000.0,case_144,0,0,22364.744140625,22356.18359375,pinn,0015,0.0,8008,0,0.0
2.0,1000000.0,1.0,101325.0,case_144,0,0,98689.7421875,98681.1875,pinn,0015,0.0,8008,0,0.0
4.0,100000.0,0.09999999999999999,2500.0,case_145,0,0,195.624267578125,195.107177734375,pinn,0015,0.0,8008,0,0.0
4.0,100000.0,0.09999999999999999,3000.0,case_145,0,0,695.624267578125,695.107177734375,pinn,0015,0.0,8008,0,0.0
4.0,100000.0,0.09999999999999999,5000.0,case_145,0,0,2695.6240234375,2695.107421875,pinn,0015,0.0,8008,0,0.0
4.0,100000.0,0.09999999999999999,10000.0,case_145,0,0,7695.6240234375,7695.107421875,pinn,0015,0.0,8008,0,0.0
4.0,100000.0,0.09999999999999999,25000.0,case_145,0,0,22695.625,22695.107421875,pinn,0015,0.0,8008,0,0.0
4.0,100000.0,0.09999999999999999,101325.0,case_145,0,0,99020.625,99020.109375,pinn,0015,0.0,8008,0,0.0
4.0,200000.0,0.19999999999999998,2500.0,case_146,0,0,182.7158203125,180.282958984375,pinn,0015,0.0,8008,0,0.0
4.0,200000.0,0.19999999999999998,3000.0,case_146,0,0,682.7158203125,680.282958984375,pinn,0015,0.0,8008,0,0.0
4.0,200000.0,0.19999999999999998,5000.0,case_146,0,0,2682.7158203125,2680.283203125,pinn,0015,0.0,8008,0,0.0
4.0,200000.0,0.19999999999999998,10000.0,case_146,0,0,7682.7158203125,7680.283203125,pinn,0015,0.0,8008,0,0.0
4.0,200000.0,0.19999999999999998,25000.0,case_146,0,0,22682.71484375,22680.283203125,pinn,0015,0.0,8008,0,0.0
4.0,200000.0,0.19999999999999998,101325.0,case_146,0,0,99007.71875,99005.28125,pinn,0015,0.0,8008,0,0.0
4.0,500000.0,0.5,2500.0,case_147,0,0,99.149169921875,76.218505859375,pinn,0015,0.0,8008,0,0.0
4.0,500000.0,0.5,3000.0,case_147,0,0,599.149169921875,576.218505859375,pinn,0015,0.0,8008,0,0.0
4.0,500000.0,0.5,5000.0,case_147,0,0,2599.14892578125,2576.21875,pinn,0015,0.0,8008,0,0.0
4.0,500000.0,0.5,10000.0,case_147,0,0,7599.1494140625,7576.21875,pinn,0015,0.0,8008,0,0.0
4.0,500000.0,0.5,25000.0,case_147,0,0,22599.1484375,22576.21875,pinn,0015,0.0,8008,0,0.0
4.0,500000.0,0.5,101325.0,case_147,0,0,98924.1484375,98901.21875,pinn,0015,0.0,8008,0,0.0
4.0,1000000.0,1.0,2500.0,case_148,3,3,-265.26708984375,-295.1934814453125,pinn,0015,0.013861138861138862,7894,108,0.013861138861138862
4.0,1000000.0,1.0,3000.0,case_148,0,0,234.73291015625,204.806640625,pinn,0015,0.0,8008,0,0.0
4.0,1000000.0,1.0,5000.0,case_148,0,0,2234.73291015625,2204.806640625,pinn,0015,0.0,8008,0,0.0
4.0,1000000.0,1.0,10000.0,case_148,0,0,7234.7333984375,7204.806640625,pinn,0015,0.0,8008,0,0.0
4.0,1000000.0,1.0,25000.0,case_148,0,0,22234.732421875,22204.806640625,pinn,0015,0.0,8008,0,0.0
4.0,1000000.0,1.0,101325.0,case_148,0,0,98559.734375,98529.8046875,pinn,0015,0.0,8008,0,0.0
6.0,100000.0,0.09999999999999999,2500.0,case_149,0,0,194.551513671875,193.47412109375,pinn,0015,0.0,8008,0,0.0
6.0,100000.0,0.09999999999999999,3000.0,case_149,0,0,694.551513671875,693.47412109375,pinn,0015,0.0,8008,0,0.0
6.0,100000.0,0.09999999999999999,5000.0,case_149,0,0,2694.5517578125,2693.47412109375,pinn,0015,0.0,8008,0,0.0
6.0,100000.0,0.09999999999999999,10000.0,case_149,0,0,7694.5517578125,7693.4736328125,pinn,0015,0.0,8008,0,0.0
6.0,100000.0,0.09999999999999999,25000.0,case_149,0,0,22694.55078125,22693.474609375,pinn,0015,0.0,8008,0,0.0
6.0,100000.0,0.09999999999999999,101325.0,case_149,0,0,99019.5546875,99018.4765625,pinn,0015,0.0,8008,0,0.0
6.0,200000.0,0.19999999999999998,2500.0,case_150,0,0,177.937744140625,173.625244140625,pinn,0015,0.0,8008,0,0.0
6.0,200000.0,0.19999999999999998,3000.0,case_150,0,0,677.937744140625,673.625244140625,pinn,0015,0.0,8008,0,0.0
6.0,200000.0,0.19999999999999998,5000.0,case_150,0,0,2677.93798828125,2673.62548828125,pinn,0015,0.0,8008,0,0.0
6.0,200000.0,0.19999999999999998,10000.0,case_150,0,0,7677.9375,7673.625,pinn,0015,0.0,8008,0,0.0
6.0,200000.0,0.19999999999999998,25000.0,case_150,0,0,22677.9375,22673.625,pinn,0015,0.0,8008,0,0.0
6.0,200000.0,0.19999999999999998,101325.0,case_150,0,0,99002.9375,98998.625,pinn,0015,0.0,8008,0,0.0
6.0,500000.0,0.5,2500.0,case_151,0,0,65.318603515625,38.3076171875,pinn,0015,0.0,8008,0,0.0
6.0,500000.0,0.5,3000.0,case_151,0,0,565.318603515625,538.3076171875,pinn,0015,0.0,8008,0,0.0
6.0,500000.0,0.5,5000.0,case_151,0,0,2565.318359375,2538.3076171875,pinn,0015,0.0,8008,0,0.0
6.0,500000.0,0.5,10000.0,case_151,0,0,7565.318359375,7538.3076171875,pinn,0015,0.0,8008,0,0.0
6.0,500000.0,0.5,25000.0,case_151,0,0,22565.318359375,22538.30859375,pinn,0015,0.0,8008,0,0.0
6.0,500000.0,0.5,101325.0,case_151,0,0,98890.3203125,98863.3046875,pinn,0015,0.0,8008,0,0.0
6.0,1000000.0,1.0,2500.0,case_152,11,3,-401.173095703125,-448.040283203125,pinn,0015,0.023351648351648352,7810,184,0.024350649350649352
6.0,1000000.0,1.0,3000.0,case_152,0,0,98.826904296875,51.959716796875,pinn,0015,0.0,8008,0,0.0
6.0,1000000.0,1.0,5000.0,case_152,0,0,2098.8271484375,2051.9599609375,pinn,0015,0.0,8008,0,0.0
6.0,1000000.0,1.0,10000.0,case_152,0,0,7098.8271484375,7051.9599609375,pinn,0015,0.0,8008,0,0.0
6.0,1000000.0,1.0,25000.0,case_152,0,0,22098.826171875,22051.958984375,pinn,0015,0.0,8008,0,0.0
6.0,1000000.0,1.0,101325.0,case_152,0,0,98423.828125,98376.9609375,pinn,0015,0.0,8008,0,0.0
8.0,100000.0,0.09999999999999999,2500.0,case_153,0,0,193.60693359375,190.859130859375,pinn,0015,0.0,8008,0,0.0
8.0,100000.0,0.09999999999999999,3000.0,case_153,0,0,693.60693359375,690.859130859375,pinn,0015,0.0,8008,0,0.0
8.0,100000.0,0.09999999999999999,5000.0,case_153,0,0,2693.60693359375,2690.85888671875,pinn,0015,0.0,8008,0,0.0
8.0,100000.0,0.09999999999999999,10000.0,case_153,0,0,7693.607421875,7690.859375,pinn,0015,0.0,8008,0,0.0
8.0,100000.0,0.09999999999999999,25000.0,case_153,0,0,22693.607421875,22690.859375,pinn,0015,0.0,8008,0,0.0
8.0,100000.0,0.09999999999999999,101325.0,case_153,0,0,99018.609375,99015.859375,pinn,0015,0.0,8008,0,0.0
8.0,200000.0,0.19999999999999998,2500.0,case_154,0,0,173.845703125,162.537841796875,pinn,0015,0.0,8008,0,0.0
8.0,200000.0,0.19999999999999998,3000.0,case_154,0,0,673.845703125,662.537841796875,pinn,0015,0.0,8008,0,0.0
8.0,200000.0,0.19999999999999998,5000.0,case_154,0,0,2673.845703125,2662.53759765625,pinn,0015,0.0,8008,0,0.0
8.0,200000.0,0.19999999999999998,10000.0,case_154,0,0,7673.845703125,7662.5380859375,pinn,0015,0.0,8008,0,0.0
8.0,200000.0,0.19999999999999998,25000.0,case_154,0,0,22673.845703125,22662.537109375,pinn,0015,0.0,8008,0,0.0
8.0,200000.0,0.19999999999999998,101325.0,case_154,0,0,98998.84375,98987.5390625,pinn,0015,0.0,8008,0,0.0
8.0,500000.0,0.5,2500.0,case_155,2,0,36.710693359375,-31.507568359375,pinn,0015,0.0,8006,0,0.00024975024975024975
8.0,500000.0,0.5,3000.0,case_155,0,0,536.710693359375,468.492431640625,pinn,0015,0.0,8008,0,0.0
8.0,500000.0,0.5,5000.0,case_155,0,0,2536.71044921875,2468.49267578125,pinn,0015,0.0,8008,0,0.0
8.0,500000.0,0.5,10000.0,case_155,0,0,7536.7109375,7468.4921875,pinn,0015,0.0,8008,0,0.0
8.0,500000.0,0.5,25000.0,case_155,0,0,22536.7109375,22468.4921875,pinn,0015,0.0,8008,0,0.0
8.0,500000.0,0.5,101325.0,case_155,0,0,98861.7109375,98793.4921875,pinn,0015,0.0,8008,0,0.0
8.0,1000000.0,1.0,2500.0,case_156,17,10,-490.34130859375,-728.56640625,pinn,0015,0.03583916083916084,7704,277,0.03671328671328671
8.0,1000000.0,1.0,3000.0,case_156,4,0,9.65869140625,-228.56640625,pinn,0015,0.0,8004,0,0.0004995004995004995
8.0,1000000.0,1.0,5000.0,case_156,0,0,2009.65869140625,1771.43359375,pinn,0015,0.0,8008,0,0.0
8.0,1000000.0,1.0,10000.0,case_156,0,0,7009.658203125,6771.43359375,pinn,0015,0.0,8008,0,0.0
8.0,1000000.0,1.0,25000.0,case_156,0,0,22009.658203125,21771.43359375,pinn,0015,0.0,8008,0,0.0
8.0,1000000.0,1.0,101325.0,case_156,0,0,98334.65625,98096.4296875,pinn,0015,0.0,8008,0,0.0
10.0,100000.0,0.09999999999999999,2500.0,case_157,0,0,193.05810546875,187.646484375,pinn,0015,0.0,8008,0,0.0
10.0,100000.0,0.09999999999999999,3000.0,case_157,0,0,693.05810546875,687.646484375,pinn,0015,0.0,8008,0,0.0
10.0,100000.0,0.09999999999999999,5000.0,case_157,0,0,2693.05810546875,2687.646484375,pinn,0015,0.0,8008,0,0.0
10.0,100000.0,0.09999999999999999,10000.0,case_157,0,0,7693.0576171875,7687.646484375,pinn,0015,0.0,8008,0,0.0
10.0,100000.0,0.09999999999999999,25000.0,case_157,0,0,22693.05859375,22687.646484375,pinn,0015,0.0,8008,0,0.0
10.0,100000.0,0.09999999999999999,101325.0,case_157,0,0,99018.0546875,99012.6484375,pinn,0015,0.0,8008,0,0.0
10.0,200000.0,0.19999999999999998,2500.0,case_158,0,0,171.494384765625,150.0302734375,pinn,0015,0.0,8008,0,0.0
10.0,200000.0,0.19999999999999998,3000.0,case_158,0,0,671.494384765625,650.0302734375,pinn,0015,0.0,8008,0,0.0
10.0,200000.0,0.19999999999999998,5000.0,case_158,0,0,2671.49462890625,2650.0302734375,pinn,0015,0.0,8008,0,0.0
10.0,200000.0,0.19999999999999998,10000.0,case_158,0,0,7671.494140625,7650.0302734375,pinn,0015,0.0,8008,0,0.0
10.0,200000.0,0.19999999999999998,25000.0,case_158,0,0,22671.494140625,22650.029296875,pinn,0015,0.0,8008,0,0.0
10.0,200000.0,0.19999999999999998,101325.0,case_158,0,0,98996.4921875,98975.03125,pinn,0015,0.0,8008,0,0.0
10.0,500000.0,0.5,2500.0,case_159,4,0,19.096923828125,-101.2255859375,pinn,0015,0.0,8004,0,0.0004995004995004995
10.0,500000.0,0.5,3000.0,case_159,0,0,519.096923828125,398.7744140625,pinn,0015,0.0,8008,0,0.0
10.0,500000.0,0.5,5000.0,case_159,0,0,2519.09716796875,2398.7744140625,pinn,0015,0.0,8008,0,0.0
10.0,500000.0,0.5,10000.0,case_159,0,0,7519.0966796875,7398.7744140625,pinn,0015,0.0,8008,0,0.0
10.0,500000.0,0.5,25000.0,case_159,0,0,22519.09765625,22398.775390625,pinn,0015,0.0,8008,0,0.0
10.0,500000.0,0.5,101325.0,case_159,0,0,98844.09375,98723.7734375,pinn,0015,0.0,8008,0,0.0
10.0,1000000.0,1.0,2500.0,case_160,4,25,-534.073974609375,-1008.3797607421875,pinn,0015,0.050824175824175824,7597,382,0.0482017982017982
10.0,1000000.0,1.0,3000.0,case_160,6,3,-34.073974609375,-508.3797607421875,pinn,0015,0.0008741258741258741,7995,4,0.0012487512487512488
10.0,1000000.0,1.0,5000.0,case_160,0,0,1965.92626953125,1491.6201171875,pinn,0015,0.0,8008,0,0.0
10.0,1000000.0,1.0,10000.0,case_160,0,0,6965.92578125,6491.6201171875,pinn,0015,0.0,8008,0,0.0
10.0,1000000.0,1.0,25000.0,case_160,0,0,21965.92578125,21491.62109375,pinn,0015,0.0,8008,0,0.0
10.0,1000000.0,1.0,101325.0,case_160,0,0,98290.9296875,97816.6171875,pinn,0015,0.0,8008,0,0.0
-4.0,100000.0,0.09999999999999999,2500.0,case_193,0,0,197.34521484375,194.198974609375,pinn,2412,0.0,8045,0,0.0
-4.0,100000.0,0.09999999999999999,3000.0,case_193,0,0,697.34521484375,694.198974609375,pinn,2412,0.0,8045,0,0.0
-4.0,100000.0,0.09999999999999999,5000.0,case_193,0,0,2697.34521484375,2694.19921875,pinn,2412,0.0,8045,0,0.0
-4.0,100000.0,0.09999999999999999,10000.0,case_193,0,0,7697.345703125,7694.19921875,pinn,2412,0.0,8045,0,0.0
-4.0,100000.0,0.09999999999999999,25000.0,case_193,0,0,22697.345703125,22694.19921875,pinn,2412,0.0,8045,0,0.0
-4.0,100000.0,0.09999999999999999,101325.0,case_193,0,0,99022.34375,99019.1953125,pinn,2412,0.0,8045,0,0.0
-4.0,200000.0,0.19999999999999998,2500.0,case_194,0,0,188.84375,176.61572265625,pinn,2412,0.0,8045,0,0.0
-4.0,200000.0,0.19999999999999998,3000.0,case_194,0,0,688.84375,676.61572265625,pinn,2412,0.0,8045,0,0.0
-4.0,200000.0,0.19999999999999998,5000.0,case_194,0,0,2688.84375,2676.61572265625,pinn,2412,0.0,8045,0,0.0
-4.0,200000.0,0.19999999999999998,10000.0,case_194,0,0,7688.84375,7676.6162109375,pinn,2412,0.0,8045,0,0.0
-4.0,200000.0,0.19999999999999998,25000.0,case_194,0,0,22688.84375,22676.615234375,pinn,2412,0.0,8045,0,0.0
-4.0,200000.0,0.19999999999999998,101325.0,case_194,0,0,99013.84375,99001.6171875,pinn,2412,0.0,8045,0,0.0
-4.0,500000.0,0.5,2500.0,case_195,0,0,130.38232421875,53.1650390625,pinn,2412,0.0,8045,0,0.0
-4.0,500000.0,0.5,3000.0,case_195,0,0,630.38232421875,553.1650390625,pinn,2412,0.0,8045,0,0.0
-4.0,500000.0,0.5,5000.0,case_195,0,0,2630.38232421875,2553.1650390625,pinn,2412,0.0,8045,0,0.0
-4.0,500000.0,0.5,10000.0,case_195,0,0,7630.3828125,7553.1650390625,pinn,2412,0.0,8045,0,0.0
-4.0,500000.0,0.5,25000.0,case_195,0,0,22630.3828125,22553.166015625,pinn,2412,0.0,8045,0,0.0
-4.0,500000.0,0.5,101325.0,case_195,0,0,98955.3828125,98878.1640625,pinn,2412,0.0,8045,0,0.0
-4.0,1000000.0,1.0,2500.0,case_196,26,4,-15.5263671875,-371.87109375,pinn,2412,0.003480422622747048,7991,24,0.006215040397762586
-4.0,1000000.0,1.0,3000.0,case_196,0,0,484.4736328125,128.12890625,pinn,2412,0.0,8045,0,0.0
-4.0,1000000.0,1.0,5000.0,case_196,0,0,2484.4736328125,2128.12890625,pinn,2412,0.0,8045,0,0.0
-4.0,1000000.0,1.0,10000.0,case_196,0,0,7484.4736328125,7128.12890625,pinn,2412,0.0,8045,0,0.0
-4.0,1000000.0,1.0,25000.0,case_196,0,0,22484.474609375,22128.12890625,pinn,2412,0.0,8045,0,0.0
-4.0,1000000.0,1.0,101325.0,case_196,0,0,98809.4765625,98453.125,pinn,2412,0.0,8045,0,0.0
-2.0,100000.0,0.09999999999999999,2500.0,case_197,0,0,197.9638671875,196.49755859375,pinn,2412,0.0,8045,0,0.0
-2.0,100000.0,0.09999999999999999,3000.0,case_197,0,0,697.9638671875,696.49755859375,pinn,2412,0.0,8045,0,0.0
-2.0,100000.0,0.09999999999999999,5000.0,case_197,0,0,2697.9638671875,2696.49755859375,pinn,2412,0.0,8045,0,0.0
-2.0,100000.0,0.09999999999999999,10000.0,case_197,0,0,7697.9638671875,7696.498046875,pinn,2412,0.0,8045,0,0.0
-2.0,100000.0,0.09999999999999999,25000.0,case_197,0,0,22697.96484375,22696.498046875,pinn,2412,0.0,8045,0,0.0
-2.0,100000.0,0.09999999999999999,101325.0,case_197,0,0,99022.9609375,99021.5,pinn,2412,0.0,8045,0,0.0
-2.0,200000.0,0.19999999999999998,2500.0,case_198,0,0,191.72412109375,186.0244140625,pinn,2412,0.0,8045,0,0.0
-2.0,200000.0,0.19999999999999998,3000.0,case_198,0,0,691.72412109375,686.0244140625,pinn,2412,0.0,8045,0,0.0
-2.0,200000.0,0.19999999999999998,5000.0,case_198,0,0,2691.72412109375,2686.0244140625,pinn,2412,0.0,8045,0,0.0
-2.0,200000.0,0.19999999999999998,10000.0,case_198,0,0,7691.7236328125,7686.0244140625,pinn,2412,0.0,8045,0,0.0
-2.0,200000.0,0.19999999999999998,25000.0,case_198,0,0,22691.724609375,22686.025390625,pinn,2412,0.0,8045,0,0.0
-2.0,200000.0,0.19999999999999998,101325.0,case_198,0,0,99016.7265625,99011.0234375,pinn,2412,0.0,8045,0,0.0
-2.0,500000.0,0.5,2500.0,case_199,0,0,147.189453125,112.22265625,pinn,2412,0.0,8045,0,0.0
-2.0,500000.0,0.5,3000.0,case_199,0,0,647.189453125,612.22265625,pinn,2412,0.0,8045,0,0.0
-2.0,500000.0,0.5,5000.0,case_199,0,0,2647.189453125,2612.22265625,pinn,2412,0.0,8045,0,0.0
-2.0,500000.0,0.5,10000.0,case_199,0,0,7647.189453125,7612.22265625,pinn,2412,0.0,8045,0,0.0
-2.0,500000.0,0.5,25000.0,case_199,0,0,22647.189453125,22612.22265625,pinn,2412,0.0,8045,0,0.0
-2.0,500000.0,0.5,101325.0,case_199,0,0,98972.1875,98937.2265625,pinn,2412,0.0,8045,0,0.0
-2.0,1000000.0,1.0,2500.0,case_200,12,0,14.42822265625,-151.690185546875,pinn,2412,0.0,8033,0,0.0014916096954630206
-2.0,1000000.0,1.0,3000.0,case_200,0,0,514.42822265625,348.309814453125,pinn,2412,0.0,8045,0,0.0
-2.0,1000000.0,1.0,5000.0,case_200,0,0,2514.42822265625,2348.31005859375,pinn,2412,0.0,8045,0,0.0
-2.0,1000000.0,1.0,10000.0,case_200,0,0,7514.427734375,7348.3095703125,pinn,2412,0.0,8045,0,0.0
-2.0,1000000.0,1.0,25000.0,case_200,0,0,22514.427734375,22348.310546875,pinn,2412,0.0,8045,0,0.0
-2.0,1000000.0,1.0,101325.0,case_200,0,0,98839.4296875,98673.3125,pinn,2412,0.0,8045,0,0.0
0.0,100000.0,0.09999999999999999,2500.0,case_201,0,0,197.366943359375,197.463134765625,pinn,2412,0.0,8045,0,0.0
0.0,100000.0,0.09999999999999999,3000.0,case_201,0,0,697.366943359375,697.463134765625,pinn,2412,0.0,8045,0,0.0
0.0,100000.0,0.09999999999999999,5000.0,case_201,0,0,2697.3671875,2697.462890625,pinn,2412,0.0,8045,0,0.0
0.0,100000.0,0.09999999999999999,10000.0,case_201,0,0,7697.3671875,7697.462890625,pinn,2412,0.0,8045,0,0.0
0.0,100000.0,0.09999999999999999,25000.0,case_201,0,0,22697.3671875,22697.462890625,pinn,2412,0.0,8045,0,0.0
0.0,100000.0,0.09999999999999999,101325.0,case_201,0,0,99022.3671875,99022.4609375,pinn,2412,0.0,8045,0,0.0
0.0,200000.0,0.19999999999999998,2500.0,case_202,0,0,189.3466796875,189.9306640625,pinn,2412,0.0,8045,0,0.0
0.0,200000.0,0.19999999999999998,3000.0,case_202,0,0,689.3466796875,689.9306640625,pinn,2412,0.0,8045,0,0.0
0.0,200000.0,0.19999999999999998,5000.0,case_202,0,0,2689.3466796875,2689.9306640625,pinn,2412,0.0,8045,0,0.0
0.0,200000.0,0.19999999999999998,10000.0,case_202,0,0,7689.3466796875,7689.9306640625,pinn,2412,0.0,8045,0,0.0
0.0,200000.0,0.19999999999999998,25000.0,case_202,0,0,22689.34765625,22689.9296875,pinn,2412,0.0,8045,0,0.0
0.0,200000.0,0.19999999999999998,101325.0,case_202,0,0,99014.34375,99014.9296875,pinn,2412,0.0,8045,0,0.0
0.0,500000.0,0.5,2500.0,case_203,0,0,134.699951171875,136.8232421875,pinn,2412,0.0,8045,0,0.0
0.0,500000.0,0.5,3000.0,case_203,0,0,634.699951171875,636.8232421875,pinn,2412,0.0,8045,0,0.0
0.0,500000.0,0.5,5000.0,case_203,0,0,2634.7001953125,2636.8232421875,pinn,2412,0.0,8045,0,0.0
0.0,500000.0,0.5,10000.0,case_203,0,0,7634.7001953125,7636.8232421875,pinn,2412,0.0,8045,0,0.0
0.0,500000.0,0.5,25000.0,case_203,0,0,22634.69921875,22636.82421875,pinn,2412,0.0,8045,0,0.0
0.0,500000.0,0.5,101325.0,case_203,0,0,98959.703125,98961.8203125,pinn,2412,0.0,8045,0,0.0
0.0,1000000.0,1.0,2500.0,case_204,18,0,-48.4775390625,-53.03076171875,pinn,2412,0.0014916096954630206,8015,12,0.0037290242386575512
0.0,1000000.0,1.0,3000.0,case_204,0,0,451.5224609375,446.96923828125,pinn,2412,0.0,8045,0,0.0
0.0,1000000.0,1.0,5000.0,case_204,0,0,2451.5224609375,2446.96923828125,pinn,2412,0.0,8045,0,0.0
0.0,1000000.0,1.0,10000.0,case_204,0,0,7451.5224609375,7446.96875,pinn,2412,0.0,8045,0,0.0
0.0,1000000.0,1.0,25000.0,case_204,0,0,22451.521484375,22446.96875,pinn,2412,0.0,8045,0,0.0
0.0,1000000.0,1.0,101325.0,case_204,0,0,98776.5234375,98771.96875,pinn,2412,0.0,8045,0,0.0
2.0,100000.0,0.09999999999999999,2500.0,case_205,0,0,196.569580078125,196.541015625,pinn,2412,0.0,8045,0,0.0
2.0,100000.0,0.09999999999999999,3000.0,case_205,0,0,696.569580078125,696.541015625,pinn,2412,0.0,8045,0,0.0
2.0,100000.0,0.09999999999999999,5000.0,case_205,0,0,2696.56982421875,2696.541015625,pinn,2412,0.0,8045,0,0.0
2.0,100000.0,0.09999999999999999,10000.0,case_205,0,0,7696.5693359375,7696.541015625,pinn,2412,0.0,8045,0,0.0
2.0,100000.0,0.09999999999999999,25000.0,case_205,0,0,22696.5703125,22696.541015625,pinn,2412,0.0,8045,0,0.0
2.0,100000.0,0.09999999999999999,101325.0,case_205,0,0,99021.5703125,99021.5390625,pinn,2412,0.0,8045,0,0.0
2.0,200000.0,0.19999999999999998,2500.0,case_206,0,0,186.230224609375,186.239013671875,pinn,2412,0.0,8045,0,0.0
2.0,200000.0,0.19999999999999998,3000.0,case_206,0,0,686.230224609375,686.239013671875,pinn,2412,0.0,8045,0,0.0
2.0,200000.0,0.19999999999999998,5000.0,case_206,0,0,2686.22998046875,2686.2392578125,pinn,2412,0.0,8045,0,0.0
2.0,200000.0,0.19999999999999998,10000.0,case_206,0,0,7686.23046875,7686.2392578125,pinn,2412,0.0,8045,0,0.0
2.0,200000.0,0.19999999999999998,25000.0,case_206,0,0,22686.23046875,22686.23828125,pinn,2412,0.0,8045,0,0.0
2.0,200000.0,0.19999999999999998,101325.0,case_206,0,0,99011.2265625,99011.2421875,pinn,2412,0.0,8045,0,0.0
2.0,500000.0,0.5,2500.0,case_207,0,0,118.67431640625,113.4375,pinn,2412,0.0,8045,0,0.0
2.0,500000.0,0.5,3000.0,case_207,0,0,618.67431640625,613.4375,pinn,2412,0.0,8045,0,0.0
2.0,500000.0,0.5,5000.0,case_207,0,0,2618.67431640625,2613.4375,pinn,2412,0.0,8045,0,0.0
2.0,500000.0,0.5,10000.0,case_207,0,0,7618.673828125,7613.4375,pinn,2412,0.0,8045,0,0.0
2.0,500000.0,0.5,25000.0,case_207,0,0,22618.673828125,22613.4375,pinn,2412,0.0,8045,0,0.0
2.0,500000.0,0.5,101325.0,case_207,0,0,98943.671875,98938.4375,pinn,2412,0.0,8045,0,0.0
2.0,1000000.0,1.0,2500.0,case_208,22,0,-129.391357421875,-146.984619140625,pinn,2412,0.009322560596643879,7948,75,0.012057178371659415
2.0,1000000.0,1.0,3000.0,case_208,0,0,370.608642578125,353.015380859375,pinn,2412,0.0,8045,0,0.0
2.0,1000000.0,1.0,5000.0,case_208,0,0,2370.6083984375,2353.015625,pinn,2412,0.0,8045,0,0.0
2.0,1000000.0,1.0,10000.0,case_208,0,0,7370.6083984375,7353.015625,pinn,2412,0.0,8045,0,0.0
2.0,1000000.0,1.0,25000.0,case_208,0,0,22370.609375,22353.015625,pinn,2412,0.0,8045,0,0.0
2.0,1000000.0,1.0,101325.0,case_208,0,0,98695.609375,98678.015625,pinn,2412,0.0,8045,0,0.0
4.0,100000.0,0.09999999999999999,2500.0,case_209,0,0,195.684326171875,195.056396484375,pinn,2412,0.0,8045,0,0.0
4.0,100000.0,0.09999999999999999,3000.0,case_209,0,0,695.684326171875,695.056396484375,pinn,2412,0.0,8045,0,0.0
4.0,100000.0,0.09999999999999999,5000.0,case_209,0,0,2695.6845703125,2695.05615234375,pinn,2412,0.0,8045,0,0.0
4.0,100000.0,0.09999999999999999,10000.0,case_209,0,0,7695.6845703125,7695.056640625,pinn,2412,0.0,8045,0,0.0
4.0,100000.0,0.09999999999999999,25000.0,case_209,0,0,22695.68359375,22695.056640625,pinn,2412,0.0,8045,0,0.0
4.0,100000.0,0.09999999999999999,101325.0,case_209,0,0,99020.6875,99020.0546875,pinn,2412,0.0,8045,0,0.0
4.0,200000.0,0.19999999999999998,2500.0,case_210,0,0,182.772216796875,180.322021484375,pinn,2412,0.0,8045,0,0.0
4.0,200000.0,0.19999999999999998,3000.0,case_210,0,0,682.772216796875,680.322021484375,pinn,2412,0.0,8045,0,0.0
4.0,200000.0,0.19999999999999998,5000.0,case_210,0,0,2682.7724609375,2680.322265625,pinn,2412,0.0,8045,0,0.0
4.0,200000.0,0.19999999999999998,10000.0,case_210,0,0,7682.7724609375,7680.322265625,pinn,2412,0.0,8045,0,0.0
4.0,200000.0,0.19999999999999998,25000.0,case_210,0,0,22682.771484375,22680.322265625,pinn,2412,0.0,8045,0,0.0
4.0,200000.0,0.19999999999999998,101325.0,case_210,0,0,99007.7734375,99005.3203125,pinn,2412,0.0,8045,0,0.0
4.0,500000.0,0.5,2500.0,case_211,0,0,99.219970703125,76.150634765625,pinn,2412,0.0,8045,0,0.0
4.0,500000.0,0.5,3000.0,case_211,0,0,599.219970703125,576.150634765625,pinn,2412,0.0,8045,0,0.0
4.0,500000.0,0.5,5000.0,case_211,0,0,2599.2197265625,2576.15087890625,pinn,2412,0.0,8045,0,0.0
4.0,500000.0,0.5,10000.0,case_211,0,0,7599.2197265625,7576.150390625,pinn,2412,0.0,8045,0,0.0
4.0,500000.0,0.5,25000.0,case_211,0,0,22599.220703125,22576.150390625,pinn,2412,0.0,8045,0,0.0
4.0,500000.0,0.5,101325.0,case_211,0,0,98924.21875,98901.1484375,pinn,2412,0.0,8045,0,0.0
4.0,1000000.0,1.0,2500.0,case_212,30,0,-238.734375,-296.5372314453125,pinn,2412,0.019888129272840272,7855,160,0.023617153511497825
4.0,1000000.0,1.0,3000.0,case_212,0,0,261.265625,203.462646484375,pinn,2412,0.0,8045,0,0.0
4.0,1000000.0,1.0,5000.0,case_212,0,0,2261.265625,2203.462890625,pinn,2412,0.0,8045,0,0.0
4.0,1000000.0,1.0,10000.0,case_212,0,0,7261.265625,7203.462890625,pinn,2412,0.0,8045,0,0.0
4.0,1000000.0,1.0,25000.0,case_212,0,0,22261.265625,22203.462890625,pinn,2412,0.0,8045,0,0.0
4.0,1000000.0,1.0,101325.0,case_212,0,0,98586.265625,98528.4609375,pinn,2412,0.0,8045,0,0.0
6.0,100000.0,0.09999999999999999,2500.0,case_213,0,0,194.82373046875,193.473876953125,pinn,2412,0.0,8045,0,0.0
6.0,100000.0,0.09999999999999999,3000.0,case_213,0,0,694.82373046875,693.473876953125,pinn,2412,0.0,8045,0,0.0
6.0,100000.0,0.09999999999999999,5000.0,case_213,0,0,2694.82373046875,2693.4736328125,pinn,2412,0.0,8045,0,0.0
6.0,100000.0,0.09999999999999999,10000.0,case_213,0,0,7694.8232421875,7693.4736328125,pinn,2412,0.0,8045,0,0.0
6.0,100000.0,0.09999999999999999,25000.0,case_213,0,0,22694.82421875,22693.474609375,pinn,2412,0.0,8045,0,0.0
6.0,100000.0,0.09999999999999999,101325.0,case_213,0,0,99019.8203125,99018.4765625,pinn,2412,0.0,8045,0,0.0
6.0,200000.0,0.19999999999999998,2500.0,case_214,0,0,179.291259765625,174.086181640625,pinn,2412,0.0,8045,0,0.0
6.0,200000.0,0.19999999999999998,3000.0,case_214,0,0,679.291259765625,674.086181640625,pinn,2412,0.0,8045,0,0.0
6.0,200000.0,0.19999999999999998,5000.0,case_214,0,0,2679.291015625,2674.0859375,pinn,2412,0.0,8045,0,0.0
6.0,200000.0,0.19999999999999998,10000.0,case_214,0,0,7679.291015625,7674.0859375,pinn,2412,0.0,8045,0,0.0
6.0,200000.0,0.19999999999999998,25000.0,case_214,0,0,22679.291015625,22674.0859375,pinn,2412,0.0,8045,0,0.0
6.0,200000.0,0.19999999999999998,101325.0,case_214,0,0,99004.2890625,98999.0859375,pinn,2412,0.0,8045,0,0.0
6.0,500000.0,0.5,2500.0,case_215,0,0,73.8984375,36.447265625,pinn,2412,0.0,8045,0,0.0
6.0,500000.0,0.5,3000.0,case_215,0,0,573.8984375,536.447265625,pinn,2412,0.0,8045,0,0.0
6.0,500000.0,0.5,5000.0,case_215,0,0,2573.8984375,2536.447265625,pinn,2412,0.0,8045,0,0.0
6.0,500000.0,0.5,10000.0,case_215,0,0,7573.8984375,7536.447265625,pinn,2412,0.0,8045,0,0.0
6.0,500000.0,0.5,25000.0,case_215,0,0,22573.8984375,22536.447265625,pinn,2412,0.0,8045,0,0.0
6.0,500000.0,0.5,101325.0,case_215,0,0,98898.8984375,98861.4453125,pinn,2412,0.0,8045,0,0.0
6.0,1000000.0,1.0,2500.0,case_216,18,1,-389.10693359375,-456.31396484375,pinn,2412,0.03418272218769422,7752,274,0.0362958359229335
6.0,1000000.0,1.0,3000.0,case_216,0,0,110.89306640625,43.68603515625,pinn,2412,0.0,8045,0,0.0
6.0,1000000.0,1.0,5000.0,case_216,0,0,2110.89306640625,2043.68603515625,pinn,2412,0.0,8045,0,0.0
6.0,1000000.0,1.0,10000.0,case_216,0,0,7110.8935546875,7043.685546875,pinn,2412,0.0,8045,0,0.0
6.0,1000000.0,1.0,25000.0,case_216,0,0,22110.892578125,22043.685546875,pinn,2412,0.0,8045,0,0.0
6.0,1000000.0,1.0,101325.0,case_216,0,0,98435.890625,98368.6875,pinn,2412,0.0,8045,0,0.0
8.0,100000.0,0.09999999999999999,2500.0,case_217,0,0,194.111328125,190.568115234375,pinn,2412,0.0,8045,0,0.0
8.0,100000.0,0.09999999999999999,3000.0,case_217,0,0,694.111328125,690.568115234375,pinn,2412,0.0,8045,0,0.0
8.0,100000.0,0.09999999999999999,5000.0,case_217,0,0,2694.111328125,2690.568359375,pinn,2412,0.0,8045,0,0.0
8.0,100000.0,0.09999999999999999,10000.0,case_217,0,0,7694.111328125,7690.568359375,pinn,2412,0.0,8045,0,0.0
8.0,100000.0,0.09999999999999999,25000.0,case_217,0,0,22694.111328125,22690.568359375,pinn,2412,0.0,8045,0,0.0
8.0,100000.0,0.09999999999999999,101325.0,case_217,0,0,99019.109375,99015.5703125,pinn,2412,0.0,8045,0,0.0
8.0,200000.0,0.19999999999999998,2500.0,case_218,0,0,176.03564453125,161.783447265625,pinn,2412,0.0,8045,0,0.0
8.0,200000.0,0.19999999999999998,3000.0,case_218,0,0,676.03564453125,661.783447265625,pinn,2412,0.0,8045,0,0.0
8.0,200000.0,0.19999999999999998,5000.0,case_218,0,0,2676.03564453125,2661.783203125,pinn,2412,0.0,8045,0,0.0
8.0,200000.0,0.19999999999999998,10000.0,case_218,0,0,7676.03515625,7661.783203125,pinn,2412,0.0,8045,0,0.0
8.0,200000.0,0.19999999999999998,25000.0,case_218,0,0,22676.03515625,22661.783203125,pinn,2412,0.0,8045,0,0.0
8.0,200000.0,0.19999999999999998,101325.0,case_218,0,0,99001.0390625,98986.78125,pinn,2412,0.0,8045,0,0.0
8.0,500000.0,0.5,2500.0,case_219,1,0,44.41064453125,-29.9501953125,pinn,2412,0.0,8044,0,0.0001243008079552517
8.0,500000.0,0.5,3000.0,case_219,0,0,544.41064453125,470.0498046875,pinn,2412,0.0,8045,0,0.0
8.0,500000.0,0.5,5000.0,case_219,0,0,2544.41064453125,2470.0498046875,pinn,2412,0.0,8045,0,0.0
8.0,500000.0,0.5,10000.0,case_219,0,0,7544.41015625,7470.0498046875,pinn,2412,0.0,8045,0,0.0
8.0,500000.0,0.5,25000.0,case_219,0,0,22544.41015625,22470.048828125,pinn,2412,0.0,8045,0,0.0
8.0,500000.0,0.5,101325.0,case_219,0,0,98869.4140625,98795.046875,pinn,2412,0.0,8045,0,0.0
8.0,1000000.0,1.0,2500.0,case_220,3,24,-487.820068359375,-722.595947265625,pinn,2412,0.05307644499689248,7615,403,0.05046612802983219
8.0,1000000.0,1.0,3000.0,case_220,5,0,12.179931640625,-222.595947265625,pinn,2412,0.0,8040,0,0.0006215040397762585
8.0,1000000.0,1.0,5000.0,case_220,0,0,2012.1796875,1777.404052734375,pinn,2412,0.0,8045,0,0.0
8.0,1000000.0,1.0,10000.0,case_220,0,0,7012.1796875,6777.404296875,pinn,2412,0.0,8045,0,0.0
8.0,1000000.0,1.0,25000.0,case_220,0,0,22012.1796875,21777.404296875,pinn,2412,0.0,8045,0,0.0
8.0,1000000.0,1.0,101325.0,case_220,0,0,98337.1796875,98102.40625,pinn,2412,0.0,8045,0,0.0
10.0,100000.0,0.09999999999999999,2500.0,case_221,0,0,193.665771484375,187.9287109375,pinn,2412,0.0,8045,0,0.0
10.0,100000.0,0.09999999999999999,3000.0,case_221,0,0,693.665771484375,687.9287109375,pinn,2412,0.0,8045,0,0.0
10.0,100000.0,0.09999999999999999,5000.0,case_221,0,0,2693.666015625,2687.9287109375,pinn,2412,0.0,8045,0,0.0
10.0,100000.0,0.09999999999999999,10000.0,case_221,0,0,7693.666015625,7687.9287109375,pinn,2412,0.0,8045,0,0.0
10.0,100000.0,0.09999999999999999,25000.0,case_221,0,0,22693.666015625,22687.927734375,pinn,2412,0.0,8045,0,0.0
10.0,100000.0,0.09999999999999999,101325.0,case_221,0,0,99018.6640625,99012.9296875,pinn,2412,0.0,8045,0,0.0
10.0,200000.0,0.19999999999999998,2500.0,case_222,0,0,173.848876953125,153.3876953125,pinn,2412,0.0,8045,0,0.0
10.0,200000.0,0.19999999999999998,3000.0,case_222,0,0,673.848876953125,653.3876953125,pinn,2412,0.0,8045,0,0.0
10.0,200000.0,0.19999999999999998,5000.0,case_222,0,0,2673.84912109375,2653.3876953125,pinn,2412,0.0,8045,0,0.0
10.0,200000.0,0.19999999999999998,10000.0,case_222,0,0,7673.8486328125,7653.3876953125,pinn,2412,0.0,8045,0,0.0
10.0,200000.0,0.19999999999999998,25000.0,case_222,0,0,22673.849609375,22653.388671875,pinn,2412,0.0,8045,0,0.0
10.0,200000.0,0.19999999999999998,101325.0,case_222,0,0,98998.8515625,98978.390625,pinn,2412,0.0,8045,0,0.0
10.0,500000.0,0.5,2500.0,case_223,5,0,24.705078125,-90.552978515625,pinn,2412,0.0,8040,0,0.0006215040397762585
10.0,500000.0,0.5,3000.0,case_223,0,0,524.705078125,409.447021484375,pinn,2412,0.0,8045,0,0.0
10.0,500000.0,0.5,5000.0,case_223,0,0,2524.705078125,2409.447265625,pinn,2412,0.0,8045,0,0.0
10.0,500000.0,0.5,10000.0,case_223,0,0,7524.705078125,7409.447265625,pinn,2412,0.0,8045,0,0.0
10.0,500000.0,0.5,25000.0,case_223,0,0,22524.705078125,22409.447265625,pinn,2412,0.0,8045,0,0.0
10.0,500000.0,0.5,101325.0,case_223,0,0,98849.703125,98734.4453125,pinn,2412,0.0,8045,0,0.0
10.0,1000000.0,1.0,2500.0,case_224,0,105,-534.165771484375,-965.6834716796875,pinn,2412,0.07507768800497203,7441,499,0.0620261031696706
10.0,1000000.0,1.0,3000.0,case_224,8,3,-34.165771484375,-465.6834716796875,pinn,2412,0.0009944064636420136,8029,5,0.0016159105034182723
10.0,1000000.0,1.0,5000.0,case_224,0,0,1965.833984375,1534.31640625,pinn,2412,0.0,8045,0,0.0
10.0,1000000.0,1.0,10000.0,case_224,0,0,6965.833984375,6534.31640625,pinn,2412,0.0,8045,0,0.0
10.0,1000000.0,1.0,25000.0,case_224,0,0,21965.833984375,21534.31640625,pinn,2412,0.0,8045,0,0.0
10.0,1000000.0,1.0,101325.0,case_224,0,0,98290.8359375,97859.3203125,pinn,2412,0.0,8045,0,0.0
-4.0,100000.0,0.09999999999999999,2500.0,case_129,0,0,195.733154296875,194.35107421875,fno,0015,0.0,8008,0,0.0
-4.0,100000.0,0.09999999999999999,3000.0,case_129,0,0,695.733154296875,694.35107421875,fno,0015,0.0,8008,0,0.0
-4.0,100000.0,0.09999999999999999,5000.0,case_129,0,0,2695.73291015625,2694.35107421875,fno,0015,0.0,8008,0,0.0
-4.0,100000.0,0.09999999999999999,10000.0,case_129,0,0,7695.7333984375,7694.3505859375,fno,0015,0.0,8008,0,0.0
-4.0,100000.0,0.09999999999999999,25000.0,case_129,0,0,22695.732421875,22694.3515625,fno,0015,0.0,8008,0,0.0
-4.0,100000.0,0.09999999999999999,101325.0,case_129,0,0,99020.734375,99019.3515625,fno,0015,0.0,8008,0,0.0
-4.0,200000.0,0.19999999999999998,2500.0,case_130,0,0,183.031005859375,177.379638671875,fno,0015,0.0,8008,0,0.0
-4.0,200000.0,0.19999999999999998,3000.0,case_130,0,0,683.031005859375,677.379638671875,fno,0015,0.0,8008,0,0.0
-4.0,200000.0,0.19999999999999998,5000.0,case_130,0,0,2683.03125,2677.37939453125,fno,0015,0.0,8008,0,0.0
-4.0,200000.0,0.19999999999999998,10000.0,case_130,0,0,7683.03125,7677.3798828125,fno,0015,0.0,8008,0,0.0
-4.0,200000.0,0.19999999999999998,25000.0,case_130,0,0,22683.03125,22677.37890625,fno,0015,0.0,8008,0,0.0
-4.0,200000.0,0.19999999999999998,101325.0,case_130,0,0,99008.03125,99002.3828125,fno,0015,0.0,8008,0,0.0
-4.0,500000.0,0.5,2500.0,case_131,0,0,97.57177734375,57.5546875,fno,0015,0.0,8008,0,0.0
-4.0,500000.0,0.5,3000.0,case_131,0,0,597.57177734375,557.5546875,fno,0015,0.0,8008,0,0.0
-4.0,500000.0,0.5,5000.0,case_131,0,0,2597.57177734375,2557.5546875,fno,0015,0.0,8008,0,0.0
-4.0,500000.0,0.5,10000.0,case_131,0,0,7597.572265625,7557.5546875,fno,0015,0.0,8008,0,0.0
-4.0,500000.0,0.5,25000.0,case_131,0,0,22597.572265625,22557.5546875,fno,0015,0.0,8008,0,0.0
-4.0,500000.0,0.5,101325.0,case_131,0,0,98922.5703125,98882.5546875,fno,0015,0.0,8008,0,0.0
-4.0,1000000.0,1.0,2500.0,case_132,141,0,-138.22216796875,-371.20068359375,fno,0015,0.0027472527472527475,7845,22,0.020354645354645356
-4.0,1000000.0,1.0,3000.0,case_132,0,0,361.77783203125,128.79931640625,fno,0015,0.0,8008,0,0.0
-4.0,1000000.0,1.0,5000.0,case_132,0,0,2361.77783203125,2128.79931640625,fno,0015,0.0,8008,0,0.0
-4.0,1000000.0,1.0,10000.0,case_132,0,0,7361.7783203125,7128.7998046875,fno,0015,0.0,8008,0,0.0
-4.0,1000000.0,1.0,25000.0,case_132,0,0,22361.77734375,22128.798828125,fno,0015,0.0,8008,0,0.0
-4.0,1000000.0,1.0,101325.0,case_132,0,0,98686.78125,98453.796875,fno,0015,0.0,8008,0,0.0
-2.0,100000.0,0.09999999999999999,2500.0,case_133,0,0,195.962890625,195.881591796875,fno,0015,0.0,8008,0,0.0
-2.0,100000.0,0.09999999999999999,3000.0,case_133,0,0,695.962890625,695.881591796875,fno,0015,0.0,8008,0,0.0
-2.0,100000.0,0.09999999999999999,5000.0,case_133,0,0,2695.962890625,2695.88134765625,fno,0015,0.0,8008,0,0.0
-2.0,100000.0,0.09999999999999999,10000.0,case_133,0,0,7695.962890625,7695.8818359375,fno,0015,0.0,8008,0,0.0
-2.0,100000.0,0.09999999999999999,25000.0,case_133,0,0,22695.962890625,22695.880859375,fno,0015,0.0,8008,0,0.0
-2.0,100000.0,0.09999999999999999,101325.0,case_133,0,0,99020.9609375,99020.8828125,fno,0015,0.0,8008,0,0.0
-2.0,200000.0,0.19999999999999998,2500.0,case_134,0,0,184.25,183.510009765625,fno,0015,0.0,8008,0,0.0
-2.0,200000.0,0.19999999999999998,3000.0,case_134,0,0,684.25,683.510009765625,fno,0015,0.0,8008,0,0.0
-2.0,200000.0,0.19999999999999998,5000.0,case_134,0,0,2684.25,2683.509765625,fno,0015,0.0,8008,0,0.0
-2.0,200000.0,0.19999999999999998,10000.0,case_134,0,0,7684.25,7683.509765625,fno,0015,0.0,8008,0,0.0
-2.0,200000.0,0.19999999999999998,25000.0,case_134,0,0,22684.25,22683.509765625,fno,0015,0.0,8008,0,0.0
-2.0,200000.0,0.19999999999999998,101325.0,case_134,0,0,99009.25,99008.5078125,fno,0015,0.0,8008,0,0.0
-2.0,500000.0,0.5,2500.0,case_135,0,0,114.00927734375,96.166015625,fno,0015,0.0,8008,0,0.0
-2.0,500000.0,0.5,3000.0,case_135,0,0,614.00927734375,596.166015625,fno,0015,0.0,8008,0,0.0
-2.0,500000.0,0.5,5000.0,case_135,0,0,2614.00927734375,2596.166015625,fno,0015,0.0,8008,0,0.0
-2.0,500000.0,0.5,10000.0,case_135,0,0,7614.009765625,7596.166015625,fno,0015,0.0,8008,0,0.0
-2.0,500000.0,0.5,25000.0,case_135,0,0,22614.009765625,22596.166015625,fno,0015,0.0,8008,0,0.0
-2.0,500000.0,0.5,101325.0,case_135,0,0,98939.0078125,98921.1640625,fno,0015,0.0,8008,0,0.0
-2.0,1000000.0,1.0,2500.0,case_136,80,0,-29.47705078125,-216.358642578125,fno,0015,0.0003746253746253746,7925,3,0.010364635364635364
-2.0,1000000.0,1.0,3000.0,case_136,0,0,470.52294921875,283.641357421875,fno,0015,0.0,8008,0,0.0
-2.0,1000000.0,1.0,5000.0,case_136,0,0,2470.52294921875,2283.64111328125,fno,0015,0.0,8008,0,0.0
-2.0,1000000.0,1.0,10000.0,case_136,0,0,7470.5224609375,7283.6416015625,fno,0015,0.0,8008,0,0.0
-2.0,1000000.0,1.0,25000.0,case_136,0,0,22470.5234375,22283.640625,fno,0015,0.0,8008,0,0.0
-2.0,1000000.0,1.0,101325.0,case_136,0,0,98795.5234375,98608.640625,fno,0015,0.0,8008,0,0.0
0.0,100000.0,0.09999999999999999,2500.0,case_137,0,0,196.724365234375,197.3544921875,fno,0015,0.0,8008,0,0.0
0.0,100000.0,0.09999999999999999,3000.0,case_137,0,0,696.724365234375,697.3544921875,fno,0015,0.0,8008,0,0.0
0.0,100000.0,0.09999999999999999,5000.0,case_137,0,0,2696.72412109375,2697.3544921875,fno,0015,0.0,8008,0,0.0
0.0,100000.0,0.09999999999999999,10000.0,case_137,0,0,7696.724609375,7697.3544921875,fno,0015,0.0,8008,0,0.0
0.0,100000.0,0.09999999999999999,25000.0,case_137,0,0,22696.724609375,22697.353515625,fno,0015,0.0,8008,0,0.0
0.0,100000.0,0.09999999999999999,101325.0,case_137,0,0,99021.7265625,99022.3515625,fno,0015,0.0,8008,0,0.0
0.0,200000.0,0.19999999999999998,2500.0,case_138,0,0,187.83251953125,189.410400390625,fno,0015,0.0,8008,0,0.0
0.0,200000.0,0.19999999999999998,3000.0,case_138,0,0,687.83251953125,689.410400390625,fno,0015,0.0,8008,0,0.0
0.0,200000.0,0.19999999999999998,5000.0,case_138,0,0,2687.83251953125,2689.41015625,fno,0015,0.0,8008,0,0.0
0.0,200000.0,0.19999999999999998,10000.0,case_138,0,0,7687.8330078125,7689.41015625,fno,0015,0.0,8008,0,0.0
0.0,200000.0,0.19999999999999998,25000.0,case_138,0,0,22687.83203125,22689.41015625,fno,0015,0.0,8008,0,0.0
0.0,200000.0,0.19999999999999998,101325.0,case_138,0,0,99012.8359375,99014.4140625,fno,0015,0.0,8008,0,0.0
0.0,500000.0,0.5,2500.0,case_139,0,0,141.37646484375,133.32568359375,fno,0015,0.0,8008,0,0.0
0.0,500000.0,0.5,3000.0,case_139,0,0,641.37646484375,633.32568359375,fno,0015,0.0,8008,0,0.0
0.0,500000.0,0.5,5000.0,case_139,0,0,2641.37646484375,2633.32568359375,fno,0015,0.0,8008,0,0.0
0.0,500000.0,0.5,10000.0,case_139,0,0,7641.3759765625,7633.3251953125,fno,0015,0.0,8008,0,0.0
0.0,500000.0,0.5,25000.0,case_139,0,0,22641.376953125,22633.326171875,fno,0015,0.0,8008,0,0.0
0.0,500000.0,0.5,101325.0,case_139,0,0,98966.375,98958.328125,fno,0015,0.0,8008,0,0.0
0.0,1000000.0,1.0,2500.0,case_140,22,24,-107.841064453125,-67.346923828125,fno,0015,0.0036213786213786215,7957,5,0.0033716283716283715
0.0,1000000.0,1.0,3000.0,case_140,0,0,392.158935546875,432.653076171875,fno,0015,0.0,8008,0,0.0
0.0,1000000.0,1.0,5000.0,case_140,0,0,2392.15869140625,2432.65283203125,fno,0015,0.0,8008,0,0.0
0.0,1000000.0,1.0,10000.0,case_140,0,0,7392.1591796875,7432.6533203125,fno,0015,0.0,8008,0,0.0
0.0,1000000.0,1.0,25000.0,case_140,0,0,22392.158203125,22432.65234375,fno,0015,0.0,8008,0,0.0
0.0,1000000.0,1.0,101325.0,case_140,0,0,98717.15625,98757.65625,fno,0015,0.0,8008,0,0.0
2.0,100000.0,0.09999999999999999,2500.0,case_141,0,0,197.734130859375,196.626220703125,fno,0015,0.0,8008,0,0.0
2.0,100000.0,0.09999999999999999,3000.0,case_141,0,0,697.734130859375,696.626220703125,fno,0015,0.0,8008,0,0.0
2.0,100000.0,0.09999999999999999,5000.0,case_141,0,0,2697.734375,2696.6259765625,fno,0015,0.0,8008,0,0.0
2.0,100000.0,0.09999999999999999,10000.0,case_141,0,0,7697.734375,7696.6259765625,fno,0015,0.0,8008,0,0.0
2.0,100000.0,0.09999999999999999,25000.0,case_141,0,0,22697.734375,22696.626953125,fno,0015,0.0,8008,0,0.0
2.0,100000.0,0.09999999999999999,101325.0,case_141,0,0,99022.734375,99021.625,fno,0015,0.0,8008,0,0.0
2.0,200000.0,0.19999999999999998,2500.0,case_142,0,0,191.189697265625,186.32275390625,fno,0015,0.0,8008,0,0.0
2.0,200000.0,0.19999999999999998,3000.0,case_142,0,0,691.189697265625,686.32275390625,fno,0015,0.0,8008,0,0.0
2.0,200000.0,0.19999999999999998,5000.0,case_142,0,0,2691.189453125,2686.32275390625,fno,0015,0.0,8008,0,0.0
2.0,200000.0,0.19999999999999998,10000.0,case_142,0,0,7691.189453125,7686.322265625,fno,0015,0.0,8008,0,0.0
2.0,200000.0,0.19999999999999998,25000.0,case_142,0,0,22691.189453125,22686.322265625,fno,0015,0.0,8008,0,0.0
2.0,200000.0,0.19999999999999998,101325.0,case_142,0,0,99016.1875,99011.3203125,fno,0015,0.0,8008,0,0.0
2.0,500000.0,0.5,2500.0,case_143,0,0,124.811279296875,114.163818359375,fno,0015,0.0,8008,0,0.0
2.0,500000.0,0.5,3000.0,case_143,0,0,624.811279296875,614.163818359375,fno,0015,0.0,8008,0,0.0
2.0,500000.0,0.5,5000.0,case_143,0,0,2624.8115234375,2614.1640625,fno,0015,0.0,8008,0,0.0
2.0,500000.0,0.5,10000.0,case_143,0,0,7624.8115234375,7614.1640625,fno,0015,0.0,8008,0,0.0
2.0,500000.0,0.5,25000.0,case_143,0,0,22624.810546875,22614.1640625,fno,0015,0.0,8008,0,0.0
2.0,500000.0,0.5,101325.0,case_143,0,0,98949.8125,98939.1640625,fno,0015,0.0,8008,0,0.0
2.0,1000000.0,1.0,2500.0,case_144,0,50,-237.188720703125,-143.816162109375,fno,0015,0.011988011988011988,7912,46,0.005744255744255744
2.0,1000000.0,1.0,3000.0,case_144,0,0,262.811279296875,356.183837890625,fno,0015,0.0,8008,0,0.0
2.0,1000000.0,1.0,5000.0,case_144,0,0,2262.8115234375,2356.18408203125,fno,0015,0.0,8008,0,0.0
2.0,1000000.0,1.0,10000.0,case_144,0,0,7262.8115234375,7356.18359375,fno,0015,0.0,8008,0,0.0
2.0,1000000.0,1.0,25000.0,case_144,0,0,22262.810546875,22356.18359375,fno,0015,0.0,8008,0,0.0
2.0,1000000.0,1.0,101325.0,case_144,0,0,98587.8125,98681.1875,fno,0015,0.0,8008,0,0.0
4.0,100000.0,0.09999999999999999,2500.0,case_145,0,0,196.79833984375,195.107177734375,fno,0015,0.0,8008,0,0.0
4.0,100000.0,0.09999999999999999,3000.0,case_145,0,0,696.79833984375,695.107177734375,fno,0015,0.0,8008,0,0.0
4.0,100000.0,0.09999999999999999,5000.0,case_145,0,0,2696.79833984375,2695.107421875,fno,0015,0.0,8008,0,0.0
4.0,100000.0,0.09999999999999999,10000.0,case_145,0,0,7696.7978515625,7695.107421875,fno,0015,0.0,8008,0,0.0
4.0,100000.0,0.09999999999999999,25000.0,case_145,0,0,22696.798828125,22695.107421875,fno,0015,0.0,8008,0,0.0
4.0,100000.0,0.09999999999999999,101325.0,case_145,0,0,99021.796875,99020.109375,fno,0015,0.0,8008,0,0.0
4.0,200000.0,0.19999999999999998,2500.0,case_146,0,0,186.17431640625,180.282958984375,fno,0015,0.0,8008,0,0.0
4.0,200000.0,0.19999999999999998,3000.0,case_146,0,0,686.17431640625,680.282958984375,fno,0015,0.0,8008,0,0.0
4.0,200000.0,0.19999999999999998,5000.0,case_146,0,0,2686.17431640625,2680.283203125,fno,0015,0.0,8008,0,0.0
4.0,200000.0,0.19999999999999998,10000.0,case_146,0,0,7686.1748046875,7680.283203125,fno,0015,0.0,8008,0,0.0
4.0,200000.0,0.19999999999999998,25000.0,case_146,0,0,22686.173828125,22680.283203125,fno,0015,0.0,8008,0,0.0
4.0,200000.0,0.19999999999999998,101325.0,case_146,0,0,99011.171875,99005.28125,fno,0015,0.0,8008,0,0.0
4.0,500000.0,0.5,2500.0,case_147,0,0,92.594970703125,76.218505859375,fno,0015,0.0,8008,0,0.0
4.0,500000.0,0.5,3000.0,case_147,0,0,592.594970703125,576.218505859375,fno,0015,0.0,8008,0,0.0
4.0,500000.0,0.5,5000.0,case_147,0,0,2592.59521484375,2576.21875,fno,0015,0.0,8008,0,0.0
4.0,500000.0,0.5,10000.0,case_147,0,0,7592.5947265625,7576.21875,fno,0015,0.0,8008,0,0.0
4.0,500000.0,0.5,25000.0,case_147,0,0,22592.595703125,22576.21875,fno,0015,0.0,8008,0,0.0
4.0,500000.0,0.5,101325.0,case_147,0,0,98917.59375,98901.21875,fno,0015,0.0,8008,0,0.0
4.0,1000000.0,1.0,2500.0,case_148,0,86,-392.67138671875,-295.1934814453125,fno,0015,0.0246003996003996,7811,111,0.013861138861138862
4.0,1000000.0,1.0,3000.0,case_148,0,0,107.32861328125,204.806640625,fno,0015,0.0,8008,0,0.0
4.0,1000000.0,1.0,5000.0,case_148,0,0,2107.32861328125,2204.806640625,fno,0015,0.0,8008,0,0.0
4.0,1000000.0,1.0,10000.0,case_148,0,0,7107.3291015625,7204.806640625,fno,0015,0.0,8008,0,0.0
4.0,1000000.0,1.0,25000.0,case_148,0,0,22107.328125,22204.806640625,fno,0015,0.0,8008,0,0.0
4.0,1000000.0,1.0,101325.0,case_148,0,0,98432.328125,98529.8046875,fno,0015,0.0,8008,0,0.0
6.0,100000.0,0.09999999999999999,2500.0,case_149,0,0,195.48974609375,193.47412109375,fno,0015,0.0,8008,0,0.0
6.0,100000.0,0.09999999999999999,3000.0,case_149,0,0,695.48974609375,693.47412109375,fno,0015,0.0,8008,0,0.0
6.0,100000.0,0.09999999999999999,5000.0,case_149,0,0,2695.48974609375,2693.47412109375,fno,0015,0.0,8008,0,0.0
6.0,100000.0,0.09999999999999999,10000.0,case_149,0,0,7695.4892578125,7693.4736328125,fno,0015,0.0,8008,0,0.0
6.0,100000.0,0.09999999999999999,25000.0,case_149,0,0,22695.490234375,22693.474609375,fno,0015,0.0,8008,0,0.0
6.0,100000.0,0.09999999999999999,101325.0,case_149,0,0,99020.4921875,99018.4765625,fno,0015,0.0,8008,0,0.0
6.0,200000.0,0.19999999999999998,2500.0,case_150,0,0,180.75927734375,173.625244140625,fno,0015,0.0,8008,0,0.0
6.0,200000.0,0.19999999999999998,3000.0,case_150,0,0,680.75927734375,673.625244140625,fno,0015,0.0,8008,0,0.0
6.0,200000.0,0.19999999999999998,5000.0,case_150,0,0,2680.75927734375,2673.62548828125,fno,0015,0.0,8008,0,0.0
6.0,200000.0,0.19999999999999998,10000.0,case_150,0,0,7680.759765625,7673.625,fno,0015,0.0,8008,0,0.0
6.0,200000.0,0.19999999999999998,25000.0,case_150,0,0,22680.759765625,22673.625,fno,0015,0.0,8008,0,0.0
6.0,200000.0,0.19999999999999998,101325.0,case_150,0,0,99005.7578125,98998.625,fno,0015,0.0,8008,0,0.0
6.0,500000.0,0.5,2500.0,case_151,0,0,54.172119140625,38.3076171875,fno,0015,0.0,8008,0,0.0
6.0,500000.0,0.5,3000.0,case_151,0,0,554.172119140625,538.3076171875,fno,0015,0.0,8008,0,0.0
6.0,500000.0,0.5,5000.0,case_151,0,0,2554.171875,2538.3076171875,fno,0015,0.0,8008,0,0.0
6.0,500000.0,0.5,10000.0,case_151,0,0,7554.171875,7538.3076171875,fno,0015,0.0,8008,0,0.0
6.0,500000.0,0.5,25000.0,case_151,0,0,22554.171875,22538.30859375,fno,0015,0.0,8008,0,0.0
6.0,500000.0,0.5,101325.0,case_151,0,0,98879.171875,98863.3046875,fno,0015,0.0,8008,0,0.0
6.0,1000000.0,1.0,2500.0,case_152,0,106,-552.586181640625,-448.040283203125,fno,0015,0.037587412587412584,7707,195,0.024350649350649352
6.0,1000000.0,1.0,3000.0,case_152,0,3,-52.586181640625,51.959716796875,fno,0015,0.0003746253746253746,8005,0,0.0
6.0,1000000.0,1.0,5000.0,case_152,0,0,1947.4140625,2051.9599609375,fno,0015,0.0,8008,0,0.0
6.0,1000000.0,1.0,10000.0,case_152,0,0,6947.4140625,7051.9599609375,fno,0015,0.0,8008,0,0.0
6.0,1000000.0,1.0,25000.0,case_152,0,0,21947.4140625,22051.958984375,fno,0015,0.0,8008,0,0.0
6.0,1000000.0,1.0,101325.0,case_152,0,0,98272.4140625,98376.9609375,fno,0015,0.0,8008,0,0.0
8.0,100000.0,0.09999999999999999,2500.0,case_153,0,0,193.904296875,190.859130859375,fno,0015,0.0,8008,0,0.0
8.0,100000.0,0.09999999999999999,3000.0,case_153,0,0,693.904296875,690.859130859375,fno,0015,0.0,8008,0,0.0
8.0,100000.0,0.09999999999999999,5000.0,case_153,0,0,2693.904296875,2690.85888671875,fno,0015,0.0,8008,0,0.0
8.0,100000.0,0.09999999999999999,10000.0,case_153,0,0,7693.904296875,7690.859375,fno,0015,0.0,8008,0,0.0
8.0,100000.0,0.09999999999999999,25000.0,case_153,0,0,22693.904296875,22690.859375,fno,0015,0.0,8008,0,0.0
8.0,100000.0,0.09999999999999999,101325.0,case_153,0,0,99018.90625,99015.859375,fno,0015,0.0,8008,0,0.0
8.0,200000.0,0.19999999999999998,2500.0,case_154,0,0,174.235595703125,162.537841796875,fno,0015,0.0,8008,0,0.0
8.0,200000.0,0.19999999999999998,3000.0,case_154,0,0,674.235595703125,662.537841796875,fno,0015,0.0,8008,0,0.0
8.0,200000.0,0.19999999999999998,5000.0,case_154,0,0,2674.2353515625,2662.53759765625,fno,0015,0.0,8008,0,0.0
8.0,200000.0,0.19999999999999998,10000.0,case_154,0,0,7674.2353515625,7662.5380859375,fno,0015,0.0,8008,0,0.0
8.0,200000.0,0.19999999999999998,25000.0,case_154,0,0,22674.236328125,22662.537109375,fno,0015,0.0,8008,0,0.0
8.0,200000.0,0.19999999999999998,101325.0,case_154,0,0,98999.234375,98987.5390625,fno,0015,0.0,8008,0,0.0
8.0,500000.0,0.5,2500.0,case_155,2,0,14.72900390625,-31.507568359375,fno,0015,0.0,8006,0,0.00024975024975024975
8.0,500000.0,0.5,3000.0,case_155,0,0,514.72900390625,468.492431640625,fno,0015,0.0,8008,0,0.0
8.0,500000.0,0.5,5000.0,case_155,0,0,2514.72900390625,2468.49267578125,fno,0015,0.0,8008,0,0.0
8.0,500000.0,0.5,10000.0,case_155,0,0,7514.728515625,7468.4921875,fno,0015,0.0,8008,0,0.0
8.0,500000.0,0.5,25000.0,case_155,0,0,22514.728515625,22468.4921875,fno,0015,0.0,8008,0,0.0
8.0,500000.0,0.5,101325.0,case_155,0,0,98839.7265625,98793.4921875,fno,0015,0.0,8008,0,0.0
8.0,1000000.0,1.0,2500.0,case_156,0,133,-703.234375,-728.56640625,fno,0015,0.05332167832167832,7581,294,0.03671328671328671
8.0,1000000.0,1.0,3000.0,case_156,0,3,-203.234375,-228.56640625,fno,0015,0.0008741258741258741,8001,4,0.0004995004995004995
8.0,1000000.0,1.0,5000.0,case_156,0,0,1796.765625,1771.43359375,fno,0015,0.0,8008,0,0.0
8.0,1000000.0,1.0,10000.0,case_156,0,0,6796.765625,6771.43359375,fno,0015,0.0,8008,0,0.0
8.0,1000000.0,1.0,25000.0,case_156,0,0,21796.765625,21771.43359375,fno,0015,0.0,8008,0,0.0
8.0,1000000.0,1.0,101325.0,case_156,0,0,98121.765625,98096.4296875,fno,0015,0.0,8008,0,0.0
10.0,100000.0,0.09999999999999999,2500.0,case_157,0,0,192.267578125,187.646484375,fno,0015,0.0,8008,0,0.0
10.0,100000.0,0.09999999999999999,3000.0,case_157,0,0,692.267578125,687.646484375,fno,0015,0.0,8008,0,0.0
10.0,100000.0,0.09999999999999999,5000.0,case_157,0,0,2692.267578125,2687.646484375,fno,0015,0.0,8008,0,0.0
10.0,100000.0,0.09999999999999999,10000.0,case_157,0,0,7692.267578125,7687.646484375,fno,0015,0.0,8008,0,0.0
10.0,100000.0,0.09999999999999999,25000.0,case_157,0,0,22692.267578125,22687.646484375,fno,0015,0.0,8008,0,0.0
10.0,100000.0,0.09999999999999999,101325.0,case_157,0,0,99017.265625,99012.6484375,fno,0015,0.0,8008,0,0.0
10.0,200000.0,0.19999999999999998,2500.0,case_158,0,0,167.302734375,150.0302734375,fno,0015,0.0,8008,0,0.0
10.0,200000.0,0.19999999999999998,3000.0,case_158,0,0,667.302734375,650.0302734375,fno,0015,0.0,8008,0,0.0
10.0,200000.0,0.19999999999999998,5000.0,case_158,0,0,2667.302734375,2650.0302734375,fno,0015,0.0,8008,0,0.0
10.0,200000.0,0.19999999999999998,10000.0,case_158,0,0,7667.302734375,7650.0302734375,fno,0015,0.0,8008,0,0.0
10.0,200000.0,0.19999999999999998,25000.0,case_158,0,0,22667.302734375,22650.029296875,fno,0015,0.0,8008,0,0.0
10.0,200000.0,0.19999999999999998,101325.0,case_158,0,0,98992.3046875,98975.03125,fno,0015,0.0,8008,0,0.0
10.0,500000.0,0.5,2500.0,case_159,0,0,-25.846435546875,-101.2255859375,fno,0015,0.0004995004995004995,8004,4,0.0004995004995004995
10.0,500000.0,0.5,3000.0,case_159,0,0,474.153564453125,398.7744140625,fno,0015,0.0,8008,0,0.0
10.0,500000.0,0.5,5000.0,case_159,0,0,2474.1533203125,2398.7744140625,fno,0015,0.0,8008,0,0.0
10.0,500000.0,0.5,10000.0,case_159,0,0,7474.1533203125,7398.7744140625,fno,0015,0.0,8008,0,0.0
10.0,500000.0,0.5,25000.0,case_159,0,0,22474.154296875,22398.775390625,fno,0015,0.0,8008,0,0.0
10.0,500000.0,0.5,101325.0,case_159,0,0,98799.15625,98723.7734375,fno,0015,0.0,8008,0,0.0
10.0,1000000.0,1.0,2500.0,case_160,3,85,-770.03173828125,-1008.3797607421875,fno,0015,0.05844155844155844,7537,383,0.0482017982017982
10.0,1000000.0,1.0,3000.0,case_160,2,1,-270.03173828125,-508.3797607421875,fno,0015,0.001123876123876124,7997,8,0.0012487512487512488
10.0,1000000.0,1.0,5000.0,case_160,0,0,1729.96826171875,1491.6201171875,fno,0015,0.0,8008,0,0.0
10.0,1000000.0,1.0,10000.0,case_160,0,0,6729.9677734375,6491.6201171875,fno,0015,0.0,8008,0,0.0
10.0,1000000.0,1.0,25000.0,case_160,0,0,21729.96875,21491.62109375,fno,0015,0.0,8008,0,0.0
10.0,1000000.0,1.0,101325.0,case_160,0,0,98054.96875,97816.6171875,fno,0015,0.0,8008,0,0.0
-4.0,100000.0,0.09999999999999999,2500.0,case_193,0,0,196.9501953125,194.198974609375,fno,2412,0.0,8045,0,0.0
-4.0,100000.0,0.09999999999999999,3000.0,case_193,0,0,696.9501953125,694.198974609375,fno,2412,0.0,8045,0,0.0
-4.0,100000.0,0.09999999999999999,5000.0,case_193,0,0,2696.9501953125,2694.19921875,fno,2412,0.0,8045,0,0.0
-4.0,100000.0,0.09999999999999999,10000.0,case_193,0,0,7696.9501953125,7694.19921875,fno,2412,0.0,8045,0,0.0
-4.0,100000.0,0.09999999999999999,25000.0,case_193,0,0,22696.94921875,22694.19921875,fno,2412,0.0,8045,0,0.0
-4.0,100000.0,0.09999999999999999,101325.0,case_193,0,0,99021.953125,99019.1953125,fno,2412,0.0,8045,0,0.0
-4.0,200000.0,0.19999999999999998,2500.0,case_194,0,0,188.376953125,176.61572265625,fno,2412,0.0,8045,0,0.0
-4.0,200000.0,0.19999999999999998,3000.0,case_194,0,0,688.376953125,676.61572265625,fno,2412,0.0,8045,0,0.0
-4.0,200000.0,0.19999999999999998,5000.0,case_194,0,0,2688.376953125,2676.61572265625,fno,2412,0.0,8045,0,0.0
-4.0,200000.0,0.19999999999999998,10000.0,case_194,0,0,7688.376953125,7676.6162109375,fno,2412,0.0,8045,0,0.0
-4.0,200000.0,0.19999999999999998,25000.0,case_194,0,0,22688.376953125,22676.615234375,fno,2412,0.0,8045,0,0.0
-4.0,200000.0,0.19999999999999998,101325.0,case_194,0,0,99013.375,99001.6171875,fno,2412,0.0,8045,0,0.0
-4.0,500000.0,0.5,2500.0,case_195,0,0,137.70458984375,53.1650390625,fno,2412,0.0,8045,0,0.0
-4.0,500000.0,0.5,3000.0,case_195,0,0,637.70458984375,553.1650390625,fno,2412,0.0,8045,0,0.0
-4.0,500000.0,0.5,5000.0,case_195,0,0,2637.70458984375,2553.1650390625,fno,2412,0.0,8045,0,0.0
-4.0,500000.0,0.5,10000.0,case_195,0,0,7637.705078125,7553.1650390625,fno,2412,0.0,8045,0,0.0
-4.0,500000.0,0.5,25000.0,case_195,0,0,22637.705078125,22553.166015625,fno,2412,0.0,8045,0,0.0
-4.0,500000.0,0.5,101325.0,case_195,0,0,98962.703125,98878.1640625,fno,2412,0.0,8045,0,0.0
-4.0,1000000.0,1.0,2500.0,case_196,50,0,11.553466796875,-371.87109375,fno,2412,0.0,7995,0,0.006215040397762586
-4.0,1000000.0,1.0,3000.0,case_196,0,0,511.553466796875,128.12890625,fno,2412,0.0,8045,0,0.0
-4.0,1000000.0,1.0,5000.0,case_196,0,0,2511.5537109375,2128.12890625,fno,2412,0.0,8045,0,0.0
-4.0,1000000.0,1.0,10000.0,case_196,0,0,7511.5537109375,7128.12890625,fno,2412,0.0,8045,0,0.0
-4.0,1000000.0,1.0,25000.0,case_196,0,0,22511.552734375,22128.12890625,fno,2412,0.0,8045,0,0.0
-4.0,1000000.0,1.0,101325.0,case_196,0,0,98836.5546875,98453.125,fno,2412,0.0,8045,0,0.0
-2.0,100000.0,0.09999999999999999,2500.0,case_197,0,0,197.59375,196.49755859375,fno,2412,0.0,8045,0,0.0
-2.0,100000.0,0.09999999999999999,3000.0,case_197,0,0,697.59375,696.49755859375,fno,2412,0.0,8045,0,0.0
-2.0,100000.0,0.09999999999999999,5000.0,case_197,0,0,2697.59375,2696.49755859375,fno,2412,0.0,8045,0,0.0
-2.0,100000.0,0.09999999999999999,10000.0,case_197,0,0,7697.59375,7696.498046875,fno,2412,0.0,8045,0,0.0
-2.0,100000.0,0.09999999999999999,25000.0,case_197,0,0,22697.59375,22696.498046875,fno,2412,0.0,8045,0,0.0
-2.0,100000.0,0.09999999999999999,101325.0,case_197,0,0,99022.59375,99021.5,fno,2412,0.0,8045,0,0.0
-2.0,200000.0,0.19999999999999998,2500.0,case_198,0,0,190.84814453125,186.0244140625,fno,2412,0.0,8045,0,0.0
-2.0,200000.0,0.19999999999999998,3000.0,case_198,0,0,690.84814453125,686.0244140625,fno,2412,0.0,8045,0,0.0
-2.0,200000.0,0.19999999999999998,5000.0,case_198,0,0,2690.84814453125,2686.0244140625,fno,2412,0.0,8045,0,0.0
-2.0,200000.0,0.19999999999999998,10000.0,case_198,0,0,7690.8486328125,7686.0244140625,fno,2412,0.0,8045,0,0.0
-2.0,200000.0,0.19999999999999998,25000.0,case_198,0,0,22690.84765625,22686.025390625,fno,2412,0.0,8045,0,0.0
-2.0,200000.0,0.19999999999999998,101325.0,case_198,0,0,99015.8515625,99011.0234375,fno,2412,0.0,8045,0,0.0
-2.0,500000.0,0.5,2500.0,case_199,0,0,151.95849609375,112.22265625,fno,2412,0.0,8045,0,0.0
-2.0,500000.0,0.5,3000.0,case_199,0,0,651.95849609375,612.22265625,fno,2412,0.0,8045,0,0.0
-2.0,500000.0,0.5,5000.0,case_199,0,0,2651.95849609375,2612.22265625,fno,2412,0.0,8045,0,0.0
-2.0,500000.0,0.5,10000.0,case_199,0,0,7651.958984375,7612.22265625,fno,2412,0.0,8045,0,0.0
-2.0,500000.0,0.5,25000.0,case_199,0,0,22651.958984375,22612.22265625,fno,2412,0.0,8045,0,0.0
-2.0,500000.0,0.5,101325.0,case_199,0,0,98976.9609375,98937.2265625,fno,2412,0.0,8045,0,0.0
-2.0,1000000.0,1.0,2500.0,case_200,12,24,-54.34765625,-151.690185546875,fno,2412,0.002983219390926041,8009,0,0.0014916096954630206
-2.0,1000000.0,1.0,3000.0,case_200,0,0,445.65234375,348.309814453125,fno,2412,0.0,8045,0,0.0
-2.0,1000000.0,1.0,5000.0,case_200,0,0,2445.65234375,2348.31005859375,fno,2412,0.0,8045,0,0.0
-2.0,1000000.0,1.0,10000.0,case_200,0,0,7445.65234375,7348.3095703125,fno,2412,0.0,8045,0,0.0
-2.0,1000000.0,1.0,25000.0,case_200,0,0,22445.65234375,22348.310546875,fno,2412,0.0,8045,0,0.0
-2.0,1000000.0,1.0,101325.0,case_200,0,0,98770.65625,98673.3125,fno,2412,0.0,8045,0,0.0
0.0,100000.0,0.09999999999999999,2500.0,case_201,0,0,198.1865234375,197.463134765625,fno,2412,0.0,8045,0,0.0
0.0,100000.0,0.09999999999999999,3000.0,case_201,0,0,698.1865234375,697.463134765625,fno,2412,0.0,8045,0,0.0
0.0,100000.0,0.09999999999999999,5000.0,case_201,0,0,2698.1865234375,2697.462890625,fno,2412,0.0,8045,0,0.0
0.0,100000.0,0.09999999999999999,10000.0,case_201,0,0,7698.1865234375,7697.462890625,fno,2412,0.0,8045,0,0.0
0.0,100000.0,0.09999999999999999,25000.0,case_201,0,0,22698.185546875,22697.462890625,fno,2412,0.0,8045,0,0.0
0.0,100000.0,0.09999999999999999,101325.0,case_201,0,0,99023.1875,99022.4609375,fno,2412,0.0,8045,0,0.0
0.0,200000.0,0.19999999999999998,2500.0,case_202,0,0,192.328369140625,189.9306640625,fno,2412,0.0,8045,0,0.0
0.0,200000.0,0.19999999999999998,3000.0,case_202,0,0,692.328369140625,689.9306640625,fno,2412,0.0,8045,0,0.0
0.0,200000.0,0.19999999999999998,5000.0,case_202,0,0,2692.328125,2689.9306640625,fno,2412,0.0,8045,0,0.0
0.0,200000.0,0.19999999999999998,10000.0,case_202,0,0,7692.328125,7689.9306640625,fno,2412,0.0,8045,0,0.0
0.0,200000.0,0.19999999999999998,25000.0,case_202,0,0,22692.328125,22689.9296875,fno,2412,0.0,8045,0,0.0
0.0,200000.0,0.19999999999999998,101325.0,case_202,0,0,99017.328125,99014.9296875,fno,2412,0.0,8045,0,0.0
0.0,500000.0,0.5,2500.0,case_203,0,0,138.213623046875,136.8232421875,fno,2412,0.0,8045,0,0.0
0.0,500000.0,0.5,3000.0,case_203,0,0,638.213623046875,636.8232421875,fno,2412,0.0,8045,0,0.0
0.0,500000.0,0.5,5000.0,case_203,0,0,2638.2138671875,2636.8232421875,fno,2412,0.0,8045,0,0.0
0.0,500000.0,0.5,10000.0,case_203,0,0,7638.2138671875,7636.8232421875,fno,2412,0.0,8045,0,0.0
0.0,500000.0,0.5,25000.0,case_203,0,0,22638.212890625,22636.82421875,fno,2412,0.0,8045,0,0.0
0.0,500000.0,0.5,101325.0,case_203,0,0,98963.2109375,98961.8203125,fno,2412,0.0,8045,0,0.0
0.0,1000000.0,1.0,2500.0,case_204,0,61,-181.480224609375,-53.03076171875,fno,2412,0.011311373523927906,7954,30,0.0037290242386575512
0.0,1000000.0,1.0,3000.0,case_204,0,0,318.519775390625,446.96923828125,fno,2412,0.0,8045,0,0.0
0.0,1000000.0,1.0,5000.0,case_204,0,0,2318.51953125,2446.96923828125,fno,2412,0.0,8045,0,0.0
0.0,1000000.0,1.0,10000.0,case_204,0,0,7318.51953125,7446.96875,fno,2412,0.0,8045,0,0.0
0.0,1000000.0,1.0,25000.0,case_204,0,0,22318.51953125,22446.96875,fno,2412,0.0,8045,0,0.0
0.0,1000000.0,1.0,101325.0,case_204,0,0,98643.5234375,98771.96875,fno,2412,0.0,8045,0,0.0
2.0,100000.0,0.09999999999999999,2500.0,case_205,0,0,197.328125,196.541015625,fno,2412,0.0,8045,0,0.0
2.0,100000.0,0.09999999999999999,3000.0,case_205,0,0,697.328125,696.541015625,fno,2412,0.0,8045,0,0.0
2.0,100000.0,0.09999999999999999,5000.0,case_205,0,0,2697.328125,2696.541015625,fno,2412,0.0,8045,0,0.0
2.0,100000.0,0.09999999999999999,10000.0,case_205,0,0,7697.328125,7696.541015625,fno,2412,0.0,8045,0,0.0
2.0,100000.0,0.09999999999999999,25000.0,case_205,0,0,22697.328125,22696.541015625,fno,2412,0.0,8045,0,0.0
2.0,100000.0,0.09999999999999999,101325.0,case_205,0,0,99022.328125,99021.5390625,fno,2412,0.0,8045,0,0.0
2.0,200000.0,0.19999999999999998,2500.0,case_206,0,0,188.22412109375,186.239013671875,fno,2412,0.0,8045,0,0.0
2.0,200000.0,0.19999999999999998,3000.0,case_206,0,0,688.22412109375,686.239013671875,fno,2412,0.0,8045,0,0.0
2.0,200000.0,0.19999999999999998,5000.0,case_206,0,0,2688.22412109375,2686.2392578125,fno,2412,0.0,8045,0,0.0
2.0,200000.0,0.19999999999999998,10000.0,case_206,0,0,7688.2236328125,7686.2392578125,fno,2412,0.0,8045,0,0.0
2.0,200000.0,0.19999999999999998,25000.0,case_206,0,0,22688.224609375,22686.23828125,fno,2412,0.0,8045,0,0.0
2.0,200000.0,0.19999999999999998,101325.0,case_206,0,0,99013.2265625,99011.2421875,fno,2412,0.0,8045,0,0.0
2.0,500000.0,0.5,2500.0,case_207,0,0,106.376708984375,113.4375,fno,2412,0.0,8045,0,0.0
2.0,500000.0,0.5,3000.0,case_207,0,0,606.376708984375,613.4375,fno,2412,0.0,8045,0,0.0
2.0,500000.0,0.5,5000.0,case_207,0,0,2606.37646484375,2613.4375,fno,2412,0.0,8045,0,0.0
2.0,500000.0,0.5,10000.0,case_207,0,0,7606.376953125,7613.4375,fno,2412,0.0,8045,0,0.0
2.0,500000.0,0.5,25000.0,case_207,0,0,22606.376953125,22613.4375,fno,2412,0.0,8045,0,0.0
2.0,500000.0,0.5,101325.0,case_207,0,0,98931.375,98938.4375,fno,2412,0.0,8045,0,0.0
2.0,1000000.0,1.0,2500.0,case_208,2,95,-324.4630126953125,-146.984619140625,fno,2412,0.023617153511497825,7853,95,0.012057178371659415
2.0,1000000.0,1.0,3000.0,case_208,0,0,175.537109375,353.015380859375,fno,2412,0.0,8045,0,0.0
2.0,1000000.0,1.0,5000.0,case_208,0,0,2175.537109375,2353.015625,fno,2412,0.0,8045,0,0.0
2.0,1000000.0,1.0,10000.0,case_208,0,0,7175.537109375,7353.015625,fno,2412,0.0,8045,0,0.0
2.0,1000000.0,1.0,25000.0,case_208,0,0,22175.537109375,22353.015625,fno,2412,0.0,8045,0,0.0
2.0,1000000.0,1.0,101325.0,case_208,0,0,98500.5390625,98678.015625,fno,2412,0.0,8045,0,0.0
4.0,100000.0,0.09999999999999999,2500.0,case_209,0,0,196.057373046875,195.056396484375,fno,2412,0.0,8045,0,0.0
4.0,100000.0,0.09999999999999999,3000.0,case_209,0,0,696.057373046875,695.056396484375,fno,2412,0.0,8045,0,0.0
4.0,100000.0,0.09999999999999999,5000.0,case_209,0,0,2696.05712890625,2695.05615234375,fno,2412,0.0,8045,0,0.0
4.0,100000.0,0.09999999999999999,10000.0,case_209,0,0,7696.0576171875,7695.056640625,fno,2412,0.0,8045,0,0.0
4.0,100000.0,0.09999999999999999,25000.0,case_209,0,0,22696.056640625,22695.056640625,fno,2412,0.0,8045,0,0.0
4.0,100000.0,0.09999999999999999,101325.0,case_209,0,0,99021.0546875,99020.0546875,fno,2412,0.0,8045,0,0.0
4.0,200000.0,0.19999999999999998,2500.0,case_210,0,0,183.0546875,180.322021484375,fno,2412,0.0,8045,0,0.0
4.0,200000.0,0.19999999999999998,3000.0,case_210,0,0,683.0546875,680.322021484375,fno,2412,0.0,8045,0,0.0
4.0,200000.0,0.19999999999999998,5000.0,case_210,0,0,2683.0546875,2680.322265625,fno,2412,0.0,8045,0,0.0
4.0,200000.0,0.19999999999999998,10000.0,case_210,0,0,7683.0546875,7680.322265625,fno,2412,0.0,8045,0,0.0
4.0,200000.0,0.19999999999999998,25000.0,case_210,0,0,22683.0546875,22680.322265625,fno,2412,0.0,8045,0,0.0
4.0,200000.0,0.19999999999999998,101325.0,case_210,0,0,99008.0546875,99005.3203125,fno,2412,0.0,8045,0,0.0
4.0,500000.0,0.5,2500.0,case_211,0,0,71.052734375,76.150634765625,fno,2412,0.0,8045,0,0.0
4.0,500000.0,0.5,3000.0,case_211,0,0,571.052734375,576.150634765625,fno,2412,0.0,8045,0,0.0
4.0,500000.0,0.5,5000.0,case_211,0,0,2571.052734375,2576.15087890625,fno,2412,0.0,8045,0,0.0
4.0,500000.0,0.5,10000.0,case_211,0,0,7571.052734375,7576.150390625,fno,2412,0.0,8045,0,0.0
4.0,500000.0,0.5,25000.0,case_211,0,0,22571.052734375,22576.150390625,fno,2412,0.0,8045,0,0.0
4.0,500000.0,0.5,101325.0,case_211,0,0,98896.0546875,98901.1484375,fno,2412,0.0,8045,0,0.0
4.0,1000000.0,1.0,2500.0,case_212,0,117,-498.1636962890625,-296.5372314453125,fno,2412,0.038160348042262274,7738,190,0.023617153511497825
4.0,1000000.0,1.0,3000.0,case_212,0,0,1.83642578125,203.462646484375,fno,2412,0.0,8045,0,0.0
4.0,1000000.0,1.0,5000.0,case_212,0,0,2001.83642578125,2203.462890625,fno,2412,0.0,8045,0,0.0
4.0,1000000.0,1.0,10000.0,case_212,0,0,7001.8359375,7203.462890625,fno,2412,0.0,8045,0,0.0
4.0,1000000.0,1.0,25000.0,case_212,0,0,22001.8359375,22203.462890625,fno,2412,0.0,8045,0,0.0
4.0,1000000.0,1.0,101325.0,case_212,0,0,98326.8359375,98528.4609375,fno,2412,0.0,8045,0,0.0
6.0,100000.0,0.09999999999999999,2500.0,case_213,0,0,194.593017578125,193.473876953125,fno,2412,0.0,8045,0,0.0
6.0,100000.0,0.09999999999999999,3000.0,case_213,0,0,694.593017578125,693.473876953125,fno,2412,0.0,8045,0,0.0
6.0,100000.0,0.09999999999999999,5000.0,case_213,0,0,2694.5927734375,2693.4736328125,fno,2412,0.0,8045,0,0.0
6.0,100000.0,0.09999999999999999,10000.0,case_213,0,0,7694.5927734375,7693.4736328125,fno,2412,0.0,8045,0,0.0
6.0,100000.0,0.09999999999999999,25000.0,case_213,0,0,22694.59375,22693.474609375,fno,2412,0.0,8045,0,0.0
6.0,100000.0,0.09999999999999999,101325.0,case_213,0,0,99019.59375,99018.4765625,fno,2412,0.0,8045,0,0.0
6.0,200000.0,0.19999999999999998,2500.0,case_214,0,0,176.925537109375,174.086181640625,fno,2412,0.0,8045,0,0.0
6.0,200000.0,0.19999999999999998,3000.0,case_214,0,0,676.925537109375,674.086181640625,fno,2412,0.0,8045,0,0.0
6.0,200000.0,0.19999999999999998,5000.0,case_214,0,0,2676.92529296875,2674.0859375,fno,2412,0.0,8045,0,0.0
6.0,200000.0,0.19999999999999998,10000.0,case_214,0,0,7676.92578125,7674.0859375,fno,2412,0.0,8045,0,0.0
6.0,200000.0,0.19999999999999998,25000.0,case_214,0,0,22676.92578125,22674.0859375,fno,2412,0.0,8045,0,0.0
6.0,200000.0,0.19999999999999998,101325.0,case_214,0,0,99001.921875,98999.0859375,fno,2412,0.0,8045,0,0.0
6.0,500000.0,0.5,2500.0,case_215,0,0,27.81884765625,36.447265625,fno,2412,0.0,8045,0,0.0
6.0,500000.0,0.5,3000.0,case_215,0,0,527.81884765625,536.447265625,fno,2412,0.0,8045,0,0.0
6.0,500000.0,0.5,5000.0,case_215,0,0,2527.81884765625,2536.447265625,fno,2412,0.0,8045,0,0.0
6.0,500000.0,0.5,10000.0,case_215,0,0,7527.8193359375,7536.447265625,fno,2412,0.0,8045,0,0.0
6.0,500000.0,0.5,25000.0,case_215,0,0,22527.818359375,22536.447265625,fno,2412,0.0,8045,0,0.0
6.0,500000.0,0.5,101325.0,case_215,0,0,98852.8203125,98861.4453125,fno,2412,0.0,8045,0,0.0
6.0,1000000.0,1.0,2500.0,case_216,1,135,-710.187744140625,-456.31396484375,fno,2412,0.05295214418893723,7618,291,0.0362958359229335
6.0,1000000.0,1.0,3000.0,case_216,0,13,-210.187744140625,43.68603515625,fno,2412,0.0016159105034182723,8032,0,0.0
6.0,1000000.0,1.0,5000.0,case_216,0,0,1789.812255859375,2043.68603515625,fno,2412,0.0,8045,0,0.0
6.0,1000000.0,1.0,10000.0,case_216,0,0,6789.8125,7043.685546875,fno,2412,0.0,8045,0,0.0
6.0,1000000.0,1.0,25000.0,case_216,0,0,21789.8125,22043.685546875,fno,2412,0.0,8045,0,0.0
6.0,1000000.0,1.0,101325.0,case_216,0,0,98114.8125,98368.6875,fno,2412,0.0,8045,0,0.0
8.0,100000.0,0.09999999999999999,2500.0,case_217,0,0,192.8505859375,190.568115234375,fno,2412,0.0,8045,0,0.0
8.0,100000.0,0.09999999999999999,3000.0,case_217,0,0,692.8505859375,690.568115234375,fno,2412,0.0,8045,0,0.0
8.0,100000.0,0.09999999999999999,5000.0,case_217,0,0,2692.8505859375,2690.568359375,fno,2412,0.0,8045,0,0.0
8.0,100000.0,0.09999999999999999,10000.0,case_217,0,0,7692.8505859375,7690.568359375,fno,2412,0.0,8045,0,0.0
8.0,100000.0,0.09999999999999999,25000.0,case_217,0,0,22692.849609375,22690.568359375,fno,2412,0.0,8045,0,0.0
8.0,100000.0,0.09999999999999999,101325.0,case_217,0,0,99017.8515625,99015.5703125,fno,2412,0.0,8045,0,0.0
8.0,200000.0,0.19999999999999998,2500.0,case_218,0,0,169.61572265625,161.783447265625,fno,2412,0.0,8045,0,0.0
8.0,200000.0,0.19999999999999998,3000.0,case_218,0,0,669.61572265625,661.783447265625,fno,2412,0.0,8045,0,0.0
8.0,200000.0,0.19999999999999998,5000.0,case_218,0,0,2669.61572265625,2661.783203125,fno,2412,0.0,8045,0,0.0
8.0,200000.0,0.19999999999999998,10000.0,case_218,0,0,7669.615234375,7661.783203125,fno,2412,0.0,8045,0,0.0
8.0,200000.0,0.19999999999999998,25000.0,case_218,0,0,22669.615234375,22661.783203125,fno,2412,0.0,8045,0,0.0
8.0,200000.0,0.19999999999999998,101325.0,case_218,0,0,98994.6171875,98986.78125,fno,2412,0.0,8045,0,0.0
8.0,500000.0,0.5,2500.0,case_219,0,4,-24.794921875,-29.9501953125,fno,2412,0.0006215040397762585,8040,1,0.0001243008079552517
8.0,500000.0,0.5,3000.0,case_219,0,0,475.205078125,470.0498046875,fno,2412,0.0,8045,0,0.0
8.0,500000.0,0.5,5000.0,case_219,0,0,2475.205078125,2470.0498046875,fno,2412,0.0,8045,0,0.0
8.0,500000.0,0.5,10000.0,case_219,0,0,7475.205078125,7470.0498046875,fno,2412,0.0,8045,0,0.0
8.0,500000.0,0.5,25000.0,case_219,0,0,22475.205078125,22470.048828125,fno,2412,0.0,8045,0,0.0
8.0,500000.0,0.5,101325.0,case_219,0,0,98800.203125,98795.046875,fno,2412,0.0,8045,0,0.0
8.0,1000000.0,1.0,2500.0,case_220,4,129,-803.186767578125,-722.595947265625,fno,2412,0.06600372902423866,7510,402,0.05046612802983219
8.0,1000000.0,1.0,3000.0,case_220,0,9,-303.186767578125,-222.595947265625,fno,2412,0.001740211311373524,8031,5,0.0006215040397762585
8.0,1000000.0,1.0,5000.0,case_220,0,0,1696.813232421875,1777.404052734375,fno,2412,0.0,8045,0,0.0
8.0,1000000.0,1.0,10000.0,case_220,0,0,6696.8134765625,6777.404296875,fno,2412,0.0,8045,0,0.0
8.0,1000000.0,1.0,25000.0,case_220,0,0,21696.8125,21777.404296875,fno,2412,0.0,8045,0,0.0
8.0,1000000.0,1.0,101325.0,case_220,0,0,98021.8125,98102.40625,fno,2412,0.0,8045,0,0.0
10.0,100000.0,0.09999999999999999,2500.0,case_221,0,0,190.706787109375,187.9287109375,fno,2412,0.0,8045,0,0.0
10.0,100000.0,0.09999999999999999,3000.0,case_221,0,0,690.706787109375,687.9287109375,fno,2412,0.0,8045,0,0.0
10.0,100000.0,0.09999999999999999,5000.0,case_221,0,0,2690.70654296875,2687.9287109375,fno,2412,0.0,8045,0,0.0
10.0,100000.0,0.09999999999999999,10000.0,case_221,0,0,7690.70703125,7687.9287109375,fno,2412,0.0,8045,0,0.0
10.0,100000.0,0.09999999999999999,25000.0,case_221,0,0,22690.70703125,22687.927734375,fno,2412,0.0,8045,0,0.0
10.0,100000.0,0.09999999999999999,101325.0,case_221,0,0,99015.703125,99012.9296875,fno,2412,0.0,8045,0,0.0
10.0,200000.0,0.19999999999999998,2500.0,case_222,0,0,161.848876953125,153.3876953125,fno,2412,0.0,8045,0,0.0
10.0,200000.0,0.19999999999999998,3000.0,case_222,0,0,661.848876953125,653.3876953125,fno,2412,0.0,8045,0,0.0
10.0,200000.0,0.19999999999999998,5000.0,case_222,0,0,2661.8486328125,2653.3876953125,fno,2412,0.0,8045,0,0.0
10.0,200000.0,0.19999999999999998,10000.0,case_222,0,0,7661.8486328125,7653.3876953125,fno,2412,0.0,8045,0,0.0
10.0,200000.0,0.19999999999999998,25000.0,case_222,0,0,22661.849609375,22653.388671875,fno,2412,0.0,8045,0,0.0
10.0,200000.0,0.19999999999999998,101325.0,case_222,0,0,98986.8515625,98978.390625,fno,2412,0.0,8045,0,0.0
10.0,500000.0,0.5,2500.0,case_223,0,3,-49.468017578125,-90.552978515625,fno,2412,0.0009944064636420136,8037,5,0.0006215040397762585
10.0,500000.0,0.5,3000.0,case_223,0,0,450.531982421875,409.447021484375,fno,2412,0.0,8045,0,0.0
10.0,500000.0,0.5,5000.0,case_223,0,0,2450.5322265625,2409.447265625,fno,2412,0.0,8045,0,0.0
10.0,500000.0,0.5,10000.0,case_223,0,0,7450.5322265625,7409.447265625,fno,2412,0.0,8045,0,0.0
10.0,500000.0,0.5,25000.0,case_223,0,0,22450.53125,22409.447265625,fno,2412,0.0,8045,0,0.0
10.0,500000.0,0.5,101325.0,case_223,0,0,98775.53125,98734.4453125,fno,2412,0.0,8045,0,0.0
10.0,1000000.0,1.0,2500.0,case_224,11,118,-894.5159912109375,-965.6834716796875,fno,2412,0.07532628962088253,7428,488,0.0620261031696706
10.0,1000000.0,1.0,3000.0,case_224,1,11,-394.5159912109375,-465.6834716796875,fno,2412,0.0028589185829707895,8021,12,0.0016159105034182723
10.0,1000000.0,1.0,5000.0,case_224,0,0,1605.48388671875,1534.31640625,fno,2412,0.0,8045,0,0.0
10.0,1000000.0,1.0,10000.0,case_224,0,0,6605.484375,6534.31640625,fno,2412,0.0,8045,0,0.0
10.0,1000000.0,1.0,25000.0,case_224,0,0,21605.484375,21534.31640625,fno,2412,0.0,8045,0,0.0
10.0,1000000.0,1.0,101325.0,case_224,0,0,97930.484375,97859.3203125,fno,2412,0.0,8045,0,0.0
-4.0,100000.0,0.09999999999999999,2500.0,case_129,0,0,196.162841796875,194.35107421875,deeponet,0015,0.0,8008,0,0.0
-4.0,100000.0,0.09999999999999999,3000.0,case_129,0,0,696.162841796875,694.35107421875,deeponet,0015,0.0,8008,0,0.0
-4.0,100000.0,0.09999999999999999,5000.0,case_129,0,0,2696.16259765625,2694.35107421875,deeponet,0015,0.0,8008,0,0.0
-4.0,100000.0,0.09999999999999999,10000.0,case_129,0,0,7696.1630859375,7694.3505859375,deeponet,0015,0.0,8008,0,0.0
-4.0,100000.0,0.09999999999999999,25000.0,case_129,0,0,22696.162109375,22694.3515625,deeponet,0015,0.0,8008,0,0.0
-4.0,100000.0,0.09999999999999999,101325.0,case_129,0,0,99021.1640625,99019.3515625,deeponet,0015,0.0,8008,0,0.0
-4.0,200000.0,0.19999999999999998,2500.0,case_130,0,0,184.593505859375,177.379638671875,deeponet,0015,0.0,8008,0,0.0
-4.0,200000.0,0.19999999999999998,3000.0,case_130,0,0,684.593505859375,677.379638671875,deeponet,0015,0.0,8008,0,0.0
-4.0,200000.0,0.19999999999999998,5000.0,case_130,0,0,2684.59375,2677.37939453125,deeponet,0015,0.0,8008,0,0.0
-4.0,200000.0,0.19999999999999998,10000.0,case_130,0,0,7684.59375,7677.3798828125,deeponet,0015,0.0,8008,0,0.0
-4.0,200000.0,0.19999999999999998,25000.0,case_130,0,0,22684.59375,22677.37890625,deeponet,0015,0.0,8008,0,0.0
-4.0,200000.0,0.19999999999999998,101325.0,case_130,0,0,99009.59375,99002.3828125,deeponet,0015,0.0,8008,0,0.0
-4.0,500000.0,0.5,2500.0,case_131,0,0,103.801513671875,57.5546875,deeponet,0015,0.0,8008,0,0.0
-4.0,500000.0,0.5,3000.0,case_131,0,0,603.801513671875,557.5546875,deeponet,0015,0.0,8008,0,0.0
-4.0,500000.0,0.5,5000.0,case_131,0,0,2603.80126953125,2557.5546875,deeponet,0015,0.0,8008,0,0.0
-4.0,500000.0,0.5,10000.0,case_131,0,0,7603.8017578125,7557.5546875,deeponet,0015,0.0,8008,0,0.0
-4.0,500000.0,0.5,25000.0,case_131,0,0,22603.80078125,22557.5546875,deeponet,0015,0.0,8008,0,0.0
-4.0,500000.0,0.5,101325.0,case_131,0,0,98928.8046875,98882.5546875,deeponet,0015,0.0,8008,0,0.0
-4.0,1000000.0,1.0,2500.0,case_132,41,0,-200.26904296875,-371.20068359375,deeponet,0015,0.015234765234765234,7845,122,0.020354645354645356
-4.0,1000000.0,1.0,3000.0,case_132,0,0,299.73095703125,128.79931640625,deeponet,0015,0.0,8008,0,0.0
-4.0,1000000.0,1.0,5000.0,case_132,0,0,2299.73095703125,2128.79931640625,deeponet,0015,0.0,8008,0,0.0
-4.0,1000000.0,1.0,10000.0,case_132,0,0,7299.7314453125,7128.7998046875,deeponet,0015,0.0,8008,0,0.0
-4.0,1000000.0,1.0,25000.0,case_132,0,0,22299.73046875,22128.798828125,deeponet,0015,0.0,8008,0,0.0
-4.0,1000000.0,1.0,101325.0,case_132,0,0,98624.734375,98453.796875,deeponet,0015,0.0,8008,0,0.0
-2.0,100000.0,0.09999999999999999,2500.0,case_133,0,0,196.97900390625,195.881591796875,deeponet,0015,0.0,8008,0,0.0
-2.0,100000.0,0.09999999999999999,3000.0,case_133,0,0,696.97900390625,695.881591796875,deeponet,0015,0.0,8008,0,0.0
-2.0,100000.0,0.09999999999999999,5000.0,case_133,0,0,2696.97900390625,2695.88134765625,deeponet,0015,0.0,8008,0,0.0
-2.0,100000.0,0.09999999999999999,10000.0,case_133,0,0,7696.9794921875,7695.8818359375,deeponet,0015,0.0,8008,0,0.0
-2.0,100000.0,0.09999999999999999,25000.0,case_133,0,0,22696.978515625,22695.880859375,deeponet,0015,0.0,8008,0,0.0
-2.0,100000.0,0.09999999999999999,101325.0,case_133,0,0,99021.9765625,99020.8828125,deeponet,0015,0.0,8008,0,0.0
-2.0,200000.0,0.19999999999999998,2500.0,case_134,0,0,187.93017578125,183.510009765625,deeponet,0015,0.0,8008,0,0.0
-2.0,200000.0,0.19999999999999998,3000.0,case_134,0,0,687.93017578125,683.510009765625,deeponet,0015,0.0,8008,0,0.0
-2.0,200000.0,0.19999999999999998,5000.0,case_134,0,0,2687.93017578125,2683.509765625,deeponet,0015,0.0,8008,0,0.0
-2.0,200000.0,0.19999999999999998,10000.0,case_134,0,0,7687.9296875,7683.509765625,deeponet,0015,0.0,8008,0,0.0
-2.0,200000.0,0.19999999999999998,25000.0,case_134,0,0,22687.9296875,22683.509765625,deeponet,0015,0.0,8008,0,0.0
-2.0,200000.0,0.19999999999999998,101325.0,case_134,0,0,99012.9296875,99008.5078125,deeponet,0015,0.0,8008,0,0.0
-2.0,500000.0,0.5,2500.0,case_135,0,0,126.5078125,96.166015625,deeponet,0015,0.0,8008,0,0.0
-2.0,500000.0,0.5,3000.0,case_135,0,0,626.5078125,596.166015625,deeponet,0015,0.0,8008,0,0.0
-2.0,500000.0,0.5,5000.0,case_135,0,0,2626.5078125,2596.166015625,deeponet,0015,0.0,8008,0,0.0
-2.0,500000.0,0.5,10000.0,case_135,0,0,7626.5078125,7596.166015625,deeponet,0015,0.0,8008,0,0.0
-2.0,500000.0,0.5,25000.0,case_135,0,0,22626.5078125,22596.166015625,deeponet,0015,0.0,8008,0,0.0
-2.0,500000.0,0.5,101325.0,case_135,0,0,98951.5078125,98921.1640625,deeponet,0015,0.0,8008,0,0.0
-2.0,1000000.0,1.0,2500.0,case_136,30,0,-102.04833984375,-216.358642578125,deeponet,0015,0.006618381618381618,7925,53,0.010364635364635364
-2.0,1000000.0,1.0,3000.0,case_136,0,0,397.95166015625,283.641357421875,deeponet,0015,0.0,8008,0,0.0
-2.0,1000000.0,1.0,5000.0,case_136,0,0,2397.95166015625,2283.64111328125,deeponet,0015,0.0,8008,0,0.0
-2.0,1000000.0,1.0,10000.0,case_136,0,0,7397.951171875,7283.6416015625,deeponet,0015,0.0,8008,0,0.0
-2.0,1000000.0,1.0,25000.0,case_136,0,0,22397.951171875,22283.640625,deeponet,0015,0.0,8008,0,0.0
-2.0,1000000.0,1.0,101325.0,case_136,0,0,98722.953125,98608.640625,deeponet,0015,0.0,8008,0,0.0
0.0,100000.0,0.09999999999999999,2500.0,case_137,0,0,197.78173828125,197.3544921875,deeponet,0015,0.0,8008,0,0.0
0.0,100000.0,0.09999999999999999,3000.0,case_137,0,0,697.78173828125,697.3544921875,deeponet,0015,0.0,8008,0,0.0
0.0,100000.0,0.09999999999999999,5000.0,case_137,0,0,2697.78173828125,2697.3544921875,deeponet,0015,0.0,8008,0,0.0
0.0,100000.0,0.09999999999999999,10000.0,case_137,0,0,7697.78125,7697.3544921875,deeponet,0015,0.0,8008,0,0.0
0.0,100000.0,0.09999999999999999,25000.0,case_137,0,0,22697.78125,22697.353515625,deeponet,0015,0.0,8008,0,0.0
0.0,100000.0,0.09999999999999999,101325.0,case_137,0,0,99022.78125,99022.3515625,deeponet,0015,0.0,8008,0,0.0
0.0,200000.0,0.19999999999999998,2500.0,case_138,0,0,191.163818359375,189.410400390625,deeponet,0015,0.0,8008,0,0.0
0.0,200000.0,0.19999999999999998,3000.0,case_138,0,0,691.163818359375,689.410400390625,deeponet,0015,0.0,8008,0,0.0
0.0,200000.0,0.19999999999999998,5000.0,case_138,0,0,2691.1640625,2689.41015625,deeponet,0015,0.0,8008,0,0.0
0.0,200000.0,0.19999999999999998,10000.0,case_138,0,0,7691.1640625,7689.41015625,deeponet,0015,0.0,8008,0,0.0
0.0,200000.0,0.19999999999999998,25000.0,case_138,0,0,22691.1640625,22689.41015625,deeponet,0015,0.0,8008,0,0.0
0.0,200000.0,0.19999999999999998,101325.0,case_138,0,0,99016.1640625,99014.4140625,deeponet,0015,0.0,8008,0,0.0
0.0,500000.0,0.5,2500.0,case_139,0,0,147.3623046875,133.32568359375,deeponet,0015,0.0,8008,0,0.0
0.0,500000.0,0.5,3000.0,case_139,0,0,647.3623046875,633.32568359375,deeponet,0015,0.0,8008,0,0.0
0.0,500000.0,0.5,5000.0,case_139,0,0,2647.3623046875,2633.32568359375,deeponet,0015,0.0,8008,0,0.0
0.0,500000.0,0.5,10000.0,case_139,0,0,7647.3623046875,7633.3251953125,deeponet,0015,0.0,8008,0,0.0
0.0,500000.0,0.5,25000.0,case_139,0,0,22647.361328125,22633.326171875,deeponet,0015,0.0,8008,0,0.0
0.0,500000.0,0.5,101325.0,case_139,0,0,98972.359375,98958.328125,deeponet,0015,0.0,8008,0,0.0
0.0,1000000.0,1.0,2500.0,case_140,22,0,-12.767822265625,-67.346923828125,deeponet,0015,0.0006243756243756244,7981,5,0.0033716283716283715
0.0,1000000.0,1.0,3000.0,case_140,0,0,487.232177734375,432.653076171875,deeponet,0015,0.0,8008,0,0.0
0.0,1000000.0,1.0,5000.0,case_140,0,0,2487.232421875,2432.65283203125,deeponet,0015,0.0,8008,0,0.0
0.0,1000000.0,1.0,10000.0,case_140,0,0,7487.232421875,7432.6533203125,deeponet,0015,0.0,8008,0,0.0
0.0,1000000.0,1.0,25000.0,case_140,0,0,22487.232421875,22432.65234375,deeponet,0015,0.0,8008,0,0.0
0.0,1000000.0,1.0,101325.0,case_140,0,0,98812.234375,98757.65625,deeponet,0015,0.0,8008,0,0.0
2.0,100000.0,0.09999999999999999,2500.0,case_141,0,0,197.294677734375,196.626220703125,deeponet,0015,0.0,8008,0,0.0
2.0,100000.0,0.09999999999999999,3000.0,case_141,0,0,697.294677734375,696.626220703125,deeponet,0015,0.0,8008,0,0.0
2.0,100000.0,0.09999999999999999,5000.0,case_141,0,0,2697.29443359375,2696.6259765625,deeponet,0015,0.0,8008,0,0.0
2.0,100000.0,0.09999999999999999,10000.0,case_141,0,0,7697.294921875,7696.6259765625,deeponet,0015,0.0,8008,0,0.0
2.0,100000.0,0.09999999999999999,25000.0,case_141,0,0,22697.294921875,22696.626953125,deeponet,0015,0.0,8008,0,0.0
2.0,100000.0,0.09999999999999999,101325.0,case_141,0,0,99022.296875,99021.625,deeponet,0015,0.0,8008,0,0.0
2.0,200000.0,0.19999999999999998,2500.0,case_142,0,0,188.990234375,186.32275390625,deeponet,0015,0.0,8008,0,0.0
2.0,200000.0,0.19999999999999998,3000.0,case_142,0,0,688.990234375,686.32275390625,deeponet,0015,0.0,8008,0,0.0
2.0,200000.0,0.19999999999999998,5000.0,case_142,0,0,2688.990234375,2686.32275390625,deeponet,0015,0.0,8008,0,0.0
2.0,200000.0,0.19999999999999998,10000.0,case_142,0,0,7688.990234375,7686.322265625,deeponet,0015,0.0,8008,0,0.0
2.0,200000.0,0.19999999999999998,25000.0,case_142,0,0,22688.990234375,22686.322265625,deeponet,0015,0.0,8008,0,0.0
2.0,200000.0,0.19999999999999998,101325.0,case_142,0,0,99013.9921875,99011.3203125,deeponet,0015,0.0,8008,0,0.0
2.0,500000.0,0.5,2500.0,case_143,0,0,128.4736328125,114.163818359375,deeponet,0015,0.0,8008,0,0.0
2.0,500000.0,0.5,3000.0,case_143,0,0,628.4736328125,614.163818359375,deeponet,0015,0.0,8008,0,0.0
2.0,500000.0,0.5,5000.0,case_143,0,0,2628.4736328125,2614.1640625,deeponet,0015,0.0,8008,0,0.0
2.0,500000.0,0.5,10000.0,case_143,0,0,7628.4736328125,7614.1640625,deeponet,0015,0.0,8008,0,0.0
2.0,500000.0,0.5,25000.0,case_143,0,0,22628.474609375,22614.1640625,deeponet,0015,0.0,8008,0,0.0
2.0,500000.0,0.5,101325.0,case_143,0,0,98953.4765625,98939.1640625,deeponet,0015,0.0,8008,0,0.0
2.0,1000000.0,1.0,2500.0,case_144,9,9,-71.43408203125,-143.816162109375,deeponet,0015,0.005744255744255744,7953,37,0.005744255744255744
2.0,1000000.0,1.0,3000.0,case_144,0,0,428.56591796875,356.183837890625,deeponet,0015,0.0,8008,0,0.0
2.0,1000000.0,1.0,5000.0,case_144,0,0,2428.56591796875,2356.18408203125,deeponet,0015,0.0,8008,0,0.0
2.0,1000000.0,1.0,10000.0,case_144,0,0,7428.56640625,7356.18359375,deeponet,0015,0.0,8008,0,0.0
2.0,1000000.0,1.0,25000.0,case_144,0,0,22428.56640625,22356.18359375,deeponet,0015,0.0,8008,0,0.0
2.0,1000000.0,1.0,101325.0,case_144,0,0,98753.5625,98681.1875,deeponet,0015,0.0,8008,0,0.0
4.0,100000.0,0.09999999999999999,2500.0,case_145,0,0,196.29345703125,195.107177734375,deeponet,0015,0.0,8008,0,0.0
4.0,100000.0,0.09999999999999999,3000.0,case_145,0,0,696.29345703125,695.107177734375,deeponet,0015,0.0,8008,0,0.0
4.0,100000.0,0.09999999999999999,5000.0,case_145,0,0,2696.29345703125,2695.107421875,deeponet,0015,0.0,8008,0,0.0
4.0,100000.0,0.09999999999999999,10000.0,case_145,0,0,7696.29296875,7695.107421875,deeponet,0015,0.0,8008,0,0.0
4.0,100000.0,0.09999999999999999,25000.0,case_145,0,0,22696.29296875,22695.107421875,deeponet,0015,0.0,8008,0,0.0
4.0,100000.0,0.09999999999999999,101325.0,case_145,0,0,99021.296875,99020.109375,deeponet,0015,0.0,8008,0,0.0
4.0,200000.0,0.19999999999999998,2500.0,case_146,0,0,185.02392578125,180.282958984375,deeponet,0015,0.0,8008,0,0.0
4.0,200000.0,0.19999999999999998,3000.0,case_146,0,0,685.02392578125,680.282958984375,deeponet,0015,0.0,8008,0,0.0
4.0,200000.0,0.19999999999999998,5000.0,case_146,0,0,2685.02392578125,2680.283203125,deeponet,0015,0.0,8008,0,0.0
4.0,200000.0,0.19999999999999998,10000.0,case_146,0,0,7685.0244140625,7680.283203125,deeponet,0015,0.0,8008,0,0.0
4.0,200000.0,0.19999999999999998,25000.0,case_146,0,0,22685.0234375,22680.283203125,deeponet,0015,0.0,8008,0,0.0
4.0,200000.0,0.19999999999999998,101325.0,case_146,0,0,99010.0234375,99005.28125,deeponet,0015,0.0,8008,0,0.0
4.0,500000.0,0.5,2500.0,case_147,0,0,104.42724609375,76.218505859375,deeponet,0015,0.0,8008,0,0.0
4.0,500000.0,0.5,3000.0,case_147,0,0,604.42724609375,576.218505859375,deeponet,0015,0.0,8008,0,0.0
4.0,500000.0,0.5,5000.0,case_147,0,0,2604.42724609375,2576.21875,deeponet,0015,0.0,8008,0,0.0
4.0,500000.0,0.5,10000.0,case_147,0,0,7604.4267578125,7576.21875,deeponet,0015,0.0,8008,0,0.0
4.0,500000.0,0.5,25000.0,case_147,0,0,22604.427734375,22576.21875,deeponet,0015,0.0,8008,0,0.0
4.0,500000.0,0.5,101325.0,case_147,0,0,98929.4296875,98901.21875,deeponet,0015,0.0,8008,0,0.0
4.0,1000000.0,1.0,2500.0,case_148,7,5,-173.63623046875,-295.1934814453125,deeponet,0015,0.013611388611388612,7892,104,0.013861138861138862
4.0,1000000.0,1.0,3000.0,case_148,0,0,326.36376953125,204.806640625,deeponet,0015,0.0,8008,0,0.0
4.0,1000000.0,1.0,5000.0,case_148,0,0,2326.36376953125,2204.806640625,deeponet,0015,0.0,8008,0,0.0
4.0,1000000.0,1.0,10000.0,case_148,0,0,7326.36328125,7204.806640625,deeponet,0015,0.0,8008,0,0.0
4.0,1000000.0,1.0,25000.0,case_148,0,0,22326.36328125,22204.806640625,deeponet,0015,0.0,8008,0,0.0
4.0,1000000.0,1.0,101325.0,case_148,0,0,98651.3671875,98529.8046875,deeponet,0015,0.0,8008,0,0.0
6.0,100000.0,0.09999999999999999,2500.0,case_149,0,0,195.235595703125,193.47412109375,deeponet,0015,0.0,8008,0,0.0
6.0,100000.0,0.09999999999999999,3000.0,case_149,0,0,695.235595703125,693.47412109375,deeponet,0015,0.0,8008,0,0.0
6.0,100000.0,0.09999999999999999,5000.0,case_149,0,0,2695.23583984375,2693.47412109375,deeponet,0015,0.0,8008,0,0.0
6.0,100000.0,0.09999999999999999,10000.0,case_149,0,0,7695.2353515625,7693.4736328125,deeponet,0015,0.0,8008,0,0.0
6.0,100000.0,0.09999999999999999,25000.0,case_149,0,0,22695.236328125,22693.474609375,deeponet,0015,0.0,8008,0,0.0
6.0,100000.0,0.09999999999999999,101325.0,case_149,0,0,99020.234375,99018.4765625,deeponet,0015,0.0,8008,0,0.0
6.0,200000.0,0.19999999999999998,2500.0,case_150,0,0,180.880615234375,173.625244140625,deeponet,0015,0.0,8008,0,0.0
6.0,200000.0,0.19999999999999998,3000.0,case_150,0,0,680.880615234375,673.625244140625,deeponet,0015,0.0,8008,0,0.0
6.0,200000.0,0.19999999999999998,5000.0,case_150,0,0,2680.880859375,2673.62548828125,deeponet,0015,0.0,8008,0,0.0
6.0,200000.0,0.19999999999999998,10000.0,case_150,0,0,7680.880859375,7673.625,deeponet,0015,0.0,8008,0,0.0
6.0,200000.0,0.19999999999999998,25000.0,case_150,0,0,22680.880859375,22673.625,deeponet,0015,0.0,8008,0,0.0
6.0,200000.0,0.19999999999999998,101325.0,case_150,0,0,99005.8828125,98998.625,deeponet,0015,0.0,8008,0,0.0
6.0,500000.0,0.5,2500.0,case_151,0,0,79.9228515625,38.3076171875,deeponet,0015,0.0,8008,0,0.0
6.0,500000.0,0.5,3000.0,case_151,0,0,579.9228515625,538.3076171875,deeponet,0015,0.0,8008,0,0.0
6.0,500000.0,0.5,5000.0,case_151,0,0,2579.9228515625,2538.3076171875,deeponet,0015,0.0,8008,0,0.0
6.0,500000.0,0.5,10000.0,case_151,0,0,7579.9228515625,7538.3076171875,deeponet,0015,0.0,8008,0,0.0
6.0,500000.0,0.5,25000.0,case_151,0,0,22579.923828125,22538.30859375,deeponet,0015,0.0,8008,0,0.0
6.0,500000.0,0.5,101325.0,case_151,0,0,98904.921875,98863.3046875,deeponet,0015,0.0,8008,0,0.0
6.0,1000000.0,1.0,2500.0,case_152,8,7,-283.98388671875,-448.040283203125,deeponet,0015,0.024225774225774224,7806,187,0.024350649350649352
6.0,1000000.0,1.0,3000.0,case_152,0,0,216.01611328125,51.959716796875,deeponet,0015,0.0,8008,0,0.0
6.0,1000000.0,1.0,5000.0,case_152,0,0,2216.01611328125,2051.9599609375,deeponet,0015,0.0,8008,0,0.0
6.0,1000000.0,1.0,10000.0,case_152,0,0,7216.0166015625,7051.9599609375,deeponet,0015,0.0,8008,0,0.0
6.0,1000000.0,1.0,25000.0,case_152,0,0,22216.015625,22051.958984375,deeponet,0015,0.0,8008,0,0.0
6.0,1000000.0,1.0,101325.0,case_152,0,0,98541.015625,98376.9609375,deeponet,0015,0.0,8008,0,0.0
8.0,100000.0,0.09999999999999999,2500.0,case_153,0,0,194.173828125,190.859130859375,deeponet,0015,0.0,8008,0,0.0
8.0,100000.0,0.09999999999999999,3000.0,case_153,0,0,694.173828125,690.859130859375,deeponet,0015,0.0,8008,0,0.0
8.0,100000.0,0.09999999999999999,5000.0,case_153,0,0,2694.173828125,2690.85888671875,deeponet,0015,0.0,8008,0,0.0
8.0,100000.0,0.09999999999999999,10000.0,case_153,0,0,7694.173828125,7690.859375,deeponet,0015,0.0,8008,0,0.0
8.0,100000.0,0.09999999999999999,25000.0,case_153,0,0,22694.173828125,22690.859375,deeponet,0015,0.0,8008,0,0.0
8.0,100000.0,0.09999999999999999,101325.0,case_153,0,0,99019.171875,99015.859375,deeponet,0015,0.0,8008,0,0.0
8.0,200000.0,0.19999999999999998,2500.0,case_154,0,0,176.757568359375,162.537841796875,deeponet,0015,0.0,8008,0,0.0
8.0,200000.0,0.19999999999999998,3000.0,case_154,0,0,676.757568359375,662.537841796875,deeponet,0015,0.0,8008,0,0.0
8.0,200000.0,0.19999999999999998,5000.0,case_154,0,0,2676.75732421875,2662.53759765625,deeponet,0015,0.0,8008,0,0.0
8.0,200000.0,0.19999999999999998,10000.0,case_154,0,0,7676.7578125,7662.5380859375,deeponet,0015,0.0,8008,0,0.0
8.0,200000.0,0.19999999999999998,25000.0,case_154,0,0,22676.7578125,22662.537109375,deeponet,0015,0.0,8008,0,0.0
8.0,200000.0,0.19999999999999998,101325.0,case_154,0,0,99001.7578125,98987.5390625,deeponet,0015,0.0,8008,0,0.0
8.0,500000.0,0.5,2500.0,case_155,2,0,55.3193359375,-31.507568359375,deeponet,0015,0.0,8006,0,0.00024975024975024975
8.0,500000.0,0.5,3000.0,case_155,0,0,555.3193359375,468.492431640625,deeponet,0015,0.0,8008,0,0.0
8.0,500000.0,0.5,5000.0,case_155,0,0,2555.3193359375,2468.49267578125,deeponet,0015,0.0,8008,0,0.0
8.0,500000.0,0.5,10000.0,case_155,0,0,7555.3193359375,7468.4921875,deeponet,0015,0.0,8008,0,0.0
8.0,500000.0,0.5,25000.0,case_155,0,0,22555.318359375,22468.4921875,deeponet,0015,0.0,8008,0,0.0
8.0,500000.0,0.5,101325.0,case_155,0,0,98880.3203125,98793.4921875,deeponet,0015,0.0,8008,0,0.0
8.0,1000000.0,1.0,2500.0,case_156,3,27,-404.01416015625,-728.56640625,deeponet,0015,0.03971028971028971,7687,291,0.03671328671328671
8.0,1000000.0,1.0,3000.0,case_156,4,0,95.98583984375,-228.56640625,deeponet,0015,0.0,8004,0,0.0004995004995004995
8.0,1000000.0,1.0,5000.0,case_156,0,0,2095.98583984375,1771.43359375,deeponet,0015,0.0,8008,0,0.0
8.0,1000000.0,1.0,10000.0,case_156,0,0,7095.9853515625,6771.43359375,deeponet,0015,0.0,8008,0,0.0
8.0,1000000.0,1.0,25000.0,case_156,0,0,22095.986328125,21771.43359375,deeponet,0015,0.0,8008,0,0.0
8.0,1000000.0,1.0,101325.0,case_156,0,0,98420.984375,98096.4296875,deeponet,0015,0.0,8008,0,0.0
10.0,100000.0,0.09999999999999999,2500.0,case_157,0,0,193.1767578125,187.646484375,deeponet,0015,0.0,8008,0,0.0
10.0,100000.0,0.09999999999999999,3000.0,case_157,0,0,693.1767578125,687.646484375,deeponet,0015,0.0,8008,0,0.0
10.0,100000.0,0.09999999999999999,5000.0,case_157,0,0,2693.1767578125,2687.646484375,deeponet,0015,0.0,8008,0,0.0
10.0,100000.0,0.09999999999999999,10000.0,case_157,0,0,7693.1767578125,7687.646484375,deeponet,0015,0.0,8008,0,0.0
10.0,100000.0,0.09999999999999999,25000.0,case_157,0,0,22693.17578125,22687.646484375,deeponet,0015,0.0,8008,0,0.0
10.0,100000.0,0.09999999999999999,101325.0,case_157,0,0,99018.1796875,99012.6484375,deeponet,0015,0.0,8008,0,0.0
10.0,200000.0,0.19999999999999998,2500.0,case_158,0,0,172.925537109375,150.0302734375,deeponet,0015,0.0,8008,0,0.0
10.0,200000.0,0.19999999999999998,3000.0,case_158,0,0,672.925537109375,650.0302734375,deeponet,0015,0.0,8008,0,0.0
10.0,200000.0,0.19999999999999998,5000.0,case_158,0,0,2672.92578125,2650.0302734375,deeponet,0015,0.0,8008,0,0.0
10.0,200000.0,0.19999999999999998,10000.0,case_158,0,0,7672.92578125,7650.0302734375,deeponet,0015,0.0,8008,0,0.0
10.0,200000.0,0.19999999999999998,25000.0,case_158,0,0,22672.92578125,22650.029296875,deeponet,0015,0.0,8008,0,0.0
10.0,200000.0,0.19999999999999998,101325.0,case_158,0,0,98997.921875,98975.03125,deeponet,0015,0.0,8008,0,0.0
10.0,500000.0,0.5,2500.0,case_159,4,0,32.383544921875,-101.2255859375,deeponet,0015,0.0,8004,0,0.0004995004995004995
10.0,500000.0,0.5,3000.0,case_159,0,0,532.383544921875,398.7744140625,deeponet,0015,0.0,8008,0,0.0
10.0,500000.0,0.5,5000.0,case_159,0,0,2532.3837890625,2398.7744140625,deeponet,0015,0.0,8008,0,0.0
10.0,500000.0,0.5,10000.0,case_159,0,0,7532.3837890625,7398.7744140625,deeponet,0015,0.0,8008,0,0.0
10.0,500000.0,0.5,25000.0,case_159,0,0,22532.3828125,22398.775390625,deeponet,0015,0.0,8008,0,0.0
10.0,500000.0,0.5,101325.0,case_159,0,0,98857.3828125,98723.7734375,deeponet,0015,0.0,8008,0,0.0
10.0,1000000.0,1.0,2500.0,case_160,5,46,-518.11474609375,-1008.3797607421875,deeponet,0015,0.05332167832167832,7576,381,0.0482017982017982
10.0,1000000.0,1.0,3000.0,case_160,10,6,-18.11474609375,-508.3797607421875,deeponet,0015,0.0007492507492507493,7992,0,0.0012487512487512488
10.0,1000000.0,1.0,5000.0,case_160,0,0,1981.88525390625,1491.6201171875,deeponet,0015,0.0,8008,0,0.0
10.0,1000000.0,1.0,10000.0,case_160,0,0,6981.884765625,6491.6201171875,deeponet,0015,0.0,8008,0,0.0
10.0,1000000.0,1.0,25000.0,case_160,0,0,21981.884765625,21491.62109375,deeponet,0015,0.0,8008,0,0.0
10.0,1000000.0,1.0,101325.0,case_160,0,0,98306.8828125,97816.6171875,deeponet,0015,0.0,8008,0,0.0
-4.0,100000.0,0.09999999999999999,2500.0,case_193,0,0,197.104248046875,194.198974609375,deeponet,2412,0.0,8045,0,0.0
-4.0,100000.0,0.09999999999999999,3000.0,case_193,0,0,697.104248046875,694.198974609375,deeponet,2412,0.0,8045,0,0.0
-4.0,100000.0,0.09999999999999999,5000.0,case_193,0,0,2697.1044921875,2694.19921875,deeponet,2412,0.0,8045,0,0.0
-4.0,100000.0,0.09999999999999999,10000.0,case_193,0,0,7697.1044921875,7694.19921875,deeponet,2412,0.0,8045,0,0.0
-4.0,100000.0,0.09999999999999999,25000.0,case_193,0,0,22697.103515625,22694.19921875,deeponet,2412,0.0,8045,0,0.0
-4.0,100000.0,0.09999999999999999,101325.0,case_193,0,0,99022.1015625,99019.1953125,deeponet,2412,0.0,8045,0,0.0
-4.0,200000.0,0.19999999999999998,2500.0,case_194,0,0,188.4306640625,176.61572265625,deeponet,2412,0.0,8045,0,0.0
-4.0,200000.0,0.19999999999999998,3000.0,case_194,0,0,688.4306640625,676.61572265625,deeponet,2412,0.0,8045,0,0.0
-4.0,200000.0,0.19999999999999998,5000.0,case_194,0,0,2688.4306640625,2676.61572265625,deeponet,2412,0.0,8045,0,0.0
-4.0,200000.0,0.19999999999999998,10000.0,case_194,0,0,7688.4306640625,7676.6162109375,deeponet,2412,0.0,8045,0,0.0
-4.0,200000.0,0.19999999999999998,25000.0,case_194,0,0,22688.4296875,22676.615234375,deeponet,2412,0.0,8045,0,0.0
-4.0,200000.0,0.19999999999999998,101325.0,case_194,0,0,99013.4296875,99001.6171875,deeponet,2412,0.0,8045,0,0.0
-4.0,500000.0,0.5,2500.0,case_195,0,0,130.23681640625,53.1650390625,deeponet,2412,0.0,8045,0,0.0
-4.0,500000.0,0.5,3000.0,case_195,0,0,630.23681640625,553.1650390625,deeponet,2412,0.0,8045,0,0.0
-4.0,500000.0,0.5,5000.0,case_195,0,0,2630.23681640625,2553.1650390625,deeponet,2412,0.0,8045,0,0.0
-4.0,500000.0,0.5,10000.0,case_195,0,0,7630.236328125,7553.1650390625,deeponet,2412,0.0,8045,0,0.0
-4.0,500000.0,0.5,25000.0,case_195,0,0,22630.236328125,22553.166015625,deeponet,2412,0.0,8045,0,0.0
-4.0,500000.0,0.5,101325.0,case_195,0,0,98955.234375,98878.1640625,deeponet,2412,0.0,8045,0,0.0
-4.0,1000000.0,1.0,2500.0,case_196,16,22,-81.42236328125,-371.87109375,deeponet,2412,0.006960845245494096,7973,34,0.006215040397762586
-4.0,1000000.0,1.0,3000.0,case_196,0,0,418.57763671875,128.12890625,deeponet,2412,0.0,8045,0,0.0
-4.0,1000000.0,1.0,5000.0,case_196,0,0,2418.57763671875,2128.12890625,deeponet,2412,0.0,8045,0,0.0
-4.0,1000000.0,1.0,10000.0,case_196,0,0,7418.578125,7128.12890625,deeponet,2412,0.0,8045,0,0.0
-4.0,1000000.0,1.0,25000.0,case_196,0,0,22418.578125,22128.12890625,deeponet,2412,0.0,8045,0,0.0
-4.0,1000000.0,1.0,101325.0,case_196,0,0,98743.578125,98453.125,deeponet,2412,0.0,8045,0,0.0
-2.0,100000.0,0.09999999999999999,2500.0,case_197,0,0,197.771240234375,196.49755859375,deeponet,2412,0.0,8045,0,0.0
-2.0,100000.0,0.09999999999999999,3000.0,case_197,0,0,697.771240234375,696.49755859375,deeponet,2412,0.0,8045,0,0.0
-2.0,100000.0,0.09999999999999999,5000.0,case_197,0,0,2697.771484375,2696.49755859375,deeponet,2412,0.0,8045,0,0.0
-2.0,100000.0,0.09999999999999999,10000.0,case_197,0,0,7697.771484375,7696.498046875,deeponet,2412,0.0,8045,0,0.0
-2.0,100000.0,0.09999999999999999,25000.0,case_197,0,0,22697.771484375,22696.498046875,deeponet,2412,0.0,8045,0,0.0
-2.0,100000.0,0.09999999999999999,101325.0,case_197,0,0,99022.7734375,99021.5,deeponet,2412,0.0,8045,0,0.0
-2.0,200000.0,0.19999999999999998,2500.0,case_198,0,0,191.1787109375,186.0244140625,deeponet,2412,0.0,8045,0,0.0
-2.0,200000.0,0.19999999999999998,3000.0,case_198,0,0,691.1787109375,686.0244140625,deeponet,2412,0.0,8045,0,0.0
-2.0,200000.0,0.19999999999999998,5000.0,case_198,0,0,2691.1787109375,2686.0244140625,deeponet,2412,0.0,8045,0,0.0
-2.0,200000.0,0.19999999999999998,10000.0,case_198,0,0,7691.1787109375,7686.0244140625,deeponet,2412,0.0,8045,0,0.0
-2.0,200000.0,0.19999999999999998,25000.0,case_198,0,0,22691.177734375,22686.025390625,deeponet,2412,0.0,8045,0,0.0
-2.0,200000.0,0.19999999999999998,101325.0,case_198,0,0,99016.1796875,99011.0234375,deeponet,2412,0.0,8045,0,0.0
-2.0,500000.0,0.5,2500.0,case_199,0,0,149.09130859375,112.22265625,deeponet,2412,0.0,8045,0,0.0
-2.0,500000.0,0.5,3000.0,case_199,0,0,649.09130859375,612.22265625,deeponet,2412,0.0,8045,0,0.0
-2.0,500000.0,0.5,5000.0,case_199,0,0,2649.09130859375,2612.22265625,deeponet,2412,0.0,8045,0,0.0
-2.0,500000.0,0.5,10000.0,case_199,0,0,7649.091796875,7612.22265625,deeponet,2412,0.0,8045,0,0.0
-2.0,500000.0,0.5,25000.0,case_199,0,0,22649.091796875,22612.22265625,deeponet,2412,0.0,8045,0,0.0
-2.0,500000.0,0.5,101325.0,case_199,0,0,98974.09375,98937.2265625,deeponet,2412,0.0,8045,0,0.0
-2.0,1000000.0,1.0,2500.0,case_200,12,3,-3.45361328125,-151.690185546875,deeponet,2412,0.00037290242386575515,8030,0,0.0014916096954630206
-2.0,1000000.0,1.0,3000.0,case_200,0,0,496.54638671875,348.309814453125,deeponet,2412,0.0,8045,0,0.0
-2.0,1000000.0,1.0,5000.0,case_200,0,0,2496.54638671875,2348.31005859375,deeponet,2412,0.0,8045,0,0.0
-2.0,1000000.0,1.0,10000.0,case_200,0,0,7496.546875,7348.3095703125,deeponet,2412,0.0,8045,0,0.0
-2.0,1000000.0,1.0,25000.0,case_200,0,0,22496.546875,22348.310546875,deeponet,2412,0.0,8045,0,0.0
-2.0,1000000.0,1.0,101325.0,case_200,0,0,98821.546875,98673.3125,deeponet,2412,0.0,8045,0,0.0
0.0,100000.0,0.09999999999999999,2500.0,case_201,0,0,197.3974609375,197.463134765625,deeponet,2412,0.0,8045,0,0.0
0.0,100000.0,0.09999999999999999,3000.0,case_201,0,0,697.3974609375,697.463134765625,deeponet,2412,0.0,8045,0,0.0
0.0,100000.0,0.09999999999999999,5000.0,case_201,0,0,2697.3974609375,2697.462890625,deeponet,2412,0.0,8045,0,0.0
0.0,100000.0,0.09999999999999999,10000.0,case_201,0,0,7697.3974609375,7697.462890625,deeponet,2412,0.0,8045,0,0.0
0.0,100000.0,0.09999999999999999,25000.0,case_201,0,0,22697.3984375,22697.462890625,deeponet,2412,0.0,8045,0,0.0
0.0,100000.0,0.09999999999999999,101325.0,case_201,0,0,99022.3984375,99022.4609375,deeponet,2412,0.0,8045,0,0.0
0.0,200000.0,0.19999999999999998,2500.0,case_202,0,0,189.64111328125,189.9306640625,deeponet,2412,0.0,8045,0,0.0
0.0,200000.0,0.19999999999999998,3000.0,case_202,0,0,689.64111328125,689.9306640625,deeponet,2412,0.0,8045,0,0.0
0.0,200000.0,0.19999999999999998,5000.0,case_202,0,0,2689.64111328125,2689.9306640625,deeponet,2412,0.0,8045,0,0.0
0.0,200000.0,0.19999999999999998,10000.0,case_202,0,0,7689.6416015625,7689.9306640625,deeponet,2412,0.0,8045,0,0.0
0.0,200000.0,0.19999999999999998,25000.0,case_202,0,0,22689.640625,22689.9296875,deeponet,2412,0.0,8045,0,0.0
0.0,200000.0,0.19999999999999998,101325.0,case_202,0,0,99014.640625,99014.9296875,deeponet,2412,0.0,8045,0,0.0
0.0,500000.0,0.5,2500.0,case_203,0,0,135.992919921875,136.8232421875,deeponet,2412,0.0,8045,0,0.0
0.0,500000.0,0.5,3000.0,case_203,0,0,635.992919921875,636.8232421875,deeponet,2412,0.0,8045,0,0.0
0.0,500000.0,0.5,5000.0,case_203,0,0,2635.9931640625,2636.8232421875,deeponet,2412,0.0,8045,0,0.0
0.0,500000.0,0.5,10000.0,case_203,0,0,7635.9931640625,7636.8232421875,deeponet,2412,0.0,8045,0,0.0
0.0,500000.0,0.5,25000.0,case_203,0,0,22635.9921875,22636.82421875,deeponet,2412,0.0,8045,0,0.0
0.0,500000.0,0.5,101325.0,case_203,0,0,98960.9921875,98961.8203125,deeponet,2412,0.0,8045,0,0.0
0.0,1000000.0,1.0,2500.0,case_204,7,12,-34.600341796875,-53.03076171875,deeponet,2412,0.00435052827843381,8003,23,0.0037290242386575512
0.0,1000000.0,1.0,3000.0,case_204,0,0,465.399658203125,446.96923828125,deeponet,2412,0.0,8045,0,0.0
0.0,1000000.0,1.0,5000.0,case_204,0,0,2465.39990234375,2446.96923828125,deeponet,2412,0.0,8045,0,0.0
0.0,1000000.0,1.0,10000.0,case_204,0,0,7465.3994140625,7446.96875,deeponet,2412,0.0,8045,0,0.0
0.0,1000000.0,1.0,25000.0,case_204,0,0,22465.400390625,22446.96875,deeponet,2412,0.0,8045,0,0.0
0.0,1000000.0,1.0,101325.0,case_204,0,0,98790.3984375,98771.96875,deeponet,2412,0.0,8045,0,0.0
2.0,100000.0,0.09999999999999999,2500.0,case_205,0,0,196.40087890625,196.541015625,deeponet,2412,0.0,8045,0,0.0
2.0,100000.0,0.09999999999999999,3000.0,case_205,0,0,696.40087890625,696.541015625,deeponet,2412,0.0,8045,0,0.0
2.0,100000.0,0.09999999999999999,5000.0,case_205,0,0,2696.40087890625,2696.541015625,deeponet,2412,0.0,8045,0,0.0
2.0,100000.0,0.09999999999999999,10000.0,case_205,0,0,7696.400390625,7696.541015625,deeponet,2412,0.0,8045,0,0.0
2.0,100000.0,0.09999999999999999,25000.0,case_205,0,0,22696.400390625,22696.541015625,deeponet,2412,0.0,8045,0,0.0
2.0,100000.0,0.09999999999999999,101325.0,case_205,0,0,99021.3984375,99021.5390625,deeponet,2412,0.0,8045,0,0.0
2.0,200000.0,0.19999999999999998,2500.0,case_206,0,0,185.681640625,186.239013671875,deeponet,2412,0.0,8045,0,0.0
2.0,200000.0,0.19999999999999998,3000.0,case_206,0,0,685.681640625,686.239013671875,deeponet,2412,0.0,8045,0,0.0
2.0,200000.0,0.19999999999999998,5000.0,case_206,0,0,2685.681640625,2686.2392578125,deeponet,2412,0.0,8045,0,0.0
2.0,200000.0,0.19999999999999998,10000.0,case_206,0,0,7685.681640625,7686.2392578125,deeponet,2412,0.0,8045,0,0.0
2.0,200000.0,0.19999999999999998,25000.0,case_206,0,0,22685.681640625,22686.23828125,deeponet,2412,0.0,8045,0,0.0
2.0,200000.0,0.19999999999999998,101325.0,case_206,0,0,99010.6796875,99011.2421875,deeponet,2412,0.0,8045,0,0.0
2.0,500000.0,0.5,2500.0,case_207,0,0,113.030517578125,113.4375,deeponet,2412,0.0,8045,0,0.0
2.0,500000.0,0.5,3000.0,case_207,0,0,613.030517578125,613.4375,deeponet,2412,0.0,8045,0,0.0
2.0,500000.0,0.5,5000.0,case_207,0,0,2613.0302734375,2613.4375,deeponet,2412,0.0,8045,0,0.0
2.0,500000.0,0.5,10000.0,case_207,0,0,7613.0302734375,7613.4375,deeponet,2412,0.0,8045,0,0.0
2.0,500000.0,0.5,25000.0,case_207,0,0,22613.03125,22613.4375,deeponet,2412,0.0,8045,0,0.0
2.0,500000.0,0.5,101325.0,case_207,0,0,98938.03125,98938.4375,deeponet,2412,0.0,8045,0,0.0
2.0,1000000.0,1.0,2500.0,case_208,8,10,-123.256103515625,-146.984619140625,deeponet,2412,0.01230577998756992,7938,89,0.012057178371659415
2.0,1000000.0,1.0,3000.0,case_208,0,0,376.743896484375,353.015380859375,deeponet,2412,0.0,8045,0,0.0
2.0,1000000.0,1.0,5000.0,case_208,0,0,2376.744140625,2353.015625,deeponet,2412,0.0,8045,0,0.0
2.0,1000000.0,1.0,10000.0,case_208,0,0,7376.744140625,7353.015625,deeponet,2412,0.0,8045,0,0.0
2.0,1000000.0,1.0,25000.0,case_208,0,0,22376.744140625,22353.015625,deeponet,2412,0.0,8045,0,0.0
2.0,1000000.0,1.0,101325.0,case_208,0,0,98701.7421875,98678.015625,deeponet,2412,0.0,8045,0,0.0
4.0,100000.0,0.09999999999999999,2500.0,case_209,0,0,195.308837890625,195.056396484375,deeponet,2412,0.0,8045,0,0.0
4.0,100000.0,0.09999999999999999,3000.0,case_209,0,0,695.308837890625,695.056396484375,deeponet,2412,0.0,8045,0,0.0
4.0,100000.0,0.09999999999999999,5000.0,case_209,0,0,2695.30859375,2695.05615234375,deeponet,2412,0.0,8045,0,0.0
4.0,100000.0,0.09999999999999999,10000.0,case_209,0,0,7695.30859375,7695.056640625,deeponet,2412,0.0,8045,0,0.0
4.0,100000.0,0.09999999999999999,25000.0,case_209,0,0,22695.30859375,22695.056640625,deeponet,2412,0.0,8045,0,0.0
4.0,100000.0,0.09999999999999999,101325.0,case_209,0,0,99020.3125,99020.0546875,deeponet,2412,0.0,8045,0,0.0
4.0,200000.0,0.19999999999999998,2500.0,case_210,0,0,181.356689453125,180.322021484375,deeponet,2412,0.0,8045,0,0.0
4.0,200000.0,0.19999999999999998,3000.0,case_210,0,0,681.356689453125,680.322021484375,deeponet,2412,0.0,8045,0,0.0
4.0,200000.0,0.19999999999999998,5000.0,case_210,0,0,2681.3564453125,2680.322265625,deeponet,2412,0.0,8045,0,0.0
4.0,200000.0,0.19999999999999998,10000.0,case_210,0,0,7681.3564453125,7680.322265625,deeponet,2412,0.0,8045,0,0.0
4.0,200000.0,0.19999999999999998,25000.0,case_210,0,0,22681.357421875,22680.322265625,deeponet,2412,0.0,8045,0,0.0
4.0,200000.0,0.19999999999999998,101325.0,case_210,0,0,99006.359375,99005.3203125,deeponet,2412,0.0,8045,0,0.0
4.0,500000.0,0.5,2500.0,case_211,0,0,87.723876953125,76.150634765625,deeponet,2412,0.0,8045,0,0.0
4.0,500000.0,0.5,3000.0,case_211,0,0,587.723876953125,576.150634765625,deeponet,2412,0.0,8045,0,0.0
4.0,500000.0,0.5,5000.0,case_211,0,0,2587.72412109375,2576.15087890625,deeponet,2412,0.0,8045,0,0.0
4.0,500000.0,0.5,10000.0,case_211,0,0,7587.7236328125,7576.150390625,deeponet,2412,0.0,8045,0,0.0
4.0,500000.0,0.5,25000.0,case_211,0,0,22587.724609375,22576.150390625,deeponet,2412,0.0,8045,0,0.0
4.0,500000.0,0.5,101325.0,case_211,0,0,98912.7265625,98901.1484375,deeponet,2412,0.0,8045,0,0.0
4.0,1000000.0,1.0,2500.0,case_212,11,6,-223.12109375,-296.5372314453125,deeponet,2412,0.022995649471721565,7849,179,0.023617153511497825
4.0,1000000.0,1.0,3000.0,case_212,0,0,276.87890625,203.462646484375,deeponet,2412,0.0,8045,0,0.0
4.0,1000000.0,1.0,5000.0,case_212,0,0,2276.87890625,2203.462890625,deeponet,2412,0.0,8045,0,0.0
4.0,1000000.0,1.0,10000.0,case_212,0,0,7276.87890625,7203.462890625,deeponet,2412,0.0,8045,0,0.0
4.0,1000000.0,1.0,25000.0,case_212,0,0,22276.87890625,22203.462890625,deeponet,2412,0.0,8045,0,0.0
4.0,1000000.0,1.0,101325.0,case_212,0,0,98601.8828125,98528.4609375,deeponet,2412,0.0,8045,0,0.0
6.0,100000.0,0.09999999999999999,2500.0,case_213,0,0,194.198486328125,193.473876953125,deeponet,2412,0.0,8045,0,0.0
6.0,100000.0,0.09999999999999999,3000.0,case_213,0,0,694.198486328125,693.473876953125,deeponet,2412,0.0,8045,0,0.0
6.0,100000.0,0.09999999999999999,5000.0,case_213,0,0,2694.19873046875,2693.4736328125,deeponet,2412,0.0,8045,0,0.0
6.0,100000.0,0.09999999999999999,10000.0,case_213,0,0,7694.1982421875,7693.4736328125,deeponet,2412,0.0,8045,0,0.0
6.0,100000.0,0.09999999999999999,25000.0,case_213,0,0,22694.19921875,22693.474609375,deeponet,2412,0.0,8045,0,0.0
6.0,100000.0,0.09999999999999999,101325.0,case_213,0,0,99019.1953125,99018.4765625,deeponet,2412,0.0,8045,0,0.0
6.0,200000.0,0.19999999999999998,2500.0,case_214,0,0,176.95263671875,174.086181640625,deeponet,2412,0.0,8045,0,0.0
6.0,200000.0,0.19999999999999998,3000.0,case_214,0,0,676.95263671875,674.086181640625,deeponet,2412,0.0,8045,0,0.0
6.0,200000.0,0.19999999999999998,5000.0,case_214,0,0,2676.95263671875,2674.0859375,deeponet,2412,0.0,8045,0,0.0
6.0,200000.0,0.19999999999999998,10000.0,case_214,0,0,7676.9521484375,7674.0859375,deeponet,2412,0.0,8045,0,0.0
6.0,200000.0,0.19999999999999998,25000.0,case_214,0,0,22676.953125,22674.0859375,deeponet,2412,0.0,8045,0,0.0
6.0,200000.0,0.19999999999999998,101325.0,case_214,0,0,99001.953125,98999.0859375,deeponet,2412,0.0,8045,0,0.0
6.0,500000.0,0.5,2500.0,case_215,0,0,60.426513671875,36.447265625,deeponet,2412,0.0,8045,0,0.0
6.0,500000.0,0.5,3000.0,case_215,0,0,560.426513671875,536.447265625,deeponet,2412,0.0,8045,0,0.0
6.0,500000.0,0.5,5000.0,case_215,0,0,2560.42626953125,2536.447265625,deeponet,2412,0.0,8045,0,0.0
6.0,500000.0,0.5,10000.0,case_215,0,0,7560.4267578125,7536.447265625,deeponet,2412,0.0,8045,0,0.0
6.0,500000.0,0.5,25000.0,case_215,0,0,22560.42578125,22536.447265625,deeponet,2412,0.0,8045,0,0.0
6.0,500000.0,0.5,101325.0,case_215,0,0,98885.4296875,98861.4453125,deeponet,2412,0.0,8045,0,0.0
6.0,1000000.0,1.0,2500.0,case_216,9,22,-339.310302734375,-456.31396484375,deeponet,2412,0.03791174642635177,7731,283,0.0362958359229335
6.0,1000000.0,1.0,3000.0,case_216,0,0,160.689697265625,43.68603515625,deeponet,2412,0.0,8045,0,0.0
6.0,1000000.0,1.0,5000.0,case_216,0,0,2160.68994140625,2043.68603515625,deeponet,2412,0.0,8045,0,0.0
6.0,1000000.0,1.0,10000.0,case_216,0,0,7160.689453125,7043.685546875,deeponet,2412,0.0,8045,0,0.0
6.0,1000000.0,1.0,25000.0,case_216,0,0,22160.689453125,22043.685546875,deeponet,2412,0.0,8045,0,0.0
6.0,1000000.0,1.0,101325.0,case_216,0,0,98485.6875,98368.6875,deeponet,2412,0.0,8045,0,0.0
8.0,100000.0,0.09999999999999999,2500.0,case_217,0,0,193.121337890625,190.568115234375,deeponet,2412,0.0,8045,0,0.0
8.0,100000.0,0.09999999999999999,3000.0,case_217,0,0,693.121337890625,690.568115234375,deeponet,2412,0.0,8045,0,0.0
8.0,100000.0,0.09999999999999999,5000.0,case_217,0,0,2693.12158203125,2690.568359375,deeponet,2412,0.0,8045,0,0.0
8.0,100000.0,0.09999999999999999,10000.0,case_217,0,0,7693.12109375,7690.568359375,deeponet,2412,0.0,8045,0,0.0
8.0,100000.0,0.09999999999999999,25000.0,case_217,0,0,22693.12109375,22690.568359375,deeponet,2412,0.0,8045,0,0.0
8.0,100000.0,0.09999999999999999,101325.0,case_217,0,0,99018.125,99015.5703125,deeponet,2412,0.0,8045,0,0.0
8.0,200000.0,0.19999999999999998,2500.0,case_218,0,0,172.712890625,161.783447265625,deeponet,2412,0.0,8045,0,0.0
8.0,200000.0,0.19999999999999998,3000.0,case_218,0,0,672.712890625,661.783447265625,deeponet,2412,0.0,8045,0,0.0
8.0,200000.0,0.19999999999999998,5000.0,case_218,0,0,2672.712890625,2661.783203125,deeponet,2412,0.0,8045,0,0.0
8.0,200000.0,0.19999999999999998,10000.0,case_218,0,0,7672.712890625,7661.783203125,deeponet,2412,0.0,8045,0,0.0
8.0,200000.0,0.19999999999999998,25000.0,case_218,0,0,22672.712890625,22661.783203125,deeponet,2412,0.0,8045,0,0.0
8.0,200000.0,0.19999999999999998,101325.0,case_218,0,0,98997.7109375,98986.78125,deeponet,2412,0.0,8045,0,0.0
8.0,500000.0,0.5,2500.0,case_219,1,0,33.03125,-29.9501953125,deeponet,2412,0.0,8044,0,0.0001243008079552517
8.0,500000.0,0.5,3000.0,case_219,0,0,533.03125,470.0498046875,deeponet,2412,0.0,8045,0,0.0
8.0,500000.0,0.5,5000.0,case_219,0,0,2533.03125,2470.0498046875,deeponet,2412,0.0,8045,0,0.0
8.0,500000.0,0.5,10000.0,case_219,0,0,7533.03125,7470.0498046875,deeponet,2412,0.0,8045,0,0.0
8.0,500000.0,0.5,25000.0,case_219,0,0,22533.03125,22470.048828125,deeponet,2412,0.0,8045,0,0.0
8.0,500000.0,0.5,101325.0,case_219,0,0,98858.03125,98795.046875,deeponet,2412,0.0,8045,0,0.0
8.0,1000000.0,1.0,2500.0,case_220,4,37,-465.91943359375,-722.595947265625,deeponet,2412,0.0545680546923555,7602,402,0.05046612802983219
8.0,1000000.0,1.0,3000.0,case_220,5,0,34.08056640625,-222.595947265625,deeponet,2412,0.0,8040,0,0.0006215040397762585
8.0,1000000.0,1.0,5000.0,case_220,0,0,2034.08056640625,1777.404052734375,deeponet,2412,0.0,8045,0,0.0
8.0,1000000.0,1.0,10000.0,case_220,0,0,7034.080078125,6777.404296875,deeponet,2412,0.0,8045,0,0.0
8.0,1000000.0,1.0,25000.0,case_220,0,0,22034.080078125,21777.404296875,deeponet,2412,0.0,8045,0,0.0
8.0,1000000.0,1.0,101325.0,case_220,0,0,98359.078125,98102.40625,deeponet,2412,0.0,8045,0,0.0
10.0,100000.0,0.09999999999999999,2500.0,case_221,0,0,192.1552734375,187.9287109375,deeponet,2412,0.0,8045,0,0.0
10.0,100000.0,0.09999999999999999,3000.0,case_221,0,0,692.1552734375,687.9287109375,deeponet,2412,0.0,8045,0,0.0
10.0,100000.0,0.09999999999999999,5000.0,case_221,0,0,2692.1552734375,2687.9287109375,deeponet,2412,0.0,8045,0,0.0
10.0,100000.0,0.09999999999999999,10000.0,case_221,0,0,7692.1552734375,7687.9287109375,deeponet,2412,0.0,8045,0,0.0
10.0,100000.0,0.09999999999999999,25000.0,case_221,0,0,22692.15625,22687.927734375,deeponet,2412,0.0,8045,0,0.0
10.0,100000.0,0.09999999999999999,101325.0,case_221,0,0,99017.15625,99012.9296875,deeponet,2412,0.0,8045,0,0.0
10.0,200000.0,0.19999999999999998,2500.0,case_222,0,0,169.005126953125,153.3876953125,deeponet,2412,0.0,8045,0,0.0
10.0,200000.0,0.19999999999999998,3000.0,case_222,0,0,669.005126953125,653.3876953125,deeponet,2412,0.0,8045,0,0.0
10.0,200000.0,0.19999999999999998,5000.0,case_222,0,0,2669.00537109375,2653.3876953125,deeponet,2412,0.0,8045,0,0.0
10.0,200000.0,0.19999999999999998,10000.0,case_222,0,0,7669.0048828125,7653.3876953125,deeponet,2412,0.0,8045,0,0.0
10.0,200000.0,0.19999999999999998,25000.0,case_222,0,0,22669.005859375,22653.388671875,deeponet,2412,0.0,8045,0,0.0
10.0,200000.0,0.19999999999999998,101325.0,case_222,0,0,98994.0078125,98978.390625,deeponet,2412,0.0,8045,0,0.0
10.0,500000.0,0.5,2500.0,case_223,5,0,9.898681640625,-90.552978515625,deeponet,2412,0.0,8040,0,0.0006215040397762585
10.0,500000.0,0.5,3000.0,case_223,0,0,509.898681640625,409.447021484375,deeponet,2412,0.0,8045,0,0.0
10.0,500000.0,0.5,5000.0,case_223,0,0,2509.89892578125,2409.447265625,deeponet,2412,0.0,8045,0,0.0
10.0,500000.0,0.5,10000.0,case_223,0,0,7509.8984375,7409.447265625,deeponet,2412,0.0,8045,0,0.0
10.0,500000.0,0.5,25000.0,case_223,0,0,22509.8984375,22409.447265625,deeponet,2412,0.0,8045,0,0.0
10.0,500000.0,0.5,101325.0,case_223,0,0,98834.8984375,98734.4453125,deeponet,2412,0.0,8045,0,0.0
10.0,1000000.0,1.0,2500.0,case_224,5,52,-571.7774658203125,-965.6834716796875,deeponet,2412,0.06786824114356743,7494,494,0.0620261031696706
10.0,1000000.0,1.0,3000.0,case_224,10,12,-71.77734375,-465.6834716796875,deeponet,2412,0.0018645121193287756,8020,3,0.0016159105034182723
10.0,1000000.0,1.0,5000.0,case_224,0,0,1928.22265625,1534.31640625,deeponet,2412,0.0,8045,0,0.0
10.0,1000000.0,1.0,10000.0,case_224,0,0,6928.22265625,6534.31640625,deeponet,2412,0.0,8045,0,0.0
10.0,1000000.0,1.0,25000.0,case_224,0,0,21928.22265625,21534.31640625,deeponet,2412,0.0,8045,0,0.0
10.0,1000000.0,1.0,101325.0,case_224,0,0,98253.21875,97859.3203125,deeponet,2412,0.0,8045,0,0.0
