AoA,CD_integrated_pressure,CD_surrogate,CL_integrated_pressure,CL_over_abs_CD,CL_surrogate,Re,candidate_id,evaluation,family,force_source,m,min_Cp,min_cavitation_margin,model,note,objective,p,risky_cell_fraction,start,t
4.0,0.013807712091243872,0.022859057411551476,0.19299770597779886,15.555031492798596,0.3555889129638672,500000.0,continuous_1,1,continuous_naca,direct OpenFOAM-coefficient surrogate,0.0,-0.9204871654510498,98895.4765625,unet,surrogate estimate; validate top designs with OpenFOAM,15.555031492798596,0.4,0.0,0012,0.12
4.0,0.013014521518012847,0.024978213012218475,0.19495983840728498,16.08952208798839,0.40190359950065613,500000.0,continuous_2,2,continuous_naca,direct OpenFOAM-coefficient surrogate,0.00025,-1.0189378261566162,98880.453125,unet,surrogate estimate; validate top designs with OpenFOAM,16.08952208798839,0.4,0.0,0012,0.12
4.0,0.013807712091243872,0.022859057411551476,0.19299770597779886,15.555031492798596,0.3555889129638672,500000.0,continuous_3,3,continuous_naca,direct OpenFOAM-coefficient surrogate,0.0,-0.9204871654510498,98895.4765625,unet,surrogate estimate; validate top designs with OpenFOAM,15.555031492798596,0.42000000000000004,0.0,0012,0.12
4.0,0.010788102782992845,0.023151550441980362,0.15954745370971923,15.726842733893427,0.36411651968955994,500000.0,continuous_4,4,continuous_naca,direct OpenFOAM-coefficient surrogate,0.0,-0.8945277333259583,98891.5390625,unet,surrogate estimate; validate top designs with OpenFOAM,15.726842733893427,0.4,0.0,0012,0.126
4.2,0.01469319951553127,0.02365919202566147,0.20070506407986644,15.813928618238581,0.3741605877876282,500000.0,continuous_5,5,continuous_naca,direct OpenFOAM-coefficient surrogate,0.0,-0.9517710208892822,98890.6171875,unet,surrogate estimate; validate top designs with OpenFOAM,15.813928618238581,0.4,0.0,0012,0.12
4.1,0.012267693904691759,0.026033936068415642,0.20014899586104481,16.257201632536066,0.42325520515441895,500000.0,continuous_6,6,continuous_naca,direct OpenFOAM-coefficient surrogate,0.000125,-1.0227018594741821,98880.1640625,unet,surrogate estimate; validate top designs with OpenFOAM,16.257201632536066,0.38,0.0,0012,0.123
4.149999999999999,0.011663416065864528,0.02672629803419113,0.1845487577581697,16.331074640811895,0.43648549914360046,500000.0,continuous_7,7,continuous_naca,direct OpenFOAM-coefficient surrogate,0.0001875,-1.0516366958618164,98875.8359375,unet,surrogate estimate; validate top designs with OpenFOAM,16.331074640811895,0.3600000000000001,0.0,0012,0.1245
4.174999999999999,0.010935614848808664,0.026522424072027206,0.18320379790314967,16.40910219511766,0.43522557616233826,500000.0,continuous_8,8,continuous_naca,direct OpenFOAM-coefficient surrogate,0.00021875,-1.026715636253357,98879.6796875,unet,surrogate estimate; validate top designs with OpenFOAM,16.40910219511766,0.38,0.0,0012,0.12525
4.262499999999999,0.011303331875450243,0.027261823415756226,0.17784177547480323,16.447525416780266,0.4484059810638428,500000.0,continuous_9,9,continuous_naca,direct OpenFOAM-coefficient surrogate,0.000328125,-1.0388617515563965,98871.859375,unet,surrogate estimate; validate top designs with OpenFOAM,16.447525416780266,0.3699999999999999,0.0,0012,0.12787500000000002
4.306249999999999,0.014516202878284546,0.027310233563184738,0.21417989134824106,16.23246630666815,0.4433286786079407,500000.0,continuous_10,10,continuous_naca,direct OpenFOAM-coefficient surrogate,0.0003828125,-1.0958642959594727,98868.484375,unet,surrogate estimate; validate top designs with OpenFOAM,16.23246630666815,0.3649999999999999,0.0,0012,0.1201875
4.159374999999998,0.00929759123317558,0.027324195951223373,0.16586465554059762,16.44620832744038,0.4493958652019501,500000.0,continuous_11,11,continuous_naca,direct OpenFOAM-coefficient surrogate,0.0005742187500000001,-1.0671968460083008,98872.5234375,unet,surrogate estimate; validate top designs with OpenFOAM,16.44620832744038,0.3474999999999998,0.0,0012,0.12628125
4.439062499999997,0.010164550853836527,0.029484285041689873,0.18633059065228053,16.423865210618303,0.4842623472213745,500000.0,continuous_12,12,continuous_naca,direct OpenFOAM-coefficient surrogate,0.000486328125,-1.1080546379089355,98865.046875,unet,surrogate estimate; validate top designs with OpenFOAM,16.423865210618303,0.3212499999999997,0.0,0012,0.12942187500000002
4.1992187499999964,0.018969106796528277,0.028175637125968933,0.1321156617842157,16.721391261758917,0.47115257382392883,500000.0,continuous_13,13,continuous_naca,direct OpenFOAM-coefficient surrogate,0.00040527343750000003,-1.069370985031128,98865.15625,unet,surrogate estimate; validate top designs with OpenFOAM,16.721391261758917,0.33437499999999987,0.0,0012,0.13385156250000002
4.145703124999995,0.010491903557830596,0.028225084766745567,0.09884442346025689,16.687388965153584,0.4710196554660797,500000.0,continuous_14,14,continuous_naca,direct OpenFOAM-coefficient surrogate,0.0004165039062500001,-1.0887203216552734,98863.171875,unet,surrogate estimate; validate top designs with OpenFOAM,16.687388965153584,0.3190624999999998,0.0,0012,0.14068359375000006
4.380078124999997,0.019506430427751947,0.02938317134976387,0.14414680189287304,16.69318508463087,0.49051541090011597,500000.0,continuous_15,15,continuous_naca,direct OpenFOAM-coefficient surrogate,0.0007094726562500001,-1.0937283039093018,98861.28125,unet,surrogate estimate; validate top designs with OpenFOAM,16.69318508463087,0.3265624999999994,0.0,0012,0.13421484375000003
4.061523437499998,0.010614065695130051,0.026499098166823387,0.15407220794549578,16.453448110549807,0.4360179901123047,500000.0,continuous_16,16,continuous_naca,direct OpenFOAM-coefficient surrogate,0.0005222167968750001,-1.042649507522583,98868.2421875,unet,surrogate estimate; validate top designs with OpenFOAM,16.453448110549807,0.36796874999999984,0.0,0012,0.13168945312500002
4.292285156249998,0.009664409967448266,0.028089944273233414,0.1232214113148076,16.638430570848833,0.46738922595977783,500000.0,continuous_17,17,continuous_naca,direct OpenFOAM-coefficient surrogate,0.0004083251953125001,-1.0583134889602661,98866.4375,unet,surrogate estimate; validate top designs with OpenFOAM,16.638430570848833,0.35195312499999964,0.0,0012,0.13753417968750004
4.204052734374997,0.01054440713481698,0.028540905565023422,0.09969519078944013,16.689182425450593,0.4763410687446594,500000.0,continuous_18,18,continuous_naca,direct OpenFOAM-coefficient surrogate,0.0006945190429687501,-1.09587824344635,98862.0234375,unet,surrogate estimate; validate top designs with OpenFOAM,16.689182425450593,0.32042968749999945,0.0,0012,0.14077001953125007
4.476293945312497,0.010615728484170436,0.030444884672760963,0.1123108845367111,16.627227547282132,0.5062306523323059,500000.0,continuous_19,19,continuous_naca,direct OpenFOAM-coefficient surrogate,0.0005865783691406251,-1.1378169059753418,98855.3046875,unet,surrogate estimate; validate top designs with OpenFOAM,16.627227547282132,0.29869140624999935,0.0,0012,0.14149584960937506
4.372601318359372,0.011588870214167966,0.029373519122600555,0.10554891781214835,16.653280775744236,0.48918211460113525,500000.0,continuous_20,20,continuous_naca,direct OpenFOAM-coefficient surrogate,0.0005704879760742189,-1.1117860078811646,98859.1328125,unet,surrogate estimate; validate top designs with OpenFOAM,16.653280775744236,0.31601074218749947,0.0,0012,0.13904425048828128
4.285690307617183,0.009382057077994513,0.029521644115447998,0.12926651324808935,16.622739191130222,0.49074721336364746,500000.0,continuous_21,21,continuous_naca,direct OpenFOAM-coefficient surrogate,0.0007815513610839844,-1.0881779193878174,98861.6328125,unet,surrogate estimate; validate top designs with OpenFOAM,16.622739191130222,0.2967358398437494,0.0,0012,0.13640615844726567
4.290636444091795,0.009625350400517542,0.02840667963027954,0.12440805417620777,16.640956620700038,0.47273096442222595,500000.0,continuous_22,22,continuous_naca,direct OpenFOAM-coefficient surrogate,0.0005016317367553711,-1.0648083686828613,98865.3984375,unet,surrogate estimate; validate top designs with OpenFOAM,16.640956620700038,0.3381488037109371,0.0,0012,0.13725217437744144
4.287339019775387,0.009605518329913803,0.029051119461655617,0.12687627074680027,16.634368863724294,0.48326367139816284,500000.0,continuous_23,23,continuous_naca,direct OpenFOAM-coefficient surrogate,0.0006882448196411134,-1.0778470039367676,98863.3203125,unet,surrogate estimate; validate top designs with OpenFOAM,16.634368863724294,0.31054016113281196,0.0,0012,0.13668816375732426
4.289812088012693,0.009668929701914769,0.028598874807357788,0.12542188921936162,16.639907773133025,0.47589927911758423,500000.0,continuous_24,24,continuous_naca,direct OpenFOAM-coefficient surrogate,0.0005482850074768066,-1.0687142610549927,98864.7734375,unet,surrogate estimate; validate top designs with OpenFOAM,16.639907773133025,0.33124664306640583,0.0,0012,0.13711117172241216
4.289648437499997,0.019325375173925206,0.028770972043275833,0.1345384393698924,16.716394922188655,0.48096364736557007,500000.0,continuous_25,25,continuous_naca,direct OpenFOAM-coefficient surrogate,0.0005573730468750001,-1.0815232992172241,98863.21875,unet,surrogate estimate; validate top designs with OpenFOAM,16.716394922188655,0.33046874999999964,0.0,0012,0.13403320312500003
4.201635742187497,0.009490828836996148,0.028299545869231224,0.1243006605000341,16.641164199741116,0.470954030752182,500000.0,continuous_26,26,continuous_naca,direct OpenFOAM-coefficient surrogate,0.0005498962402343751,-1.0626474618911743,98865.7421875,unet,surrogate estimate; validate top designs with OpenFOAM,16.641164199741116,0.32740234374999966,0.0,0012,0.13731079101562504
4.285910034179684,0.010300293501388674,0.02869260497391224,0.12146684076825327,16.638764698076145,0.477426141500473,500000.0,continuous_27,27,continuous_naca,direct OpenFOAM-coefficient surrogate,0.00048788070678710947,-1.0705950260162354,98864.4765625,unet,surrogate estimate; validate top designs with OpenFOAM,16.638764698076145,0.32519287109374967,0.0,0012,0.13644790649414065
4.244927597045896,0.010882662395703195,0.028161175549030304,0.12564158939824507,16.608271882847124,0.46772506833076477,500000.0,continuous_28,28,continuous_naca,direct OpenFOAM-coefficient surrogate,0.0004534525871276856,-1.0595537424087524,98866.15625,unet,surrogate estimate; validate top designs with OpenFOAM,16.608271882847124,0.33626190185546845,0.0,0012,0.13555186843872075
4.243278884887692,0.01077925801946385,0.028543777763843536,0.12682524495845962,16.608523505952913,0.47408661246299744,500000.0,continuous_29,29,continuous_naca,direct OpenFOAM-coefficient surrogate,0.0005467591285705566,-1.0673216581344604,98864.921875,unet,surrogate estimate; validate top designs with OpenFOAM,16.608523505952913,0.32245758056640594,0.0,0012,0.13526986312866213
4.243691062927243,0.010789687879292052,0.028478022664785385,0.12659475060669076,16.610128398351335,0.47304022312164307,500000.0,continuous_30,30,continuous_naca,direct OpenFOAM-coefficient surrogate,0.000523432493209839,-1.0660279989242554,98865.125,unet,surrogate estimate; validate top designs with OpenFOAM,16.610128398351335,0.32590866088867154,0.0,0012,0.13534036445617678
4.244515419006345,0.010875693765298898,0.028288189321756363,0.12612392275326084,16.608220916433314,0.469833105802536,500000.0,continuous_31,31,continuous_naca,direct OpenFOAM-coefficient surrogate,0.0004767792224884032,-1.062143087387085,98865.75,unet,surrogate estimate; validate top designs with OpenFOAM,16.608220916433314,0.33281082153320285,0.0,0012,0.1354813671112061
4.243897151947019,0.010794457625960681,0.028478190302848816,0.12660227221635417,16.610124806931,0.47304290533065796,500000.0,continuous_32,32,continuous_naca,direct OpenFOAM-coefficient surrogate,0.0005117691755294801,-1.0660313367843628,98865.125,unet,surrogate estimate; validate top designs with OpenFOAM,16.610124806931,0.32763420104980434,0.0,0012,0.13537561511993412
4.244433593749997,0.019145929662757098,0.02847067080438137,0.13332506538258837,16.72052399069262,0.47606125473976135,500000.0,continuous_33,33,continuous_naca,direct OpenFOAM-coefficient surrogate,0.00048132324218750006,-1.0754410028457642,98864.1875,unet,surrogate estimate; validate top designs with OpenFOAM,16.72052399069262,0.33242187499999976,0.0,0012,0.13394238281250004
4.200427246093747,0.010782133826974818,0.02813953533768654,0.12555736940308282,16.609225752336567,0.4673925042152405,500000.0,continuous_34,34,continuous_naca,direct OpenFOAM-coefficient surrogate,0.00047758483886718755,-1.0591280460357666,98866.2265625,unet,surrogate estimate; validate top designs with OpenFOAM,16.609225752336567,0.33088867187499976,0.0,0012,0.13558117675781253
4.24256439208984,0.010786987614129157,0.028334293514490128,0.12608237371081002,16.60808742764731,0.47059503197669983,500000.0,continuous_35,35,continuous_naca,direct OpenFOAM-coefficient surrogate,0.0004465770721435548,-1.0630770921707153,98865.59375,unet,surrogate estimate; validate top designs with OpenFOAM,16.60808742764731,0.3297839355468748,0.0,0012,0.13514973449707035
4.22145490646362,0.010707527241337821,0.028224864974617958,0.12547053314615958,16.608163219855772,0.4687797725200653,500000.0,continuous_36,36,continuous_naca,direct OpenFOAM-coefficient surrogate,0.0004643529653549195,-1.060868740081787,98865.953125,unet,surrogate estimate; validate top designs with OpenFOAM,16.608163219855772,0.3301418304443357,0.0,0012,0.1345959634780884
4.190202856063839,0.01893806081770587,0.028202321380376816,0.13221312816483985,16.72168194209589,0.471606969833374,500000.0,continuous_37,37,continuous_naca,direct OpenFOAM-coefficient surrogate,0.0004676901698112487,-1.0699328184127808,98865.0703125,unet,surrogate estimate; validate top designs with OpenFOAM,16.72168194209589,0.3341297531127928,0.0,0012,0.13383580827713015
4.164022088050837,0.00844790819474645,0.027744490653276443,0.16030149350979414,16.517635143254545,0.45828989148139954,500000.0,continuous_38,38,continuous_naca,direct OpenFOAM-coefficient surrogate,0.0004782467186450958,-1.0783042907714844,98862.625,unet,surrogate estimate; validate top designs with OpenFOAM,16.517635143254545,0.33630266189575186,0.0,0012,0.13317884516716005
4.195686316490168,0.018951972478177013,0.02810318022966385,0.13179825115378674,16.720102723078035,0.4699047803878784,500000.0,continuous_39,39,continuous_naca,direct OpenFOAM-coefficient surrogate,0.0004515828788280487,-1.067857027053833,98865.3984375,unet,surrogate estimate; validate top designs with OpenFOAM,16.720102723078035,0.33576581954956036,0.0,0012,0.13400950169563297
4.214343512058252,0.008724487694708608,0.027959419414401054,0.1533543842754441,16.515686629711233,0.46178552508354187,500000.0,continuous_40,40,continuous_naca,direct OpenFOAM-coefficient surrogate,0.00042535002529621126,-1.0706082582473755,98863.84375,unet,surrogate estimate; validate top designs with OpenFOAM,16.515686629711233,0.3374575519561766,0.0,0012,0.13223845088481903
4.2039063125848735,0.010672931412254363,0.028079215437173843,0.1251308259481777,16.60875672270045,0.46637746691703796,500000.0,continuous_41,41,continuous_naca,direct OpenFOAM-coefficient surrogate,0.00046452613547444345,-1.0578887462615967,98866.421875,unet,surrogate estimate; validate top designs with OpenFOAM,16.60875672270045,0.33253089189529395,0.0,0012,0.13474549528956414
4.194710803031917,0.018962427185718434,0.028220076113939285,0.1323048828911949,16.721936506723207,0.4719110429286957,500000.0,continuous_42,42,continuous_naca,direct OpenFOAM-coefficient surrogate,0.00043648180365562437,-1.0703123807907104,98865.0078125,unet,surrogate estimate; validate top designs with OpenFOAM,16.721936506723207,0.33425237655639634,0.0,0012,0.1338436853885651
4.217318224906918,0.019041820753358633,0.028334718197584152,0.13276734423468656,16.723206915649282,0.4738640785217285,500000.0,continuous_43,43,continuous_naca,direct OpenFOAM-coefficient surrogate,0.0004745067059993744,-1.072685956954956,98864.6328125,unet,surrogate estimate; validate top designs with OpenFOAM,16.723206915649282,0.3332758140563963,0.0,0012,0.1338890955448151
4.192944586277003,0.018944490236316155,0.028152525424957275,0.13200628928007693,16.721192716262927,0.4707605242729187,500000.0,continuous_44,44,continuous_naca,direct OpenFOAM-coefficient surrogate,0.0004596365243196487,-1.0688951015472412,98865.234375,unet,surrogate estimate; validate top designs with OpenFOAM,16.721192716262927,0.3349477863311766,0.0,0012,0.13392265498638156
4.195315051078793,0.0106496237682828,0.02803824469447136,0.12497988318215646,16.607839339465443,0.46567127108573914,500000.0,continuous_45,45,continuous_naca,direct OpenFOAM-coefficient surrogate,0.0004726375043392181,-1.057051181793213,98866.5546875,unet,surrogate estimate; validate top designs with OpenFOAM,16.607839339465443,0.3325092124938963,0.0,0012,0.13470849251747136
4.202273184061046,0.008430408425966228,0.027923354879021645,0.16080902016916868,16.518275831286623,0.46126219630241394,500000.0,continuous_46,46,continuous_naca,direct OpenFOAM-coefficient surrogate,0.00044652009755373,-1.0820119380950928,98862.03125,unet,surrogate estimate; validate top designs with OpenFOAM,16.518275831286623,0.3357936525344848,0.0,0012,0.13303712958097458
4.197054584324356,0.01063429561018328,0.028039660304784775,0.12478529573402265,16.607852229018544,0.4656951427459717,500000.0,continuous_47,47,continuous_naca,direct OpenFOAM-coefficient surrogate,0.0004661081526428461,-1.057079553604126,98866.5546875,unet,surrogate estimate; validate top designs with OpenFOAM,16.607852229018544,0.33333032250404343,0.0,0012,0.13429065178334715
4.200533650815483,0.02000103232377651,0.028062274679541588,0.13837100476778671,16.53226102808911,0.46394938230514526,500000.0,continuous_48,48,continuous_naca,direct OpenFOAM-coefficient surrogate,0.00045304944925010204,-1.0664750337600708,98865.7578125,unet,surrogate estimate; validate top designs with OpenFOAM,16.53226102808911,0.33497254252433767,0.0,0012,0.1334549703150988
4.197924350947138,0.019084601370623223,0.028243666514754295,0.1336528616737566,16.73261307302681,0.4726070761680603,500000.0,continuous_49,49,continuous_naca,direct OpenFOAM-coefficient surrogate,0.00046284347679466007,-1.0689836740493774,98865.21875,unet,surrogate estimate; validate top designs with OpenFOAM,16.73261307302681,0.33374087750911696,0.0,0012,0.13408173141628504
4.207133531197902,0.0190099626561066,0.028284896165132523,0.13256278148036538,16.72256318181746,0.47301268577575684,500000.0,continuous_50,50,continuous_naca,direct OpenFOAM-coefficient surrogate,0.000461124553810805,-1.0716354846954346,98864.796875,unet,surrogate estimate; validate top designs with OpenFOAM,16.72256318181746,0.33275162428617466,0.0,0012,0.13390250532701614
4.218340598978098,0.019069451336567494,0.02833898738026619,0.13280057576801182,16.723135828149953,0.47393345832824707,500000.0,continuous_51,51,continuous_naca,direct OpenFOAM-coefficient surrogate,0.00044978810031898317,-1.072770118713379,98864.6171875,unet,surrogate estimate; validate top designs with OpenFOAM,16.723135828149953,0.3328805930912493,0.0,0012,0.13402270056121052
4.225647549983112,0.0190984007831218,0.02838096208870411,0.1329553386138505,16.722176621326557,0.4746081829071045,500000.0,continuous_52,52,continuous_naca,direct OpenFOAM-coefficient surrogate,0.00048764961480628693,-1.073620319366455,98864.484375,unet,surrogate estimate; validate top designs with OpenFOAM,16.722176621326557,0.33207207791507226,0.0,0012,0.13410433103609828
4.217913363245313,0.01906554559698367,0.028340082615613937,0.13279358211310732,16.723138377926546,0.4739518463611603,500000.0,continuous_53,53,continuous_naca,direct OpenFOAM-coefficient surrogate,0.0004748576620186213,-1.0727927684783936,98864.609375,unet,surrogate estimate; validate top designs with OpenFOAM,16.723138377926546,0.33261715257540325,0.0,0012,0.13403916962421497
4.218614737840831,0.019163350168167795,0.028345581144094467,0.13406123880309162,16.732970210183993,0.47432249784469604,500000.0,continuous_54,54,continuous_naca,direct OpenFOAM-coefficient surrogate,0.0004698734187550145,-1.0710837841033936,98864.8828125,unet,surrogate estimate; validate top designs with OpenFOAM,16.732970210183993,0.33350559432990823,0.0,0012,0.1341138432462467
4.224355341162294,0.018564118280028893,0.028376877307891846,0.1385673182958429,16.731247143372983,0.4747972786426544,500000.0,continuous_55,55,continuous_naca,direct OpenFOAM-coefficient surrogate,0.0004742478512271193,-1.071702241897583,98864.78125,unet,surrogate estimate; validate top designs with OpenFOAM,16.731247143372983,0.333882579351775,0.0,0012,0.13421951220586198
4.207544739492001,0.01902424176138928,0.028292212635278702,0.13258721574896823,16.722729199233438,0.4731397330760956,500000.0,continuous_56,56,continuous_naca,direct OpenFOAM-coefficient surrogate,0.0004912525314648519,-1.0717917680740356,98864.7734375,unet,surrogate estimate; validate top designs with OpenFOAM,16.722729199233438,0.333689126144163,0.0,0012,0.13403921935457036
4.215641634106573,0.019057761720171987,0.02832658588886261,0.13274521618004137,16.723437679860034,0.47373461723327637,500000.0,continuous_57,57,continuous_naca,direct OpenFOAM-coefficient surrogate,0.00046015420810545035,-1.0725253820419312,98864.65625,unet,surrogate estimate; validate top designs with OpenFOAM,16.723437679860034,0.3330827263544777,0.0,0012,0.13402683025955048
4.2068361106554155,0.019025338332258793,0.028284907341003418,0.13256664000752882,16.722559735499164,0.473012775182724,500000.0,continuous_58,58,continuous_naca,direct OpenFOAM-coefficient surrogate,0.0004588312428086283,-1.0716354846954346,98864.796875,unet,surrogate estimate; validate top designs with OpenFOAM,16.722559735499164,0.33418535354954637,0.0,0012,0.13401658060923366
4.215144050097839,0.019055154309834725,0.028325462713837624,0.13273514553865884,16.723469521255495,0.47371673583984375,500000.0,continuous_59,59,continuous_naca,direct OpenFOAM-coefficient surrogate,0.00047085105721612306,-1.072503924369812,98864.65625,unet,surrogate estimate; validate top designs with OpenFOAM,16.723469521255495,0.33300920281893903,0.0,0012,0.13403352237046964
4.206344161589272,0.01020670396639011,0.028082437813282013,0.1223463152142059,16.60885666518191,0.4664337933063507,500000.0,continuous_60,60,continuous_naca,direct OpenFOAM-coefficient surrogate,0.00045735437443624957,-1.0579571723937988,98866.4140625,unet,surrogate estimate; validate top designs with OpenFOAM,16.60885666518191,0.33339338644982475,0.0,0012,0.1342388681014608
4.214574709077507,0.019045139563202706,0.02832181379199028,0.13271990820878563,16.723437511984496,0.4736548066139221,500000.0,continuous_61,61,continuous_naca,direct OpenFOAM-coefficient surrogate,0.00047021862310859315,-1.0724272727966309,98864.671875,unet,surrogate estimate; validate top designs with OpenFOAM,16.723437511984496,0.3333052071547534,0.0,0012,0.13397653868397652
4.209087677418683,0.019135012106161572,0.028298698365688324,0.1338691442981612,16.733076629579408,0.4735410213470459,500000.0,continuous_62,62,continuous_naca,direct OpenFOAM-coefficient surrogate,0.0004616424573270308,-1.0701208114624023,98865.0390625,unet,surrogate estimate; validate top designs with OpenFOAM,16.733076629579408,0.3333639933514676,0.0,0012,0.13415142496229937
4.206344161589271,0.010206703966390108,0.028082437813282013,0.1223463152142059,16.60885666518191,0.4664337933063507,500000.0,continuous_63,63,continuous_naca,direct OpenFOAM-coefficient surrogate,0.0004573543744362497,-1.0579571723937988,98866.4140625,unet,surrogate estimate; validate top designs with OpenFOAM,16.60885666518191,0.33339338644982464,0.0,0012,0.1342388681014608
4.204743774045673,0.019118646093182312,0.028278980404138565,0.1337912677820138,16.732776310720553,0.47320258617401123,500000.0,continuous_64,64,continuous_naca,direct OpenFOAM-coefficient surrogate,0.00047245099694096383,-1.0697156190872192,98865.1015625,unet,surrogate estimate; validate top designs with OpenFOAM,16.732776310720553,0.3337271076502382,0.0,0012,0.1341634307380999
4.200041220028323,0.019111741874044928,0.02825595811009407,0.13370075319066133,16.732616071399587,0.47281283140182495,500000.0,continuous_65,65,continuous_naca,direct OpenFOAM-coefficient surrogate,0.00046255411769271154,-1.0692384243011475,98865.1796875,unet,surrogate estimate; validate top designs with OpenFOAM,16.732616071399587,0.33415958360142645,0.0,0012,0.13422169281099586
4.218319353719617,0.01854553986492371,0.02834618091583252,0.13844911388831047,16.732947342616473,0.47433188557624817,500000.0,continuous_66,66,continuous_naca,direct OpenFOAM-coefficient surrogate,0.00047041701856320023,-1.0710957050323486,98864.8828125,unet,surrogate estimate; validate top designs with OpenFOAM,16.732947342616473,0.3336372619574033,0.0,0012,0.13424346446253588
4.22534155148408,0.019186870942418756,0.028380248695611954,0.13418746111465688,16.73098281708475,0.4748461842536926,500000.0,continuous_67,67,continuous_naca,direct OpenFOAM-coefficient surrogate,0.0004746378281003931,-1.0717698335647583,98864.7734375,unet,surrogate estimate; validate top designs with OpenFOAM,16.73098281708475,0.33295739504308214,0.0,0012,0.13411438889359503
4.206366302892262,0.019131234774819705,0.028286635875701904,0.133823380015798,16.732931991178706,0.4733350872993469,500000.0,continuous_68,68,continuous_naca,direct OpenFOAM-coefficient surrogate,0.00046557504529463195,-1.069870948791504,98865.078125,unet,surrogate estimate; validate top designs with OpenFOAM,16.732931991178706,0.33385903646184034,0.0,0012,0.13419486683164566
4.221450261890025,0.01918544824096503,0.02836022526025772,0.13411807880757143,16.732034815766998,0.4745410084724426,500000.0,continuous_69,69,continuous_naca,direct OpenFOAM-coefficient surrogate,0.0004613029730289749,-1.071370244026184,98864.8359375,unet,surrogate estimate; validate top designs with OpenFOAM,16.732034815766998,0.33345583540007145,0.0,0012,0.13418836901326392
4.208920396006761,0.019135393151036156,0.028299113735556602,0.13386768548083663,16.73306376381529,0.4735476076602936,500000.0,continuous_70,70,continuous_naca,direct OpenFOAM-coefficient surrogate,0.00046966399096296657,-1.070129156112671,98865.03125,unet,surrogate estimate; validate top designs with OpenFOAM,16.73306376381529,0.33365928958769653,0.0,0012,0.1341696653068909
4.221104779600684,0.019176488955735038,0.028358889743685722,0.13410437049799592,16.732108170444146,0.474520742893219,500000.0,continuous_71,71,continuous_naca,direct OpenFOAM-coefficient surrogate,0.0004702233975094742,-1.0713436603546143,98864.84375,unet,surrogate estimate; validate top designs with OpenFOAM,16.732108170444146,0.3332240331513975,0.0,0012,0.13414433215734073
4.210050922069367,0.019141983204069866,0.02830464392900467,0.13389215415171482,16.732905801786647,0.4736356735229492,500000.0,continuous_72,72,continuous_naca,direct OpenFOAM-coefficient surrogate,0.0004667371333483425,-1.070239543914795,98865.015625,unet,surrogate estimate; validate top designs with OpenFOAM,16.732905801786647,0.3337002856342296,0.0,0012,0.13418223316306943
4.209004036712722,0.019134891733217915,0.028298908844590187,0.13387129981505672,16.73307117736524,0.4735443890094757,500000.0,continuous_73,73,continuous_naca,direct OpenFOAM-coefficient surrogate,0.0004656532241449987,-1.0701251029968262,98865.0390625,unet,surrogate estimate; validate top designs with OpenFOAM,16.73307117736524,0.33351164146958207,0.0,0012,0.13416054513459513
4.213851207629757,0.0191482133871138,0.028321482241153717,0.1339681787504499,16.733202439618175,0.4739258289337158,500000.0,continuous_74,74,continuous_naca,direct OpenFOAM-coefficient surrogate,0.00046575793804102264,-1.0706019401550293,98864.9609375,unet,surrogate estimate; validate top designs with OpenFOAM,16.733202439618175,0.3334347938406879,0.0,0012,0.13413263410427304
4.213703515569151,0.01915747058083351,0.02832174301147461,0.13396623155461074,16.733218838229597,0.4739306569099426,500000.0,continuous_75,75,continuous_naca,direct OpenFOAM-coefficient surrogate,0.0004660297379451155,-1.0706082582473755,98864.9609375,unet,surrogate estimate; validate top designs with OpenFOAM,16.733218838229597,0.33350062765443544,0.0,0012,0.13419744471241762
4.207726990155473,0.01913249057120263,0.0282927043735981,0.13384472036659356,16.73299809408538,0.4734385013580322,500000.0,continuous_76,76,continuous_naca,direct OpenFOAM-coefficient surrogate,0.0004636087513108314,-1.0699958801269531,98865.0546875,unet,surrogate estimate; validate top designs with OpenFOAM,16.73299809408538,0.33361151490665397,0.0,0012,0.13417314589697252
4.215096228509683,0.019155293594235127,0.028327947482466698,0.13398623913208757,16.73315188098308,0.47403258085250854,500000.0,continuous_77,77,continuous_naca,direct OpenFOAM-coefficient surrogate,0.0004659329274182524,-1.0707324743270874,98864.9375,unet,surrogate estimate; validate top designs with OpenFOAM,16.73315188098308,0.3332940132514325,0.0,0012,0.1341478785598201
4.216865277850916,0.019163716971887196,0.028336741030216217,0.13402225465886042,16.73305583536774,0.4741770029067993,500000.0,continuous_78,78,continuous_naca,direct OpenFOAM-coefficient surrogate,0.000464028306220712,-1.0709068775177002,98864.9140625,unet,surrogate estimate; validate top designs with OpenFOAM,16.73305583536774,0.3332850725794296,0.0,0012,0.13415414603480996
4.21096934699727,0.019141837773218096,0.028308674693107605,0.13390673296693884,16.732820398876868,0.47370070219039917,500000.0,continuous_79,79,continuous_naca,direct OpenFOAM-coefficient surrogate,0.000465246994663927,-1.0703206062316895,98865.0078125,unet,surrogate estimate; validate top designs with OpenFOAM,16.732820398876868,0.3334549992470439,0.0,0012,0.13415894535964884
4.213777361599454,0.019152912383571315,0.028321612626314163,0.1339637931061342,16.733214847940907,0.4739283621311188,500000.0,continuous_80,80,continuous_naca,direct OpenFOAM-coefficient surrogate,0.0004658938379930691,-1.0706051588058472,98864.9609375,unet,surrogate estimate; validate top designs with OpenFOAM,16.733214847940907,0.33346771074756165,0.0,0012,0.13416503940834534
4.214399872039417,0.01915709879272474,0.028324827551841736,0.1339773334634234,16.733184235772175,0.4739812910556793,500000.0,continuous_81,81,continuous_naca,direct OpenFOAM-coefficient surrogate,0.00046598133268168393,-1.0706703662872314,98864.9453125,unet,surrogate estimate; validate top designs with OpenFOAM,16.733184235772175,0.33339732045293397,0.0,0012,0.13417266163611885
4.211395596493917,0.019146080885890874,0.028310764580965042,0.13391674080657884,16.732833673788733,0.473736047744751,500000.0,continuous_82,82,continuous_naca,direct OpenFOAM-coefficient surrogate,0.0004638360976360732,-1.0703649520874023,98865.0,unet,surrogate estimate; validate top designs with OpenFOAM,16.732833673788733,0.3334323105029515,0.0,0012,0.1341744348373585
4.211353776140936,0.019145477517938977,0.0283108651638031,0.13391765139635897,16.732832122913575,0.4737376868724823,500000.0,continuous_83,83,continuous_naca,direct OpenFOAM-coefficient surrogate,0.00046584148104505713,-1.0703668594360352,98865.0,unet,surrogate estimate; validate top designs with OpenFOAM,16.732832122913575,0.3335061345620087,0.0,0012,0.13417899492350638
4.215284396710033,0.0191603632374637,0.02832922711968422,0.13399525758000339,16.733137700841553,0.47405359148979187,500000.0,continuous_84,84,continuous_naca,direct OpenFOAM-coefficient surrogate,0.00046502902208291367,-1.0707579851150513,98864.9375,unet,surrogate estimate; validate top designs with OpenFOAM,16.733137700841553,0.33339285011693254,0.0,0012,0.1341757953736138
4.217186976465111,0.019167599741215114,0.028339257463812828,0.13403014183313103,16.733010724902226,0.47421783208847046,500000.0,continuous_85,85,continuous_naca,direct OpenFOAM-coefficient surrogate,0.0004676308677153179,-1.0709562301635742,98864.90625,unet,surrogate estimate; validate top designs with OpenFOAM,16.733010724902226,0.33344694398298025,0.0,0012,0.13418103572788928
4.215739131472312,0.019162206886979238,0.028331778943538666,0.13400410227173548,16.733110589051822,0.47409552335739136,500000.0,continuous_86,86,continuous_naca,direct OpenFOAM-coefficient surrogate,0.00046668217519550676,-1.0708084106445312,98864.9296875,unet,surrogate estimate; validate top designs with OpenFOAM,16.733110589051822,0.3334432856129731,0.0,0012,0.1341793855052566
4.212843441486716,0.019151598033954387,0.028317805379629135,0.1339458406948338,16.732844058783492,0.4738541543483734,500000.0,continuous_87,87,continuous_naca,direct OpenFOAM-coefficient surrogate,0.00046478479015588434,-1.0705127716064453,98864.9765625,unet,surrogate estimate; validate top designs with OpenFOAM,16.732844058783492,0.3334359688729587,0.0,0012,0.13417608505999118
4.215015208975913,0.019158411058193443,0.028328053653240204,0.13398341364585029,16.73315228931528,0.4740343689918518,500000.0,continuous_88,88,continuous_naca,direct OpenFOAM-coefficient surrogate,0.00046620782893560115,-1.0707345008850098,98864.9375,unet,surrogate estimate; validate top designs with OpenFOAM,16.73315228931528,0.3334414564279695,0.0,0012,0.13417856039394024
4.0,0.018168704011043264,0.02824067696928978,0.2830370538758947,18.79031221035849,0.5306699275970459,500000.0,continuous_1,1,continuous_naca,direct OpenFOAM-coefficient surrogate,0.02,-1.1590577363967896,98855.515625,unet,surrogate estimate; validate top designs with OpenFOAM,18.79031221035849,0.4,0.0,2412,0.12
4.0,0.01584232800020241,0.028434209525585175,0.30095523687483394,19.072079706211678,0.54231858253479,500000.0,continuous_2,2,continuous_naca,direct OpenFOAM-coefficient surrogate,0.021,-1.1587272882461548,98855.1796875,unet,surrogate estimate; validate top designs with OpenFOAM,19.072079706211678,0.4,0.0,2412,0.12
4.0,0.0184059419137988,0.02779701165854931,0.2756693703836125,18.770819457851594,0.5217914581298828,500000.0,continuous_3,3,continuous_naca,direct OpenFOAM-coefficient surrogate,0.02,-1.1456966400146484,98857.7109375,unet,surrogate estimate; validate top designs with OpenFOAM,18.770819457851594,0.42000000000000004,0.0,2412,0.12
4.0,0.022331942157584,0.0281575508415699,0.32098663857940346,18.759491126521404,0.5282400846481323,500000.0,continuous_4,4,continuous_naca,direct OpenFOAM-coefficient surrogate,0.02,-1.1422549486160278,98860.875,unet,surrogate estimate; validate top designs with OpenFOAM,18.759491126521404,0.4,0.0,2412,0.126
4.2,0.019280064253525606,0.029107172042131424,0.2896841057938376,18.783698535901625,0.5467591285705566,500000.0,continuous_5,5,continuous_naca,direct OpenFOAM-coefficient surrogate,0.02,-1.1841182708740234,98851.3828125,unet,surrogate estimate; validate top designs with OpenFOAM,18.783698535901625,0.4,0.0,2412,0.12
4.1,0.006960835670681749,0.028479430824518204,0.23357894567433224,19.292588968274472,0.5494612455368042,500000.0,continuous_6,6,continuous_naca,direct OpenFOAM-coefficient surrogate,0.0205,-1.1316301822662354,98857.7578125,unet,surrogate estimate; validate top designs with OpenFOAM,19.292588968274472,0.41000000000000003,0.0,2412,0.11399999999999999
4.149999999999999,0.005218316755573577,0.029470736160874367,0.17524451554533108,20.970453546460423,0.6180356740951538,500000.0,continuous_7,7,continuous_naca,direct OpenFOAM-coefficient surrogate,0.020749999999999998,-1.0219329595565796,98878.578125,unet,surrogate estimate; validate top designs with OpenFOAM,20.970453546460423,0.41500000000000004,0.0,2412,0.10799999999999998
4.174999999999999,0.008631705155914436,0.02949315682053566,0.26310092542229047,19.673332565366767,0.5802483558654785,500000.0,continuous_8,8,continuous_naca,direct OpenFOAM-coefficient surrogate,0.020875,-1.139232873916626,98858.453125,unet,surrogate estimate; validate top designs with OpenFOAM,19.673332565366767,0.38750000000000007,0.0,2412,0.11399999999999999
3.9624999999999977,0.011087040050587268,0.0290386900305748,0.24102758891334672,20.91296439222137,0.6073060035705566,500000.0,continuous_9,9,continuous_naca,direct OpenFOAM-coefficient surrogate,0.0213125,-1.0378237962722778,98873.46875,unet,surrogate estimate; validate top designs with OpenFOAM,20.91296439222137,0.40125,0.0,2412,0.11099999999999999
4.143749999999997,0.005535391407078681,0.030423415824770927,0.23054210369801145,21.431471634020568,0.6520400047302246,500000.0,continuous_10,10,continuous_naca,direct OpenFOAM-coefficient surrogate,0.021968750000000006,-1.0638905763626099,98871.4375,unet,surrogate estimate; validate top designs with OpenFOAM,21.431471634020568,0.4018750000000001,0.0,2412,0.10649999999999998
4.215624999999996,0.0036712258846808834,0.030727973207831383,0.13401484597477228,21.39115562300873,0.6573282480239868,500000.0,continuous_11,11,continuous_naca,direct OpenFOAM-coefficient surrogate,0.02295312500000001,-1.0837116241455078,98868.109375,unet,surrogate estimate; validate top designs with OpenFOAM,21.39115562300873,0.40281250000000024,0.0,2412,0.09975
4.215624999999996,0.00234539204595224,0.03057997301220894,0.15087419300655874,21.322510930965873,0.6520631313323975,500000.0,continuous_12,12,continuous_naca,direct OpenFOAM-coefficient surrogate,0.021453125,-1.1105575561523438,98864.546875,unet,surrogate estimate; validate top designs with OpenFOAM,21.322510930965873,0.40281250000000013,0.0,2412,0.09974999999999998
4.060937499999996,0.004354916881725667,0.02955172397196293,0.14735270225505148,21.283887389087937,0.6289968490600586,500000.0,continuous_13,13,continuous_naca,direct OpenFOAM-coefficient surrogate,0.0218671875,-1.0619028806686401,98872.0859375,unet,surrogate estimate; validate top designs with OpenFOAM,21.283887389087937,0.42296875,0.0,2412,0.09862499999999996
4.322656249999995,0.007129149744832742,0.030533503741025925,0.15717230475097332,21.209422407011072,0.6476191878318787,500000.0,continuous_14,14,continuous_naca,direct OpenFOAM-coefficient surrogate,0.021707031250000005,-1.1095484495162964,98864.421875,unet,surrogate estimate; validate top designs with OpenFOAM,21.209422407011072,0.4200781250000002,0.0,2412,0.09543749999999995
4.221484374999994,0.007129082844825246,0.03041648305952549,0.18079881764846692,21.166161494059153,0.6438213586807251,500000.0,continuous_15,15,continuous_naca,direct OpenFOAM-coefficient surrogate,0.02274804687500001,-1.0850937366485596,98867.40625,unet,surrogate estimate; validate top designs with OpenFOAM,21.166161494059153,0.4088671875000003,0.0,2412,0.09215624999999994
4.203613281249995,0.004652190749968964,0.030286535620689392,0.14976174775428056,21.265487441442854,0.6440792083740234,500000.0,continuous_16,16,continuous_naca,direct OpenFOAM-coefficient surrogate,0.02224853515625001,-1.0913090705871582,98867.25,unet,surrogate estimate; validate top designs with OpenFOAM,21.265487441442854,0.4104003906250002,0.0,2412,0.09611718749999995
3.9893066406249966,0.004677827799285465,0.029841376468539238,0.19697227285536315,21.364034909446737,0.6375535726547241,500000.0,continuous_17,17,continuous_naca,direct OpenFOAM-coefficient surrogate,0.022061767578125006,-1.043142557144165,98874.734375,unet,surrogate estimate; validate top designs with OpenFOAM,21.364034909446737,0.3989501953125001,0.0,2412,0.10505859374999998
4.001196289062497,0.00771708780610874,0.02965494431555271,0.250850395107366,21.500916613028863,0.6376299858093262,500000.0,continuous_18,18,continuous_naca,direct OpenFOAM-coefficient surrogate,0.021426879882812496,-1.0131587982177734,98879.34375,unet,surrogate estimate; validate top designs with OpenFOAM,21.500916613028863,0.40290283203125,0.0,2412,0.10884960937500002
3.899987792968748,0.016935379146005257,0.028081489726901054,0.23471642190928527,19.309078455283124,0.5422469973564148,500000.0,continuous_19,19,continuous_naca,direct OpenFOAM-coefficient surrogate,0.021016052246093743,-1.122272253036499,98861.453125,unet,surrogate estimate; validate top designs with OpenFOAM,19.309078455283124,0.3991540527343749,0.0,2412,0.11521582031250005
4.1140014648437475,0.01161507756925119,0.030054250732064247,0.2716457576261908,21.05279969048084,0.6327471733093262,500000.0,continuous_20,20,continuous_naca,direct OpenFOAM-coefficient surrogate,0.021588073730468758,-1.0645328760147095,98868.9296875,unet,surrogate estimate; validate top designs with OpenFOAM,21.05279969048084,0.38030151367187515,0.0,2412,0.11145410156250002
4.074203491210934,0.0021990221817800655,0.029915962368249893,0.12363668130401634,21.455989685782495,0.6418980360031128,500000.0,continuous_21,21,continuous_naca,direct OpenFOAM-coefficient surrogate,0.02179740905761719,-1.043561339378357,98874.515625,unet,surrogate estimate; validate top designs with OpenFOAM,21.455989685782495,0.4123019409179688,0.0,2412,0.10183227539062498
3.888603210449217,0.012146966537410079,0.028847403824329376,0.2690072919320833,20.993132283722275,0.6056183576583862,500000.0,continuous_22,22,continuous_naca,direct OpenFOAM-coefficient surrogate,0.022174278259277345,-1.017072081565857,98876.6484375,unet,surrogate estimate; validate top designs with OpenFOAM,20.993132283722275,0.40520248413085935,0.0,2412,0.1113702392578125
4.1338695526123015,0.002138710784749855,0.030361730605363846,0.12720098283815698,21.457112604492494,0.6514965295791626,500000.0,continuous_23,23,continuous_naca,direct OpenFOAM-coefficient surrogate,0.021633413314819334,-1.0659481287002563,98871.0,unet,surrogate estimate; validate top designs with OpenFOAM,21.457112604492494,0.40340999603271493,0.0,2412,0.10265505981445311
4.187203025817868,0.0012466662939662713,0.030263643711805344,0.12730067298822448,21.362721607231556,0.6465351581573486,500000.0,continuous_24,24,continuous_naca,direct OpenFOAM-coefficient surrogate,0.02135145854949951,-1.0639660358428955,98871.4609375,unet,surrogate estimate; validate top designs with OpenFOAM,21.362721607231556,0.4112946891784668,0.0,2412,0.10485987854003906
4.038780736923215,0.0042827767682264,0.03000621497631073,0.17354941934131862,21.3656003347264,0.6411221623420715,500000.0,continuous_25,25,continuous_naca,direct OpenFOAM-coefficient surrogate,0.02188419032096863,-1.051379919052124,98873.4375,unet,surrogate estimate; validate top designs with OpenFOAM,21.3656003347264,0.40203631877899176,0.0,2412,0.10500891494750975
4.13772892951965,0.0010997220536487064,0.030193615704774857,0.12678114901382886,21.36395048637153,0.6450762748718262,500000.0,continuous_26,26,continuous_naca,direct OpenFOAM-coefficient surrogate,0.021529035806655883,-1.06057870388031,98871.9921875,unet,surrogate estimate; validate top designs with OpenFOAM,21.36395048637153,0.4082085657119751,0.0,2412,0.1049095573425293
4.063517785072324,0.003322215828265436,0.029992040246725082,0.15738467897121355,21.3656043228638,0.6408194303512573,500000.0,continuous_27,27,continuous_naca,direct OpenFOAM-coefficient surrogate,0.021795401692390443,-1.0506826639175415,98873.546875,unet,surrogate estimate; validate top designs with OpenFOAM,21.3656043228638,0.40357938051223763,0.0,2412,0.10498407554626463
4.112991881370541,0.0010357936425627963,0.030108589679002762,0.12590367816066972,21.36533555678466,0.6433014869689941,500000.0,continuous_28,28,continuous_naca,direct OpenFOAM-coefficient surrogate,0.021617824435234072,-1.056490182876587,98872.6328125,unet,surrogate estimate; validate top designs with OpenFOAM,21.36533555678466,0.40666550397872925,0.0,2412,0.10493439674377442
4.0758863091468776,0.0025892545784756992,0.030032824724912643,0.14710702508387904,21.36576028186941,0.641695499420166,500000.0,continuous_29,29,continuous_naca,direct OpenFOAM-coefficient surrogate,0.02175100737810135,-1.0527362823486328,98873.2265625,unet,surrogate estimate; validate top designs with OpenFOAM,21.36576028186941,0.40435091137886053,0.0,2412,0.10497165584564208
4.100623357295987,0.0010039654097416674,0.030068092048168182,0.12546542488913517,21.365709034030857,0.6424474716186523,500000.0,continuous_30,30,continuous_naca,direct OpenFOAM-coefficient surrogate,0.021662218749523163,-1.0544395446777344,98872.953125,unet,surrogate estimate; validate top designs with OpenFOAM,21.365709034030857,0.40589397311210634,0.0,2412,0.10494681644439696
4.082070571184155,0.0026064381637097033,0.030053600668907166,0.14733473462017344,21.366011549240934,0.6421469449996948,500000.0,continuous_31,31,continuous_naca,direct OpenFOAM-coefficient surrogate,0.021728810220956803,-1.0537614822387695,98873.0625,unet,surrogate estimate; validate top designs with OpenFOAM,21.366011549240934,0.40473667681217196,0.0,2412,0.10496544599533081
4.09443909525871,0.0009889372637680778,0.0300467386841774,0.12524351342799037,21.3659852896428,0.6419995427131653,500000.0,continuous_32,32,continuous_naca,direct OpenFOAM-coefficient surrogate,0.02168441590666771,-1.0534143447875977,98873.1171875,unet,surrogate estimate; validate top designs with OpenFOAM,21.3659852896428,0.4055082076787949,0.0,2412,0.10495302629470823
4.085162702202794,0.0018409152740884696,0.030064459890127182,0.1366758298092794,21.36583784251397,0.6423737406730652,500000.0,continuous_33,33,continuous_naca,direct OpenFOAM-coefficient surrogate,0.021717711642384528,-1.0542742013931274,98872.984375,unet,surrogate estimate; validate top designs with OpenFOAM,21.36583784251397,0.4049295595288277,0.0,2412,0.10496234107017516
4.067532920837399,0.002733130491904872,0.0300881527364254,0.180913049950134,21.36613117824017,0.6428887844085693,500000.0,continuous_34,34,continuous_naca,direct OpenFOAM-coefficient surrogate,0.021530146598815914,-1.0554832220077515,98872.7890625,unet,surrogate estimate; validate top designs with OpenFOAM,21.36613117824017,0.40315641403198244,0.0,2412,0.10575233459472656
4.037699890136715,0.0025986537638252134,0.02983768656849861,0.1449783214874447,21.363788344871985,0.6374673843383789,500000.0,continuous_35,35,continuous_naca,direct OpenFOAM-coefficient surrogate,0.021612144470214843,-1.0429503917694092,98874.765625,unet,surrogate estimate; validate top designs with OpenFOAM,21.363788344871985,0.4076023864746094,0.0,2412,0.1053409423828125
4.072473144531247,0.006366879983095594,0.030148325487971306,0.23820623094141868,21.43773391808442,0.6463332176208496,500000.0,continuous_36,36,continuous_naca,direct OpenFOAM-coefficient surrogate,0.02169781494140625,-1.0504097938537598,98873.5546875,unet,surrogate estimate; validate top designs with OpenFOAM,21.43773391808442,0.40238891601562504,0.0,2412,0.1076748046875
4.041633430123326,0.005897776265463248,0.029914800077676773,0.22235236184122767,21.365014872306343,0.6391515135765076,500000.0,continuous_37,37,continuous_naca,direct OpenFOAM-coefficient surrogate,0.021577845051884648,-1.046816110610962,98874.15625,unet,surrogate estimate; validate top designs with OpenFOAM,21.365014872306343,0.403819754421711,0.0,2412,0.10690752768516541
4.05371800214052,0.011130114705204568,0.02980654686689377,0.24490417455936667,21.480934297014233,0.6402939558029175,500000.0,continuous_38,38,continuous_naca,direct OpenFOAM-coefficient surrogate,0.021504198767244808,-1.0441216230392456,98872.1171875,unet,surrogate estimate; validate top designs with OpenFOAM,21.480934297014233,0.39853157177567494,0.0,2412,0.10925119578838349
4.055826748162506,0.008022237526735398,0.029955847188830376,0.26321376701631055,21.633410938820575,0.6480687856674194,500000.0,continuous_39,39,continuous_naca,direct OpenFOAM-coefficient surrogate,0.021501675043255085,-1.025894045829773,98877.2890625,unet,surrogate estimate; validate top designs with OpenFOAM,21.633410938820575,0.39967011250555534,0.0,2412,0.10885644453763961
4.062923407182096,0.010525160133433223,0.0294748917222023,0.22679952277171306,21.0376636441886,0.6201038956642151,500000.0,continuous_40,40,continuous_naca,direct OpenFOAM-coefficient surrogate,0.0214635900389403,-1.042012333869934,98872.59375,unet,surrogate estimate; validate top designs with OpenFOAM,21.0376636441886,0.3975952915474775,0.0,2412,0.10983090296387668
4.0240741711109855,0.010128503568854889,0.029240060597658157,0.2503789993785143,20.857063331293666,0.609882652759552,500000.0,continuous_41,41,continuous_naca,direct OpenFOAM-coefficient surrogate,0.021535137718543408,-1.0628653764724731,98869.359375,unet,surrogate estimate; validate top designs with OpenFOAM,20.857063331293666,0.39859030213207025,0.0,2412,0.11156369259953501
4.056668233405796,0.006676131831638825,0.03006548248231411,0.23451322343083428,21.365967577267618,0.6423994898796082,500000.0,continuous_42,42,continuous_naca,direct OpenFOAM-coefficient surrogate,0.021531394378747785,-1.054330587387085,98872.9765625,unet,surrogate estimate; validate top designs with OpenFOAM,21.365967577267618,0.4020148860570044,0.0,2412,0.10720517409592867
4.028511518612501,0.007928283381109597,0.029754310846328735,0.2572724110989718,21.504191691877775,0.639863908290863,500000.0,continuous_43,43,continuous_naca,direct OpenFOAM-coefficient surrogate,0.02146427746303379,-1.0183477401733398,98878.53125,unet,surrogate estimate; validate top designs with OpenFOAM,21.504191691877775,0.40128647226840264,0.0,2412,0.10885302695631982
4.054772375151513,0.008032490850935641,0.029852382838726044,0.25841824579165723,21.505875887527857,0.6420231461524963,500000.0,continuous_44,44,continuous_naca,direct OpenFOAM-coefficient surrogate,0.021502936905249945,-1.0234397649765015,98877.734375,unet,surrogate estimate; validate top designs with OpenFOAM,21.505875887527857,0.39910084214061514,0.0,2412,0.10905382016301154
4.064149946346877,0.006347346886220535,0.030115362256765366,0.25243834638266094,21.4388140102611,0.6456590890884399,500000.0,continuous_45,45,continuous_naca,direct OpenFOAM-coefficient surrogate,0.021599744992330666,-1.0487931966781616,98873.8046875,unet,surrogate estimate; validate top designs with OpenFOAM,21.4388140102611,0.4010295142605902,0.0,2412,0.1082656246125698
4.0616798344999525,0.006704830067910876,0.0300835520029068,0.23474355612707004,21.365824479197443,0.6427812576293945,500000.0,continuous_46,46,continuous_naca,direct OpenFOAM-coefficient surrogate,0.0215159108210355,-1.0552314519882202,98872.8359375,unet,surrogate estimate; validate top designs with OpenFOAM,21.365824479197443,0.4014132632687689,0.0,2412,0.10730438956618309
4.039950459636747,0.011391442332754687,0.02940225601196289,0.2328241065527178,21.034185110793313,0.6184735298156738,500000.0,continuous_47,47,continuous_naca,direct OpenFOAM-coefficient surrogate,0.021518406380899243,-1.039182186126709,98873.0546875,unet,surrogate estimate; validate top designs with OpenFOAM,21.034185110793313,0.39913020731881277,0.0,2412,0.1102100685685873
4.056247490784151,0.005631127396692697,0.030076220631599426,0.24139020232995478,21.439031209157385,0.6448264718055725,500000.0,continuous_48,48,continuous_naca,direct OpenFOAM-coefficient surrogate,0.021516534711001435,-1.0468504428863525,98874.109375,unet,surrogate estimate; validate top designs with OpenFOAM,21.439031209157385,0.4008424992812799,0.0,2412,0.10803080931678413
4.03352912000846,0.007998067436146573,0.0297689251601696,0.25746366567121465,21.505169636972198,0.6402072906494141,500000.0,continuous_49,49,continuous_naca,direct OpenFOAM-coefficient surrogate,0.021392967068939464,-1.019110918045044,98878.40625,unet,surrogate estimate; validate top designs with OpenFOAM,21.505169636972198,0.3994204488373363,0.0,2412,0.10913142587430777
4.0300723901833395,0.010362325219226934,0.029356539249420166,0.22074823941153948,21.031332984347376,0.617428183555603,500000.0,continuous_50,50,continuous_naca,direct OpenFOAM-coefficient surrogate,0.021414393529237706,-1.0373423099517822,98873.3515625,unet,surrogate estimate; validate top designs with OpenFOAM,21.031332984347376,0.39889643859467483,0.0,2412,0.10991654944885523
4.049703715633948,0.006860025269562062,0.030057553201913834,0.252471677362875,21.38595838545576,0.6428309679031372,500000.0,continuous_51,51,continuous_naca,direct OpenFOAM-coefficient surrogate,0.021490999415560503,-1.0410786867141724,98875.0234375,unet,surrogate estimate; validate top designs with OpenFOAM,21.38595838545576,0.40035598410962864,0.0,2412,0.10850224434980191
4.0552995616570096,0.008029571217804718,0.029853099957108498,0.2584326017357881,21.505908345997042,0.6420395374298096,500000.0,continuous_52,52,continuous_naca,direct OpenFOAM-coefficient surrogate,0.021502305974252515,-1.0234777927398682,98877.7265625,unet,surrogate estimate; validate top designs with OpenFOAM,21.505908345997042,0.39938547732308527,0.0,2412,0.10895513235032558
4.044677934085483,0.008011043374400093,0.029810745269060135,0.2579479699377362,21.505432424591078,0.6411144733428955,500000.0,continuous_53,53,continuous_naca,direct OpenFOAM-coefficient surrogate,0.021447321056097274,-1.0213152170181274,98878.0625,unet,surrogate estimate; validate top designs with OpenFOAM,21.505432424591078,0.3995452806714458,0.0,2412,0.1089939352059737
4.042169133387503,0.007976180713716172,0.029803849756717682,0.2578576832274594,21.504952284736305,0.6409518718719482,500000.0,continuous_54,54,continuous_naca,direct OpenFOAM-coefficient surrogate,0.021482976253144437,-1.0209344625473022,98878.125,unet,surrogate estimate; validate top designs with OpenFOAM,21.504952284736305,0.40047829238697896,0.0,2412,0.10885473574697971
4.056037119473329,0.006874725362914479,0.030082006007432938,0.25276314344851747,21.385459901412656,0.6433389186859131,500000.0,continuous_55,55,continuous_naca,direct OpenFOAM-coefficient surrogate,0.02150910487712826,-1.042312502861023,98874.828125,unet,surrogate estimate; validate top designs with OpenFOAM,21.385459901412656,0.40025630589341765,0.0,2412,0.10844362692721188
4.0429495691729205,0.0111035858327346,0.029767075553536415,0.24448356823314146,21.479506811561496,0.6394035816192627,500000.0,continuous_56,56,continuous_naca,direct OpenFOAM-coefficient surrogate,0.021458034286246395,-1.0425999164581299,98872.3671875,unet,surrogate estimate; validate top designs with OpenFOAM,21.479506811561496,0.3992832755501151,0.0,2412,0.10938649699324743
4.046221456748023,0.00801429327623354,0.029819868505001068,0.25805222498584446,21.50544706497932,0.6413111090660095,500000.0,continuous_57,57,continuous_naca,direct OpenFOAM-coefficient surrogate,0.02147080193396686,-1.0217902660369873,98877.9921875,unet,surrogate estimate; validate top designs with OpenFOAM,21.50544706497932,0.3995265331359408,0.0,2412,0.10915077947673854
4.0588437169390055,0.00806276795597038,0.029865290969610214,0.2585829035755764,21.50561970491198,0.6422930955886841,500000.0,continuous_58,58,continuous_naca,direct OpenFOAM-coefficient surrogate,0.02147807575064143,-1.0241128206253052,98877.625,unet,surrogate estimate; validate top designs with OpenFOAM,21.50561970491198,0.3985854094310346,0.0,2412,0.10912341003835899
4.063417807667788,0.008053711732130209,0.029884634539484978,0.2588042380109666,21.50554741570615,0.6427069306373596,500000.0,continuous_59,59,continuous_naca,direct OpenFOAM-coefficient surrogate,0.02152910829496067,-1.0251295566558838,98877.46875,unet,surrogate estimate; validate top designs with OpenFOAM,21.50554741570615,0.39903848552636223,0.0,2412,0.10904894799555767
4.070472460465132,0.007780924540369272,0.03005348891019821,0.2631976112710518,21.549128265501377,0.64764803647995,500000.0,continuous_60,60,continuous_naca,direct OpenFOAM-coefficient surrogate,0.02153478059758799,-1.0403423309326172,98875.1484375,unet,surrogate estimate; validate top designs with OpenFOAM,21.549128265501377,0.39881320925707797,0.0,2412,0.10884118798420236
4.056803435944039,0.008039073508067993,0.029957085847854614,0.2632325163618062,21.63349535895202,0.6480981111526489,500000.0,continuous_61,61,continuous_naca,direct OpenFOAM-coefficient surrogate,0.021479310387907836,-1.0259636640548706,98877.28125,unet,surrogate estimate; validate top designs with OpenFOAM,21.63349535895202,0.3991886187320144,0.0,2412,0.10883913945970561
4.053496250082164,0.007140921694783044,0.029985051602125168,0.2567735126532137,21.548624252128942,0.6461581587791443,500000.0,continuous_62,62,continuous_naca,direct OpenFOAM-coefficient surrogate,0.02145441143438142,-1.0368446111679077,98875.703125,unet,surrogate estimate; validate top designs with OpenFOAM,21.548624252128942,0.39926368533484036,0.0,2412,0.10873423519177955
4.060357386175337,0.007595890554323419,0.03010234609246254,0.26360589957257197,21.385048480659083,0.6437615156173706,500000.0,continuous_63,63,continuous_naca,direct OpenFOAM-coefficient surrogate,0.021530960250860286,-1.0433237552642822,98874.671875,unet,surrogate estimate; validate top designs with OpenFOAM,21.385048480659083,0.3999432994778318,0.0,2412,0.10862254212757763
4.059222134248088,0.008051593084152342,0.029866375029087067,0.258594995764689,21.505475752215794,0.6423121094703674,500000.0,continuous_64,64,continuous_naca,direct OpenFOAM-coefficient surrogate,0.021491296875696144,-1.0241694450378418,98877.6171875,unet,surrogate estimate; validate top designs with OpenFOAM,21.505475752215794,0.3989248819427339,0.0,2412,0.10899819306066365
4.056315092053272,0.008030871696989803,0.02995646558701992,0.26322177621916387,21.63345382230325,0.6480834484100342,500000.0,continuous_65,65,continuous_naca,direct OpenFOAM-coefficient surrogate,0.021490492715581462,-1.0259290933609009,98877.2890625,unet,surrogate estimate; validate top designs with OpenFOAM,21.63345382230325,0.39942936561878484,0.0,2412,0.10884779199867262
4.063637948204585,0.008055529968215345,0.02998308092355728,0.2635383472877127,21.633644632236603,0.6486649513244629,500000.0,continuous_66,66,continuous_naca,direct OpenFOAM-coefficient surrogate,0.021507045492747914,-1.027325987815857,98877.0703125,unet,surrogate estimate; validate top designs with OpenFOAM,21.633644632236603,0.3990009139945462,0.0,2412,0.10884016372195399
4.0560514988005245,0.008032700434840109,0.02995612844824791,0.2632180380106516,21.633426691677734,0.6480753421783447,500000.0,continuous_67,67,continuous_naca,direct OpenFOAM-coefficient surrogate,0.021490808181080175,-1.0259099006652832,98877.2890625,unet,surrogate estimate; validate top designs with OpenFOAM,21.633426691677734,0.39928704802754983,0.0,2412,0.1088971359050156
4.057823576441522,0.008051066281887157,0.02986018732190132,0.258529389228464,21.505760264655727,0.6421875357627869,500000.0,continuous_68,68,continuous_naca,direct OpenFOAM-coefficient surrogate,0.021478693069274635,-1.023849368095398,98877.6640625,unet,surrogate estimate; validate top designs with OpenFOAM,21.505760264655727,0.3988870140815245,0.0,2412,0.1089812747490323
4.058580411059688,0.007737144068422808,0.030006572604179382,0.26263495722447244,21.5491835995845,0.6466386914253235,500000.0,continuous_69,69,continuous_naca,direct OpenFOAM-coefficient surrogate,0.021505135319384056,-1.037989854812622,98875.5234375,unet,surrogate estimate; validate top designs with OpenFOAM,21.5491835995845,0.3995659591049232,0.0,2412,0.10873084079364159
4.058391202405147,0.007733885521018217,0.03000602498650551,0.262300732547095,21.54920541598329,0.6466275453567505,500000.0,continuous_70,70,continuous_naca,direct OpenFOAM-coefficient surrogate,0.0214985247568567,-1.0379621982574463,98875.5234375,unet,surrogate estimate; validate top designs with OpenFOAM,21.54920541598329,0.39939622284907356,0.0,2412,0.10879344928248927
4.058012785096063,0.008045506646599932,0.029860734939575195,0.25852929596523366,21.505787042926926,0.6422001123428345,500000.0,continuous_71,71,continuous_naca,direct OpenFOAM-coefficient surrogate,0.02148530363180199,-1.023877501487732,98877.6640625,unet,surrogate estimate; validate top designs with OpenFOAM,21.505787042926926,0.39905675033737414,0.0,2412,0.10891866626018462
4.058296598077876,0.0080367077262732,0.029963741078972816,0.26329786296335583,21.6333292343765,0.6482371091842651,500000.0,continuous_72,72,continuous_naca,direct OpenFOAM-coefficient surrogate,0.021495219475593023,-1.0262969732284546,98877.2265625,unet,surrogate estimate; validate top designs with OpenFOAM,21.6333292343765,0.3993113547211487,0.0,2412,0.1088247535269131
4.058107389423334,0.008041641399657264,0.0299631766974926,0.26329680269065703,21.633342841648744,0.6482253074645996,500000.0,continuous_73,73,continuous_naca,direct OpenFOAM-coefficient surrogate,0.021488608913065668,-1.0262680053710938,98877.234375,unet,surrogate estimate; validate top designs with OpenFOAM,21.633342841648744,0.399141618465299,0.0,2412,0.10888736201576078
4.05815469158697,0.00804024200977707,0.02996331825852394,0.26329583673363693,21.633340098182845,0.6482282876968384,500000.0,continuous_74,74,continuous_naca,direct OpenFOAM-coefficient surrogate,0.021490261553697508,-1.0262755155563354,98877.234375,unet,surrogate estimate; validate top designs with OpenFOAM,21.633340098182845,0.3991840525292615,0.0,2412,0.10887170989354886
4.060220692074312,0.00804622032240457,0.029970495030283928,0.26337665492763684,21.633370347758976,0.6483844518661499,500000.0,continuous_75,75,continuous_naca,direct OpenFOAM-coefficient surrogate,0.021493177940327873,-1.0266458988189697,98877.171875,unet,surrogate estimate; validate top designs with OpenFOAM,21.633370347758976,0.3990947663632803,0.0,2412,0.1088396515908298
4.059976520128929,0.008042639745614645,0.029970189556479454,0.2633756976092238,21.6333482152134,0.6483771800994873,500000.0,continuous_76,76,continuous_naca,direct OpenFOAM-coefficient surrogate,0.021498769104164688,-1.0266281366348267,98877.1796875,unet,surrogate estimate; validate top designs with OpenFOAM,21.6333482152134,0.3992151398066655,0.0,2412,0.1088439778603133
4.059844723502555,0.008043336024392722,0.029970021918416023,0.2633686885606114,21.63333796084317,0.6483732461929321,500000.0,continuous_77,77,continuous_naca,direct OpenFOAM-coefficient surrogate,0.021498926836914047,-1.0266187191009521,98877.1796875,unet,surrogate estimate; validate top designs with OpenFOAM,21.63333796084317,0.399143981011048,0.0,2412,0.10886864981348479
4.06096727314123,0.008044841367743888,0.02997322380542755,0.26341469732012956,21.633691688774043,0.6484531164169312,500000.0,continuous_78,78,continuous_naca,direct OpenFOAM-coefficient surrogate,0.021501132484170467,-1.0268118381500244,98877.1484375,unet,surrogate estimate; validate top designs with OpenFOAM,21.633691688774043,0.39915613435784747,0.0,2412,0.10883245862443355
4.062556493271972,0.0077511863856505854,0.030021876096725464,0.2624861633828212,21.54882673480335,0.6469577550888062,500000.0,continuous_79,79,continuous_naca,direct OpenFOAM-coefficient surrogate,0.02150113567379143,-1.0387392044067383,98875.40625,unet,surrogate estimate; validate top designs with OpenFOAM,21.54882673480335,0.3990894962501217,0.0,2412,0.10880947608528052
4.060522665944909,0.008044923878672483,0.02997198887169361,0.2633979767292685,21.63353702059879,0.6484217643737793,500000.0,continuous_80,80,continuous_naca,direct OpenFOAM-coefficient surrogate,0.02149947904613339,-1.0267362594604492,98877.15625,unet,surrogate estimate; validate top designs with OpenFOAM,21.63353702059879,0.3991303598208164,0.0,2412,0.10885385638143372
4.062697769553589,0.008053322395578794,0.029979221522808075,0.263491163904124,21.633829088143017,0.6485869884490967,500000.0,continuous_81,81,continuous_naca,direct OpenFOAM-coefficient surrogate,0.021501648377525138,-1.0271310806274414,98877.1015625,unet,surrogate estimate; validate top designs with OpenFOAM,21.633829088143017,0.39897594746157966,0.0,2412,0.10883908729901223
4.064058394265919,0.008059288321306349,0.02998410165309906,0.26354681215149206,21.633707295590188,0.6486889123916626,500000.0,continuous_82,82,continuous_naca,direct OpenFOAM-coefficient surrogate,0.02150308801420537,-1.0273830890655518,98877.0625,unet,surrogate estimate; validate top designs with OpenFOAM,21.633707295590188,0.39885635128903674,0.0,2412,0.10883664201836168
4.063692136347845,0.008054331601256603,0.0299836415797472,0.2635421248997341,21.63366949718274,0.6486778259277344,500000.0,continuous_83,83,continuous_naca,direct OpenFOAM-coefficient surrogate,0.021511474759960583,-1.0273566246032715,98877.0625,unet,surrogate estimate; validate top designs with OpenFOAM,21.63366949718274,0.39903691145411463,0.0,2412,0.10884313142258696
4.064974897678717,0.0077594443061464605,0.03003133460879326,0.2626116367563171,21.549218651135796,0.6471733450889587,500000.0,continuous_84,84,continuous_naca,direct OpenFOAM-coefficient surrogate,0.021511171511068662,-1.0392305850982666,98875.328125,unet,surrogate estimate; validate top designs with OpenFOAM,21.549218651135796,0.39895459381322756,0.0,2412,0.10882356415255964
4.061635723878361,0.008048088783473439,0.029975650832057,0.26345095454878853,21.633779382046054,0.6485082507133484,500000.0,continuous_85,85,continuous_naca,direct OpenFOAM-coefficient surrogate,0.021502402162367207,-1.0269461870193481,98877.125,unet,surrogate estimate; validate top designs with OpenFOAM,21.633779382046054,0.3990864183189192,0.0,2412,0.1088462833242152
4.060858503255927,0.00804540440353791,0.029972966760396957,0.26341420750762307,21.633670401964736,0.6484469175338745,500000.0,continuous_86,86,continuous_naca,direct OpenFOAM-coefficient surrogate,0.021501283399263778,-1.0267970561981201,98877.1484375,unet,surrogate estimate; validate top designs with OpenFOAM,21.633670401964736,0.3991267918016842,0.0,2412,0.10884031661316998
4.059387498566709,0.008042970718549045,0.029967527836561203,0.26334721040758563,21.633260830961678,0.6483169794082642,500000.0,continuous_87,87,continuous_naca,direct OpenFOAM-coefficient surrogate,0.021491758451702703,-1.0264856815338135,98877.203125,unet,surrogate estimate; validate top designs with OpenFOAM,21.633260830961678,0.3991357345159005,0.0,2412,0.10883594150782853
4.062615976902561,0.008050283243516844,0.02997937798500061,0.26349170209222766,21.633823543666082,0.6485902070999146,500000.0,continuous_88,88,continuous_naca,direct OpenFOAM-coefficient surrogate,0.021506545682896113,-1.0271388292312622,98877.09375,unet,surrogate estimate; validate top designs with OpenFOAM,21.633823543666082,0.3990616172195611,0.0,2412,0.10884133394389736
4.0630998684819435,0.008053585994387148,0.029980899766087532,0.2635107980166306,21.633759253936667,0.6486212015151978,500000.0,continuous_89,89,continuous_naca,direct OpenFOAM-coefficient surrogate,0.02150458095421568,-1.0272170305252075,98877.0859375,unet,surrogate estimate; validate top designs with OpenFOAM,21.633759253936667,0.39901326687726957,0.0,2412,0.10883926498260918
4.0,0.018293804637560206,0.03205332159996033,0.26126281003762974,22.773327643671976,0.7299835681915283,500000.0,continuous_1,1,continuous_naca,direct OpenFOAM-coefficient surrogate,0.04,-1.0998332500457764,98856.9453125,unet,surrogate estimate; validate top designs with OpenFOAM,22.773327643671976,0.4,0.0,4415,0.15
4.0,0.018599289614845256,0.03226447105407715,0.24722233527920298,22.773653671280023,0.7348026633262634,500000.0,continuous_2,2,continuous_naca,direct OpenFOAM-coefficient surrogate,0.042,-1.1173350811004639,98854.203125,unet,surrogate estimate; validate top designs with OpenFOAM,22.773653671280023,0.4,0.0,4415,0.15
4.0,0.020083468399592307,0.0315210223197937,0.24963847197964129,22.616155443333056,0.7129069566726685,500000.0,continuous_3,3,continuous_naca,direct OpenFOAM-coefficient surrogate,0.04,-1.1091985702514648,98855.75,unet,surrogate estimate; validate top designs with OpenFOAM,22.616155443333056,0.42000000000000004,0.0,4415,0.15
4.0,0.01812377498244426,0.031867865473032,0.2043375565512536,22.77195069487469,0.725716233253479,500000.0,continuous_4,4,continuous_naca,direct OpenFOAM-coefficient surrogate,0.04,-1.153486967086792,98850.09375,unet,surrogate estimate; validate top designs with OpenFOAM,22.77195069487469,0.4,0.0,4415,0.1575
4.2,0.01878460496522156,0.03272184357047081,0.26650396220042327,22.803782716263065,0.7462046146392822,500000.0,continuous_5,5,continuous_naca,direct OpenFOAM-coefficient surrogate,0.04,-1.1200828552246094,98854.390625,unet,surrogate estimate; validate top designs with OpenFOAM,22.803782716263065,0.4,0.0,4415,0.15
4.1,0.021725785016708053,0.032891202718019485,0.23091595441408191,22.944841645950657,0.7547063827514648,500000.0,continuous_6,6,continuous_naca,direct OpenFOAM-coefficient surrogate,0.041,-1.157004714012146,98852.6015625,unet,surrogate estimate; validate top designs with OpenFOAM,22.944841645950657,0.38,0.0,4415,0.15374999999999997
4.149999999999999,0.0243813003023651,0.03335312008857727,0.22932615759647265,23.050382709569178,0.7688252329826355,500000.0,continuous_7,7,continuous_naca,direct OpenFOAM-coefficient surrogate,0.041499999999999995,-1.1762769222259521,98845.8203125,unet,surrogate estimate; validate top designs with OpenFOAM,23.050382709569178,0.3600000000000001,0.0,4415,0.15562499999999996
4.174999999999999,0.016024499946651553,0.03307195007801056,0.27482779423215564,22.77069915272829,0.7530941963195801,500000.0,continuous_8,8,continuous_naca,direct OpenFOAM-coefficient surrogate,0.04175,-1.1128138303756714,98854.78125,unet,surrogate estimate; validate top designs with OpenFOAM,22.77069915272829,0.38,0.0,4415,0.14531249999999998
4.043749999999999,0.020273368586902804,0.03224930167198181,0.2253368387998891,22.80810556347276,0.7355682849884033,500000.0,continuous_9,9,continuous_naca,direct OpenFOAM-coefficient surrogate,0.0404375,-1.153188705444336,98850.9140625,unet,surrogate estimate; validate top designs with OpenFOAM,22.80810556347276,0.395,0.0,4415,0.154453125
4.196874999999999,0.023248875849253815,0.033221062272787094,0.20670235333608222,23.022949703572795,0.7648698687553406,500000.0,continuous_10,10,continuous_naca,direct OpenFOAM-coefficient surrogate,0.041968750000000006,-1.1556897163391113,98848.890625,unet,surrogate estimate; validate top designs with OpenFOAM,23.022949703572795,0.37750000000000006,0.0,4415,0.15503906250000002
4.295312499999998,0.020057929367435928,0.03343812748789787,0.2163175571434359,22.937872143175866,0.767022430896759,500000.0,continuous_11,11,continuous_naca,direct OpenFOAM-coefficient surrogate,0.039953125,-1.2137764692306519,98840.5078125,unet,surrogate estimate; validate top designs with OpenFOAM,22.937872143175866,0.3662500000000001,0.0,4415,0.15755859375
4.142968749999997,0.01937244396904489,0.03353044390678406,0.30839693782587313,23.02806012516493,0.7721641063690186,500000.0,continuous_12,12,continuous_naca,direct OpenFOAM-coefficient surrogate,0.041929687500000014,-1.212595820426941,98840.2734375,unet,surrogate estimate; validate top designs with OpenFOAM,23.02806012516493,0.3493750000000001,0.0,4415,0.161337890625
4.348828124999997,0.021762103082008443,0.03475319966673851,0.3272207769749764,23.07857525986747,0.8020774126052856,500000.0,continuous_13,13,continuous_naca,direct OpenFOAM-coefficient surrogate,0.04223828125000001,-1.229797601699829,98837.0625,unet,surrogate estimate; validate top designs with OpenFOAM,23.07857525986747,0.3315625000000002,0.0,4415,0.16032714843749998
4.501367187499996,0.04046107500923821,0.036187972873449326,0.3639443825299215,23.046916003390237,0.8340442180633545,500000.0,continuous_14,14,continuous_naca,direct OpenFOAM-coefficient surrogate,0.043138671875000006,-1.261173963546753,98834.7109375,unet,surrogate estimate; validate top designs with OpenFOAM,23.046916003390237,0.2998437500000004,0.0,4415,0.16326416015624995
4.124023437499998,0.02017021321141922,0.03384193032979965,0.34606050427011215,23.09123881213828,0.7814751863479614,500000.0,continuous_15,15,continuous_naca,direct OpenFOAM-coefficient surrogate,0.04386523437500001,-1.165061354637146,98846.765625,unet,surrogate estimate; validate top designs with OpenFOAM,23.09123881213828,0.34296875000000016,0.0,4415,0.15860595703125
4.038378906249999,0.032358815987659446,0.03430186212062836,0.4173970511338929,23.154232610464703,0.7942564487457275,500000.0,continuous_16,16,continuous_naca,direct OpenFOAM-coefficient surrogate,0.045821289062500006,-1.1372438669204712,98850.7421875,unet,surrogate estimate; validate top designs with OpenFOAM,23.154232610464703,0.3313281250000002,0.0,4415,0.15912963867187496
4.143212890624998,0.04057470990967133,0.03477882593870163,0.3742882421966,23.133936315657355,0.8045942783355713,500000.0,continuous_17,17,continuous_naca,direct OpenFOAM-coefficient surrogate,0.04377587890625,-1.2145191431045532,98840.4765625,unet,surrogate estimate; validate top designs with OpenFOAM,23.133936315657355,0.3086328125000003,0.0,4415,0.16317077636718744
4.1972412109374995,0.03273574144737427,0.034921176731586456,0.39469491014580116,22.98876807345608,0.8028178215026855,500000.0,continuous_18,18,continuous_naca,direct OpenFOAM-coefficient surrogate,0.04473803710937498,-1.1524704694747925,98848.2109375,unet,surrogate estimate; validate top designs with OpenFOAM,22.98876807345608,0.31638671875000035,0.0,4415,0.15778839111328116
4.156536865234372,0.024972990576185395,0.033853501081466675,0.34647514287077186,23.03340519234969,0.7797844409942627,500000.0,continuous_19,19,continuous_naca,direct OpenFOAM-coefficient surrogate,0.04263177490234375,-1.192050576210022,98842.8125,unet,surrogate estimate; validate top designs with OpenFOAM,23.03340519234969,0.34112792968750016,0.0,4415,0.1604505157470703
4.183673095703124,0.023750588113211395,0.034419529139995575,0.3913049619220448,23.0972015232313,0.7950178980827332,500000.0,continuous_20,20,continuous_naca,direct OpenFOAM-coefficient surrogate,0.044035949707031244,-1.179476022720337,98845.171875,unet,surrogate estimate; validate top designs with OpenFOAM,23.0972015232313,0.3246337890625003,0.0,4415,0.15867576599121086
4.207046508789061,0.038078051318824475,0.03554827719926834,0.4704975826054252,23.009346213470938,0.8179656267166138,500000.0,continuous_21,21,continuous_naca,direct OpenFOAM-coefficient surrogate,0.046435699462890626,-1.237592101097107,98840.3671875,unet,surrogate estimate; validate top designs with OpenFOAM,23.009346213470938,0.2880786132812504,0.0,4415,0.16502666473388666
4.164261627197265,0.021911339922361044,0.03384292870759964,0.27952100191132606,23.07386533849503,0.7809102535247803,500000.0,continuous_22,22,continuous_naca,direct OpenFOAM-coefficient surrogate,0.04273392486572265,-1.1798537969589233,98844.484375,unet,surrogate estimate; validate top designs with OpenFOAM,23.07386533849503,0.3420196533203127,0.0,4415,0.15797541618347163
4.192784881591795,0.043354844240546385,0.03505842015147209,0.4134933337160965,23.102101948632335,0.8099462985992432,500000.0,continuous_23,23,continuous_naca,direct OpenFOAM-coefficient surrogate,0.04520177459716797,-1.2151038646697998,98843.0625,unet,surrogate estimate; validate top designs with OpenFOAM,23.102101948632335,0.3060589599609378,0.0,4415,0.162676248550415
3.930196762084961,0.0449140019688271,0.034544508904218674,0.4703505850520646,23.267466078254024,0.8037864565849304,500000.0,continuous_24,24,continuous_naca,direct OpenFOAM-coefficient surrogate,0.047179164886474584,-1.1914184093475342,98845.1640625,unet,surrogate estimate; validate top designs with OpenFOAM,23.267466078254024,0.3037643432617191,0.0,4415,0.16149906635284414
3.720881080627443,0.043598222790316776,0.034358687698841095,0.4884291997300234,23.072590042900018,0.7927669882774353,500000.0,continuous_25,25,continuous_naca,direct OpenFOAM-coefficient surrogate,0.04964960670471186,-1.2297643423080444,98839.875,unet,surrogate estimate; validate top designs with OpenFOAM,23.072590042900018,0.2898652648925786,0.0,4415,0.16208502531051622
3.968613624572752,0.0395631214074354,0.03448588401079178,0.478991336919041,23.01086124310666,0.7935729026794434,500000.0,continuous_26,26,continuous_naca,direct OpenFOAM-coefficient surrogate,0.04695310401916504,-1.185157060623169,98849.9609375,unet,surrogate estimate; validate top designs with OpenFOAM,23.01086124310666,0.3002583312988284,0.0,4415,0.1645620989799499
4.129908227920531,0.03549358730788044,0.034699972718954086,0.37510825791322155,23.13394447778582,0.8027703762054443,500000.0,continuous_27,27,continuous_naca,direct OpenFOAM-coefficient surrogate,0.04476523828506469,-1.166534185409546,98849.1328125,unet,surrogate estimate; validate top designs with OpenFOAM,23.13394447778582,0.3185399246215823,0.0,4415,0.16014734923839563
3.9280635118484497,0.03427643849798285,0.03400107100605965,0.38165054980257673,23.152694181595358,0.7872395515441895,500000.0,continuous_28,28,continuous_naca,direct OpenFOAM-coefficient surrogate,0.04556901097297668,-1.1257858276367188,98853.6953125,unet,surrogate estimate; validate top designs with OpenFOAM,23.152694181595358,0.32507364273071315,0.0,4415,0.15929716676473607
3.8700608134269725,0.037079476891038333,0.03414062410593033,0.43634118042635306,23.01935531056507,0.7859181761741638,500000.0,continuous_29,29,continuous_naca,direct OpenFOAM-coefficient surrogate,0.04789147269725797,-1.1630345582962036,98847.6328125,unet,surrogate estimate; validate top designs with OpenFOAM,23.01935531056507,0.3307202053070071,0.0,4415,0.15686583414673796
4.074924871325491,0.044167799669529384,0.034409672021865845,0.36948358193575637,23.105276313360505,0.795068085193634,500000.0,continuous_30,30,continuous_naca,direct OpenFOAM-coefficient surrogate,0.044804777354002,-1.1934010982513428,98845.796875,unet,surrogate estimate; validate top designs with OpenFOAM,23.105276313360505,0.314154660701752,0.0,4415,0.16159454081207508
3.98428783416748,0.0441278712794163,0.034151576459407806,0.4130487126891033,23.043096228473807,0.7869811058044434,500000.0,continuous_31,31,continuous_naca,direct OpenFOAM-coefficient surrogate,0.046500226974487295,-1.1680828332901,98850.78125,unet,surrogate estimate; validate top designs with OpenFOAM,23.043096228473807,0.31754623413085964,0.0,4415,0.16031435251235954
3.9291301369667053,0.04399157586981619,0.03404352813959122,0.4125545028180106,23.045810597519214,0.7845837473869324,500000.0,continuous_32,32,continuous_naca,direct OpenFOAM-coefficient surrogate,0.04637408792972563,-1.1645395755767822,98851.2265625,unet,surrogate estimate; validate top designs with OpenFOAM,23.045810597519214,0.3144189929962161,0.0,4415,0.1603981165587901
4.030052495002746,0.04250212820227636,0.03437614440917969,0.41455325042406227,23.031391481319595,0.7917534708976746,500000.0,continuous_33,33,continuous_naca,direct OpenFOAM-coefficient surrogate,0.04597220158576964,-1.178670883178711,98850.140625,unet,surrogate estimate; validate top designs with OpenFOAM,23.031391481319595,0.3111521339416507,0.0,4415,0.16082320779561987
4.036704826354979,0.04228729369617397,0.034534089267253876,0.4122771161605942,23.1302703719828,0.7988059520721436,500000.0,continuous_34,34,continuous_naca,direct OpenFOAM-coefficient surrogate,0.0454775218963623,-1.1963589191436768,98845.875,unet,surrogate estimate; validate top designs with OpenFOAM,23.1302703719828,0.3061985778808597,0.0,4415,0.1623349213600158
3.910107284784317,0.045607044623942765,0.03417655825614929,0.4411568302232411,23.076121901712913,0.7886855006217957,500000.0,continuous_35,35,continuous_naca,direct OpenFOAM-coefficient surrogate,0.046793299257755265,-1.16832435131073,98850.6484375,unet,surrogate estimate; validate top designs with OpenFOAM,23.076121901712913,0.30981194019317654,0.0,4415,0.1614500205963849
3.9187816709280012,0.04249567245045713,0.03432349115610123,0.446359300625992,23.07205062271469,0.7919363975524902,500000.0,continuous_36,36,continuous_naca,direct OpenFOAM-coefficient surrogate,0.04641181001067159,-1.1731159687042236,98850.0546875,unet,surrogate estimate; validate top designs with OpenFOAM,23.07205062271469,0.299550693035126,0.0,4415,0.1625267099216579
3.9687651351094235,0.042627188116644434,0.03456466645002365,0.4681656773802056,23.022149771234687,0.7957759499549866,500000.0,continuous_37,37,continuous_naca,direct OpenFOAM-coefficient surrogate,0.04655681009590624,-1.1847529411315918,98849.3828125,unet,surrogate estimate; validate top designs with OpenFOAM,23.022149771234687,0.2952437841892245,0.0,4415,0.16350724255666127
3.939038886502385,0.043750068442060724,0.03424246609210968,0.4310137980706313,23.07453372787852,0.7901520133018494,500000.0,continuous_38,38,continuous_naca,direct OpenFOAM-coefficient surrogate,0.046419768471270786,-1.1704655885696411,98850.3828125,unet,surrogate estimate; validate top designs with OpenFOAM,23.07453372787852,0.3096251907944682,0.0,4415,0.1611753980582579
3.9892422089353197,0.043473137692642584,0.03426394239068031,0.426710708711272,23.04055555648169,0.7894833087921143,500000.0,continuous_39,39,continuous_naca,direct OpenFOAM-coefficient surrogate,0.046523067245259876,-1.1718086004257202,98850.3203125,unet,surrogate estimate; validate top designs with OpenFOAM,23.04055555648169,0.31514933302998577,0.0,4415,0.16070299326209347
3.9363968054298306,0.04221293479065195,0.03433660417795181,0.4462089710801359,23.070714283018045,0.7921930551528931,500000.0,continuous_40,40,continuous_naca,direct OpenFOAM-coefficient surrogate,0.04643962431931867,-1.1735193729400635,98850.0078125,unet,surrogate estimate; validate top designs with OpenFOAM,23.070714283018045,0.30345035303384094,0.0,4415,0.16207078075676679
3.98345079421997,0.0422392705172116,0.03434738516807556,0.44246245399028067,23.033325723694755,0.7911575436592102,500000.0,continuous_41,41,continuous_naca,direct OpenFOAM-coefficient surrogate,0.04632834339141844,-1.1777622699737549,98850.25,unet,surrogate estimate; validate top designs with OpenFOAM,23.033325723694755,0.3049814605712894,0.0,4415,0.16191699385642996
3.920152023434639,0.043590275590773137,0.03422940522432327,0.45634596438380054,23.05886781229086,0.7893143892288208,500000.0,continuous_42,42,continuous_naca,direct OpenFOAM-coefficient surrogate,0.04698623207211493,-1.1689387559890747,98849.421875,unet,surrogate estimate; validate top designs with OpenFOAM,23.05886781229086,0.30678814172744784,0.0,4415,0.16147454347461454
3.9346178242936727,0.04260486112890748,0.03426212817430496,0.44980628222226066,23.05720244698609,0.7900118827819824,500000.0,continuous_43,43,continuous_naca,direct OpenFOAM-coefficient surrogate,0.046799466678872685,-1.1700029373168945,98849.28125,unet,surrogate estimate; validate top designs with OpenFOAM,23.05720244698609,0.3066947670280936,0.0,4415,0.16133723220555102
3.924489216506481,0.044256645503956464,0.03432493656873703,0.45781513063698,23.05446491537336,0.7913661003112793,500000.0,continuous_44,44,continuous_naca,direct OpenFOAM-coefficient surrogate,0.04679548744857309,-1.1720572710037231,98849.0234375,unet,surrogate estimate; validate top designs with OpenFOAM,23.05446491537336,0.30165751814842257,0.0,4415,0.162012888137251
3.871277118939907,0.03911724553150646,0.03440364450216293,0.4614670662840516,23.19657435389689,0.7980698943138123,500000.0,continuous_45,45,continuous_naca,direct OpenFOAM-coefficient surrogate,0.0475518321515992,-1.1913959980010986,98844.859375,unet,surrogate estimate; validate top designs with OpenFOAM,23.19657435389689,0.3044709245115521,0.0,4415,0.16124487122870038
3.903632647870109,0.04572290513619815,0.03435976430773735,0.46374996268256513,23.244062774543888,0.798683762550354,500000.0,continuous_46,46,continuous_naca,direct OpenFOAM-coefficient surrogate,0.0474628604459576,-1.1858880519866943,98845.9453125,unet,surrogate estimate; validate top designs with OpenFOAM,23.244062774543888,0.3092015701159837,0.0,4415,0.160764968493604
3.878011451871135,0.04065934375332416,0.034584108740091324,0.4762871355791505,23.07796005636915,0.7981537580490112,500000.0,continuous_47,47,continuous_naca,direct OpenFOAM-coefficient surrogate,0.04779057809920046,-1.2084904909133911,98843.390625,unet,surrogate estimate; validate top designs with OpenFOAM,23.07796005636915,0.3054177227802578,0.0,4415,0.1611544925693305
3.871406966948417,0.04058195057837486,0.03457556664943695,0.4754710409160003,23.07862780526422,0.7979797124862671,500000.0,continuous_48,48,continuous_naca,direct OpenFOAM-coefficient surrogate,0.04800598571950099,-1.2082194089889526,98843.421875,unet,surrogate estimate; validate top designs with OpenFOAM,23.07862780526422,0.3046391386073085,0.0,4415,0.16085715584762494
3.9102452960505616,0.04444779288487136,0.034372761845588684,0.47074377786465504,23.24359344854544,0.7989697456359863,500000.0,continuous_49,49,continuous_naca,direct OpenFOAM-coefficient surrogate,0.04730934350256572,-1.1863117218017578,98845.890625,unet,surrogate estimate; validate top designs with OpenFOAM,23.24359344854544,0.3056202654680239,0.0,4415,0.16102853839205622
3.9362689455243522,0.044433812497790166,0.034263454377651215,0.4421911343882755,23.07341672933121,0.7905980348587036,500000.0,continuous_50,50,continuous_naca,direct OpenFOAM-coefficient surrogate,0.04674561477379756,-1.1711311340332031,98850.3046875,unet,surrogate estimate; validate top designs with OpenFOAM,23.07341672933121,0.3068894130713309,0.0,4415,0.16141156638597742
3.8876224615924007,0.03960922222488303,0.034608304500579834,0.469568136969389,23.0760859263835,0.7986472845077515,500000.0,continuous_51,51,continuous_naca,direct OpenFOAM-coefficient surrogate,0.047690892983075134,-1.2092701196670532,98843.2890625,unet,surrogate estimate; validate top designs with OpenFOAM,23.0760859263835,0.3052017072233141,0.0,4415,0.16099575848221306
3.9169147049775352,0.044438452654827966,0.03439739719033241,0.4710074016709762,23.241626979387686,0.7994747161865234,500000.0,continuous_52,52,continuous_naca,direct OpenFOAM-coefficient surrogate,0.04732101266621609,-1.1871247291564941,98845.796875,unet,surrogate estimate; validate top designs with OpenFOAM,23.241626979387686,0.3064829566888514,0.0,4415,0.16113201742322408
3.9202210290677613,0.04468572444178508,0.03440375626087189,0.47169094212247,23.241042118499482,0.7996023893356323,500000.0,continuous_53,53,continuous_naca,direct OpenFOAM-coefficient surrogate,0.04724425419452015,-1.187334656715393,98845.765625,unet,surrogate estimate; validate top designs with OpenFOAM,23.241042118499482,0.3046923043648715,0.0,4415,0.1612638023724502
3.900736940512434,0.044579055564327716,0.034439872950315475,0.4718928803276132,23.23800204895221,0.8003370761871338,500000.0,continuous_54,54,continuous_naca,direct OpenFOAM-coefficient surrogate,0.04736549851903689,-1.1884713172912598,98845.625,unet,surrogate estimate; validate top designs with OpenFOAM,23.23800204895221,0.3041176338866356,0.0,4415,0.16137196879077226
3.900801864516689,0.0391836657775878,0.03469716012477875,0.4688348881368455,23.071453566612274,0.8005369901657104,500000.0,continuous_55,55,continuous_naca,direct OpenFOAM-coefficient surrogate,0.047592575302987786,-1.21212899684906,98842.9375,unet,surrogate estimate; validate top designs with OpenFOAM,23.071453566612274,0.3042017409345138,0.0,4415,0.16117811110023456
3.9332328538046575,0.043853978718276676,0.034271836280822754,0.4568057532513621,23.057191243825326,0.7902353405952454,500000.0,continuous_56,56,continuous_naca,direct OpenFOAM-coefficient surrogate,0.04696238983013608,-1.1703311204910278,98849.2421875,unet,surrogate estimate; validate top designs with OpenFOAM,23.057191243825326,0.30532687816652493,0.0,4415,0.16145531636941074
3.908909611838681,0.044564992163250446,0.03442692756652832,0.4710513009115351,23.238767284260923,0.8000625967979431,500000.0,continuous_57,57,continuous_naca,direct OpenFOAM-coefficient surrogate,0.04743502893477486,-1.188053846359253,98845.6796875,unet,surrogate estimate; validate top designs with OpenFOAM,23.238767284260923,0.3044830252425166,0.0,4415,0.1612474124175286
3.9373841134720355,0.04476107165179179,0.03446175903081894,0.47244715627520406,23.236745187119773,0.8008023500442505,500000.0,continuous_58,58,continuous_naca,direct OpenFOAM-coefficient surrogate,0.04722423182195595,-1.1891756057739258,98845.5390625,unet,surrogate estimate; validate top designs with OpenFOAM,23.236745187119773,0.3055936808923436,0.0,4415,0.16119918049225124
3.9098987337523345,0.044616232074240834,0.034422215074300766,0.47176821620405746,23.239340964410516,0.7999728322029114,500000.0,continuous_59,59,continuous_naca,direct OpenFOAM-coefficient surrogate,0.04733018184476666,-1.1879098415374756,98845.6953125,unet,surrogate estimate; validate top designs with OpenFOAM,23.239340964410516,0.3044866456380626,0.0,4415,0.16132877171614202
3.929706003102616,0.04378495064775636,0.03427041321992874,0.45599108305717584,23.057169487272162,0.7902017831802368,500000.0,continuous_60,60,continuous_naca,direct OpenFOAM-coefficient surrogate,0.047102277861213876,-1.1702829599380493,98849.25,unet,surrogate estimate; validate top designs with OpenFOAM,23.057169487272162,0.30523009973423565,0.0,4415,0.1613644165148016
3.9141087096546645,0.044608404066256484,0.034391820430755615,0.4714231126026819,23.24241299727865,0.799372136592865,500000.0,continuous_61,61,continuous_naca,direct OpenFOAM-coefficient surrogate,0.04735184116638461,-1.1869465112686157,98845.8125,unet,surrogate estimate; validate top designs with OpenFOAM,23.24241299727865,0.30466979386544635,0.0,4415,0.16127666344184685
3.930821869140126,0.04473140382133949,0.03443918004631996,0.4721538479347606,23.23804209976513,0.8003223538398743,500000.0,continuous_62,62,continuous_naca,direct OpenFOAM-coefficient surrogate,0.04721795461203106,-1.1884454488754272,98845.6328125,unet,surrogate estimate; validate top designs with OpenFOAM,23.23804209976513,0.3053180534523816,0.0,4415,0.16125700307904062
3.9151295175992824,0.044630131255959195,0.03439155966043472,0.4714601864020624,23.242436715279386,0.7993668913841248,500000.0,continuous_63,63,continuous_naca,direct OpenFOAM-coefficient surrogate,0.04730212503658276,-1.1869382858276367,98845.8203125,unet,surrogate estimate; validate top designs with OpenFOAM,23.242436715279386,0.30469449759164235,0.0,4415,0.16131082955686665
3.91795381809046,0.04461483021921712,0.034404207020998,0.47157236604944347,23.241004420142367,0.7996115684509277,500000.0,continuous_64,64,continuous_naca,direct OpenFOAM-coefficient surrogate,0.04733281768330887,-1.1873488426208496,98845.765625,unet,surrogate estimate; validate top designs with OpenFOAM,23.241004420142367,0.30511349133895815,0.0,4415,0.1613454860149407
3.919654226323436,0.044666746672316925,0.03440386801958084,0.4716634017233416,23.241035921612728,0.7996047735214233,500000.0,continuous_65,65,continuous_naca,direct OpenFOAM-coefficient surrogate,0.04726639506671733,-1.1873383522033691,98845.765625,unet,surrogate estimate; validate top designs with OpenFOAM,23.241035921612728,0.30479760110839316,0.0,4415,0.16128422328307282
3.922663139842122,0.044754543236894415,0.034477993845939636,0.46957681869442053,23.270360026853787,0.8023386001586914,500000.0,continuous_66,66,continuous_naca,direct OpenFOAM-coefficient surrogate,0.047240644961528674,-1.1892331838607788,98845.4296875,unet,surrogate estimate; validate top designs with OpenFOAM,23.270360026853787,0.3042294204266807,0.0,4415,0.16140494795485538
3.9221527358698127,0.04474445875312645,0.034478120505809784,0.4695611768100045,23.270354063618164,0.8023413419723511,500000.0,continuous_67,67,continuous_naca,direct OpenFOAM-coefficient surrogate,0.047265503026429595,-1.1892369985580444,98845.4296875,unet,surrogate estimate; validate top designs with OpenFOAM,23.270354063618164,0.3042170685635827,0.0,4415,0.1613878648973455
3.923555733531248,0.044679253113977836,0.03441678732633591,0.4718178106650468,23.2399630824029,0.799868106842041,500000.0,continuous_68,68,continuous_naca,direct OpenFOAM-coefficient surrogate,0.04725008877634534,-1.1877410411834717,98845.71875,unet,surrogate estimate; validate top designs with OpenFOAM,23.2399630824029,0.30512364997528524,0.0,4415,0.1613155418880341
3.925208895576361,0.044781062543260114,0.03448403254151344,0.469686704830914,23.269994330449357,0.8024665117263794,500000.0,continuous_69,69,continuous_naca,direct OpenFOAM-coefficient surrogate,0.04721170954049737,-1.1894311904907227,98845.40625,unet,surrogate estimate; validate top designs with OpenFOAM,23.269994330449357,0.3042283238132953,0.0,4415,0.16138143436264718
3.92655503315538,0.04494215949906037,0.0345345064997673,0.470161929264047,23.26782605094426,0.8035661578178406,500000.0,continuous_70,70,continuous_naca,direct OpenFOAM-coefficient surrogate,0.047198422431119776,-1.1910736560821533,98845.203125,unet,surrogate estimate; validate top designs with OpenFOAM,23.26782605094426,0.3030959280573537,0.0,4415,0.161521114895812
3.918093140136876,0.044761290234393604,0.03449244424700737,0.47260742651764803,23.234636048499574,0.8014426231384277,500000.0,continuous_71,71,continuous_naca,direct OpenFOAM-coefficient surrogate,0.04727897509331312,-1.1901694536209106,98845.4140625,unet,surrogate estimate; validate top designs with OpenFOAM,23.234636048499574,0.3041210271687371,0.0,4415,0.16134861470248588
3.9271708565979395,0.044868196555446306,0.03453640267252922,0.4702553559292819,23.2676789994793,0.8036051988601685,500000.0,continuous_72,72,continuous_naca,direct OpenFOAM-coefficient surrogate,0.047204117438184215,-1.1911338567733765,98845.1953125,unet,surrogate estimate; validate top designs with OpenFOAM,23.2676789994793,0.3038535142384736,0.0,4415,0.1614614534402546
3.9211190456238976,0.044772064808651396,0.03451914340257645,0.47003832232551895,23.268268563804273,0.8032239675521851,500000.0,continuous_73,73,continuous_naca,direct OpenFOAM-coefficient surrogate,0.04725402254160349,-1.190564513206482,98845.265625,unet,surrogate estimate; validate top designs with OpenFOAM,23.268268563804273,0.3040318561919826,0.0,4415,0.16138622761507543
3.919016875300716,0.0446104855794823,0.03440311923623085,0.4716680376872289,23.241125951122488,0.7995904684066772,500000.0,continuous_74,74,continuous_naca,direct OpenFOAM-coefficient surrogate,0.04728751760390979,-1.1873149871826172,98845.7734375,unet,surrogate estimate; validate top designs with OpenFOAM,23.241125951122488,0.30525740644041693,0.0,4415,0.16125912251914976
3.924670493691714,0.04486100375199896,0.034529201686382294,0.47014557800328094,23.268074335755074,0.8034512996673584,500000.0,continuous_75,75,continuous_naca,direct OpenFOAM-coefficient surrogate,0.04722069622431728,-1.190897822380066,98845.2265625,unet,surrogate estimate; validate top designs with OpenFOAM,23.268074335755074,0.3036362976531195,0.0,4415,0.16145561680164644
3.9209014147643817,0.04469238859452699,0.0344088152050972,0.47168791478458016,23.240400194247528,0.7996978759765625,500000.0,continuous_76,76,continuous_naca,direct OpenFOAM-coefficient surrogate,0.04726524381071229,-1.1874889135360718,98845.75,unet,surrogate estimate; validate top designs with OpenFOAM,23.240400194247528,0.3047170368446511,0.0,4415,0.16132462061331532
3.923728223959881,0.04482014906127253,0.034526556730270386,0.47013631504963094,23.268132202441432,0.8033917546272278,500000.0,continuous_77,77,continuous_naca,direct OpenFOAM-coefficient surrogate,0.04723183312091603,-1.1908096075057983,98845.2421875,unet,surrogate estimate; validate top designs with OpenFOAM,23.268132202441432,0.3039064824510024,0.0,4415,0.16142286775456366
3.921843684496215,0.044717160695143705,0.03447577357292175,0.46957164535348683,23.270458260820163,0.8022903203964233,500000.0,continuous_78,78,continuous_naca,direct OpenFOAM-coefficient surrogate,0.04725410691411354,-1.1891604661941528,98845.4453125,unet,surrogate estimate; validate top designs with OpenFOAM,23.270458260820163,0.30444685204676825,0.0,4415,0.1613573696603981
3.9209014147643826,0.044692388594527,0.0344088152050972,0.47168791478458016,23.240400194247528,0.7996978759765625,500000.0,continuous_79,79,continuous_naca,direct OpenFOAM-coefficient surrogate,0.04726524381071229,-1.1874889135360718,98845.75,unet,surrogate estimate; validate top designs with OpenFOAM,23.240400194247528,0.30471703684465123,0.0,4415,0.16132462061331532
3.9248151822683583,0.044744852244140265,0.03448430821299553,0.46968844703404006,23.26998806718016,0.802472710609436,500000.0,continuous_80,80,continuous_naca,direct OpenFOAM-coefficient surrogate,0.04723195967968109,-1.1894402503967285,98845.40625,unet,surrogate estimate; validate top designs with OpenFOAM,23.26998806718016,0.30452897623318087,0.0,4415,0.16137958082254766
3.9238911481072427,0.04474646033783195,0.03448164463043213,0.469640491753113,23.270122681744738,0.8024153709411621,500000.0,continuous_81,81,continuous_naca,direct OpenFOAM-coefficient surrogate,0.047237475395161696,-1.1893528699874878,98845.421875,unet,surrogate estimate; validate top designs with OpenFOAM,23.270122681744738,0.3044046962228813,0.0,4415,0.16138124252067962
3.920066458581336,0.04473421852646925,0.03445480018854141,0.4721457225542123,23.237127301885586,0.8006538152694702,500000.0,continuous_82,82,continuous_naca,direct OpenFOAM-coefficient surrogate,0.04728715560811938,-1.1889495849609375,98845.5703125,unet,surrogate estimate; validate top designs with OpenFOAM,23.237127301885586,0.3044206948166612,0.0,4415,0.16138427815399214
3.9239232863276046,0.04476099495867285,0.03448120504617691,0.4696334435331287,23.270141034159796,0.8024057745933533,500000.0,continuous_83,83,continuous_naca,direct OpenFOAM-coefficient surrogate,0.04723057105740287,-1.1893386840820312,98845.421875,unet,surrogate estimate; validate top designs with OpenFOAM,23.270141034159796,0.30427641656413673,0.0,4415,0.16138214531048342
4.0,0.010790708920311904,0.02081860974431038,0.18090364028850492,16.591208037627734,0.3454224765300751,500000.0,continuous_1,1,continuous_naca,direct OpenFOAM-coefficient surrogate,0.0,-0.6058788299560547,98931.3515625,pinn,surrogate estimate; validate top designs with OpenFOAM,16.591208037627734,0.4,0.0,0012,0.12
4.0,0.005123204583017623,0.02371099404990673,0.2027801301670252,17.72121039659737,0.4202052354812622,500000.0,continuous_2,2,continuous_naca,direct OpenFOAM-coefficient surrogate,0.00025,-0.6252435445785522,98919.8359375,pinn,surrogate estimate; validate top designs with OpenFOAM,17.72121039659737,0.4,0.0,0012,0.12
4.0,0.010790708920311904,0.02081860974431038,0.18090364028850492,16.591208037627734,0.3454224765300751,500000.0,continuous_3,3,continuous_naca,direct OpenFOAM-coefficient surrogate,0.0,-0.6058788299560547,98931.3515625,pinn,surrogate estimate; validate top designs with OpenFOAM,16.591208037627734,0.42000000000000004,0.0,0012,0.12
4.0,0.007099878548647047,0.020910734310746193,0.12690624959597438,16.48807641933748,0.34479427337646484,500000.0,continuous_4,4,continuous_naca,direct OpenFOAM-coefficient surrogate,0.0,-0.6296488046646118,98927.1796875,pinn,surrogate estimate; validate top designs with OpenFOAM,16.48807641933748,0.4,0.0,0012,0.126
4.2,0.011578525729134191,0.021744102239608765,0.19047418458240745,16.737152255603007,0.36395108699798584,500000.0,continuous_5,5,continuous_naca,direct OpenFOAM-coefficient surrogate,0.0,-0.6342562437057495,98927.65625,pinn,surrogate estimate; validate top designs with OpenFOAM,16.737152255603007,0.4,0.0,0012,0.12
4.1,0.01217259707608083,0.02327377162873745,0.2372706705606275,17.831989625576714,0.4150354862213135,500000.0,continuous_6,6,continuous_naca,direct OpenFOAM-coefficient surrogate,0.000125,-0.6032582521438599,98925.7265625,pinn,surrogate estimate; validate top designs with OpenFOAM,17.831989625576714,0.41000000000000003,0.0,0012,0.11399999999999999
4.149999999999999,0.009245384612553925,0.023269716650247574,0.21121372602510965,17.950525788211802,0.41772159934043884,500000.0,continuous_7,7,continuous_naca,direct OpenFOAM-coefficient surrogate,0.0001875,-0.5773314237594604,98930.21875,pinn,surrogate estimate; validate top designs with OpenFOAM,17.950525788211802,0.41500000000000004,0.0,0012,0.10799999999999998
4.174999999999999,0.011541890324540383,0.024722911417484283,0.28125030489087827,17.980927506360352,0.44455885887145996,500000.0,continuous_8,8,continuous_naca,direct OpenFOAM-coefficient surrogate,0.00021875,-0.6091983318328857,98922.2109375,pinn,surrogate estimate; validate top designs with OpenFOAM,17.980927506360352,0.38750000000000007,0.0,0012,0.11399999999999999
4.262499999999999,0.011435456982323702,0.02577156573534012,0.2968890672774886,18.132911277518076,0.4673316478729248,500000.0,continuous_9,9,continuous_naca,direct OpenFOAM-coefficient surrogate,0.000328125,-0.5946277379989624,98923.109375,pinn,surrogate estimate; validate top designs with OpenFOAM,18.132911277518076,0.3712500000000001,0.0,0012,0.11099999999999999
4.306249999999999,0.011978765015011132,0.024850070476531982,0.2459434268151241,18.112272589114138,0.4501093626022339,500000.0,continuous_10,10,continuous_naca,direct OpenFOAM-coefficient surrogate,0.0003828125,-0.602597713470459,98924.78125,pinn,surrogate estimate; validate top designs with OpenFOAM,18.112272589114138,0.39312500000000006,0.0,0012,0.10949999999999999
4.159374999999998,0.006175953212266245,0.02427159808576107,0.20732055346227948,18.21349493902379,0.4420888423919678,500000.0,continuous_11,11,continuous_naca,direct OpenFOAM-coefficient surrogate,0.00057421875,-0.5663297772407532,98930.5546875,pinn,surrogate estimate; validate top designs with OpenFOAM,18.21349493902379,0.3896875000000001,0.0,0012,0.10424999999999998
4.139062499999996,-0.001410166910486786,0.024156779050827026,0.05852302704848367,18.384727124252368,0.4441341757774353,500000.0,continuous_12,12,continuous_naca,direct OpenFOAM-coefficient surrogate,0.0008613281249999999,-0.5305253863334656,98936.2578125,pinn,surrogate estimate; validate top designs with OpenFOAM,18.384727124252368,0.38453125,0.0,0012,0.09637499999999999
4.428906249999997,-0.0019367317253620071,0.025296691805124283,0.08006867657280038,18.35404945952869,0.4643150866031647,500000.0,continuous_13,13,continuous_naca,direct OpenFOAM-coefficient surrogate,0.0006298828124999999,-0.5338252186775208,98932.625,pinn,surrogate estimate; validate top designs with OpenFOAM,18.35404945952869,0.381953125,0.0,0012,0.09243749999999998
4.418359374999998,-0.002967694020910532,0.02675284445285797,0.0806872101363446,18.64423141677958,0.49880486726760864,500000.0,continuous_14,14,continuous_naca,direct OpenFOAM-coefficient surrogate,0.00091357421875,-0.5436365604400635,98932.2578125,pinn,surrogate estimate; validate top designs with OpenFOAM,18.64423141677958,0.3504296874999999,0.0,0012,0.09665624999999997
4.5525390624999975,-0.0031810911708894793,0.028455791994929314,0.11724600640555764,19.35183026484282,0.5506910085678101,500000.0,continuous_15,15,continuous_naca,direct OpenFOAM-coefficient surrogate,0.0012766113281249998,-0.5046437382698059,98937.1015625,pinn,surrogate estimate; validate top designs with OpenFOAM,19.35183026484282,0.31814453124999975,0.0,0012,0.09098437499999995
4.3852539062499964,-0.0030909439223378876,0.02691783383488655,0.12720886391041708,19.045441200557097,0.5126810669898987,500000.0,continuous_16,16,continuous_naca,direct OpenFOAM-coefficient surrogate,0.0011651611328124998,-0.511496901512146,98938.8125,pinn,surrogate estimate; validate top designs with OpenFOAM,19.045441200557097,0.3348144531249999,0.0,0012,0.08589843749999998
4.490380859374994,0.0066936459380352534,0.026989998295903206,0.2199642201630423,19.225750898530084,0.5189222097396851,500000.0,continuous_17,17,continuous_naca,direct OpenFOAM-coefficient surrogate,0.0016383666992187496,-0.4887842833995819,98945.6328125,pinn,surrogate estimate; validate top designs with OpenFOAM,19.225750898530084,0.3384716796874998,0.0,0012,0.07184765624999995
4.354711914062495,0.0014623757958957817,0.02788127213716507,0.16994233559839356,20.008234423969018,0.5578750371932983,500000.0,continuous_18,18,continuous_naca,direct OpenFOAM-coefficient surrogate,0.0018408508300781245,-0.46694546937942505,98944.0234375,pinn,surrogate estimate; validate top designs with OpenFOAM,20.008234423969018,0.3060278320312497,0.0,0012,0.08011523437499996
4.317614746093744,0.012785915943901584,0.02912573143839836,0.3158283013058156,21.791179792475603,0.6347058415412903,500000.0,continuous_19,19,continuous_naca,direct OpenFOAM-coefficient surrogate,0.002446334838867187,-0.3999423086643219,98945.9375,pinn,surrogate estimate; validate top designs with OpenFOAM,21.791179792475603,0.26806518554687453,0.0,0012,0.07395410156249993
4.73383178710937,0.022195511063062334,0.03131967410445213,0.3835562845473659,22.645966233404184,0.7092869281768799,500000.0,continuous_20,20,continuous_naca,direct OpenFOAM-coefficient surrogate,0.0024019088745117186,-0.36742204427719116,98944.578125,pinn,surrogate estimate; validate top designs with OpenFOAM,22.645966233404184,0.245216674804687,0.0,0012,0.06496728515624992
5.031216430664056,0.015001240805753473,0.03372211754322052,0.22895423129545286,25.109258575111205,0.846762478351593,500000.0,continuous_21,21,continuous_naca,direct OpenFOAM-coefficient surrogate,0.003172199249267577,-0.2730971574783325,98945.734375,pinn,surrogate estimate; validate top designs with OpenFOAM,25.109258575111205,0.17555938720703046,0.0,0012,0.06
4.8106216430663995,0.019971078143143542,0.0323125496506691,0.33103217850560945,23.886437765950568,0.7718555927276611,500000.0,continuous_22,22,continuous_naca,direct OpenFOAM-coefficient surrogate,0.003101594924926757,-0.3237852156162262,98945.09375,pinn,surrogate estimate; validate top designs with OpenFOAM,23.886437765950568,0.21530593872070236,0.0,0012,0.06249462890624993
4.865615081787105,0.025254049358418722,0.03351005166769028,0.3415480808494542,25.934826549484796,0.8691033124923706,500000.0,continuous_23,23,continuous_naca,direct OpenFOAM-coefficient surrogate,0.003360003471374511,-0.25130394101142883,98944.015625,pinn,surrogate estimate; validate top designs with OpenFOAM,25.934826549484796,0.15006584167480375,0.0,0012,0.07186889648437494
5.0532321929931605,0.02589385757628169,0.03525815159082413,0.3203835955342344,26.19108353567263,0.9234753847122192,500000.0,continuous_24,24,continuous_naca,direct OpenFOAM-coefficient surrogate,0.004220821857452392,-0.24790948629379272,98937.7265625,pinn,surrogate estimate; validate top designs with OpenFOAM,26.19108353567263,0.1,0.0,0012,0.07187951660156244
5.0538034439086825,-0.0071892262701122355,0.03527473658323288,-0.026696371207060258,26.357934752889737,0.9297955632209778,500000.0,continuous_25,25,continuous_naca,direct OpenFOAM-coefficient surrogate,0.005193864107131957,-0.2621528208255768,98932.75,pinn,surrogate estimate; validate top designs with OpenFOAM,26.357934752889737,0.1,0.0,0012,0.06
5.304435634613025,-0.0018742170419834166,0.036286450922489166,0.024601896626113624,26.289130827577694,0.9539655447006226,500000.0,continuous_26,26,continuous_naca,direct OpenFOAM-coefficient surrogate,0.007152490496635435,-0.278740793466568,98928.8984375,pinn,surrogate estimate; validate top designs with OpenFOAM,26.289130827577694,0.1,0.0,0012,0.06
5.656822109222405,-0.008202158188565178,0.03756900876760483,-0.033178722729797536,25.620426291663268,0.9625596404075623,500000.0,continuous_27,27,continuous_naca,direct OpenFOAM-coefficient surrogate,0.005397905230522155,-0.284045547246933,98928.59375,pinn,surrogate estimate; validate top designs with OpenFOAM,25.620426291663268,0.1,0.0,0012,0.06
5.586915445327753,0.004563512832587247,0.03727861866354942,0.10199953103224509,25.77571031571383,0.9609086513519287,500000.0,continuous_28,28,continuous_naca,direct OpenFOAM-coefficient surrogate,0.005890800297260282,-0.2804037034511566,98929.6953125,pinn,surrogate estimate; validate top designs with OpenFOAM,25.77571031571383,0.1,0.0,0012,0.06344512939453129
5.644170165061944,0.013701199138351751,0.03758896887302399,0.1809635399812706,25.83495143442288,0.9711350202560425,500000.0,continuous_29,29,continuous_naca,direct OpenFOAM-coefficient surrogate,0.007179496496915816,-0.2831968069076538,98929.1953125,pinn,surrogate estimate; validate top designs with OpenFOAM,25.83495143442288,0.1,0.0,0012,0.06766232299804686
5.012238514423364,0.02215115387304228,0.03520149737596512,0.2858368079938421,26.43862103839167,0.9307054877281189,500000.0,continuous_30,30,continuous_naca,direct OpenFOAM-coefficient surrogate,0.005844586148858067,-0.2534968852996826,98935.9453125,pinn,surrogate estimate; validate top designs with OpenFOAM,26.43862103839167,0.1,0.0,0012,0.0714934844970703
4.689946717023844,0.026592861741181566,0.03422088176012039,0.3491134284419543,26.736072605600164,0.9149587154388428,500000.0,continuous_31,31,continuous_naca,direct OpenFOAM-coefficient surrogate,0.006067926608026023,-0.23971512913703918,98939.2578125,pinn,surrogate estimate; validate top designs with OpenFOAM,26.736072605600164,0.10000000000000003,0.0,0012,0.07724022674560543
4.633660814166062,0.02467855678717286,0.03392776474356651,0.332691505249779,26.737115505355494,0.907157301902771,500000.0,continuous_32,32,continuous_naca,direct OpenFOAM-coefficient surrogate,0.005440254237502813,-0.23788970708847046,98939.625,pinn,surrogate estimate; validate top designs with OpenFOAM,26.737115505355494,0.1,0.0,0012,0.07494590377807608
4.157033498585216,0.019368935519263778,0.032573118805885315,0.3549345379870947,27.02751725867761,0.8803975582122803,500000.0,continuous_33,33,continuous_naca,direct OpenFOAM-coefficient surrogate,0.005214981207624078,-0.21922117471694946,98943.96875,pinn,surrogate estimate; validate top designs with OpenFOAM,27.02751725867761,0.10000000000000003,0.0,0012,0.08069629096984848
3.832837761193508,0.016769215672764532,0.03149682283401489,0.34124269265972546,26.976281417370704,0.8496941328048706,500000.0,continuous_34,34,continuous_naca,direct OpenFOAM-coefficient surrogate,0.0031693003932014106,-0.20485270023345947,98946.890625,pinn,surrogate estimate; validate top designs with OpenFOAM,26.976281417370704,0.1,0.0,0012,0.07724569416046131
3.8135785173624654,0.018358552069030126,0.03150627762079239,0.32023032774943416,27.423089817698134,0.8640269041061401,500000.0,continuous_35,35,continuous_naca,direct OpenFOAM-coefficient surrogate,0.005602214300539343,-0.2139400839805603,98943.9921875,pinn,surrogate estimate; validate top designs with OpenFOAM,27.423089817698134,0.1,0.0,0012,0.07571158933639516
3.193751679547118,0.014246060524334598,0.02985510602593422,0.31635055642497606,27.863547229412518,0.8318970203399658,500000.0,continuous_36,36,continuous_naca,direct OpenFOAM-coefficient surrogate,0.0062929105220828185,-0.19892051815986633,98946.90625,pinn,surrogate estimate; validate top designs with OpenFOAM,27.863547229412518,0.10000000000000003,0.0,0012,0.07762762570381151
2.8829813842661602,8.193329425699596e-05,0.02943878248333931,0.1417415147578414,27.254008118520616,0.8023520708084106,500000.0,continuous_37,37,continuous_naca,direct OpenFOAM-coefficient surrogate,0.005178695258335208,-0.18117490410804749,98953.421875,pinn,surrogate estimate; validate top designs with OpenFOAM,27.254008118520616,0.10000000000000003,0.0,0012,0.09640491878986338
2.3433554447721567,-0.000620524821384884,0.027888666838407516,0.1362377522926421,27.33426434613032,0.7623435258865356,500000.0,continuous_38,38,continuous_naca,direct OpenFOAM-coefficient surrogate,0.0038600170825957326,-0.1668153703212738,98955.578125,pinn,surrogate estimate; validate top designs with OpenFOAM,27.33426434613032,0.10000000000000003,0.0,0012,0.0887470380663869
2.4557232423918176,0.002026179357099379,0.028402626514434814,0.1845663868010312,27.800453259360673,0.7896336913108826,500000.0,continuous_39,39,continuous_naca,direct OpenFOAM-coefficient surrogate,0.007104001642117509,-0.17889925837516785,98952.953125,pinn,surrogate estimate; validate top designs with OpenFOAM,27.800453259360673,0.10000000000000006,0.0,0012,0.09449224260449382
1.2808723769034103,-0.004431376463844753,0.02585400827229023,0.15803491852681603,27.354131521441637,0.7072412967681885,500000.0,continuous_40,40,continuous_naca,direct OpenFOAM-coefficient surrogate,0.006002831044941556,-0.1518418788909912,98959.515625,pinn,surrogate estimate; validate top designs with OpenFOAM,27.354131521441637,0.10000000000000006,0.0,0012,0.0979396216124293
1.7538699875410915,0.0028330176334694537,0.026405945420265198,0.31411525225670023,28.166687131751313,0.743796169757843,500000.0,continuous_41,41,continuous_naca,direct OpenFOAM-coefficient surrogate,0.006451184887533599,-0.16340336203575134,98954.828125,pinn,surrogate estimate; validate top designs with OpenFOAM,28.166687131751313,0.10000000000000006,0.0,0012,0.0829983452036974
1.189314289178557,0.00021414806644457898,0.024970486760139465,0.2573143551529071,28.565058103490085,0.7133119702339172,500000.0,continuous_42,42,continuous_naca,direct OpenFOAM-coefficient surrogate,0.007087429702132796,-0.15409615635871887,98956.0546875,pinn,surrogate estimate; validate top designs with OpenFOAM,28.565058103490085,0.10000000000000009,0.0,0012,0.0762950584106144
1.7164753492382951,0.006420953693144473,0.02641203999519348,0.32062862735898157,28.783886293959153,0.7602699398994446,500000.0,continuous_43,43,continuous_naca,direct OpenFOAM-coefficient surrogate,0.009383569373041606,-0.17224383354187012,98952.578125,pinn,surrogate estimate; validate top designs with OpenFOAM,28.783886293959153,0.10000000000000009,0.0,0012,0.08443023609928763
1.4030353014713643,0.001445982131882732,0.02570628561079502,0.26909102422116254,29.483899337710657,0.757951021194458,500000.0,continuous_44,44,continuous_naca,direct OpenFOAM-coefficient surrogate,0.012145345518264544,-0.17531532049179077,98951.4140625,pinn,surrogate estimate; validate top designs with OpenFOAM,29.483899337710657,0.10000000000000009,0.0,0012,0.08227183511573799
2.8400398793910178,-0.0021074764133522674,0.028701895847916603,0.060641556570666284,29.111842291924884,0.8355941772460938,500000.0,continuous_45,45,continuous_naca,direct OpenFOAM-coefficient surrogate,0.01031201264735728,-0.20815831422805786,98942.7421875,pinn,surrogate estimate; validate top designs with OpenFOAM,29.111842291924884,0.10000000000000006,0.0,0012,0.06740375930489956
1.8573473324022114,-0.001918112127773081,0.026072295382618904,0.10175687952674758,29.903308992714123,0.7796778082847595,500000.0,continuous_46,46,continuous_naca,direct OpenFOAM-coefficient surrogate,0.010814847552801212,-0.18636709451675415,98946.6953125,pinn,surrogate estimate; validate top designs with OpenFOAM,29.903308992714123,0.10000000000000009,0.0,0012,0.06
1.5581593774074083,-0.0018060213751393344,0.025461383163928986,0.13025941227575066,30.32811775050953,0.7722261548042297,500000.0,continuous_47,47,continuous_naca,direct OpenFOAM-coefficient surrogate,0.012670270508143063,-0.18529146909713745,98946.9296875,pinn,surrogate estimate; validate top designs with OpenFOAM,30.32811775050953,0.10000000000000009,0.0,0012,0.06
0.3015227441770558,-0.004881432656057781,0.023060470819473267,0.13588385441779166,30.43096548795827,0.7017828226089478,500000.0,continuous_48,48,continuous_naca,direct OpenFOAM-coefficient surrogate,0.014814618665866022,-0.1623544991016388,98953.6015625,pinn,surrogate estimate; validate top designs with OpenFOAM,30.43096548795827,0.10000000000000014,0.0,0012,0.06535770071181446
-1.1445917235079754,-0.012792882184548245,0.020585423335433006,0.33462437833945224,30.55190887286001,0.6289545297622681,500000.0,continuous_49,49,continuous_naca,direct OpenFOAM-coefficient surrogate,0.019075472737757625,-0.14524954557418823,98958.7265625,pinn,surrogate estimate; validate top designs with OpenFOAM,30.55190887286001,0.1000000000000002,0.0,0012,0.06
1.1390071282023504,0.004295055011406163,0.024750517681241035,0.48799464903271633,31.855874280458107,0.7884812355041504,500000.0,continuous_50,50,continuous_naca,direct OpenFOAM-coefficient surrogate,0.02001412100362846,-0.20317524671554565,98943.4921875,pinn,surrogate estimate; validate top designs with OpenFOAM,31.855874280458107,0.10000000000000014,0.0,0012,0.06
1.113853547714247,0.0003474487648547159,0.024927448481321335,0.4209718419233761,32.91021007867406,0.8204004764556885,500000.0,continuous_51,51,continuous_naca,direct OpenFOAM-coefficient surrogate,0.026477466654376294,-0.23169687390327454,98938.21875,pinn,surrogate estimate; validate top designs with OpenFOAM,32.91021007867406,0.1000000000000002,0.0,0012,0.06
-1.3748116278484956,-0.018649187342790363,0.02040334977209568,0.4432903525584236,31.617928417147134,0.6451432704925537,500000.0,continuous_52,52,continuous_naca,direct OpenFOAM-coefficient surrogate,0.024872265061913486,-0.18439844250679016,98956.109375,pinn,surrogate estimate; validate top designs with OpenFOAM,31.617928417147134,0.10000000000000023,0.0,0012,0.06373215825296943
-1.3267305145887722,-0.014231403364552548,0.02047223597764969,0.2651863230900506,32.93950583129531,0.6743782758712769,500000.0,continuous_53,53,continuous_naca,direct OpenFOAM-coefficient surrogate,0.02940239196283069,-0.20962774753570557,98952.2109375,pinn,surrogate estimate; validate top designs with OpenFOAM,32.93950583129531,0.10000000000000026,0.0,0012,0.06
-2.6916134226188406,-0.0052253940887590535,0.018552929162979126,-0.004659270111142355,33.21597643302036,0.6162868738174438,500000.0,continuous_54,54,continuous_naca,direct OpenFOAM-coefficient surrogate,0.03803091518511376,-0.26420292258262634,98955.2890625,pinn,surrogate estimate; validate top designs with OpenFOAM,33.21597643302036,0.10000000000000031,0.0,0012,0.06
-3.606740990537941,-0.0054804593628845905,0.017693625763058662,0.018579905154703858,31.71872927909607,0.5612510442733765,500000.0,continuous_55,55,continuous_naca,direct OpenFOAM-coefficient surrogate,0.041557789311437526,-0.2960616946220398,98959.3984375,pinn,surrogate estimate; validate top designs with OpenFOAM,31.71872927909607,0.10000000000000037,0.0,0012,0.061866079126484716
-2.1350645231375394,-0.007847029446355328,0.01957939751446247,0.174516997818034,35.13915622329098,0.6880386471748352,500000.0,continuous_56,56,continuous_naca,direct OpenFOAM-coefficient surrogate,0.046393745368662906,-0.3680800199508667,98938.9140625,pinn,surrogate estimate; validate top designs with OpenFOAM,35.13915622329098,0.10000000000000037,0.0,0012,0.06279911868972708
-2.630300922952321,-0.01499942186924105,0.019242431968450546,0.17279591758766305,35.87174980954486,0.6902955770492554,500000.0,continuous_57,57,continuous_naca,direct OpenFOAM-coefficient surrogate,0.06005288168411555,-0.575455367565155,98906.0078125,pinn,surrogate estimate; validate top designs with OpenFOAM,35.87174980954486,0.10000000000000042,0.0,0012,0.06419867803459062
-2.532589266348932,-0.01453446760265041,0.019194884225726128,0.1867603433667992,36.20291704962861,0.6949470043182373,500000.0,continuous_58,58,continuous_naca,direct OpenFOAM-coefficient surrogate,0.05818726135560808,-0.5291509628295898,98913.203125,pinn,surrogate estimate; validate top designs with OpenFOAM,36.20291704962861,0.10000000000000042,0.0,0012,0.06
-3.11147808559915,-0.016252010609597314,0.01912875473499298,0.3885617825001794,35.90774721675667,0.6869063973426819,500000.0,continuous_59,59,continuous_naca,direct OpenFOAM-coefficient surrogate,0.07484475950245538,-0.8296741843223572,98864.78125,pinn,surrogate estimate; validate top designs with OpenFOAM,35.90774721675667,0.10000000000000053,0.0,0012,0.06
0.23641595843501761,-0.0069462230448238274,0.023915734142065048,0.3265197563542627,35.76584106032475,0.8554021120071411,500000.0,continuous_60,60,continuous_naca,direct OpenFOAM-coefficient surrogate,0.04981647312816931,-0.44106289744377136,98906.90625,pinn,surrogate estimate; validate top designs with OpenFOAM,35.76584106032475,0.10000000000000031,0.0,0012,0.06023325989081059
-4.0,-0.026091786676444847,0.018632948398590088,0.41242361792321913,33.566390761020514,0.6254743933677673,500000.0,continuous_61,61,continuous_naca,direct OpenFOAM-coefficient surrogate,0.07656629902212705,-0.8310043811798096,98874.6875,pinn,surrogate estimate; validate top designs with OpenFOAM,33.566390761020514,0.10000000000000053,0.0,0012,0.062215968962700596
-1.771623692814277,-0.021276458308193115,0.021107394248247147,0.20007609068080026,37.260684071611415,0.7865132093429565,500000.0,continuous_62,62,continuous_naca,direct OpenFOAM-coefficient surrogate,0.08428054240989624,-1.0749785900115967,98806.9296875,pinn,surrogate estimate; validate top designs with OpenFOAM,37.260684071611415,0.10000000000000053,0.0,0012,0.0633239534440509
-1.3116288279119956,-0.011588051238738364,0.021956343203783035,0.12977499474627152,37.32617045641436,0.819583535194397,500000.0,continuous_63,63,continuous_naca,direct OpenFOAM-coefficient surrogate,0.09,-1.1830981969833374,98781.4375,pinn,surrogate estimate; validate top designs with OpenFOAM,37.32617045641436,0.10000000000000064,0.0,0012,0.06498593016607634
0.8809484706108845,-0.0042440929853992965,0.02536185458302498,0.3798967325653659,35.43863437172453,0.89882493019104,500000.0,continuous_64,64,continuous_naca,direct OpenFOAM-coefficient surrogate,0.052462009061819415,-0.5083949565887451,98889.0859375,pinn,surrogate estimate; validate top designs with OpenFOAM,35.43863437172453,0.10000000000000037,0.0,0012,0.06249296508303817
-0.3392886470418368,-0.012180923233686776,0.023036736994981766,0.1995903731566102,36.487074625754154,0.840579628944397,500000.0,continuous_65,65,continuous_naca,direct OpenFOAM-coefficient surrogate,0.05848808155189632,-0.5933362245559692,98881.3515625,pinn,surrogate estimate; validate top designs with OpenFOAM,36.487074625754154,0.10000000000000042,0.0,0012,0.06242371605295377
4.0,0.0149439440229835,0.025147389620542526,0.2740171400885723,23.87438102574815,0.6004022359848022,500000.0,continuous_1,1,continuous_naca,direct OpenFOAM-coefficient surrogate,0.02,-0.7794051170349121,98905.7734375,pinn,surrogate estimate; validate top designs with OpenFOAM,23.87438102574815,0.4,0.0,2412,0.12
4.0,0.014911504283812799,0.02529274672269821,0.29973754477659775,24.22556237822925,0.6127552390098572,500000.0,continuous_2,2,continuous_naca,direct OpenFOAM-coefficient surrogate,0.021,-0.7915838956832886,98904.8828125,pinn,surrogate estimate; validate top designs with OpenFOAM,24.22556237822925,0.4,0.0,2412,0.12
4.0,0.01584843185717582,0.024602986872196198,0.252090421692202,23.3808258900683,0.5752615332603455,500000.0,continuous_3,3,continuous_naca,direct OpenFOAM-coefficient surrogate,0.02,-0.7522270679473877,98912.2890625,pinn,surrogate estimate; validate top designs with OpenFOAM,23.3808258900683,0.42000000000000004,0.0,2412,0.12
4.0,0.017805876246861134,0.0254046693444252,0.30755816632195343,23.68986306074109,0.6018568277359009,500000.0,continuous_4,4,continuous_naca,direct OpenFOAM-coefficient surrogate,0.02,-0.8182401657104492,98905.7421875,pinn,surrogate estimate; validate top designs with OpenFOAM,23.68986306074109,0.4,0.0,2412,0.126
4.2,0.015965487056759466,0.02599230594933033,0.28166318546028785,23.811969077419246,0.6189517974853516,500000.0,continuous_5,5,continuous_naca,direct OpenFOAM-coefficient surrogate,0.02,-0.7995156645774841,98902.09375,pinn,surrogate estimate; validate top designs with OpenFOAM,23.811969077419246,0.4,0.0,2412,0.12
4.1,0.018103467130207652,0.026393607258796692,0.3323557036367946,24.4313781763475,0.6448566317558289,500000.0,continuous_6,6,continuous_naca,direct OpenFOAM-coefficient surrogate,0.0205,-0.8451644778251648,98898.921875,pinn,surrogate estimate; validate top designs with OpenFOAM,24.4313781763475,0.38,0.0,2412,0.123
4.149999999999999,0.016753534282208295,0.02737416699528694,0.39572877183824684,24.810326128816648,0.6791868209838867,500000.0,continuous_7,7,continuous_naca,direct OpenFOAM-coefficient surrogate,0.020749999999999998,-0.8818547129631042,98887.5078125,pinn,surrogate estimate; validate top designs with OpenFOAM,24.810326128816648,0.3600000000000001,0.0,2412,0.1245
4.174999999999999,0.015713730885255416,0.02644551545381546,0.3029008722870077,24.747818723821116,0.6544935703277588,500000.0,continuous_8,8,continuous_naca,direct OpenFOAM-coefficient surrogate,0.020875,-0.8127830028533936,98898.390625,pinn,surrogate estimate; validate top designs with OpenFOAM,24.747818723821116,0.38,0.0,2412,0.11624999999999999
3.9624999999999977,0.017900796115093393,0.026179978623986244,0.3404053099789708,25.128483648948034,0.6578882932662964,500000.0,continuous_9,9,continuous_naca,direct OpenFOAM-coefficient surrogate,0.0213125,-0.8403524160385132,98898.171875,pinn,surrogate estimate; validate top designs with OpenFOAM,25.128483648948034,0.37,0.0,2412,0.12037500000000001
3.8437499999999964,0.01654438764495431,0.02638632245361805,0.38518609901820633,25.76506289701417,0.6798710227012634,500000.0,continuous_10,10,continuous_naca,direct OpenFOAM-coefficient surrogate,0.021968750000000002,-0.8565617203712463,98891.1171875,pinn,surrogate estimate; validate top designs with OpenFOAM,25.76506289701417,0.355,0.0,2412,0.12056250000000002
4.084374999999998,0.01888007947802996,0.02755546197295189,0.42365833229525757,25.828747490441486,0.7117488980293274,500000.0,continuous_11,11,continuous_naca,direct OpenFOAM-coefficient surrogate,0.022296875000000004,-0.8852106332778931,98883.90625,pinn,surrogate estimate; validate top designs with OpenFOAM,25.828747490441486,0.34750000000000003,0.0,2412,0.12065625000000002
4.126562499999997,0.011944624003996379,0.029050469398498535,0.4383985259353585,26.677560341921577,0.7750223278999329,500000.0,continuous_12,12,continuous_naca,direct OpenFOAM-coefficient surrogate,0.023445312500000003,-0.8960728049278259,98864.21875,pinn,surrogate estimate; validate top designs with OpenFOAM,26.677560341921577,0.32125000000000004,0.0,2412,0.12098437500000003
4.147656249999995,0.020535565977565187,0.029587630182504654,0.553574600873845,26.499928985857835,0.7840965986251831,500000.0,continuous_13,13,continuous_naca,direct OpenFOAM-coefficient surrogate,0.022519531250000006,-0.8657031655311584,98861.6640625,pinn,surrogate estimate; validate top designs with OpenFOAM,26.499928985857835,0.3081250000000001,0.0,2412,0.12114843750000004
3.9589843749999947,0.0046397456009425455,0.030112508684396744,0.3338479482234966,26.63606277121237,0.8021053075790405,500000.0,continuous_14,14,continuous_naca,direct OpenFOAM-coefficient surrogate,0.023466796875000005,-0.8599868416786194,98849.6015625,pinn,surrogate estimate; validate top designs with OpenFOAM,26.63606277121237,0.29218750000000016,0.0,2412,0.12734765625000005
3.888476562499992,0.011205267451176715,0.030019769445061684,0.603042965834533,27.486060831619373,0.8251526951789856,500000.0,continuous_15,15,continuous_naca,direct OpenFOAM-coefficient surrogate,0.024950195312500013,-0.8396704792976379,98852.671875,pinn,surrogate estimate; validate top designs with OpenFOAM,27.486060831619373,0.27828125000000004,0.0,2412,0.12052148437500007
3.757714843749989,0.013688484984239913,0.030565433204174042,0.5324977744450266,28.650187130136658,0.8757340312004089,500000.0,continuous_16,16,continuous_naca,direct OpenFOAM-coefficient surrogate,0.027050292968750014,-0.7712263464927673,98855.84375,pinn,surrogate estimate; validate top designs with OpenFOAM,28.650187130136658,0.237421875,0.0,2412,0.11853222656250012
4.1517089843749915,0.014351634781825868,0.03214301913976669,0.5734727778205317,28.27761042950275,0.9089560508728027,500000.0,continuous_17,17,continuous_naca,direct OpenFOAM-coefficient surrogate,0.02627221679687501,-0.7480782270431519,98858.3671875,pinn,surrogate estimate; validate top designs with OpenFOAM,28.27761042950275,0.2244921875000001,0.0,2412,0.1234438476562501
3.8498291015624906,0.010876482512485897,0.031213905662298203,0.5558612770123089,28.631860767886483,0.8937408328056335,500000.0,continuous_18,18,continuous_naca,direct OpenFOAM-coefficient surrogate,0.027597778320312513,-0.7759279608726501,98851.7421875,pinn,surrogate estimate; validate top designs with OpenFOAM,28.631860767886483,0.22955078125000006,0.0,2412,0.12400561523437512
3.983923339843739,0.007862700884510996,0.031465426087379456,0.4890762632726286,29.211324473990505,0.9191759824752808,500000.0,continuous_19,19,continuous_naca,direct OpenFOAM-coefficient surrogate,0.02871600341796877,-0.7337908148765564,98860.921875,pinn,surrogate estimate; validate top designs with OpenFOAM,29.211324473990505,0.21416992187499995,0.0,2412,0.11613537597656265
3.9963928222656104,-0.0023545169772162568,0.031956031918525696,0.26090336618143667,29.9265787289345,0.956364631652832,500000.0,continuous_20,20,continuous_naca,direct OpenFOAM-coefficient surrogate,0.03134060668945315,-0.6299630999565125,98868.5,pinn,surrogate estimate; validate top designs with OpenFOAM,29.9265787289345,0.1751611328124998,0.0,2412,0.11052923583984398
3.7512603759765444,0.018576948898716358,0.03296324610710144,0.42483756057183025,29.693272136505097,0.9788163304328918,500000.0,continuous_21,21,continuous_naca,direct OpenFOAM-coefficient surrogate,0.03268513488769534,-0.4098525643348694,98895.109375,pinn,surrogate estimate; validate top designs with OpenFOAM,29.693272136505097,0.11206298828124994,0.0,2412,0.11727108764648461
3.5258895874023253,-0.0018563277921403714,0.03113640286028385,0.1962773235027709,30.476333277269593,0.9489538669586182,500000.0,continuous_22,22,continuous_naca,direct OpenFOAM-coefficient surrogate,0.0330646896362305,-0.5555315613746643,98876.9453125,pinn,surrogate estimate; validate top designs with OpenFOAM,30.476333277269593,0.1526062011718748,0.0,2412,0.1117252349853518
3.212979888915992,0.007887625165909556,0.030999738723039627,0.3410798190263346,31.064769898815054,0.9630308151245117,500000.0,continuous_23,23,continuous_naca,direct OpenFOAM-coefficient surrogate,0.03646092605590824,-0.4505062699317932,98890.8828125,pinn,surrogate estimate; validate top designs with OpenFOAM,31.064769898815054,0.11666320800781216,0.0,2412,0.10586592864990263
3.5093448638915774,0.011529414410495589,0.03217858821153641,0.3324542280425484,30.655739006232416,0.9864890575408936,500000.0,continuous_24,24,continuous_naca,direct OpenFOAM-coefficient surrogate,0.03617070198059086,-0.37970611453056335,98902.0078125,pinn,surrogate estimate; validate top designs with OpenFOAM,30.655739006232416,0.1,0.0,2412,0.10209362411499057
3.477274131774873,0.031865604129824185,0.03213303163647652,0.6965361050222766,31.174764042341018,1.0017708539962769,500000.0,continuous_25,25,continuous_naca,direct OpenFOAM-coefficient surrogate,0.041278391838073775,-0.44830256700515747,98888.015625,pinn,surrogate estimate; validate top designs with OpenFOAM,31.174764042341018,0.1,0.0,2412,0.09934771156311079
3.3370537757873144,-0.006240089545143276,0.031593866646289825,0.031507621471030645,32.12289065508729,1.0149184465408325,500000.0,continuous_26,26,continuous_naca,direct OpenFOAM-coefficient surrogate,0.04839244127273565,-0.565051257610321,98865.78125,pinn,surrogate estimate; validate top designs with OpenFOAM,32.12289065508729,0.1,0.0,2412,0.08975545406341612
3.276625299453703,0.003755058843333896,0.030387211591005325,0.32658266179348144,32.295328345245466,0.981397271156311,500000.0,continuous_27,27,continuous_naca,direct OpenFOAM-coefficient surrogate,0.043497203111648605,-0.6057316660881042,98867.25,pinn,surrogate estimate; validate top designs with OpenFOAM,32.295328345245466,0.13384918212890604,0.0,2412,0.08685103368759203
3.0393077611922816,-0.005460629191017196,0.02944178506731987,0.2916755722793807,33.297321233081256,0.9803658723831177,500000.0,continuous_28,28,continuous_naca,direct OpenFOAM-coefficient surrogate,0.048903237223625246,-0.6933658123016357,98854.2265625,pinn,surrogate estimate; validate top designs with OpenFOAM,33.297321233081256,0.14474227905273407,0.0,2412,0.07164100670814572
2.5529503226279724,-0.0071713506288941025,0.0293746180832386,0.20049610619463404,33.720244408956546,0.9905530214309692,500000.0,continuous_29,29,continuous_naca,direct OpenFOAM-coefficient surrogate,0.05362304657697684,-0.6104894876480103,98859.2734375,pinn,surrogate estimate; validate top designs with OpenFOAM,33.720244408956546,0.1,0.0,2412,0.07414877092838354
1.831229072809153,0.0009536006395149477,0.027759362012147903,0.137596910128089,35.14266142729601,0.9755730032920837,500000.0,continuous_30,30,continuous_naca,direct OpenFOAM-coefficient surrogate,0.0647642665207387,-0.8192746043205261,98817.046875,pinn,surrogate estimate; validate top designs with OpenFOAM,35.14266142729601,0.1,0.0,2412,0.06
2.200940385460793,-0.013318486272902563,0.027927055954933167,0.16516260681355224,34.89204266388827,0.9744669198989868,500000.0,continuous_31,31,continuous_naca,direct OpenFOAM-coefficient surrogate,0.06308973355591305,-0.8982115983963013,98810.9765625,pinn,surrogate estimate; validate top designs with OpenFOAM,34.89204266388827,0.1307027435302731,0.0,2412,0.061537570595741664
1.991285608708779,0.004520860959295076,0.027822544798254967,0.5917690405357823,35.40985990107334,0.9852278232574463,500000.0,continuous_32,32,continuous_naca,direct OpenFOAM-coefficient surrogate,0.07611391323059809,-1.1350772380828857,98756.609375,pinn,surrogate estimate; validate top designs with OpenFOAM,35.40985990107334,0.12105930328369141,0.0,2412,0.06
1.3804384686051723,-0.015874439115004368,0.026515893638134003,0.13580058869142875,36.233603671703875,0.9608026146888733,500000.0,continuous_33,33,continuous_naca,direct OpenFOAM-coefficient surrogate,0.09,-1.3001545667648315,98732.6484375,pinn,surrogate estimate; validate top designs with OpenFOAM,36.233603671703875,0.12325735092163104,0.0,2412,0.06
0.8889040682463856,-0.026572476715063718,0.02474837936460972,0.2081026965810894,36.81787184354604,0.9112194776535034,500000.0,continuous_34,34,continuous_naca,direct OpenFOAM-coefficient surrogate,0.08498617737740286,-1.2511577606201172,98764.4609375,pinn,surrogate estimate; validate top designs with OpenFOAM,36.81787184354604,0.1493511867523191,0.0,2412,0.06
-0.3351707855240793,-0.03319977894466584,0.02196510322391987,0.13919645775856726,37.563142224061345,0.8251158595085144,500000.0,continuous_35,35,continuous_naca,direct OpenFOAM-coefficient surrogate,0.09,-1.2568086385726929,98790.3984375,pinn,surrogate estimate; validate top designs with OpenFOAM,37.563142224061345,0.17402678012847866,0.0,2412,0.06
-0.5005891905167621,0.004314950892521984,0.022779926657676697,0.09063815988030932,37.431293211991935,0.8527195453643799,500000.0,continuous_36,36,continuous_naca,direct OpenFOAM-coefficient surrogate,0.09,-1.230398178100586,98770.1484375,pinn,surrogate estimate; validate top designs with OpenFOAM,37.431293211991935,0.11925115823745736,0.0,2412,0.06
-1.0129866027740513,-0.011043141617492074,0.021878493949770927,0.12348551771486971,37.32809233643493,0.8167197704315186,500000.0,continuous_37,37,continuous_naca,direct OpenFOAM-coefficient surrogate,0.09,-1.2174018621444702,98783.109375,pinn,surrogate estimate; validate top designs with OpenFOAM,37.32809233643493,0.12756490111351043,0.0,2412,0.06
-2.0653831279140134,-0.030209585449157562,0.019636772572994232,0.13264938722000696,36.28301006518206,0.712517499923706,500000.0,continuous_38,38,continuous_naca,direct OpenFOAM-coefficient surrogate,0.09,-1.1693692207336426,98817.765625,pinn,surrogate estimate; validate top designs with OpenFOAM,36.28301006518206,0.17205009520053874,0.0,2412,0.06
-3.337503321969625,-0.025206610088863268,0.019017808139324188,0.12302538634327771,32.53805221905884,0.6188349723815918,500000.0,continuous_39,39,continuous_naca,direct OpenFOAM-coefficient surrogate,0.09,-1.0984002351760864,98839.7734375,pinn,surrogate estimate; validate top designs with OpenFOAM,32.53805221905884,0.17318911641836154,0.0,2412,0.06
0.20095302096147288,-0.002728077325148789,0.023760534822940826,0.10436021682317807,37.16535989157863,0.883105993270874,500000.0,continuous_40,40,continuous_naca,direct OpenFOAM-coefficient surrogate,0.09,-1.2679396867752075,98761.796875,pinn,surrogate estimate; validate top designs with OpenFOAM,37.16535989157863,0.13574029229581366,0.0,2412,0.06
1.2414863489873036,-0.016516003277513003,0.026600880548357964,0.11333330010075016,36.24421869371804,0.9641643762588501,500000.0,continuous_41,41,continuous_naca,direct OpenFOAM-coefficient surrogate,0.09,-1.2749481201171875,98731.109375,pinn,surrogate estimate; validate top designs with OpenFOAM,36.24421869371804,0.1062414706870913,0.0,2412,0.06
-1.2386657586886842,-0.01659668261378333,0.020975779742002487,0.1134432138599423,37.16623470265115,0.7796279191970825,500000.0,continuous_42,42,continuous_naca,direct OpenFOAM-coefficient surrogate,0.09,-1.220005989074707,98797.546875,pinn,surrogate estimate; validate top designs with OpenFOAM,37.16623470265115,0.1555979390721769,0.0,2412,0.06
-1.7446591897132613,3.717014901547452e-05,0.020349925383925438,0.09682268119648618,36.84241885331391,0.7497773170471191,500000.0,continuous_43,43,continuous_naca,direct OpenFOAM-coefficient surrogate,0.09,-1.1949723958969116,98804.875,pinn,surrogate estimate; validate top designs with OpenFOAM,36.84241885331391,0.152480096979998,0.0,2412,0.06
-0.2854500317072106,-0.004378078478339563,0.022792398929595947,0.08687624127889317,37.34973541728369,0.8513274192810059,500000.0,continuous_44,44,continuous_naca,direct OpenFOAM-coefficient surrogate,0.09,-1.254158854484558,98772.8359375,pinn,surrogate estimate; validate top designs with OpenFOAM,37.34973541728369,0.13992524346685975,0.0,2412,0.06
0.17156745342763258,-0.012133450517280533,0.023906351998448372,0.12609384066853396,37.15547811522179,0.8882890939712524,500000.0,continuous_45,45,continuous_naca,direct OpenFOAM-coefficient surrogate,0.09,-1.260541319847107,98758.4375,pinn,surrogate estimate; validate top designs with OpenFOAM,37.15547811522179,0.1247861024009762,0.0,2412,0.06
-0.886107455659605,-0.0030693227540060032,0.021753136068582535,0.09397886484460662,37.22105674908311,0.8097119331359863,500000.0,continuous_46,46,continuous_naca,direct OpenFOAM-coefficient surrogate,0.09,-1.2342218160629272,98787.1328125,pinn,surrogate estimate; validate top designs with OpenFOAM,37.22105674908311,0.14789497990437672,0.0,2412,0.06
-0.18099084960144662,-0.007267399408484761,0.023054715245962143,0.11293319547872377,37.33034905871679,0.8606778979301453,500000.0,continuous_47,47,continuous_naca,direct OpenFOAM-coefficient surrogate,0.09,-1.2557767629623413,98768.7734375,pinn,surrogate estimate; validate top designs with OpenFOAM,37.33034905871679,0.13248906156877638,0.0,2412,0.06
0.361886174099302,-0.016065077557732645,0.023634836077690125,0.11398336725066271,37.17269603034195,0.8786077499389648,500000.0,continuous_48,48,continuous_naca,direct OpenFOAM-coefficient surrogate,0.09,-1.287402868270874,98768.03125,pinn,surrogate estimate; validate top designs with OpenFOAM,37.17269603034195,0.15528122058727561,0.0,2412,0.06
-0.669268408555713,-0.0033918001096417973,0.022261707112193108,0.10504435962337642,37.37007386288952,0.8319590091705322,500000.0,continuous_49,49,continuous_naca,direct OpenFOAM-coefficient surrogate,0.09,-1.235860824584961,98778.375,pinn,surrogate estimate; validate top designs with OpenFOAM,37.37007386288952,0.13449398098195173,0.0,2412,0.06
-0.7142483585504359,0.0003938084649623689,0.02191074937582016,0.08722292017278666,37.279220074931686,0.8168529272079468,500000.0,continuous_50,50,continuous_naca,direct OpenFOAM-coefficient surrogate,0.09,-1.2434782981872559,98785.8203125,pinn,surrogate estimate; validate top designs with OpenFOAM,37.279220074931686,0.15135951983859736,0.0,2412,0.06
-0.31430522683869394,-0.002936529699137489,0.022740408778190613,0.10346497688655573,37.36688787608762,0.8497756719589233,500000.0,continuous_51,51,continuous_naca,direct OpenFOAM-coefficient surrogate,0.09,-1.2530064582824707,98772.8671875,pinn,surrogate estimate; validate top designs with OpenFOAM,37.36688787608762,0.1372066761362316,0.0,2412,0.06
-0.6242167740104135,-0.0004617179134136886,0.022225184366106987,0.08014265110749022,37.31882736101367,0.8294551372528076,500000.0,continuous_52,52,continuous_naca,direct OpenFOAM-coefficient surrogate,0.09,-1.242719054222107,98780.21875,pinn,surrogate estimate; validate top designs with OpenFOAM,37.31882736101367,0.14256405427519991,0.0,2412,0.06
-0.3701417172830114,-0.0043175000224783995,0.02261658012866974,0.08632680229590219,37.351470467091076,0.8447998762130737,500000.0,continuous_53,53,continuous_naca,direct OpenFOAM-coefficient surrogate,0.09,-1.253065824508667,98775.03125,pinn,surrogate estimate; validate top designs with OpenFOAM,37.351470467091076,0.1405849461689448,0.0,2412,0.06
-0.5395250884346128,-0.0002789499005924931,0.02230864018201828,0.07902234973899874,37.336922272823436,0.832973301410675,500000.0,continuous_54,54,continuous_naca,direct OpenFOAM-coefficient surrogate,0.09,-1.248208999633789,98778.9609375,pinn,surrogate estimate; validate top designs with OpenFOAM,37.336922272823436,0.14190435157311487,0.0,2412,0.06
-0.4124875600709117,-0.004314491252101919,0.022545792162418365,0.0864147514694231,37.34910058792128,0.8421024084091187,500000.0,continuous_55,55,continuous_naca,direct OpenFOAM-coefficient surrogate,0.09,-1.2513799667358398,98775.8984375,pinn,surrogate estimate; validate top designs with OpenFOAM,37.34910058792128,0.1409147975199873,0.0,2412,0.06
-0.4178799880204207,-0.0004954545500839617,0.022461462765932083,0.08548324797484674,37.33681205837901,0.8386767506599426,500000.0,continuous_56,56,continuous_naca,direct OpenFOAM-coefficient surrogate,0.09,-1.253989815711975,98778.140625,pinn,surrogate estimate; validate top designs with OpenFOAM,37.33681205837901,0.146638969182968,0.0,2412,0.06
-0.5022195970398962,0.002324802933471801,0.02213096059858799,0.08914318808634054,37.35178090481243,0.8266681432723999,500000.0,continuous_57,57,continuous_naca,direct OpenFOAM-coefficient surrogate,0.09,-1.253881573677063,98783.8125,pinn,surrogate estimate; validate top designs with OpenFOAM,37.35178090481243,0.15426038055521518,0.0,2412,0.06
-0.3247380061813866,-0.01628786671636522,0.02242499403655529,0.11392798474920363,37.35702038015903,0.8377683162689209,500000.0,continuous_58,58,continuous_naca,direct OpenFOAM-coefficient surrogate,0.09,-1.2607049942016602,98780.90625,pinn,surrogate estimate; validate top designs with OpenFOAM,37.35702038015903,0.15561672813235514,0.0,2412,0.06
-0.35265625140354534,-0.01804404919699843,0.022375639528036118,0.1104777895487156,37.36252566187761,0.8360477685928345,500000.0,continuous_59,59,continuous_naca,direct OpenFOAM-coefficient surrogate,0.09,-1.258763074874878,98781.8671875,pinn,surrogate estimate; validate top designs with OpenFOAM,37.36252566187761,0.15730586314871173,0.0,2412,0.06
-0.3395123320540331,-0.033199599075227695,0.0219575148075819,0.13916901221692463,37.56112067980372,0.8247864246368408,500000.0,continuous_60,60,continuous_naca,direct OpenFOAM-coefficient surrogate,0.09,-1.2566325664520264,98790.4609375,pinn,surrogate estimate; validate top designs with OpenFOAM,37.56112067980372,0.17396590679941235,0.0,2412,0.06
-0.17381909054162592,-0.03249132256170221,0.022233396768569946,0.13705039910419112,37.55723944801453,0.835062563419342,500000.0,continuous_61,61,continuous_naca,direct OpenFOAM-coefficient surrogate,0.09,-1.263261079788208,98788.125,pinn,surrogate estimate; validate top designs with OpenFOAM,37.55723944801453,0.17619725854926377,0.0,2412,0.06
-0.2758412235802552,-0.020748426684550427,0.021854594349861145,0.11129388150646574,37.679477180168185,0.8235073685646057,500000.0,continuous_62,62,continuous_naca,direct OpenFOAM-coefficient surrogate,0.09,-1.2541260719299316,98794.8515625,pinn,surrogate estimate; validate top designs with OpenFOAM,37.679477180168185,0.18513117618057814,0.0,2412,0.06
-0.25139283227968945,-0.007013081747350697,0.021565567702054977,0.10391468464870915,37.905218066776975,0.8174854516983032,500000.0,continuous_63,63,continuous_naca,direct OpenFOAM-coefficient surrogate,0.09,-1.2403563261032104,98801.5390625,pinn,surrogate estimate; validate top designs with OpenFOAM,37.905218066776975,0.19988840020468962,0.0,2412,0.06
-0.1972912687961686,-0.015090999873219749,0.021548161283135414,0.12629297386414706,37.99035094154095,0.8186601996421814,500000.0,continuous_64,64,continuous_naca,direct OpenFOAM-coefficient surrogate,0.09,-1.2372177839279175,98803.0078125,pinn,surrogate estimate; validate top designs with OpenFOAM,37.99035094154095,0.2047333096922105,0.0,2412,0.06
-0.11960877749248022,-0.014065805316951167,0.021190784871578217,0.11347331753545245,38.44949540661251,0.8148134350776672,500000.0,continuous_65,65,continuous_naca,direct OpenFOAM-coefficient surrogate,0.09,-1.2156504392623901,98814.5859375,pinn,surrogate estimate; validate top designs with OpenFOAM,38.44949540661251,0.2284470329639599,0.0,2412,0.06
-0.3490232731335151,-0.010763154054865633,0.021189119666814804,0.11878102652065582,38.07454291087039,0.8068041205406189,500000.0,continuous_66,66,continuous_naca,direct OpenFOAM-coefficient surrogate,0.09,-1.2255136966705322,98808.234375,pinn,surrogate estimate; validate top designs with OpenFOAM,38.07454291087039,0.21196680149900654,0.0,2412,0.06
-0.18808550216084896,-0.010303391723457527,0.0209677554666996,0.1138554305663864,38.564708905850104,0.8086539506912231,500000.0,continuous_67,67,continuous_naca,direct OpenFOAM-coefficient surrogate,0.09,-1.2045456171035767,98818.2890625,pinn,surrogate estimate; validate top designs with OpenFOAM,38.564708905850104,0.23319860059865508,0.0,2412,0.06
-0.11237208721425684,-0.003967069092224181,0.02055189572274685,0.09985949484119844,39.2050213336525,0.8057767152786255,500000.0,continuous_68,68,continuous_naca,direct OpenFOAM-coefficient surrogate,0.09,-1.1540361642837524,98831.4453125,pinn,surrogate estimate; validate top designs with OpenFOAM,39.2050213336525,0.26281494749827644,0.0,2412,0.06
-0.0810276995358915,-0.006322577266262673,0.02028736285865307,0.10851322071197396,39.630656886103985,0.8040411472320557,500000.0,continuous_69,69,continuous_naca,direct OpenFOAM-coefficient surrogate,0.09,-1.1123241186141968,98839.4375,pinn,surrogate estimate; validate top designs with OpenFOAM,39.630656886103985,0.2775318109544876,0.0,2412,0.06
0.04604384345820245,-0.010146319614469969,0.019599763676524162,0.11091770797719154,41.181573960860035,0.8071902990341187,500000.0,continuous_70,70,continuous_naca,direct OpenFOAM-coefficient surrogate,0.09,-0.9604582190513611,98864.2265625,pinn,surrogate estimate; validate top designs with OpenFOAM,41.181573960860035,0.32928432636749205,0.0,2412,0.06
-0.016087314911335415,-0.009272118845078938,0.019712187349796295,0.08892492640338522,40.72879436591332,0.8028943538665771,500000.0,continuous_71,71,continuous_naca,direct OpenFOAM-coefficient surrogate,0.09,-1.0005769729614258,98861.1328125,pinn,surrogate estimate; validate top designs with OpenFOAM,40.72879436591332,0.3163681539596778,0.0,2412,0.06
4.0,0.005832444527349875,0.02958870306611061,0.21874172492352706,28.78090621114787,0.8516184687614441,500000.0,continuous_1,1,continuous_naca,direct OpenFOAM-coefficient surrogate,0.04,-1.1016024351119995,98867.546875,pinn,surrogate estimate; validate top designs with OpenFOAM,28.78090621114787,0.4,0.0,4415,0.15
4.0,0.0061762408957366875,0.029850300401449203,0.2070820853678444,29.219805311953024,0.872249186038971,500000.0,continuous_2,2,continuous_naca,direct OpenFOAM-coefficient surrogate,0.042,-1.1012810468673706,98864.1875,pinn,surrogate estimate; validate top designs with OpenFOAM,29.219805311953024,0.4,0.0,4415,0.15
4.0,0.008902001165043612,0.029179753735661507,0.1833588854129912,28.435808106721932,0.8297783136367798,500000.0,continuous_3,3,continuous_naca,direct OpenFOAM-coefficient surrogate,0.04,-1.0437862873077393,98879.8828125,pinn,surrogate estimate; validate top designs with OpenFOAM,28.435808106721932,0.42000000000000004,0.0,4415,0.15
4.0,0.006518415383740734,0.030028441920876503,0.17086577204866166,28.368626472608636,0.8518940210342407,500000.0,continuous_4,4,continuous_naca,direct OpenFOAM-coefficient surrogate,0.04,-1.131049633026123,98860.140625,pinn,surrogate estimate; validate top designs with OpenFOAM,28.368626472608636,0.4,0.0,4415,0.1575
4.2,0.0060578720301197805,0.030445612967014313,0.22475995417641476,28.613032447315025,0.871169924736023,500000.0,continuous_5,5,continuous_naca,direct OpenFOAM-coefficient surrogate,0.04,-1.1181479692459106,98864.7890625,pinn,surrogate estimate; validate top designs with OpenFOAM,28.613032447315025,0.4,0.0,4415,0.15
4.1,0.013465473747834623,0.02951735258102417,0.2225115373536765,29.10236227483599,0.8590537905693054,500000.0,continuous_6,6,continuous_naca,direct OpenFOAM-coefficient surrogate,0.041,-1.047423243522644,98879.4921875,pinn,surrogate estimate; validate top designs with OpenFOAM,29.10236227483599,0.41000000000000003,0.0,4415,0.1425
4.15,0.002506776153931267,0.030478205531835556,0.2500887641973776,29.247627328253603,0.8914444446563721,500000.0,continuous_7,7,continuous_naca,direct OpenFOAM-coefficient surrogate,0.0415,-1.1415728330612183,98856.90625,pinn,surrogate estimate; validate top designs with OpenFOAM,29.247627328253603,0.3849999999999999,0.0,4415,0.14625000000000002
4.225000000000001,0.0015096365832093668,0.03112412616610527,0.2700042595944043,29.470289796741252,0.9172664880752563,500000.0,continuous_8,8,continuous_naca,direct OpenFOAM-coefficient surrogate,0.042249999999999996,-1.1781612634658813,98842.8203125,pinn,surrogate estimate; validate top designs with OpenFOAM,29.470289796741252,0.36749999999999994,0.0,4415,0.14437500000000003
3.9625000000000012,0.0058454974010137715,0.02965337038040161,0.25066196638007937,29.793661008347385,0.8835122585296631,500000.0,continuous_9,9,continuous_naca,direct OpenFOAM-coefficient surrogate,0.042625,-1.1173986196517944,98860.609375,pinn,surrogate estimate; validate top designs with OpenFOAM,29.793661008347385,0.38875000000000004,0.0,4415,0.14343750000000002
3.8437500000000018,0.005921944674835761,0.029237765818834305,0.26724610873760085,30.339233460916592,0.8870817422866821,500000.0,continuous_10,10,continuous_naca,direct OpenFOAM-coefficient surrogate,0.043937500000000004,-1.115368127822876,98858.8203125,pinn,surrogate estimate; validate top designs with OpenFOAM,30.339233460916592,0.38312499999999994,0.0,4415,0.14015625000000004
4.084375000000001,0.005953518507866189,0.030209990218281746,0.2760070319753519,30.267096894640073,0.9143989682197571,500000.0,continuous_11,11,continuous_naca,direct OpenFOAM-coefficient surrogate,0.04459375000000001,-1.131813883781433,98855.1796875,pinn,surrogate estimate; validate top designs with OpenFOAM,30.267096894640073,0.38031249999999994,0.0,4415,0.138515625
3.9765625000000018,0.008287325616072478,0.030555088073015213,0.27757071468964795,30.332961300094105,0.9268566370010376,500000.0,continuous_12,12,continuous_naca,direct OpenFOAM-coefficient surrogate,0.04539062500000001,-1.1971336603164673,98832.46875,pinn,surrogate estimate; validate top designs with OpenFOAM,30.332961300094105,0.3554687499999999,0.0,4415,0.14402343750000005
4.064843750000003,0.0012893072531894392,0.03059154748916626,0.36773164482260606,30.913230552613218,0.9457144737243652,500000.0,continuous_13,13,continuous_naca,direct OpenFOAM-coefficient surrogate,0.046085937500000014,-1.2026197910308838,98826.765625,pinn,surrogate estimate; validate top designs with OpenFOAM,30.913230552613218,0.34320312499999983,0.0,4415,0.1335351562500001
4.097265625000006,0.002521280586245463,0.030927371233701706,0.4292453958558833,31.370002056033147,0.970223069190979,500000.0,continuous_14,14,continuous_naca,direct OpenFOAM-coefficient surrogate,0.048128906250000006,-1.222425103187561,98805.5625,pinn,surrogate estimate; validate top designs with OpenFOAM,31.370002056033147,0.3148046874999997,0.0,4415,0.1253027343750001
3.775976562500004,-0.00038443493591469813,0.029336869716644287,0.298092180684182,31.775572682868187,0.932227611541748,500000.0,continuous_15,15,continuous_naca,direct OpenFOAM-coefficient surrogate,0.048775390625000026,-1.180419683456421,98833.609375,pinn,surrogate estimate; validate top designs with OpenFOAM,31.775572682868187,0.3493554687499998,0.0,4415,0.12962402343750007
3.5514648437500043,-0.003832507950205382,0.028542999178171158,0.2661093847107898,32.639255091577304,0.9316548705101013,500000.0,continuous_16,16,continuous_naca,direct OpenFOAM-coefficient surrogate,0.052038085937500034,-1.1830964088439941,98828.6484375,pinn,surrogate estimate; validate top designs with OpenFOAM,32.639255091577304,0.3402832031249998,0.0,4415,0.12224853515625012
3.6501464843750053,-0.009471697186754391,0.029366876929998398,0.3479546423714782,32.044811500993994,0.941088080406189,500000.0,continuous_17,17,continuous_naca,direct OpenFOAM-coefficient surrogate,0.05015380859375002,-1.2298295497894287,98809.21875,pinn,surrogate estimate; validate top designs with OpenFOAM,32.044811500993994,0.31652832031249967,0.0,4415,0.12734985351562514
3.5947509765625068,-0.0027117266022849847,0.028576411306858063,0.34262961223628796,32.86507799815995,0.9391988515853882,500000.0,continuous_18,18,continuous_naca,direct OpenFOAM-coefficient surrogate,0.05173852539062502,-1.166296124458313,98825.671875,pinn,surrogate estimate; validate top designs with OpenFOAM,32.86507799815995,0.3219018554687497,0.0,4415,0.1135052490234377
3.4038452148437592,0.001006040727746003,0.027649592608213425,0.4631221648501648,34.04146842233061,0.9412667751312256,500000.0,continuous_19,19,continuous_naca,direct OpenFOAM-coefficient surrogate,0.05491247558593752,-1.1340827941894531,98828.53125,pinn,surrogate estimate; validate top designs with OpenFOAM,34.04146842233061,0.30511840820312464,0.0,4415,0.09824615478515653
3.5076110839843855,0.004240208983411976,0.029134118929505348,0.5379121204900925,33.616759680665886,0.9794282913208008,500000.0,continuous_20,20,continuous_naca,direct OpenFOAM-coefficient surrogate,0.058679138183593785,-1.2027277946472168,98795.359375,pinn,surrogate estimate; validate top designs with OpenFOAM,33.616759680665886,0.255242309570312,0.0,4415,0.0964173889160159
2.959268188476572,-0.009024648301195448,0.02657587267458439,0.3619456190056987,34.884525015378344,0.9271215796470642,500000.0,continuous_21,21,continuous_naca,direct OpenFOAM-coefficient surrogate,0.05976284790039067,-1.172532320022583,98821.359375,pinn,surrogate estimate; validate top designs with OpenFOAM,34.884525015378344,0.29378143310546845,0.0,4415,0.09682823181152372
2.3902694702148555,-0.0035094072356324007,0.025047266855835915,0.4941058406039176,36.24548198692747,0.9078865051269531,500000.0,continuous_22,22,continuous_naca,direct OpenFOAM-coefficient surrogate,0.06557981872558602,-1.1473217010498047,98827.84375,pinn,surrogate estimate; validate top designs with OpenFOAM,36.24548198692747,0.28326980590820283,0.0,4415,0.08259098052978553
2.7764488220214965,0.0018895255697540345,0.02611309103667736,0.39363089085246306,36.03770446314546,0.9410918951034546,500000.0,continuous_23,23,continuous_naca,direct OpenFOAM-coefficient surrogate,0.06545095062255865,-1.125536322593689,98828.3046875,pinn,surrogate estimate; validate top designs with OpenFOAM,36.03770446314546,0.27542854309082,0.0,4415,0.07240167617797891
2.4876224517822436,-0.004407152710478961,0.026498612016439438,0.3782096805014708,36.05543598830158,0.9554550647735596,500000.0,continuous_24,24,continuous_naca,direct OpenFOAM-coefficient surrogate,0.07027310562133796,-1.1542388200759888,98803.140625,pinn,surrogate estimate; validate top designs with OpenFOAM,36.05543598830158,0.21924633026122997,0.0,4415,0.06
2.021481895446792,0.004965619985184047,0.023781530559062958,0.23376413893990414,37.79267714361581,0.8988054990768433,500000.0,continuous_25,25,continuous_naca,direct OpenFOAM-coefficient surrogate,0.06942903709411628,-1.0440176725387573,98850.2421875,pinn,surrogate estimate; validate top designs with OpenFOAM,37.79267714361581,0.28628923416137675,0.0,4415,0.0602020168304446
1.2784173011779956,0.0004999309561278433,0.021883588284254074,0.3163807344359137,39.074119439461356,0.8551210165023804,500000.0,continuous_26,26,continuous_naca,direct OpenFOAM-coefficient surrogate,0.07480398654937753,-1.0177640914916992,98859.8984375,pinn,surrogate estimate; validate top designs with OpenFOAM,39.074119439461356,0.3018126964569091,0.0,4415,0.06
1.0625338077545363,-0.0024795842203584103,0.023177165538072586,0.15255442366166125,37.90525914981232,0.8785743713378906,500000.0,continuous_27,27,continuous_naca,direct OpenFOAM-coefficient surrogate,0.08314145517349254,-1.2099111080169678,98812.640625,pinn,surrogate estimate; validate top designs with OpenFOAM,37.90525914981232,0.23476027965545632,0.0,4415,0.06
0.832972693443319,-0.02553993852913191,0.02238537184894085,0.22394467847869143,38.21491011035954,0.8554931879043579,500000.0,continuous_28,28,continuous_naca,direct OpenFOAM-coefficient surrogate,0.08144823241233837,-1.1672805547714233,98824.25,pinn,surrogate estimate; validate top designs with OpenFOAM,38.21491011035954,0.24411601305007913,0.0,4415,0.06
0.2944741845131098,-0.01133550419927283,0.02014298550784588,0.14370624424419737,39.46681311163784,0.7950189113616943,500000.0,continuous_29,29,continuous_naca,direct OpenFOAM-coefficient surrogate,0.08221364080905927,-1.0314160585403442,98852.7421875,pinn,surrogate estimate; validate top designs with OpenFOAM,39.46681311163784,0.3127330672740938,0.0,4415,0.07129549026489276
-0.8020999491214571,-0.014294364234103657,0.018301617354154587,0.3107491247504794,39.32918674976805,0.7198270559310913,500000.0,continuous_30,30,continuous_naca,direct OpenFOAM-coefficient surrogate,0.08818390840291992,-0.9077257513999939,98869.4921875,pinn,surrogate estimate; validate top designs with OpenFOAM,39.32918674976805,0.3594764357805257,0.0,4415,0.07694323539733916
-0.6560704767703751,-0.004234546076828239,0.019627898931503296,0.0980070445106952,39.03130159875469,0.7661414742469788,500000.0,continuous_31,31,continuous_naca,direct OpenFOAM-coefficient surrogate,0.09,-1.115078330039978,98838.3515625,pinn,surrogate estimate; validate top designs with OpenFOAM,39.03130159875469,0.2634412223100664,0.0,4415,0.06
-0.18763695657251167,-0.015198018298986324,0.018846943974494934,0.18003453462617036,40.14954938171966,0.7567364573478699,500000.0,continuous_32,32,continuous_naca,direct OpenFOAM-coefficient surrogate,0.08109147471189503,-0.9540246725082397,98866.65625,pinn,surrogate estimate; validate top designs with OpenFOAM,40.14954938171966,0.3262912198901179,0.0,4415,0.06564774513244637
-0.8127223387360356,-0.005433349019617368,0.017298169434070587,0.13386233139444484,40.005016372593374,0.6920535564422607,500000.0,continuous_33,33,continuous_naca,direct OpenFOAM-coefficient surrogate,0.08006648448109627,-0.7985429763793945,98884.90625,pinn,surrogate estimate; validate top designs with OpenFOAM,40.005016372593374,0.3720566900074487,0.0,4415,0.06847161769866955
-0.4683806672692098,-0.011282789939501447,0.01807047426700592,0.1407207883375901,40.61823118429171,0.7340313196182251,500000.0,continuous_34,34,continuous_naca,direct OpenFOAM-coefficient surrogate,0.08260631862282755,-0.8600077033042908,98876.625,pinn,surrogate estimate; validate top designs with OpenFOAM,40.61823118429171,0.35802308991551446,0.0,4415,0.06847161769866955
-1.1190573476254742,-0.0036435929482267477,0.016908232122659683,0.11519566282005622,39.90804186478403,0.6748143434524536,500000.0,continuous_35,35,continuous_naca,direct OpenFOAM-coefficient surrogate,0.08318536172807214,-0.7195104360580444,98891.1875,pinn,surrogate estimate; validate top designs with OpenFOAM,39.90804186478403,0.4149766283482321,0.0,4415,0.07270742654800433
1.1145074076950672,-0.00608867273694515,0.02011069655418396,0.3317774539577236,40.39037278136441,0.8123189210891724,500000.0,continuous_36,36,continuous_naca,direct OpenFOAM-coefficient surrogate,0.0703577103465797,-0.8338477611541748,98893.265625,pinn,surrogate estimate; validate top designs with OpenFOAM,40.39037278136441,0.3859888144582513,0.0,4415,0.07270742654800433
-0.9019353169947678,-0.0014622770951706245,0.017610087990760803,0.15644832676224968,39.104079792000284,0.6886653900146484,500000.0,continuous_37,37,continuous_naca,direct OpenFOAM-coefficient surrogate,0.08333058569580326,-0.8013215661048889,98885.015625,pinn,surrogate estimate; validate top designs with OpenFOAM,39.104079792000284,0.3897053993120796,0.0,4415,0.07906113982200652
-0.356847162451577,-0.008546236136790475,0.0181797556579113,0.12491051302714562,40.30295936217695,0.7327382564544678,500000.0,continuous_38,38,continuous_naca,direct OpenFOAM-coefficient surrogate,0.08119893590919683,-0.8577753901481628,98875.6953125,pinn,surrogate estimate; validate top designs with OpenFOAM,40.30295936217695,0.367732223598287,0.0,4415,0.07429585486650489
-0.24365287381222545,-0.007166199074808345,0.017371531575918198,0.1863555589035165,41.498666516523805,0.7209368944168091,500000.0,continuous_39,39,continuous_naca,direct OpenFOAM-coefficient surrogate,0.07541357898619028,-0.7393067479133606,98897.8515625,pinn,surrogate estimate; validate top designs with OpenFOAM,41.498666516523805,0.4062846066569916,0.0,4415,0.06926583185791982
-0.5127164029748931,0.00045585533554339674,0.016425464302301407,0.218683679018515,40.989455623303066,0.6733118295669556,500000.0,continuous_40,40,continuous_naca,direct OpenFOAM-coefficient surrogate,0.0720135480747558,-0.6394699811935425,98911.8984375,pinn,surrogate estimate; validate top designs with OpenFOAM,40.989455623303066,0.45306037634844065,0.0,4415,0.06825100265443335
0.21045030865353914,-0.005943918762584179,0.018224306404590607,0.14719298862232252,41.17335260521016,0.7503969669342041,500000.0,continuous_41,41,continuous_naca,direct OpenFOAM-coefficient surrogate,0.07369679722050217,-0.7355858087539673,98899.0390625,pinn,surrogate estimate; validate top designs with OpenFOAM,41.17335260521016,0.4327231474244042,0.0,4415,0.07672262035310293
0.6633092500851625,-0.00011887521820682318,0.018707364797592163,0.2443470670284496,41.41991537284623,0.774898886680603,500000.0,continuous_42,42,continuous_naca,direct OpenFOAM-coefficient surrogate,0.06983826667885301,-0.7293655872344971,98907.8671875,pinn,surrogate estimate; validate top designs with OpenFOAM,41.41991537284623,0.42377760562929384,0.0,4415,0.06928789336234342
-1.0336443988664339,-0.005291508619237016,0.016541237011551857,0.14125564297251872,40.66921725773157,0.6727598309516907,500000.0,continuous_43,43,continuous_naca,direct OpenFOAM-coefficient surrogate,0.08041977040760681,-0.6806013584136963,98897.484375,pinn,surrogate estimate; validate top designs with OpenFOAM,40.66921725773157,0.42441541035485075,0.0,4415,0.06916655508801353
0.266611810299231,2.8530000549663596e-05,0.017811128869652748,0.23533252034539875,39.11485354094079,0.6967188119888306,500000.0,continuous_44,44,continuous_naca,direct OpenFOAM-coefficient surrogate,0.06707788802374856,-0.6331067681312561,98921.296875,pinn,surrogate estimate; validate top designs with OpenFOAM,39.11485354094079,0.4855772951172558,0.0,4415,0.07374983263202028
-0.2846325478770996,-0.008839872256376365,0.017746705561876297,0.1303746410647412,41.25925603221615,0.7322571277618408,500000.0,continuous_45,45,continuous_naca,direct OpenFOAM-coefficient surrogate,0.0787242109730578,-0.7920213937759399,98888.4375,pinn,surrogate estimate; validate top designs with OpenFOAM,41.25925603221615,0.3899116412159498,0.0,4415,0.06979117143200723
1.2063814673911222,-0.004520169610808036,0.020131511613726616,0.31656322815601007,40.33058883016748,0.8119560480117798,500000.0,continuous_46,46,continuous_naca,direct OpenFOAM-coefficient surrogate,0.06841665652169482,-0.8025224208831787,98898.1875,pinn,surrogate estimate; validate top designs with OpenFOAM,40.33058883016748,0.401933090108469,0.0,4415,0.07336720341467315
-0.4736379323020449,-0.007474060125330567,0.01710375025868416,0.1333299020322432,41.48620510166088,0.709611177444458,500000.0,continuous_47,47,continuous_naca,direct OpenFOAM-coefficient surrogate,0.0774189919361288,-0.7175132632255554,98896.9296875,pinn,surrogate estimate; validate top designs with OpenFOAM,41.48620510166088,0.4187948302932553,0.0,4415,0.07021671716967844
-0.37975736060664284,-0.0070443884169250496,0.017258143052458763,0.22249938651003887,41.81849525749443,0.7217513918876648,500000.0,continuous_48,48,continuous_naca,direct OpenFOAM-coefficient surrogate,0.07700072706661278,-0.7483410239219666,98897.7109375,pinn,surrogate estimate; validate top designs with OpenFOAM,41.81849525749443,0.38666119447334113,0.0,4415,0.06255818655787154
-0.6748611952367338,-0.012489624859432365,0.017189573496580124,0.2381641018282855,41.11072241097995,0.7067168951034546,500000.0,continuous_49,49,continuous_naca,direct OpenFOAM-coefficient surrogate,0.0786526919896681,-0.780256986618042,98892.8671875,pinn,surrogate estimate; validate top designs with OpenFOAM,41.11072241097995,0.3636302179978097,0.0,4415,0.06
0.06776308955922428,0.00017673413667980076,0.017379214987158775,0.21146190043832327,41.944768369822675,0.7290090918540955,500000.0,continuous_50,50,continuous_naca,direct OpenFOAM-coefficient surrogate,0.07111157136083464,-0.6874285936355591,98910.203125,pinn,surrogate estimate; validate top designs with OpenFOAM,41.944768369822675,0.4278474773104912,0.0,4415,0.06587314304189938
0.2439609082773862,-0.0031041729221622707,0.017316346988081932,0.11659502690455686,41.624888984968955,0.7208326458930969,500000.0,continuous_51,51,continuous_naca,direct OpenFOAM-coefficient surrogate,0.06730525155472306,-0.6464914679527283,98917.6953125,pinn,surrogate estimate; validate top designs with OpenFOAM,41.624888984968955,0.44681539535776205,0.0,4415,0.06391412884684547
-1.177951788666007,-0.013176596517691255,0.016519078984856606,0.16198160412114276,40.161908320912424,0.663477897644043,500000.0,continuous_52,52,continuous_naca,direct OpenFOAM-coefficient surrogate,0.08063416799603024,-0.7124046683311462,98894.6640625,pinn,surrogate estimate; validate top designs with OpenFOAM,40.161908320912424,0.39601644873774583,0.0,4415,0.06466904595134118
0.20299399039737015,-0.0057079828599741105,0.017898783087730408,0.26783302759821165,41.792266494560344,0.7480725049972534,500000.0,continuous_53,53,continuous_naca,direct OpenFOAM-coefficient surrogate,0.07253724200814732,-0.728407084941864,98904.0703125,pinn,surrogate estimate; validate top designs with OpenFOAM,41.792266494560344,0.41683731640640687,0.0,4415,0.06813318150959286
0.29731135507090795,-0.0017324195315968581,0.017902521416544914,0.2029392299041223,41.96194266020625,0.7512665390968323,500000.0,continuous_54,54,continuous_naca,direct OpenFOAM-coefficient surrogate,0.07061256777476368,-0.7231520414352417,98907.734375,pinn,surrogate estimate; validate top designs with OpenFOAM,41.96194266020625,0.40002046713036005,0.0,4415,0.06269845431396336
0.6827859987573843,-0.008482796214248205,0.0185301061719656,0.08351649280358366,41.545244735049025,0.7698793411254883,500000.0,continuous_55,55,continuous_naca,direct OpenFOAM-coefficient surrogate,0.06720935569408112,-0.7283557653427124,98905.8671875,pinn,surrogate estimate; validate top designs with OpenFOAM,41.545244735049025,0.3906332855489124,0.0,4415,0.06
0.33780841102265524,-0.006988845548868056,0.01786036789417267,0.17764817980929345,42.21741300593627,0.7540607452392578,500000.0,continuous_56,56,continuous_naca,direct OpenFOAM-coefficient surrogate,0.07021747511898893,-0.7029668688774109,98909.59375,pinn,surrogate estimate; validate top designs with OpenFOAM,42.21741300593627,0.40939862100330804,0.0,4415,0.06036565085374376
0.6285390534400955,-0.0034844144312419245,0.018301930278539658,0.06593454718009374,41.852914018568,0.7660309672355652,500000.0,continuous_57,57,continuous_naca,direct OpenFOAM-coefficient surrogate,0.06761942318538827,-0.7006277441978455,98911.90625,pinn,surrogate estimate; validate top designs with OpenFOAM,41.852914018568,0.41095562817646636,0.0,4415,0.06
-0.04143124287429781,-0.0025444774376095483,0.017322620376944542,0.19349108857208677,42.13989341700667,0.7300155162811279,500000.0,continuous_58,58,continuous_naca,direct OpenFOAM-coefficient surrogate,0.07193392865245268,-0.7094928622245789,98907.8828125,pinn,surrogate estimate; validate top designs with OpenFOAM,42.13989341700667,0.3951265635523433,0.0,4415,0.06
0.7104831669958878,-0.002984546676382546,0.018188750371336937,0.08262638356105158,41.465521581861175,0.7542474865913391,500000.0,continuous_59,59,continuous_naca,direct OpenFOAM-coefficient surrogate,0.06493704438690719,-0.6712081432342529,98915.59375,pinn,surrogate estimate; validate top designs with OpenFOAM,41.465521581861175,0.42953537002491016,0.0,4415,0.06191043754693171
-0.1071972287060102,-0.007305983965363652,0.01741115376353264,0.2526172536046252,42.0502571093145,0.7321855425834656,500000.0,continuous_60,60,continuous_naca,direct OpenFOAM-coefficient surrogate,0.07398480639668638,-0.7279009819030762,98903.5390625,pinn,surrogate estimate; validate top designs with OpenFOAM,42.0502571093145,0.3973797383612334,0.0,4415,0.062396249305136584
0.17548255769740334,-0.005939949780584953,0.01800847239792347,0.22470898647205947,41.72763766307799,0.7514927387237549,500000.0,continuous_61,61,continuous_naca,direct OpenFOAM-coefficient surrogate,0.0722628176106112,-0.7615305185317993,98901.7734375,pinn,surrogate estimate; validate top designs with OpenFOAM,41.72763766307799,0.37311521771313116,0.0,4415,0.06
0.09469295659376904,-0.0009688773141656022,0.01748814433813095,0.20145867906059634,42.05853607986487,0.7355678081512451,500000.0,continuous_62,62,continuous_naca,direct OpenFOAM-coefficient surrogate,0.07139938292327877,-0.702082097530365,98908.875,pinn,surrogate estimate; validate top designs with OpenFOAM,42.05853607986487,0.4141644124111512,0.0,4415,0.06361911583005515
-0.1553749070528498,-0.003158648525542869,0.017104722559452057,0.2019068808478488,42.337559919842775,0.7242145538330078,500000.0,continuous_63,63,continuous_naca,direct OpenFOAM-coefficient surrogate,0.07315522877093969,-0.6953749060630798,98908.2109375,pinn,surrogate estimate; validate top designs with OpenFOAM,42.337559919842775,0.40801420053365794,0.0,4415,0.06049205368050441
-0.38171803811472865,-0.0031909937497054076,0.01674591191112995,0.23068291563268473,42.385538923277615,0.7098268866539001,500000.0,continuous_64,64,continuous_naca,direct OpenFOAM-coefficient surrogate,0.07442655926902769,-0.6827563047409058,98907.96875,pinn,surrogate estimate; validate top designs with OpenFOAM,42.385538923277615,0.4120110672353069,0.0,4415,0.06
0.11187327201970912,-0.003920328747844917,0.017287567257881165,0.14425102268580464,42.330113868257705,0.7318270206451416,500000.0,continuous_65,65,continuous_naca,direct OpenFOAM-coefficient surrogate,0.07000386658518766,-0.6755133867263794,98913.9609375,pinn,surrogate estimate; validate top designs with OpenFOAM,42.330113868257705,0.41797059373982137,0.0,4415,0.06
-0.08142675556710008,-0.005494260037965005,0.01718679443001747,0.192848818346312,42.22471210103135,0.725749671459198,500000.0,continuous_66,66,continuous_naca,direct OpenFOAM-coefficient surrogate,0.07189153188954969,-0.6982722878456116,98909.25,pinn,surrogate estimate; validate top designs with OpenFOAM,42.22471210103135,0.4030890103542386,0.0,4415,0.06
4.0,0.008309215264095894,0.03105199709534645,0.09444867744748615,12.64218319280992,0.3925776779651642,500000.0,continuous_1,1,continuous_naca,direct OpenFOAM-coefficient surrogate,0.0,-0.7469179034233093,98954.4453125,fno,surrogate estimate; validate top designs with OpenFOAM,12.64218319280992,0.4,0.0,0012,0.12
4.0,0.009802382597330128,0.03344430774450302,0.1150012116159073,13.75871411537227,0.4601644277572632,500000.0,continuous_2,2,continuous_naca,direct OpenFOAM-coefficient surrogate,0.00025,-0.8430889844894409,98940.5546875,fno,surrogate estimate; validate top designs with OpenFOAM,13.75871411537227,0.4,0.0,0012,0.12
4.0,0.008309215264095894,0.03105199709534645,0.09444867744748615,12.64218319280992,0.3925776779651642,500000.0,continuous_3,3,continuous_naca,direct OpenFOAM-coefficient surrogate,0.0,-0.7469179034233093,98954.4453125,fno,surrogate estimate; validate top designs with OpenFOAM,12.64218319280992,0.42000000000000004,0.0,0012,0.12
4.0,0.008700323976576257,0.03182019293308258,0.08174051989938382,13.712059892394564,0.43633410334587097,500000.0,continuous_4,4,continuous_naca,direct OpenFOAM-coefficient surrogate,0.0,-0.7923372387886047,98947.75,fno,surrogate estimate; validate top designs with OpenFOAM,13.712059892394564,0.4,0.0,0012,0.126
4.2,0.009155171490936009,0.031771741807460785,0.10244197612754813,12.974251441890642,0.4122275412082672,500000.0,continuous_5,5,continuous_naca,direct OpenFOAM-coefficient surrogate,0.0,-0.7747414708137512,98950.328125,fno,surrogate estimate; validate top designs with OpenFOAM,12.974251441890642,0.4,0.0,0012,0.12
4.1,0.010600808500537864,0.03471456468105316,0.12099622041186435,14.556987664308485,0.5053540468215942,500000.0,continuous_6,6,continuous_naca,direct OpenFOAM-coefficient surrogate,0.000125,-0.890875518321991,98934.9140625,fno,surrogate estimate; validate top designs with OpenFOAM,14.556987664308485,0.38,0.0,0012,0.123
4.149999999999999,0.011410274945385332,0.03547085449099541,0.11477831132505109,15.069603779606934,0.5345467925071716,500000.0,continuous_7,7,continuous_naca,direct OpenFOAM-coefficient surrogate,0.0001875,-0.9341028332710266,98927.390625,fno,surrogate estimate; validate top designs with OpenFOAM,15.069603779606934,0.3600000000000001,0.0,0012,0.1245
4.174999999999999,0.010187871953534926,0.03501499444246292,0.10942989266149526,14.915725982251633,0.522288978099823,500000.0,continuous_8,8,continuous_naca,direct OpenFOAM-coefficient surrogate,0.00021875,-0.9117740392684937,98932.296875,fno,surrogate estimate; validate top designs with OpenFOAM,14.915725982251633,0.38,0.0,0012,0.12525
3.9624999999999977,0.011412289743149631,0.034781455993652344,0.1075949809168194,15.206206441744786,0.5289092063903809,500000.0,continuous_9,9,continuous_naca,direct OpenFOAM-coefficient surrogate,0.000328125,-0.9417622685432434,98929.84375,fno,surrogate estimate; validate top designs with OpenFOAM,15.206206441744786,0.37,0.0,0012,0.12787500000000002
3.8437499999999964,0.011277000220970008,0.03481604903936386,0.09722614655845715,15.419090606022436,0.5368472337722778,500000.0,continuous_10,10,continuous_naca,direct OpenFOAM-coefficient surrogate,0.0004921875,-0.9964110851287842,98926.1953125,fno,surrogate estimate; validate top designs with OpenFOAM,15.419090606022436,0.355,0.0,0012,0.1318125
4.084374999999998,0.008883858753753393,0.03536839038133621,0.1060910309577328,14.951406238638873,0.528822124004364,500000.0,continuous_11,11,continuous_naca,direct OpenFOAM-coefficient surrogate,0.00057421875,-0.9253497123718262,98930.5703125,fno,surrogate estimate; validate top designs with OpenFOAM,14.951406238638873,0.34750000000000003,0.0,0012,0.12478125000000001
4.126562499999995,0.014203849135342733,0.03685805946588516,0.10514941682641935,16.203426762834095,0.597243070602417,500000.0,continuous_12,12,continuous_naca,direct OpenFOAM-coefficient surrogate,0.0004863281249999999,-1.1003526449203491,98907.828125,fno,surrogate estimate; validate top designs with OpenFOAM,16.203426762834095,0.3212499999999999,0.0,0012,0.133171875
4.1898437499999925,0.008039688927682186,0.037796080112457275,0.09558680007985472,16.738707724151613,0.6326742768287659,500000.0,continuous_13,13,continuous_naca,direct OpenFOAM-coefficient surrogate,0.0006044921874999998,-1.2009432315826416,98902.4140625,fno,surrogate estimate; validate top designs with OpenFOAM,16.738707724151613,0.2818749999999999,0.0,0012,0.13975781249999997
3.9589843749999947,0.0062469065532459525,0.0365663543343544,0.09368945256757664,16.103905021290597,0.5888772010803223,500000.0,continuous_14,14,continuous_naca,direct OpenFOAM-coefficient surrogate,0.0007104492187499998,-1.0879274606704712,98914.703125,fno,surrogate estimate; validate top designs with OpenFOAM,16.103905021290597,0.29218749999999993,0.0,0012,0.13517578125
3.9869140624999932,0.00715657897459174,0.03708818554878235,0.08149505426535107,16.65758683726781,0.6178163290023804,500000.0,continuous_15,15,continuous_naca,direct OpenFOAM-coefficient surrogate,0.0004230957031249998,-1.1606776714324951,98909.875,fno,surrogate estimate; validate top designs with OpenFOAM,16.65758683726781,0.29703124999999997,0.0,0012,0.14084179687499992
3.83974609374999,0.01978608587047534,0.03731059283018112,0.2043064503879526,16.635621916824096,0.6207015514373779,500000.0,continuous_16,16,continuous_naca,direct OpenFOAM-coefficient surrogate,0.0009276123046874998,-1.1296370029449463,98918.7421875,fno,surrogate estimate; validate top designs with OpenFOAM,16.635621916824096,0.2530468749999998,0.0,0012,0.14929394531249995
4.143994140624989,0.021476329153991107,0.03939429670572281,0.24542063730262723,17.328972437880456,0.6826800107955933,500000.0,continuous_17,17,continuous_naca,direct OpenFOAM-coefficient surrogate,0.0008406372070312498,-1.2242672443389893,98904.921875,fno,surrogate estimate; validate top designs with OpenFOAM,17.328972437880456,0.20707031249999974,0.0,0012,0.15072216796874993
4.294116210937485,0.029264967444210793,0.04120785742998123,0.34698766327759584,17.525990010792206,0.7222260236740112,500000.0,continuous_18,18,continuous_naca,direct OpenFOAM-coefficient surrogate,0.0010148620605468749,-1.2325146198272705,98894.1953125,fno,surrogate estimate; validate top designs with OpenFOAM,17.525990010792206,0.13310546874999962,0.0,0012,0.1601770019531249
4.196325683593736,0.026855846248728627,0.03964180499315262,0.2979830559348666,17.18538178015711,0.6812767386436462,500000.0,continuous_19,19,continuous_naca,direct OpenFOAM-coefficient surrogate,0.0007745819091796874,-1.1339486837387085,98906.390625,fno,surrogate estimate; validate top designs with OpenFOAM,17.18538178015711,0.1903417968749997,0.0,0012,0.1598594970703124
4.4938537597656145,0.02284255969189996,0.040600840002298355,0.2536962370963453,17.627169121727658,0.7156955003738403,500000.0,continuous_20,20,continuous_naca,direct OpenFOAM-coefficient surrogate,0.00048090362548828093,-1.296754002571106,98893.5859375,fno,surrogate estimate; validate top designs with OpenFOAM,17.627169121727658,0.19812988281249982,0.0,0012,0.1510241088867187
4.820907592773427,0.02670704766660032,0.042184099555015564,0.2943832045008367,17.938594729318684,0.7567414045333862,500000.0,continuous_21,21,continuous_naca,direct OpenFOAM-coefficient surrogate,0.0002575492858886714,-1.391883373260498,98878.3984375,fno,surrogate estimate; validate top designs with OpenFOAM,17.938594729318684,0.17067138671874982,0.0,0012,0.15188919067382806
4.763682556152327,0.026735564136042562,0.043235182762145996,0.3660349426720301,17.947986096343772,0.7760024070739746,500000.0,continuous_22,22,continuous_naca,direct OpenFOAM-coefficient surrogate,0.0009026470184326168,-1.362122654914856,98871.1328125,fno,surrogate estimate; validate top designs with OpenFOAM,17.947986096343772,0.1,0.0,0012,0.16499995422363273
5.152066802978494,0.019160990631337395,0.04517942667007446,0.22449140933126893,18.851760549273777,0.8517305850982666,500000.0,continuous_23,23,continuous_naca,direct OpenFOAM-coefficient surrogate,0.001142422676086425,-1.50625741481781,98844.1328125,fno,surrogate estimate; validate top designs with OpenFOAM,18.851760549273777,0.1,0.0,0012,0.17707903289794913
5.0418643951415785,0.024441689679086456,0.0451202318072319,0.16598504373605039,19.22497709556879,0.8674546480178833,500000.0,continuous_24,24,continuous_naca,direct OpenFOAM-coefficient surrogate,0.0009902157783508296,-1.6003355979919434,98836.0625,fno,surrogate estimate; validate top designs with OpenFOAM,19.22497709556879,0.1,0.0,0012,0.18474454879760727
5.467874717712371,0.05317663535169565,0.04776916652917862,0.49113624057089944,19.525631226500355,0.9327426552772522,500000.0,continuous_25,25,continuous_naca,direct OpenFOAM-coefficient surrogate,0.0011830775737762447,-1.8414537906646729,98792.875,fno,surrogate estimate; validate top designs with OpenFOAM,19.525631226500355,0.1,0.0,0012,0.2
5.6711569786071525,0.027950777482111253,0.04697804898023605,0.1924225535605262,19.470686534758958,0.9147143363952637,500000.0,continuous_26,26,continuous_naca,direct OpenFOAM-coefficient surrogate,0.0010243738889694207,-1.7138049602508545,98814.328125,fno,surrogate estimate; validate top designs with OpenFOAM,19.470686534758958,0.1,0.0,0012,0.18471311569213864
6.261886835098236,0.04818139102483878,0.04874614626169205,0.4362215920883852,19.796975252328757,0.9650460481643677,500000.0,continuous_27,27,continuous_naca,direct OpenFOAM-coefficient surrogate,0.0007888496518135063,-1.906639575958252,98773.7734375,fno,surrogate estimate; validate top designs with OpenFOAM,19.796975252328757,0.10223022460937531,0.0,0012,0.19666366767883303
7.245772147178613,0.07801287324303754,0.05158189684152603,0.6181564899676381,19.808841324548833,1.0217974185943604,500000.0,continuous_28,28,continuous_naca,direct OpenFOAM-coefficient surrogate,0.000675843447446822,-1.970276117324829,98718.9375,fno,surrogate estimate; validate top designs with OpenFOAM,19.808841324548833,0.1,0.0,0012,0.2
6.947527730464888,0.07359500669949845,0.052229348570108414,0.7048614015942838,19.74428169613873,1.0312507152557373,500000.0,continuous_29,29,continuous_naca,direct OpenFOAM-coefficient surrogate,0.0017553095072507848,-1.9748622179031372,98703.109375,fno,surrogate estimate; validate top designs with OpenFOAM,19.74428169613873,0.1,0.0,0012,0.2
7.514098984003018,0.08796329869970351,0.053964756429195404,0.7392398350779051,19.900097715236694,1.0739238262176514,500000.0,continuous_30,30,continuous_naca,direct OpenFOAM-coefficient surrogate,0.001176879532635211,-2.0385076999664307,98670.421875,fno,surrogate estimate; validate top designs with OpenFOAM,19.900097715236694,0.1,0.0,0012,0.2
8.695115074515282,0.11735123731986485,0.05782175064086914,0.9028813385481977,19.865190289346568,1.1486599445343018,500000.0,continuous_31,31,continuous_naca,direct OpenFOAM-coefficient surrogate,0.0011941079609096039,-2.1193366050720215,98589.4375,fno,surrogate estimate; validate top designs with OpenFOAM,19.865190289346568,0.10000000000000003,0.0,0012,0.2
7.916479811072291,0.0940579412134578,0.05527496337890625,0.82172770621724,19.79927517176048,1.0944240093231201,500000.0,continuous_32,32,continuous_naca,direct OpenFOAM-coefficient surrogate,0.0013711811415851106,-2.0532803535461426,98640.078125,fno,surrogate estimate; validate top designs with OpenFOAM,19.79927517176048,0.1,0.0,0012,0.2
9.344064618647034,0.13359628906238313,0.06008782982826233,1.0385518481028155,19.690016537280048,1.183150053024292,500000.0,continuous_33,33,continuous_naca,direct OpenFOAM-coefficient surrogate,0.0013065292406827193,-2.138899564743042,98537.984375,fno,surrogate estimate; validate top designs with OpenFOAM,19.690016537280048,0.1,0.0,0012,0.2
8.37501714341337,0.10546299531593184,0.056811898946762085,0.8888533434696413,19.782004020420423,1.123872995376587,500000.0,continuous_34,34,continuous_naca,direct OpenFOAM-coefficient surrogate,0.0012756663239561006,-2.085207939147949,98608.4609375,fno,surrogate estimate; validate top designs with OpenFOAM,19.782004020420423,0.10000000000000002,0.0,0012,0.2
8.578156312368758,0.09664618338664212,0.05576308071613312,0.8164531613188536,19.91986397310396,1.1108129024505615,500000.0,continuous_35,35,continuous_naca,direct OpenFOAM-coefficient surrogate,0.0004944757155608374,-2.0955989360809326,98629.15625,fno,surrogate estimate; validate top designs with OpenFOAM,19.91986397310396,0.10000000000000003,0.0,0012,0.2
9.393470603320694,0.0838371519004774,0.049482181668281555,0.5098192591909833,19.80273366464159,0.9799022674560547,500000.0,continuous_36,36,continuous_naca,direct OpenFOAM-coefficient surrogate,0.0,-1.91242516040802,98760.1484375,fno,surrogate estimate; validate top designs with OpenFOAM,19.80273366464159,0.10000000000000003,0.0,0012,0.2
7.2522364838979705,0.07347941666598212,0.051620591431856155,0.633157965041511,19.839236617630455,1.0241329669952393,500000.0,continuous_37,37,continuous_naca,direct OpenFOAM-coefficient surrogate,0.0005835235946578901,-1.9840900897979736,98715.7890625,fno,surrogate estimate; validate top designs with OpenFOAM,19.839236617630455,0.1,0.0,0012,0.2
7.378652152651888,0.07265004191885881,0.051993921399116516,0.6262459238612929,19.954752739114152,1.0375458002090454,500000.0,continuous_38,38,continuous_naca,direct OpenFOAM-coefficient surrogate,9.418000356526974e-05,-1.9972946643829346,98710.0703125,fno,surrogate estimate; validate top designs with OpenFOAM,19.954752739114152,0.1,0.0,0012,0.2
7.109738323441686,0.04948853407342636,0.04287155717611313,0.32351588759416866,18.90685867583729,0.8105853796005249,500000.0,continuous_39,39,continuous_naca,direct OpenFOAM-coefficient surrogate,0.0,-1.558902621269226,98851.3828125,fno,surrogate estimate; validate top designs with OpenFOAM,18.90685867583729,0.10000000000000003,0.0,0012,0.2
8.115799819282204,0.08733173464025312,0.054280757904052734,0.7493817925243476,19.912979219535327,1.0809115171432495,500000.0,continuous_40,40,continuous_naca,direct OpenFOAM-coefficient surrogate,0.0004986859757627822,-2.059783935546875,98660.515625,fno,surrogate estimate; validate top designs with OpenFOAM,19.912979219535327,0.1,0.0,0012,0.2
8.541117150254966,0.09561982132044473,0.05564876273274422,0.8101033394432186,19.922362831222575,1.1086747646331787,500000.0,continuous_41,41,continuous_naca,direct OpenFOAM-coefficient surrogate,0.0005485870191041602,-2.0930256843566895,98631.578125,fno,surrogate estimate; validate top designs with OpenFOAM,19.922362831222575,0.1,0.0,0012,0.2
8.792763733275889,0.0731997040351325,0.047692470252513885,0.446756556865617,19.647213362493755,0.9370437860488892,500000.0,continuous_42,42,continuous_naca,direct OpenFOAM-coefficient surrogate,0.0,-1.849144458770752,98794.5703125,fno,surrogate estimate; validate top designs with OpenFOAM,19.647213362493755,0.1,0.0,0012,0.2
7.833765171321236,0.08996621169813636,0.053388506174087524,0.7055105048084197,19.888819346185898,1.0618542432785034,500000.0,continuous_43,43,continuous_naca,direct OpenFOAM-coefficient surrogate,0.0007929308555667367,-2.023426055908203,98682.0390625,fno,surrogate estimate; validate top designs with OpenFOAM,19.888819346185898,0.1,0.0,0012,0.2
7.959884651453427,0.0828447671443919,0.05376361683011055,0.717152568649995,19.913356972988158,1.0706340074539185,500000.0,continuous_44,44,continuous_naca,direct OpenFOAM-coefficient surrogate,0.000321383511334715,-2.0466198921203613,98671.265625,fno,surrogate estimate; validate top designs with OpenFOAM,19.913356972988158,0.1,0.0,0012,0.2
7.978404232510323,0.08235404122193848,0.0538167804479599,0.7061818981660041,19.91429674305373,1.0717432498931885,500000.0,continuous_45,45,continuous_naca,direct OpenFOAM-coefficient surrogate,0.0002943278595630536,-2.048063278198242,98670.109375,fno,surrogate estimate; validate top designs with OpenFOAM,19.91429674305373,0.10000000000000002,0.0,0012,0.2
7.747225985967046,0.07854257489814648,0.05309246480464935,0.6752078253867106,19.89456813425094,1.0562715530395508,500000.0,continuous_46,46,continuous_naca,direct OpenFOAM-coefficient surrogate,0.000296432989664026,-2.028493642807007,98685.171875,fno,surrogate estimate; validate top designs with OpenFOAM,19.89456813425094,0.1,0.0,0012,0.2
7.446375568327453,0.08162706015717347,0.052179403603076935,0.6442618086052071,19.846063977542222,1.0355756282806396,500000.0,continuous_47,47,continuous_naca,direct OpenFOAM-coefficient surrogate,0.0006355297681002403,-1.9888107776641846,98706.75,fno,surrogate estimate; validate top designs with OpenFOAM,19.846063977542222,0.1,0.0,0012,0.2
8.08570794296389,0.06274476857155574,0.04564931243658066,0.39099688028386853,19.377533246413496,0.8845904469490051,500000.0,continuous_48,48,continuous_naca,direct OpenFOAM-coefficient surrogate,0.0,-1.734943151473999,98822.3125,fno,surrogate estimate; validate top designs with OpenFOAM,19.377533246413496,0.1,0.0,0012,0.2
7.606208661986562,0.07691010419899172,0.052671048790216446,0.6690671016892854,19.886943661337174,1.0474860668182373,500000.0,continuous_49,49,continuous_naca,direct OpenFOAM-coefficient surrogate,0.0004435554295660032,-2.016411781311035,98693.875,fno,surrogate estimate; validate top designs with OpenFOAM,19.886943661337174,0.1,0.0,0012,0.2
7.92587484930478,0.08158378458872319,0.053671594709157944,0.6988501654047101,20.015367088847338,1.0742766857147217,500000.0,continuous_50,50,continuous_naca,direct OpenFOAM-coefficient surrogate,5.960675249752894e-05,-2.046274423599243,98675.109375,fno,surrogate estimate; validate top designs with OpenFOAM,20.015367088847338,0.1,0.0,0012,0.2
8.08570794296389,0.06274476857155574,0.04564931243658066,0.39099688028386853,19.377533246413496,0.8845904469490051,500000.0,continuous_51,51,continuous_naca,direct OpenFOAM-coefficient surrogate,0.0,-1.734943151473999,98822.3125,fno,surrogate estimate; validate top designs with OpenFOAM,19.377533246413496,0.10000000000000003,0.0,0012,0.2
7.874181956993165,0.08072145578586186,0.0535169392824173,0.6919620830778527,20.009608673988886,1.0708730220794678,500000.0,continuous_52,52,continuous_naca,direct OpenFOAM-coefficient surrogate,8.831607381625764e-05,-2.0419487953186035,98678.4296875,fno,surrogate estimate; validate top designs with OpenFOAM,20.009608673988886,0.1,0.0,0012,0.2
7.618671944276651,0.05614445260087218,0.044316861778497696,0.3584246989712253,19.168974335928226,0.8495279550552368,500000.0,continuous_53,53,continuous_naca,direct OpenFOAM-coefficient surrogate,0.0,-1.6493449211120605,98836.2734375,fno,surrogate estimate; validate top designs with OpenFOAM,19.168974335928226,0.10000000000000003,0.0,0012,0.2
7.874581474659233,0.07862255583342523,0.053483471274375916,0.6850106993538275,19.90710950904176,1.0647212266921997,500000.0,continuous_54,54,continuous_naca,direct OpenFOAM-coefficient surrogate,0.00022774559184762121,-2.0392136573791504,98677.0703125,fno,surrogate estimate; validate top designs with OpenFOAM,19.90710950904176,0.1,0.0,0012,0.2
7.900028403148973,0.08115312071104958,0.05359252169728279,0.6954060854127754,20.01421142679754,1.072632074356079,500000.0,continuous_55,55,continuous_naca,direct OpenFOAM-coefficient surrogate,7.396141315689329e-05,-2.0441219806671143,98676.765625,fno,surrogate estimate; validate top designs with OpenFOAM,20.01421142679754,0.1,0.0,0012,0.2
7.652263500978334,0.07705994006892108,0.0528363399207592,0.6621359205498274,19.980554986182625,1.0557193756103516,500000.0,continuous_56,56,continuous_naca,direct OpenFOAM-coefficient surrogate,7.689337803139934e-05,-2.0223312377929688,98692.8203125,fno,surrogate estimate; validate top designs with OpenFOAM,19.980554986182625,0.1,0.0,0012,0.2
7.9521395409075515,0.0798838770100381,0.0537240207195282,0.6951475096716697,19.912157327439317,1.0697810649871826,500000.0,continuous_57,57,continuous_naca,direct OpenFOAM-coefficient surrogate,0.00017696730603029127,-2.0455517768859863,98672.109375,fno,surrogate estimate; validate top designs with OpenFOAM,19.912157327439317,0.1,0.0,0012,0.2
7.942879750379103,0.079733642263892,0.05369697883725166,0.693962839341387,19.91153339414295,1.069209098815918,500000.0,continuous_58,58,continuous_naca,direct OpenFOAM-coefficient surrogate,0.00019049513191612196,-2.0448243618011475,98672.6875,fno,surrogate estimate; validate top designs with OpenFOAM,19.91153339414295,0.1,0.0,0012,0.2
7.772273396790715,0.05828578468924827,0.044754546135663986,0.36914553705162306,19.24189717566421,0.8611816167831421,500000.0,continuous_59,59,continuous_naca,direct OpenFOAM-coefficient surrogate,3.2192929419344607e-06,-1.6771188974380493,98831.6875,fno,surrogate estimate; validate top designs with OpenFOAM,19.24189717566421,0.1,0.0,0012,0.2
7.900228161982007,0.07901831484179218,0.05355743691325188,0.6880335607150654,19.907713275522884,1.0662260055541992,500000.0,continuous_60,60,continuous_naca,direct OpenFOAM-coefficient surrogate,0.00014367617217257508,-2.0411229133605957,98675.5859375,fno,surrogate estimate; validate top designs with OpenFOAM,19.907713275522884,0.1,0.0,0012,0.2
7.912951626226876,0.08136738995259452,0.05362958833575249,0.6971229342477874,20.01438665149351,1.0733833312988281,500000.0,continuous_61,61,continuous_naca,direct OpenFOAM-coefficient surrogate,6.678408282721112e-05,-2.045201301574707,98675.9375,fno,surrogate estimate; validate top designs with OpenFOAM,20.01438665149351,0.1,0.0,0012,0.2
7.789069175141557,0.07931383140756611,0.053258515894412994,0.6803575558431517,19.991293071853118,1.0647265911102295,500000.0,continuous_62,62,continuous_naca,direct OpenFOAM-coefficient surrogate,6.825006526446414e-05,-2.034470558166504,98684.0234375,fno,surrogate estimate; validate top designs with OpenFOAM,19.991293071853118,0.1,0.0,0012,0.2
7.939007195106166,0.08163274486036903,0.05372238531708717,0.7000357729256307,20.01535644380841,1.075292706489563,500000.0,continuous_63,63,continuous_naca,direct OpenFOAM-coefficient surrogate,0.0001182870292639101,-2.047558307647705,98674.109375,fno,surrogate estimate; validate top designs with OpenFOAM,20.01535644380841,0.1,0.0,0012,0.2
7.934377299841941,0.08155672349538137,0.05370586737990379,0.6994408186043122,20.01632504043859,1.0750141143798828,500000.0,continuous_64,64,continuous_naca,direct OpenFOAM-coefficient surrogate,0.00012505094220682545,-2.047189712524414,98674.3984375,fno,surrogate estimate; validate top designs with OpenFOAM,20.01632504043859,0.1,0.0,0012,0.2
8.067036310098327,0.0838456126446996,0.05414031818509102,0.7175971798203963,20.01550102003523,1.0836656093597412,500000.0,continuous_65,65,continuous_naca,direct OpenFOAM-coefficient surrogate,0.00011661433813327368,-2.058082342147827,98665.6640625,fno,surrogate estimate; validate top designs with OpenFOAM,20.01550102003523,0.1,0.0,0012,0.2
8.02019620094873,0.08102613348325469,0.053935036063194275,0.7042178651618997,19.91417964155645,1.074091911315918,500000.0,continuous_66,66,continuous_naca,direct OpenFOAM-coefficient surrogate,0.00014299544822355797,-2.0510313510894775,98667.703125,fno,surrogate estimate; validate top designs with OpenFOAM,19.91417964155645,0.1,0.0,0012,0.2
7.93976276990734,0.08182773667423353,0.05372101813554764,0.7008708714197369,20.0154131418044,1.0752683877944946,500000.0,continuous_67,67,continuous_naca,direct OpenFOAM-coefficient surrogate,8.583692417629782e-05,-2.0475239753723145,98674.140625,fno,surrogate estimate; validate top designs with OpenFOAM,20.0154131418044,0.1,0.0,0012,0.2
7.994518419470028,0.08276584607904608,0.05389539152383804,0.7083317083092417,20.019561315429492,1.0789821147918701,500000.0,continuous_68,68,continuous_naca,direct OpenFOAM-coefficient surrogate,7.526744924305284e-05,-2.052032947540283,98670.5625,fno,surrogate estimate; validate top designs with OpenFOAM,20.019561315429492,0.1,0.0,0012,0.2
8.022274031651957,0.08324431255372748,0.05399095267057419,0.7120624426604543,20.019042057662293,1.0808671712875366,500000.0,continuous_69,69,continuous_naca,direct OpenFOAM-coefficient surrogate,5.37576592326242e-05,-2.054248094558716,98668.78125,fno,surrogate estimate; validate top designs with OpenFOAM,20.019042057662293,0.10000000000000003,0.0,0012,0.2
8.04197255035404,0.08341219248037504,0.054064176976680756,0.7142661491532186,20.01656439867863,1.0821990966796875,500000.0,continuous_70,70,continuous_naca,direct OpenFOAM-coefficient surrogate,0.00014177807438219594,-2.056117057800293,98667.265625,fno,surrogate estimate; validate top designs with OpenFOAM,20.01656439867863,0.1,0.0,0012,0.2
8.079189519974825,0.08204221052510534,0.05412261188030243,0.7122349195217752,19.916798543180377,1.0779690742492676,500000.0,continuous_71,71,continuous_naca,direct OpenFOAM-coefficient surrogate,0.00014351847780637615,-2.0558040142059326,98663.796875,fno,surrogate estimate; validate top designs with OpenFOAM,19.916798543180377,0.1,0.0,0012,0.2
7.974619457424211,0.0824300439738927,0.053835541009902954,0.7057192024740548,20.01919168753786,1.0777640342712402,500000.0,continuous_72,72,continuous_naca,direct OpenFOAM-coefficient surrogate,0.0001002573125838174,-2.0504679679870605,98671.8125,fno,surrogate estimate; validate top designs with OpenFOAM,20.01919168753786,0.1,0.0,0012,0.2
7.905707553446781,0.08107061561617702,0.053611814975738525,0.6954519475028308,20.014671306728747,1.073042869567871,500000.0,continuous_73,73,continuous_naca,direct OpenFOAM-coefficient surrogate,0.00010456255107467213,-2.0446999073028564,98676.328125,fno,surrogate estimate; validate top designs with OpenFOAM,20.014671306728747,0.1,0.0,0012,0.2
8.026704120935442,0.08313482985725863,0.05401134490966797,0.7120155275112412,20.018239769651544,1.0812320709228516,500000.0,continuous_74,74,continuous_naca,direct OpenFOAM-coefficient surrogate,0.00011360139136862329,-2.054786205291748,98668.34375,fno,surrogate estimate; validate top designs with OpenFOAM,20.018239769651544,0.1,0.0,0012,0.2
8.084529974249918,0.08436484347655114,0.05419090762734413,0.7208888748689725,20.015756020285583,1.0846920013427734,500000.0,continuous_75,75,continuous_naca,direct OpenFOAM-coefficient surrogate,9.040117158201928e-05,-2.0594208240509033,98664.5625,fno,surrogate estimate; validate top designs with OpenFOAM,20.015756020285583,0.1,0.0,0012,0.2
7.971915468443935,0.08219033052251243,0.053828466683626175,0.7045062774955198,20.018987977608973,1.0776114463806152,500000.0,continuous_76,76,continuous_naca,direct OpenFOAM-coefficient surrogate,0.00011638849955062391,-2.050292730331421,98671.953125,fno,surrogate estimate; validate top designs with OpenFOAM,20.018987977608973,0.1,0.0,0012,0.2
7.94190618278277,0.08185773119449134,0.05372525006532669,0.7010469696296936,20.015298767525657,1.0753469467163086,500000.0,continuous_77,77,continuous_naca,direct OpenFOAM-coefficient surrogate,6.097925199086279e-05,-2.047628879547119,98674.0546875,fno,surrogate estimate; validate top designs with OpenFOAM,20.015298767525657,0.1,0.0,0012,0.2
8.01695595846122,0.08296798702780614,0.05398096144199371,0.71070974716853,20.019035092547195,1.0806667804718018,500000.0,continuous_78,78,continuous_naca,direct OpenFOAM-coefficient surrogate,0.00012157836878436265,-2.054011583328247,98668.96875,fno,surrogate estimate; validate top designs with OpenFOAM,20.019035092547195,0.1,0.0,0012,0.2
7.952300530964257,0.08204330551703193,0.05376603081822395,0.7026259023134482,20.013748742542376,1.0760798454284668,500000.0,continuous_79,79,continuous_naca,direct OpenFOAM-coefficient surrogate,9.314442371230513e-05,-2.048595666885376,98673.296875,fno,surrogate estimate; validate top designs with OpenFOAM,20.013748742542376,0.1,0.0,0012,0.2
8.008103223442646,0.08280971221212019,0.05394957587122917,0.7094250622806144,20.01857911156947,1.0800138711929321,500000.0,continuous_80,80,continuous_naca,direct OpenFOAM-coefficient surrogate,0.00010848714945454375,-2.0532469749450684,98669.5859375,fno,surrogate estimate; validate top designs with OpenFOAM,20.01857911156947,0.1,0.0,0012,0.2
4.0,0.022123283101102124,0.0378391370177269,0.3032835253754053,17.23410870044185,0.6521410346031189,500000.0,continuous_1,1,continuous_naca,direct OpenFOAM-coefficient surrogate,0.02,-1.1158268451690674,98920.390625,fno,surrogate estimate; validate top designs with OpenFOAM,17.23410870044185,0.4,0.0,2412,0.12
4.0,0.02099137874124379,0.03790578246116638,0.32432504481039204,17.17077730079375,0.6508889198303223,500000.0,continuous_2,2,continuous_naca,direct OpenFOAM-coefficient surrogate,0.021,-1.1203422546386719,98917.078125,fno,surrogate estimate; validate top designs with OpenFOAM,17.17077730079375,0.4,0.0,2412,0.12
4.0,0.021795063674557802,0.03744158148765564,0.29179102153662356,17.122103551962553,0.641095757484436,500000.0,continuous_3,3,continuous_naca,direct OpenFOAM-coefficient surrogate,0.02,-1.0945621728897095,98923.734375,fno,surrogate estimate; validate top designs with OpenFOAM,17.122103551962553,0.42000000000000004,0.0,2412,0.12
4.0,0.02439178485955465,0.03761053830385208,0.30476011607567205,16.95469956894718,0.6376923322677612,500000.0,continuous_4,4,continuous_naca,direct OpenFOAM-coefficient surrogate,0.02,-1.0399277210235596,98928.875,fno,surrogate estimate; validate top designs with OpenFOAM,16.95469956894718,0.4,0.0,2412,0.126
4.2,0.023657458514292982,0.038440730422735214,0.3144062011559432,17.390557746736548,0.6685231328010559,500000.0,continuous_5,5,continuous_naca,direct OpenFOAM-coefficient surrogate,0.02,-1.147979497909546,98915.2421875,fno,surrogate estimate; validate top designs with OpenFOAM,17.390557746736548,0.4,0.0,2412,0.12
4.1,0.017772312213159072,0.03768767789006233,0.2594034808978687,17.051062642033532,0.642632007598877,500000.0,continuous_6,6,continuous_naca,direct OpenFOAM-coefficient surrogate,0.0205,-1.0931823253631592,98918.4765625,fno,surrogate estimate; validate top designs with OpenFOAM,17.051062642033532,0.41000000000000003,0.0,2412,0.11399999999999999
4.074999999999999,0.020851346647575902,0.03789686784148216,0.27592866539526595,17.07296687376523,0.6470290422439575,500000.0,continuous_7,7,continuous_naca,direct OpenFOAM-coefficient surrogate,0.020374999999999997,-1.0978623628616333,98918.71875,fno,surrogate estimate; validate top designs with OpenFOAM,17.07296687376523,0.40750000000000003,0.0,2412,0.11699999999999999
4.025,0.02666781021463021,0.037958696484565735,0.3100111908573421,17.167659875144803,0.6516791582107544,500000.0,continuous_8,8,continuous_naca,direct OpenFOAM-coefficient surrogate,0.020125000000000004,-1.0817369222640991,98927.078125,fno,surrogate estimate; validate top designs with OpenFOAM,17.167659875144803,0.4025,0.0,2412,0.123
4.112500000000001,0.027420150000631777,0.03863498196005821,0.3230741672909179,17.382528135730556,0.67159104347229,500000.0,continuous_9,9,continuous_naca,direct OpenFOAM-coefficient surrogate,0.0205625,-1.1413756608963013,98918.453125,fno,surrogate estimate; validate top designs with OpenFOAM,17.382528135730556,0.3812500000000001,0.0,2412,0.1215
4.13125,0.021821138980512415,0.03850473091006279,0.3077507858568545,17.22623577295792,0.6633087992668152,500000.0,continuous_10,10,continuous_naca,direct OpenFOAM-coefficient surrogate,0.02065625,-1.1298338174819946,98913.5546875,fno,surrogate estimate; validate top designs with OpenFOAM,17.22623577295792,0.3881250000000001,0.0,2412,0.11775
4.221875000000001,0.022713225539446998,0.0387122742831707,0.3099411097682141,17.466485219095066,0.6761848330497742,500000.0,continuous_11,11,continuous_naca,direct OpenFOAM-coefficient surrogate,0.019609375000000002,-1.1628313064575195,98912.8203125,fno,surrogate estimate; validate top designs with OpenFOAM,17.466485219095066,0.38468750000000007,0.0,2412,0.11962499999999998
4.332812500000001,0.02366449112374893,0.03906921297311783,0.30728045455409225,17.493451398656504,0.6834728717803955,500000.0,continuous_12,12,continuous_naca,direct OpenFOAM-coefficient surrogate,0.018914062500000002,-1.200999140739441,98906.5859375,fno,surrogate estimate; validate top designs with OpenFOAM,17.493451398656504,0.37703125000000015,0.0,2412,0.11943749999999997
4.191406250000002,0.02399289928231878,0.03835936263203621,0.3155499790468985,17.29710284373834,0.6635231375694275,500000.0,continuous_13,13,continuous_naca,direct OpenFOAM-coefficient surrogate,0.01908203125,-1.1311142444610596,98919.3828125,fno,surrogate estimate; validate top designs with OpenFOAM,17.29710284373834,0.39101562500000003,0.0,2412,0.12271874999999999
4.418359375000001,0.02867351541199466,0.039433807134628296,0.3117973716498054,17.50566522545066,0.6903325319290161,500000.0,continuous_14,14,continuous_naca,direct OpenFOAM-coefficient surrogate,0.019279296874999994,-1.1665235757827759,98915.34375,fno,surrogate estimate; validate top designs with OpenFOAM,17.50566522545066,0.3746484375000002,0.0,2412,0.12182812499999998
4.627539062500002,0.031121902342428072,0.04024931788444519,0.33320706313692827,17.700114755844893,0.712435245513916,500000.0,continuous_15,15,continuous_naca,direct OpenFOAM-coefficient surrogate,0.01891894531249999,-1.2158106565475464,98907.671875,fno,surrogate estimate; validate top designs with OpenFOAM,17.700114755844893,0.3619726562500003,0.0,2412,0.12274218749999999
4.445019531250001,0.02614507004242853,0.03978879749774933,0.34260543307642655,17.673791376666276,0.7032365798950195,500000.0,continuous_16,16,continuous_naca,direct OpenFOAM-coefficient surrogate,0.020115722656249994,-1.2022429704666138,98905.921875,fno,surrogate estimate; validate top designs with OpenFOAM,17.673791376666276,0.3691113281250003,0.0,2412,0.11912109374999999
4.690185546875002,0.02579008856108328,0.04006019979715347,0.3158689773670018,17.751758047296793,0.7111567258834839,500000.0,continuous_17,17,continuous_naca,direct OpenFOAM-coefficient surrogate,0.018411865234374995,-1.255250334739685,98897.4296875,fno,surrogate estimate; validate top designs with OpenFOAM,17.751758047296793,0.37280761718750033,0.0,2412,0.11915039062499999
4.979028320312501,0.025810725991934708,0.04071492701768875,0.28439963103144894,17.713886300885168,0.721237301826477,500000.0,continuous_18,18,continuous_naca,direct OpenFOAM-coefficient surrogate,0.017336547851562488,-1.3089382648468018,98888.2578125,fno,surrogate estimate; validate top designs with OpenFOAM,17.713886300885168,0.36858642578125034,0.0,2412,0.11797558593750002
4.847778320312503,0.027780823732089767,0.04111573472619057,0.34505673809729254,17.963315131938636,0.7385928630828857,500000.0,continuous_19,19,continuous_naca,direct OpenFOAM-coefficient surrogate,0.01818029785156249,-1.3210034370422363,98888.0625,fno,surrogate estimate; validate top designs with OpenFOAM,17.963315131938636,0.3404614257812505,0.0,2412,0.12022558593749999
5.171667480468754,0.03456514582808928,0.042413681745529175,0.3707371538931885,17.99069422806592,0.7630695700645447,500000.0,continuous_20,20,continuous_naca,direct OpenFOAM-coefficient surrogate,0.017270446777343733,-1.3853836059570312,98875.9375,fno,surrogate estimate; validate top designs with OpenFOAM,17.99069422806592,0.31069213867187573,0.0,2412,0.12033837890624999
5.134393310546878,0.035796446167539346,0.042199186980724335,0.3554592739204154,18.093563708368,0.7635517716407776,500000.0,continuous_21,21,continuous_naca,direct OpenFOAM-coefficient surrogate,0.01844442749023436,-1.374825358390808,98883.6015625,fno,surrogate estimate; validate top designs with OpenFOAM,18.093563708368,0.33026062011718815,0.0,2412,0.12123852539062502
5.535183715820317,0.03928629936276691,0.043688032776117325,0.3891173620081391,18.224524282841973,0.796211838722229,500000.0,continuous_22,22,continuous_naca,direct OpenFOAM-coefficient surrogate,0.018209609985351538,-1.4638540744781494,98868.859375,fno,surrogate estimate; validate top designs with OpenFOAM,18.224524282841973,0.3068753051757822,0.0,2412,0.12213903808593751
5.567268371582037,0.035658565600518076,0.04329961910843849,0.33608917640840597,17.784342858759153,0.7700730562210083,500000.0,continuous_23,23,continuous_naca,direct OpenFOAM-coefficient surrogate,0.016289710998535135,-1.4549074172973633,98868.46875,fno,surrogate estimate; validate top designs with OpenFOAM,17.784342858759153,0.307062530517579,0.0,2412,0.12306390380859375
5.854613494873053,0.036808844991081904,0.044920846819877625,0.3660957078562778,18.166190223606378,0.8160588145256042,500000.0,continuous_24,24,continuous_naca,direct OpenFOAM-coefficient surrogate,0.016171871185302708,-1.527660846710205,98850.96875,fno,surrogate estimate; validate top designs with OpenFOAM,18.166190223606378,0.2867461395263683,0.0,2412,0.11960366821289065
6.3741809844970785,0.051914689293992206,0.04747602343559265,0.4461429397097449,17.868887937281066,0.848361611366272,500000.0,continuous_25,25,continuous_naca,direct OpenFOAM-coefficient surrogate,0.015558954238891563,-1.6615206003189087,98805.453125,fno,surrogate estimate; validate top designs with OpenFOAM,17.868887937281066,0.2328804397583023,0.0,2412,0.12342210388183594
5.900554466247565,0.046474386087249284,0.045844413340091705,0.41081025502829144,18.347709599663055,0.8411583304405212,500000.0,continuous_26,26,continuous_naca,direct OpenFOAM-coefficient surrogate,0.017315730094909637,-1.5885754823684692,98846.59375,fno,surrogate estimate; validate top designs with OpenFOAM,18.347709599663055,0.2615344810485853,0.0,2412,0.1196876907348633
6.067197513580329,0.0495634728071571,0.04696809872984886,0.42822777529194506,18.30608611102316,0.8598203659057617,500000.0,continuous_27,27,continuous_naca,direct OpenFOAM-coefficient surrogate,0.01782873964309689,-1.6292355060577393,98833.84375,fno,surrogate estimate; validate top designs with OpenFOAM,18.30608611102316,0.23877045631408844,0.0,2412,0.11799958419799805
4.856828594207768,0.028349277657322976,0.0411713607609272,0.33954864564111964,17.92915515425879,0.7381856441497803,500000.0,continuous_28,28,continuous_naca,direct OpenFOAM-coefficient surrogate,0.018924874782562242,-1.30306077003479,98888.0625,fno,surrogate estimate; validate top designs with OpenFOAM,17.92915515425879,0.35004359245300354,0.0,2412,0.11746228408813478
5.236166691780096,0.03247827949907371,0.042641714215278625,0.36484233315884523,18.190480224269024,0.7756914496421814,500000.0,continuous_29,29,continuous_naca,direct OpenFOAM-coefficient surrogate,0.018083394646644574,-1.387898564338684,98876.6328125,fno,surrogate estimate; validate top designs with OpenFOAM,18.190480224269024,0.32075280427932823,0.0,2412,0.11895223903656008
6.091591703891762,0.05028076412735976,0.04610405117273331,0.4262803534824675,18.37629391163,0.8472399711608887,500000.0,continuous_30,30,continuous_naca,direct OpenFOAM-coefficient surrogate,0.017619856178760496,-1.603536605834961,98843.3671875,fno,surrogate estimate; validate top designs with OpenFOAM,18.37629391163,0.27726222634315634,0.0,2412,0.11985293912887576
6.551553815603267,0.05845866723069235,0.04794211685657501,0.48198335078211096,18.51483367493372,0.8876588344573975,500000.0,continuous_31,31,continuous_naca,direct OpenFOAM-coefficient surrogate,0.017794560879468874,-1.6822032928466797,98813.4140625,fno,surrogate estimate; validate top designs with OpenFOAM,18.51483367493372,0.26054727017879664,0.0,2412,0.11961021924018866
5.757115849852569,0.048627782636606776,0.045093536376953125,0.4456017699703386,18.447122055886624,0.8318644165992737,500000.0,continuous_32,32,continuous_naca,direct OpenFOAM-coefficient surrogate,0.019529776617884603,-1.5306074619293213,98857.8203125,fno,surrogate estimate; validate top designs with OpenFOAM,18.447122055886624,0.28810879081487784,0.0,2412,0.12059092533588411
6.636037231981763,0.05862941144302166,0.048671264201402664,0.5466760821837808,18.42495557350023,0.8967843055725098,500000.0,continuous_33,33,continuous_naca,direct OpenFOAM-coefficient surrogate,0.018341444142162752,-1.6872378587722778,98803.1875,fno,surrogate estimate; validate top designs with OpenFOAM,18.42495557350023,0.23778011932969273,0.0,2412,0.12206169766187672
6.887446966022264,0.07192036578745552,0.0501607321202755,0.5927388331713457,18.33483931682376,0.9197072982788086,500000.0,continuous_34,34,continuous_naca,direct OpenFOAM-coefficient surrogate,0.018281145881861395,-1.7268407344818115,98774.75,fno,surrogate estimate; validate top designs with OpenFOAM,18.33483931682376,0.2171100255101941,0.0,2412,0.11883622840046887
6.549381153471778,0.06224497782519023,0.04853983223438263,0.5272296759372428,18.402698370726394,0.8932822942733765,500000.0,continuous_35,35,continuous_naca,direct OpenFOAM-coefficient surrogate,0.018263261907733933,-1.6859067678451538,98805.0078125,fno,surrogate estimate; validate top designs with OpenFOAM,18.402698370726394,0.23955134542659112,0.0,2412,0.11966193082183602
6.846489559207123,0.07038872966001579,0.04940897226333618,0.6275971380114089,18.650580068870262,0.9215246438980103,500000.0,continuous_36,36,continuous_naca,direct OpenFOAM-coefficient surrogate,0.019648791678715444,-1.7108588218688965,98793.046875,fno,surrogate estimate; validate top designs with OpenFOAM,18.650580068870262,0.25145928182639393,0.0,2412,0.12127469579502945
7.319457105686904,0.08794595608975316,0.051211223006248474,0.7672181994061266,18.686745253188338,0.9569897651672363,500000.0,continuous_37,37,continuous_naca,direct OpenFOAM-coefficient surrogate,0.020815322470618347,-1.7582639455795288,98754.3984375,fno,surrogate estimate; validate top designs with OpenFOAM,18.686745253188338,0.24642168221529825,0.0,2412,0.12206819832511251
6.582700848090473,0.06464272765473007,0.0479070208966732,0.5896335316527812,18.703846760780028,0.896064281463623,500000.0,continuous_38,38,continuous_naca,direct OpenFOAM-coefficient surrogate,0.019977290147333356,-1.6772210597991943,98819.140625,fno,surrogate estimate; validate top designs with OpenFOAM,18.703846760780028,0.27687758584274164,0.0,2412,0.12250358945969497
6.59936069539982,0.06590872103599181,0.04773278906941414,0.6077433357326506,18.798183549151098,0.8973085284233093,500000.0,continuous_39,39,continuous_naca,direct OpenFOAM-coefficient surrogate,0.020834304267133064,-1.641633152961731,98830.140625,fno,surrogate estimate; validate top designs with OpenFOAM,18.798183549151098,0.29554070605081695,0.0,2412,0.12392441877862448
6.477706501289519,0.059977478752632395,0.047352135181427,0.5691908334646706,18.74279841953795,0.8875302672386169,500000.0,continuous_40,40,continuous_naca,direct OpenFOAM-coefficient surrogate,0.02114553797538969,-1.6263282299041748,98830.125,fno,surrogate estimate; validate top designs with OpenFOAM,18.74279841953795,0.3075291053002021,0.0,2412,0.12103518317802817
7.716923209137185,0.09682566018602305,0.05207822099328041,0.8124189795512755,18.818675272156273,0.980061948299408,500000.0,continuous_41,41,continuous_naca,direct OpenFOAM-coefficient surrogate,0.020765086178420385,-1.730137586593628,98738.328125,fno,surrogate estimate; validate top designs with OpenFOAM,18.818675272156273,0.2669105910576792,0.0,2412,0.12272808442509281
8.696826888779494,0.13522191843843248,0.05582217872142792,1.0590033653758566,18.676879413906835,1.042602777481079,500000.0,continuous_42,42,continuous_naca,direct OpenFOAM-coefficient surrogate,0.02138274095868828,-1.7895729541778564,98647.0390625,fno,surrogate estimate; validate top designs with OpenFOAM,18.676879413906835,0.2563114911790799,0.0,2412,0.12379666396969713
7.505169940153447,0.05466169678095213,0.051048047840595245,0.44221682104688637,19.254048792341866,0.982900857925415,500000.0,continuous_43,43,continuous_naca,direct OpenFOAM-coefficient surrogate,0.023985564566311873,-1.6306569576263428,98775.171875,fno,surrogate estimate; validate top designs with OpenFOAM,19.254048792341866,0.29765377213320166,0.0,2412,0.1252677231132403
7.981978002428537,0.04381215012145047,0.05251503735780716,0.4492953358750118,19.584608670406848,1.0285060405731201,500000.0,continuous_44,44,continuous_naca,direct OpenFOAM-coefficient surrogate,0.027081066409733373,-1.609757661819458,98745.78125,fno,surrogate estimate; validate top designs with OpenFOAM,19.584608670406848,0.31620702311040416,0.0,2412,0.12809647504976612
7.068527098440626,0.0403135217097277,0.04845508933067322,0.4320015718101245,19.37678407549397,0.938923180103302,500000.0,continuous_45,45,continuous_naca,direct OpenFOAM-coefficient surrogate,0.024097674944719906,-1.6280152797698975,98809.1953125,fno,surrogate estimate; validate top designs with OpenFOAM,19.37678407549397,0.346672030544253,0.0,2412,0.1258238823906433
8.205688001413566,0.04573844722241812,0.05303790420293808,0.455417827503818,19.74660642499599,1.0473383665084839,500000.0,continuous_46,46,continuous_naca,direct OpenFOAM-coefficient surrogate,0.025243527924613672,-1.6832839250564575,98728.0390625,fno,surrogate estimate; validate top designs with OpenFOAM,19.74660642499599,0.3051360700813745,0.0,2412,0.12925124714403516
9.06967875147559,0.048319487231321595,0.05615533888339996,0.5138759055350572,20.081404975512825,1.1276981830596924,500000.0,continuous_47,47,continuous_naca,direct OpenFOAM-coefficient surrogate,0.027292522899225666,-1.827457070350647,98655.046875,fno,surrogate estimate; validate top designs with OpenFOAM,20.081404975512825,0.3039395524719607,0.0,2412,0.13335927912703865
9.319192835341148,0.03996683690367125,0.05709140747785568,0.49744785324844676,19.86872806031174,1.134353518486023,500000.0,continuous_48,48,continuous_naca,direct OpenFOAM-coefficient surrogate,0.0287838709489166,-1.803544282913208,98638.7578125,fno,surrogate estimate; validate top designs with OpenFOAM,19.86872806031174,0.32132389254133165,0.0,2412,0.13107944171764596
9.002765134705768,0.08561301524834089,0.05503043159842491,0.7644469091411312,19.88225784649099,1.094149112701416,500000.0,continuous_49,49,continuous_naca,direct OpenFOAM-coefficient surrogate,0.03286248142287739,-1.8227550983428955,98657.265625,fno,surrogate estimate; validate top designs with OpenFOAM,19.88225784649099,0.3771606582762955,0.0,2412,0.13645145471745418
10.0,0.18092815384599636,0.06032687798142433,1.1400151331433375,19.388953545418918,1.169694423675537,500000.0,continuous_50,50,continuous_naca,direct OpenFOAM-coefficient surrogate,0.033912295895656606,-1.989427924156189,98548.03125,fno,surrogate estimate; validate top designs with OpenFOAM,19.388953545418918,0.3126435326557431,0.0,2412,0.1386694429153092
9.73084197226133,0.10497763944270935,0.05880964547395706,0.8866318108712888,19.74684363498702,1.1613246202468872,500000.0,continuous_51,51,continuous_naca,direct OpenFOAM-coefficient surrogate,0.031458640657922435,-1.8952200412750244,98586.46875,fno,surrogate estimate; validate top designs with OpenFOAM,19.74684363498702,0.32115065712787055,0.0,2412,0.13545805278414272
10.0,0.12200618545670695,0.05926553159952164,1.118994714067651,19.835337893781155,1.1755716800689697,500000.0,continuous_52,52,continuous_naca,direct OpenFOAM-coefficient surrogate,0.03311769155473767,-1.9334338903427124,98578.78125,fno,surrogate estimate; validate top designs with OpenFOAM,19.835337893781155,0.34558035709832513,0.0,2412,0.14007763912337462
8.964976388499924,0.026910666886015514,0.05486484244465828,0.4228085669609519,20.136928561770304,1.1048295497894287,500000.0,continuous_53,53,continuous_naca,direct OpenFOAM-coefficient surrogate,0.02956964275495623,-1.7870593070983887,98675.3046875,fno,surrogate estimate; validate top designs with OpenFOAM,20.136928561770304,0.352851573066086,0.0,2412,0.13502585455861402
8.582043596619222,0.030187832579364166,0.05310540646314621,0.3721866348820265,20.201716569695094,1.0728405714035034,500000.0,continuous_54,54,continuous_naca,direct OpenFOAM-coefficient surrogate,0.028625143803473127,-1.7479274272918701,98718.609375,fno,surrogate estimate; validate top designs with OpenFOAM,20.201716569695094,0.3687020310351937,0.0,2412,0.13480975544584967
7.986840159070866,0.04583994687083279,0.051887430250644684,0.4155099429302845,19.64017871650898,1.0190980434417725,500000.0,continuous_55,55,continuous_naca,direct OpenFOAM-coefficient surrogate,0.025664317982508726,-1.5969772338867188,98745.90625,fno,surrogate estimate; validate top designs with OpenFOAM,19.64017871650898,0.33998271006406555,0.0,2412,0.12777232638061958
9.496710039767716,0.07857986073131365,0.05712513625621796,0.7938724454967208,19.961095719494708,1.1403002738952637,500000.0,continuous_56,56,continuous_naca,direct OpenFOAM-coefficient surrogate,0.031254348161680434,-1.8987308740615845,98624.25,fno,surrogate estimate; validate top designs with OpenFOAM,19.961095719494708,0.34418094533976024,0.0,2412,0.13700131093768586
8.756405925943,0.07959836315899782,0.053791191428899765,0.7310075078580235,20.18234987975016,1.0856528282165527,500000.0,continuous_57,57,continuous_naca,direct OpenFOAM-coefficient surrogate,0.03123337719471171,-1.8311004638671875,98693.1640625,fno,surrogate estimate; validate top designs with OpenFOAM,20.18234987975016,0.37566770102027347,0.0,2412,0.13973145839636825
8.949654022196995,0.032780342440208464,0.05496719107031822,0.4161750546968694,20.279162889418455,1.1147089004516602,500000.0,continuous_58,58,continuous_naca,direct OpenFOAM-coefficient surrogate,0.026340214606668078,-1.8462482690811157,98689.875,fno,surrogate estimate; validate top designs with OpenFOAM,20.279162889418455,0.31908445665729857,0.0,2412,0.13599944723601703
8.923098465942608,0.03761207423031171,0.05499044060707092,0.4173782208832084,19.85781370220595,1.0920097827911377,500000.0,continuous_59,59,continuous_naca,direct OpenFOAM-coefficient surrogate,0.023079081198563417,-1.8597159385681152,98687.015625,fno,surrogate estimate; validate top designs with OpenFOAM,19.85781370220595,0.29004635584780014,0.0,2412,0.13577344349529846
8.182181108349688,0.04145779930648742,0.05196216702461243,0.36811315901314406,20.190503526473908,1.04916250705719,500000.0,continuous_60,60,continuous_naca,direct OpenFOAM-coefficient surrogate,0.025491281090358857,-1.7485918998718262,98746.7890625,fno,surrogate estimate; validate top designs with OpenFOAM,20.190503526473908,0.33951592525260293,0.0,2412,0.1349486591649509
8.165463575078862,0.0214594664532001,0.050952550023794174,0.36609332404308764,20.218192436327875,1.0301886796951294,500000.0,continuous_61,61,continuous_naca,direct OpenFOAM-coefficient surrogate,0.028552485448380217,-1.7089346647262573,98766.4140625,fno,surrogate estimate; validate top designs with OpenFOAM,20.218192436327875,0.39754550451072357,0.0,2412,0.13938538099455428
8.183265225179383,0.041079206105517116,0.05157913267612457,0.3348840145459894,19.94577523068809,1.0288057327270508,500000.0,continuous_62,62,continuous_naca,direct OpenFOAM-coefficient surrogate,0.023271185279728435,-1.706408977508545,98769.875,fno,surrogate estimate; validate top designs with OpenFOAM,19.94577523068809,0.33675625770763595,0.0,2412,0.13284016302431767
8.613120750752095,0.046233028578952624,0.053200773894786835,0.534465958842047,20.1467759755745,1.071844220161438,500000.0,continuous_63,63,continuous_naca,direct OpenFOAM-coefficient surrogate,0.029242829215965892,-1.7627688646316528,98720.6484375,fno,surrogate estimate; validate top designs with OpenFOAM,20.1467759755745,0.3659398401921141,0.0,2412,0.1380086345533556
8.557558798637928,0.030485898164589038,0.052950628101825714,0.3655773462745967,20.36205861120796,1.0782041549682617,500000.0,continuous_64,64,continuous_naca,direct OpenFOAM-coefficient surrogate,0.027446350027524147,-1.7856718301773071,98726.6171875,fno,surrogate estimate; validate top designs with OpenFOAM,20.36205861120796,0.35831498058401107,0.0,2412,0.13769241411528566
8.765848809408109,0.03297494218301124,0.05394987761974335,0.3990658212244165,20.221110804464306,1.0909466743469238,500000.0,continuous_65,65,continuous_naca,direct OpenFOAM-coefficient surrogate,0.027482679205070602,-1.7987630367279053,98696.875,fno,surrogate estimate; validate top designs with OpenFOAM,20.221110804464306,0.34389324384624614,0.0,2412,0.13540460134093335
8.565917565273342,0.04272122128132104,0.05343436449766159,0.4121546660291924,20.20244465523812,1.0795249938964844,500000.0,continuous_66,66,continuous_naca,direct OpenFOAM-coefficient surrogate,0.025915747848513467,-1.7931897640228271,98718.109375,fno,surrogate estimate; validate top designs with OpenFOAM,20.20244465523812,0.3293001909549508,0.0,2412,0.13547405320048397
8.853029974069997,0.04442654589573715,0.054311320185661316,0.5495417063380379,20.33956126054272,1.1046887636184692,500000.0,continuous_67,67,continuous_naca,direct OpenFOAM-coefficient surrogate,0.028786795900689895,-1.812187910079956,98695.1484375,fno,surrogate estimate; validate top designs with OpenFOAM,20.33956126054272,0.347376078838786,0.0,2412,0.13786545281619264
8.997128236883174,0.05506118508927977,0.05472660809755325,0.6101268758144968,20.328659929205024,1.1125389337539673,500000.0,continuous_68,68,continuous_naca,direct OpenFOAM-coefficient surrogate,0.0291122720214629,-1.8227410316467285,98685.0,fno,surrogate estimate; validate top designs with OpenFOAM,20.328659929205024,0.35503418900822004,0.0,2412,0.13800690455373035
4.0,0.015747027065386027,0.039436593651771545,0.19942433121816808,18.21335277601007,0.7182908058166504,500000.0,continuous_1,1,continuous_naca,direct OpenFOAM-coefficient surrogate,0.04,-1.20120108127594,98886.125,fno,surrogate estimate; validate top designs with OpenFOAM,18.21335277601007,0.4,0.0,4415,0.15
4.0,0.017587218690778096,0.03963492438197136,0.18594349003128474,18.356593385360984,0.7275805473327637,500000.0,continuous_2,2,continuous_naca,direct OpenFOAM-coefficient surrogate,0.042,-1.2156612873077393,98884.7734375,fno,surrogate estimate; validate top designs with OpenFOAM,18.356593385360984,0.4,0.0,4415,0.15
4.0,0.01678434029353061,0.03901360183954239,0.19032180232343285,18.100197263199874,0.706171989440918,500000.0,continuous_3,3,continuous_naca,direct OpenFOAM-coefficient surrogate,0.04,-1.1845158338546753,98889.4609375,fno,surrogate estimate; validate top designs with OpenFOAM,18.100197263199874,0.42000000000000004,0.0,4415,0.15
4.0,0.014084653936254665,0.0398668572306633,0.167062598102017,18.620277834674955,0.7423505783081055,500000.0,continuous_4,4,continuous_naca,direct OpenFOAM-coefficient surrogate,0.04,-1.168394923210144,98892.2890625,fno,surrogate estimate; validate top designs with OpenFOAM,18.620277834674955,0.4,0.0,4415,0.1575
4.2,0.016401328732531265,0.040024809539318085,0.20898225196456513,18.384047572049166,0.735836386680603,500000.0,continuous_5,5,continuous_naca,direct OpenFOAM-coefficient surrogate,0.04,-1.2287402153015137,98881.4453125,fno,surrogate estimate; validate top designs with OpenFOAM,18.384047572049166,0.4,0.0,4415,0.15
4.1,0.019938979037286933,0.04035854712128639,0.18708226636959366,18.61181233956077,0.7511643171310425,500000.0,continuous_6,6,continuous_naca,direct OpenFOAM-coefficient surrogate,0.041,-1.2250562906265259,98881.453125,fno,surrogate estimate; validate top designs with OpenFOAM,18.61181233956077,0.38,0.0,4415,0.15375000000000003
4.15,0.0174678216743773,0.040423858910799026,0.16083731595234,18.73794329525554,0.7574787139892578,500000.0,continuous_7,7,continuous_naca,direct OpenFOAM-coefficient surrogate,0.0415,-1.2244961261749268,98885.578125,fno,surrogate estimate; validate top designs with OpenFOAM,18.73794329525554,0.39,0.0,4415,0.15562500000000004
4.225000000000001,0.013574755510903634,0.04067303240299225,0.16876321101026223,18.79274306384217,0.7643766403198242,500000.0,continuous_8,8,continuous_naca,direct OpenFOAM-coefficient surrogate,0.042249999999999996,-1.2273695468902588,98883.5390625,fno,surrogate estimate; validate top designs with OpenFOAM,18.79274306384217,0.385,0.0,4415,0.15843750000000006
4.262500000000001,0.016929962637073588,0.04102460294961929,0.1714491753228366,19.09648089712963,0.7834446430206299,500000.0,continuous_9,9,continuous_naca,direct OpenFOAM-coefficient surrogate,0.039625,-1.2400873899459839,98884.0625,fno,surrogate estimate; validate top designs with OpenFOAM,19.09648089712963,0.38249999999999995,0.0,4415,0.1598437500000001
4.393750000000001,0.01814360435737548,0.04155946522951126,0.18972832974523343,19.323709916186793,0.8031023740768433,500000.0,continuous_10,10,continuous_naca,direct OpenFOAM-coefficient surrogate,0.0384375,-1.2740806341171265,98881.53125,fno,surrogate estimate; validate top designs with OpenFOAM,19.323709916186793,0.37375,0.0,4415,0.16476562500000014
4.159375,0.02344063618452855,0.041016995906829834,0.3229696222266174,19.0847413012157,0.7828178405761719,500000.0,continuous_11,11,continuous_naca,direct OpenFOAM-coefficient surrogate,0.040843750000000005,-1.288214087486267,98880.0625,fno,surrogate estimate; validate top designs with OpenFOAM,19.0847413012157,0.3693749999999999,0.0,4415,0.16722656250000015
4.289062500000002,0.02791856181713493,0.04084951430559158,0.3146062251181441,19.05722536760602,0.7784974575042725,500000.0,continuous_12,12,continuous_naca,direct OpenFOAM-coefficient surrogate,0.03976562499999999,-1.2887301445007324,98883.203125,fno,surrogate estimate; validate top designs with OpenFOAM,19.05722536760602,0.38406249999999986,0.0,4415,0.17021484375000015
4.533593750000001,0.041783835047347534,0.04225011542439461,0.3598164226101002,19.395455861158375,0.8194796442985535,500000.0,continuous_13,13,continuous_naca,direct OpenFOAM-coefficient surrogate,0.0406484375,-1.4144021272659302,98873.34375,fno,surrogate estimate; validate top designs with OpenFOAM,19.395455861158375,0.3560937499999999,0.0,4415,0.17282226562500022
4.800390625000002,0.03748364115282124,0.0429408997297287,0.3945334673300028,19.49935625846163,0.8373394012451172,500000.0,continuous_14,14,continuous_naca,direct OpenFOAM-coefficient surrogate,0.04097265625,-1.4472434520721436,98863.4765625,fno,surrogate estimate; validate top designs with OpenFOAM,19.49935625846163,0.33414062499999986,0.0,4415,0.18048339843750033
4.596289062500002,0.0362961848310972,0.04135169833898544,0.33379292162729035,19.027720632642303,0.7868475914001465,500000.0,continuous_15,15,continuous_naca,direct OpenFOAM-coefficient surrogate,0.03775976562500001,-1.3809566497802734,98874.984375,fno,surrogate estimate; validate top designs with OpenFOAM,19.027720632642303,0.3456640624999998,0.0,4415,0.18290771484375035
4.503466796875002,0.03822963236613501,0.04170005023479462,0.33054137292064184,19.23080135731444,0.8019446134567261,500000.0,continuous_16,16,continuous_naca,direct OpenFOAM-coefficient surrogate,0.03888232421875001,-1.3891935348510742,98878.0078125,fno,surrogate estimate; validate top designs with OpenFOAM,19.23080135731444,0.35549804687499986,0.0,4415,0.1767901611328128
4.639428710937501,0.04720782578017134,0.042794421315193176,0.3963555862902914,19.55070762729731,0.8366807699203491,500000.0,continuous_17,17,continuous_naca,direct OpenFOAM-coefficient surrogate,0.03980249023437502,-1.4247746467590332,98868.859375,fno,surrogate estimate; validate top designs with OpenFOAM,19.55070762729731,0.33231933593749996,0.0,4415,0.17441802978515655
4.814611816406252,0.04663315308591009,0.043546222150325775,0.4605204500563431,19.68471573905772,0.8572146892547607,500000.0,continuous_18,18,continuous_naca,direct OpenFOAM-coefficient surrogate,0.03982092285156254,-1.4835771322250366,98862.71875,fno,surrogate estimate; validate top designs with OpenFOAM,19.68471573905772,0.30644775390625,0.0,4415,0.17651962280273475
5.096734619140629,0.04319753502948688,0.043589405715465546,0.41906423792428793,19.565184069017068,0.852854311466217,500000.0,continuous_19,19,continuous_naca,direct OpenFOAM-coefficient surrogate,0.038212951660156265,-1.5421087741851807,98857.796875,fno,surrogate estimate; validate top designs with OpenFOAM,19.565184069017068,0.3155432128906249,0.0,4415,0.18205284118652384
5.0492767333984405,0.0485579806661636,0.04418864846229553,0.4488861038596748,19.810399955002996,0.8754146099090576,500000.0,continuous_20,20,continuous_naca,direct OpenFOAM-coefficient surrogate,0.0398396911621094,-1.5279618501663208,98857.2734375,fno,surrogate estimate; validate top designs with OpenFOAM,19.810399955002996,0.3094427490234376,0.0,4415,0.17512058258056676
5.32218170166016,0.052098927279317045,0.04553870111703873,0.5013669014314776,20.152072623570515,0.9177193641662598,500000.0,continuous_21,21,continuous_naca,direct OpenFOAM-coefficient surrogate,0.040318374633789095,-1.602760672569275,98843.2578125,fno,surrogate estimate; validate top designs with OpenFOAM,20.152072623570515,0.28641510009765647,0.0,4415,0.17428579330444377
5.623209381103521,0.03658053887082128,0.046871498227119446,0.22690596809196167,20.068294934855842,0.9406511187553406,500000.0,continuous_22,22,continuous_naca,direct OpenFOAM-coefficient surrogate,0.04122495269775396,-1.7786154747009277,98806.3828125,fno,surrogate estimate; validate top designs with OpenFOAM,20.068294934855842,0.24752334594726566,0.0,4415,0.1919052028656012
5.6279781341552795,0.06048228440608394,0.046552568674087524,0.554688798025405,19.999876389929653,0.9310656189918518,500000.0,continuous_23,23,continuous_naca,direct OpenFOAM-coefficient surrogate,0.03881594467163092,-1.7844408750534058,98818.015625,fno,surrogate estimate; validate top designs with OpenFOAM,19.999876389929653,0.24382408142089873,0.0,4415,0.18189833164215147
5.597255897521978,0.05928196415376577,0.047543127089738846,0.4021979039194072,20.44221479130938,0.9719072580337524,500000.0,continuous_24,24,continuous_naca,direct OpenFOAM-coefficient surrogate,0.041877145767211986,-1.7262483835220337,98815.4765625,fno,surrogate estimate; validate top designs with OpenFOAM,20.44221479130938,0.2265619277954105,0.0,4415,0.18025163412094172
5.847516536712652,0.05100571538653505,0.049482885748147964,0.4365526274163362,20.69212952584707,1.0239269733428955,500000.0,continuous_25,25,continuous_naca,direct OpenFOAM-coefficient surrogate,0.043709242820739846,-1.7177283763885498,98791.921875,fno,surrogate estimate; validate top designs with OpenFOAM,20.69212952584707,0.18207128524780325,0.0,4415,0.17935103058815066
6.395831060409552,0.043442160898703924,0.05105186253786087,0.46761413611495933,20.61326174442916,1.052366018295288,500000.0,continuous_26,26,continuous_naca,direct OpenFOAM-coefficient surrogate,0.042213334560394375,-1.9032915830612183,98749.96875,fno,surrogate estimate; validate top designs with OpenFOAM,20.61326174442916,0.17346915245056205,0.0,4415,0.18720055639743877
5.966391205787664,0.03952383261450196,0.04960932210087776,0.33946511581243705,20.85317374280978,1.0345326662063599,500000.0,continuous_27,27,continuous_naca,direct OpenFOAM-coefficient surrogate,0.0449170076847077,-1.8395545482635498,98782.3828125,fno,surrogate estimate; validate top designs with OpenFOAM,20.85317374280978,0.20091536045074498,0.0,4415,0.18447295993566576
6.135597741603856,0.05346378182601355,0.050882600247859955,0.3346045984123167,21.0312290818164,1.0701446533203125,500000.0,continuous_28,28,continuous_naca,direct OpenFOAM-coefficient surrogate,0.047967539191246106,-1.8722440004348755,98775.8046875,fno,surrogate estimate; validate top designs with OpenFOAM,21.0312290818164,0.1794609999656681,0.0,4415,0.1857602740824229
6.22735413908959,0.08549986688979176,0.0513153150677681,0.7919654733070941,20.727101065432578,1.06363844871521,500000.0,continuous_29,29,continuous_naca,direct OpenFOAM-coefficient surrogate,0.04587929290533074,-1.7864371538162231,98777.2734375,fno,surrogate estimate; validate top designs with OpenFOAM,20.727101065432578,0.16318492293357928,0.0,4415,0.17139362432062688
6.980968037247665,0.08803990210823727,0.055716149508953094,0.5081559264961883,20.914161821789808,1.1652774810791016,500000.0,continuous_30,30,continuous_naca,direct OpenFOAM-coefficient surrogate,0.04956633010506645,-2.0172407627105713,98698.8359375,fno,surrogate estimate; validate top designs with OpenFOAM,20.914161821789808,0.1,0.0,4415,0.1875669493898759
6.199887166917328,0.060210232110143494,0.05245357006788254,0.4296348530254192,20.65010440612597,1.0831923484802246,500000.0,continuous_31,31,continuous_naca,direct OpenFOAM-coefficient surrogate,0.051347867950797196,-1.8464490175247192,98731.7421875,fno,surrogate estimate; validate top designs with OpenFOAM,20.65010440612597,0.1388894516229633,0.0,4415,0.17483538279309946
6.248873140290383,0.05329609213416341,0.05201505124568939,0.37226665449957563,20.839599457569673,1.083993673324585,500000.0,continuous_32,32,continuous_naca,direct OpenFOAM-coefficient surrogate,0.049064234603196484,-1.825657606124878,98748.1484375,fno,surrogate estimate; validate top designs with OpenFOAM,20.839599457569673,0.14753437682986298,0.0,4415,0.17792667619418426
6.948879992403095,0.08403041322399803,0.05581171438097954,0.48652360978406023,21.007463557850688,1.1724835634231567,500000.0,continuous_33,33,continuous_naca,direct OpenFOAM-coefficient surrogate,0.05252945558168004,-1.9384938478469849,98705.6640625,fno,surrogate estimate; validate top designs with OpenFOAM,21.007463557850688,0.11301886461675192,0.0,4415,0.18197273140540432
6.929805316682911,0.1173874130911282,0.055775318294763565,0.8108337539232507,21.064816973324284,1.1749179363250732,500000.0,continuous_34,34,continuous_naca,direct OpenFOAM-coefficient surrogate,0.05368448683526379,-2.0168910026550293,98696.921875,fno,surrogate estimate; validate top designs with OpenFOAM,21.064816973324284,0.10682219777256224,0.0,4415,0.1952196912153168
7.281030905479572,0.11463814703747896,0.05744779109954834,0.8106683207023688,21.0075922855308,1.2068607807159424,500000.0,continuous_35,35,continuous_naca,direct OpenFOAM-coefficient surrogate,0.05758708380023031,-1.9730099439620972,98689.6171875,fno,surrogate estimate; validate top designs with OpenFOAM,21.0075922855308,0.1,0.0,4415,0.2
7.248752403678379,0.09866282206932965,0.056646183133125305,0.8557708477524092,20.925496727096768,1.1853704452514648,500000.0,continuous_36,36,continuous_naca,direct OpenFOAM-coefficient surrogate,0.052809671253431716,-2.0838146209716797,98668.4921875,fno,surrogate estimate; validate top designs with OpenFOAM,20.925496727096768,0.10211665434762818,0.0,4415,0.1973331468523257
6.650549689936456,0.1072741687045386,0.05378160625696182,0.6172762465836226,21.10149094518666,1.1348931789398193,500000.0,continuous_37,37,continuous_naca,direct OpenFOAM-coefficient surrogate,0.05392924632574439,-1.990989327430725,98722.5,fno,surrogate estimate; validate top designs with OpenFOAM,21.10149094518666,0.15070935835130525,0.0,4415,0.19257597238785895
6.4853405162808535,0.12018375270758151,0.052963994443416595,0.7325780391750604,21.001636051130667,1.1123515367507935,500000.0,continuous_38,38,continuous_naca,direct OpenFOAM-coefficient surrogate,0.05611070443608335,-1.949307918548584,98740.484375,fno,surrogate estimate; validate top designs with OpenFOAM,21.001636051130667,0.17606403752695787,0.0,4415,0.1950804838868505
6.083663966634779,0.057169031877826036,0.05122567340731621,0.3210786420368756,20.821842028339205,1.066633701324463,500000.0,continuous_39,39,continuous_naca,direct OpenFOAM-coefficient surrogate,0.05124569271353544,-1.8095159530639648,98764.921875,fno,surrogate estimate; validate top designs with OpenFOAM,20.821842028339205,0.17288905600551557,0.0,4415,0.18043118769317582
6.957480294417479,0.11233362186200278,0.055307529866695404,0.6294688256953455,21.140746357230235,1.1692636013031006,500000.0,continuous_40,40,continuous_naca,direct OpenFOAM-coefficient surrogate,0.052418676618457644,-2.0327117443084717,98697.2109375,fno,surrogate estimate; validate top designs with OpenFOAM,21.140746357230235,0.11980975476210003,0.0,4415,0.19310765706253824
6.387836528917257,0.10710270652732314,0.052072200924158096,0.6030374983739936,20.72636873290454,1.079288363456726,500000.0,continuous_41,41,continuous_naca,direct OpenFOAM-coefficient surrogate,0.05147051890367592,-2.010262966156006,98748.65625,fno,surrogate estimate; validate top designs with OpenFOAM,20.72636873290454,0.16538229080906586,0.0,4415,0.2
6.808619126531635,0.07585910718011309,0.05479120463132858,0.3482940542081895,21.1076085473968,1.1565324068069458,500000.0,continuous_42,42,continuous_naca,direct OpenFOAM-coefficient surrogate,0.05226472141217901,-2.005392074584961,98706.8046875,fno,surrogate estimate; validate top designs with OpenFOAM,21.1076085473968,0.1261097211648304,0.0,4415,0.18681931504621926
7.5376294721803845,0.1378290847726859,0.058243148028850555,0.9633893887047275,20.992861361558877,1.2227113246917725,500000.0,continuous_43,43,continuous_naca,direct OpenFOAM-coefficient surrogate,0.058181026404576314,-1.9606143236160278,98679.8671875,fno,surrogate estimate; validate top designs with OpenFOAM,20.992861361558877,0.1,0.0,4415,0.1981010437735437
6.486105674247988,0.05294028054581392,0.05275659263134003,0.29532818062614524,21.06942510025361,1.1115721464157104,500000.0,continuous_44,44,continuous_naca,direct OpenFOAM-coefficient surrogate,0.05052091099457866,-1.9482755661010742,98748.96875,fno,surrogate estimate; validate top designs with OpenFOAM,21.06942510025361,0.1526618789891838,0.0,4415,0.18884546650520312
6.521572075883869,0.047152254914195536,0.052793748676776886,0.3318413254616758,21.094590073162255,1.1136835813522339,500000.0,continuous_45,45,continuous_naca,direct OpenFOAM-coefficient surrogate,0.050882290840216074,-1.8616970777511597,98752.765625,fno,surrogate estimate; validate top designs with OpenFOAM,21.094590073162255,0.16782315886114751,0.0,4415,0.185454514285593
6.983004919136731,0.11903782931826772,0.05545077845454216,0.6802119953437402,21.13141649259792,1.1717746257781982,500000.0,continuous_46,46,continuous_naca,direct OpenFOAM-coefficient surrogate,0.0542265566037199,-1.9876086711883545,98697.5859375,fno,surrogate estimate; validate top designs with OpenFOAM,21.13141649259792,0.12956411758050781,0.0,4415,0.1901332628859016
7.178254939127283,0.13768873588634914,0.05696573108434677,0.94623683626975,20.96942044892685,1.1945593357086182,500000.0,continuous_47,47,continuous_naca,direct OpenFOAM-coefficient surrogate,0.0555373096398344,-2.0546936988830566,98681.3671875,fno,surrogate estimate; validate top designs with OpenFOAM,20.96942044892685,0.1,0.0,4415,0.195863589405666
6.6857427916947225,0.059328194385000546,0.0538138784468174,0.2793602974976498,21.161802211516136,1.1388198137283325,500000.0,continuous_48,48,continuous_naca,direct OpenFOAM-coefficient surrogate,0.052046045540120656,-1.991486668586731,98721.1953125,fno,surrogate estimate; validate top designs with OpenFOAM,21.161802211516136,0.14968569841291668,0.0,4415,0.18805678306561124
7.066873875953828,0.07899052962046933,0.055853575468063354,0.3849536715438474,21.23083535144421,1.185839295387268,500000.0,continuous_49,49,continuous_naca,direct OpenFOAM-coefficient surrogate,0.05154875376149423,-2.067298173904419,98679.875,fno,surrogate estimate; validate top designs with OpenFOAM,21.23083535144421,0.11187528760887225,0.0,4415,0.18648253664227626
7.275035968962513,0.08950822174852582,0.0569300502538681,0.5195092061467411,21.110095305440847,1.201819896697998,500000.0,continuous_50,50,continuous_naca,direct OpenFOAM-coefficient surrogate,0.05035850747936915,-2.0279664993286133,98678.203125,fno,surrogate estimate; validate top designs with OpenFOAM,21.110095305440847,0.1,0.0,4415,0.1834358187694849
7.037931814069745,0.11869692550218526,0.05538380146026611,0.6183614487075425,21.14136815094071,1.1709104776382446,500000.0,continuous_51,51,continuous_naca,direct OpenFOAM-coefficient surrogate,0.052855294849717196,-2.0349738597869873,98695.5234375,fno,surrogate estimate; validate top designs with OpenFOAM,21.14136815094071,0.12935770801736798,0.0,4415,0.1920708047819444
6.8910094689311565,0.08184246691445125,0.05460714176297188,0.34057254566416245,21.00986235133579,1.1473095417022705,500000.0,continuous_52,52,continuous_naca,direct OpenFOAM-coefficient surrogate,0.05020782878117497,-2.060412883758545,98703.8359375,fno,surrogate estimate; validate top designs with OpenFOAM,21.00986235133579,0.12580010682012063,0.0,4415,0.18972562789028347
6.960006056585337,0.1019990615757718,0.055312663316726685,0.6297135357891404,21.182669702368226,1.1716910600662231,500000.0,continuous_53,53,continuous_naca,direct OpenFOAM-coefficient surrogate,0.05322187464808367,-2.0675644874572754,98690.8828125,fno,surrogate estimate; validate top designs with OpenFOAM,21.182669702368226,0.128623114890411,0.0,4415,0.19003135413699707
6.917796974734337,0.08453716941972425,0.05485391989350319,0.31849502463597057,21.143771074632436,1.1598398685455322,500000.0,continuous_54,54,continuous_naca,direct OpenFOAM-coefficient surrogate,0.05241730778125023,-1.9998536109924316,98702.78125,fno,surrogate estimate; validate top designs with OpenFOAM,21.143771074632436,0.13996114970268392,0.0,4415,0.18521308225087624
6.777278035414367,0.06361776474365066,0.05445639416575432,0.40284077410252644,21.143878050947215,1.1514405012130737,500000.0,continuous_55,55,continuous_naca,direct OpenFOAM-coefficient surrogate,0.0517616960157572,-1.9051792621612549,98727.34375,fno,surrogate estimate; validate top designs with OpenFOAM,21.143878050947215,0.13571491729007393,0.0,4415,0.18282107326593597
6.827153405089792,0.07814044075097858,0.054789137095212936,0.33660608602814995,21.132862588364475,1.1578724384307861,500000.0,continuous_56,56,continuous_naca,direct OpenFOAM-coefficient surrogate,0.05187187720147765,-2.0526607036590576,98702.1484375,fno,surrogate estimate; validate top designs with OpenFOAM,21.132862588364475,0.12298835939845298,0.0,4415,0.18848279130453405
6.895136082323201,0.08416858773002471,0.054887525737285614,0.3445524770808851,21.145198928805762,1.1606287956237793,500000.0,continuous_57,57,continuous_naca,direct OpenFOAM-coefficient surrogate,0.05228095013630708,-2.001396417617798,98702.0703125,fno,surrogate estimate; validate top designs with OpenFOAM,21.145198928805762,0.13571795212662618,0.0,4415,0.18603050951429068
7.026601367864178,0.11669552159353866,0.05535457283258438,0.6400243972530248,21.14151372712414,1.1703006029129028,500000.0,continuous_58,58,continuous_naca,direct OpenFOAM-coefficient surrogate,0.05278711602724562,-2.0340993404388428,98696.171875,fno,surrogate estimate; validate top designs with OpenFOAM,21.14151372712414,0.12723610922933912,0.0,4415,0.19247951841365166
6.83960886852682,0.08637548524484884,0.05473080649971962,0.35190120353669846,21.167246731160144,1.1585216522216797,500000.0,continuous_59,59,continuous_naca,direct OpenFOAM-coefficient surrogate,0.0520180510186293,-1.9865370988845825,98705.6796875,fno,surrogate estimate; validate top designs with OpenFOAM,21.167246731160144,0.1335952152748902,0.0,4415,0.18523568455286488
6.880979714057152,0.08111910168039536,0.05508333444595337,0.37967735941217423,21.26500844819809,1.1713688373565674,500000.0,continuous_60,60,continuous_naca,direct OpenFOAM-coefficient surrogate,0.05213641234785685,-2.04490065574646,98694.1171875,fno,surrogate estimate; validate top designs with OpenFOAM,21.26500844819809,0.1261717059669189,0.0,4415,0.18887266968458405
6.873901529924128,0.08547726911852685,0.05510176718235016,0.5037890783479475,21.182076477800393,1.1671910285949707,500000.0,continuous_61,61,continuous_naca,direct OpenFOAM-coefficient surrogate,0.05206414345363172,-2.06904673576355,98694.8828125,fno,surrogate estimate; validate top designs with OpenFOAM,21.182076477800393,0.12139858288706529,0.0,4415,0.1902937497697308
7.187991465866845,0.08120947296963878,0.056849557906389236,0.49383054799978954,21.214943789413756,1.2060813903808594,500000.0,continuous_62,62,continuous_naca,direct OpenFOAM-coefficient surrogate,0.05241650034791137,-2.063157558441162,98667.5078125,fno,surrogate estimate; validate top designs with OpenFOAM,21.214943789413756,0.10044696345762949,0.0,4415,0.18725433944274988
7.208316687704759,0.10316662715315872,0.05694925785064697,0.7182289978799133,21.21591297927187,1.208251714706421,500000.0,continuous_63,63,continuous_naca,direct OpenFOAM-coefficient surrogate,0.05264371953404376,-2.0864667892456055,98664.8828125,fno,surrogate estimate; validate top designs with OpenFOAM,21.21591297927187,0.1,0.0,4415,0.19108476540043873
7.212074815205954,0.07976758670415897,0.0566655658185482,0.45409654297197094,21.149750089996456,1.1984837055206299,500000.0,continuous_64,64,continuous_naca,direct OpenFOAM-coefficient surrogate,0.05115081834756943,-2.0706100463867188,98671.9375,fno,surrogate estimate; validate top designs with OpenFOAM,21.149750089996456,0.1,0.0,4415,0.1868158014480274
7.023023246240491,0.0907312531994998,0.05573640391230583,0.5451728925363829,21.26924101112736,1.1854922771453857,500000.0,continuous_65,65,continuous_naca,direct OpenFOAM-coefficient surrogate,0.05270411057295511,-2.0685715675354004,98680.6015625,fno,surrogate estimate; validate top designs with OpenFOAM,21.26924101112736,0.11912330207438308,0.0,4415,0.18922746596475465
4.0,0.010037753460405833,0.019162867218255997,0.17367615496138145,18.14332672844156,0.34769630432128906,500000.0,continuous_1,1,continuous_naca,direct OpenFOAM-coefficient surrogate,0.0,-0.6169613003730774,98946.03125,deeponet,surrogate estimate; validate top designs with OpenFOAM,18.14332672844156,0.4,0.0,0012,0.12
4.0,0.007211618392516549,0.02208894118666649,0.1002579801397445,17.653066140335127,0.38995519280433655,500000.0,continuous_2,2,continuous_naca,direct OpenFOAM-coefficient surrogate,0.00025,-0.7150536775588989,98945.671875,deeponet,surrogate estimate; validate top designs with OpenFOAM,17.653066140335127,0.4,0.0,0012,0.12
4.0,0.010037753460405833,0.019162867218255997,0.17367615496138145,18.14332672844156,0.34769630432128906,500000.0,continuous_3,3,continuous_naca,direct OpenFOAM-coefficient surrogate,0.0,-0.6169613003730774,98946.03125,deeponet,surrogate estimate; validate top designs with OpenFOAM,18.14332672844156,0.42000000000000004,0.0,0012,0.12
4.0,0.006200857880826995,0.01924416795372963,0.1141799609438566,17.904756929718765,0.3445800542831421,500000.0,continuous_4,4,continuous_naca,direct OpenFOAM-coefficient surrogate,0.0,-0.6255343556404114,98944.953125,deeponet,surrogate estimate; validate top designs with OpenFOAM,17.904756929718765,0.4,0.0,0012,0.126
4.2,0.011027244472833066,0.01999736949801445,0.1821496098937402,18.38035225795518,0.36757707595825195,500000.0,continuous_5,5,continuous_naca,direct OpenFOAM-coefficient surrogate,0.0,-0.6363113522529602,98943.2421875,deeponet,surrogate estimate; validate top designs with OpenFOAM,18.38035225795518,0.4,0.0,0012,0.12
4.1,0.007875537107383748,0.019594185054302216,0.13940722003319694,18.171879252474817,0.3560813367366791,500000.0,continuous_6,6,continuous_naca,direct OpenFOAM-coefficient surrogate,0.0,-0.6307942271232605,98944.1484375,deeponet,surrogate estimate; validate top designs with OpenFOAM,18.171879252474817,0.41000000000000003,0.0,0012,0.123
4.15,0.014542350633433603,0.019778206944465637,0.22868716663022587,18.45759250740767,0.36507654190063477,500000.0,continuous_7,7,continuous_naca,direct OpenFOAM-coefficient surrogate,0.0,-0.6257829666137695,98944.609375,deeponet,surrogate estimate; validate top designs with OpenFOAM,18.45759250740767,0.4149999999999999,0.0,0012,0.11549999999999999
4.225000000000001,0.013277754561680188,0.020162735134363174,0.20371198066009305,18.62473631541802,0.3755442500114441,500000.0,continuous_8,8,continuous_naca,direct OpenFOAM-coefficient surrogate,0.0,-0.6271461248397827,98944.296875,deeponet,surrogate estimate; validate top designs with OpenFOAM,18.62473631541802,0.4224999999999999,0.0,0012,0.11024999999999996
4.262499999999999,0.01612961746811808,0.020284004509449005,0.24361277734959116,18.515040903353725,0.3755776882171631,500000.0,continuous_9,9,continuous_naca,direct OpenFOAM-coefficient surrogate,0.0,-0.6379930377006531,98942.90625,deeponet,surrogate estimate; validate top designs with OpenFOAM,18.515040903353725,0.3962499999999999,0.0,0012,0.11662499999999998
4.393750000000001,0.01620988662151607,0.02092669904232025,0.24076662492545298,18.607654025960887,0.3894153833389282,500000.0,continuous_10,10,continuous_naca,direct OpenFOAM-coefficient surrogate,0.0,-0.6485661864280701,98941.3828125,deeponet,surrogate estimate; validate top designs with OpenFOAM,18.607654025960887,0.4143749999999998,0.0,0012,0.11493749999999997
4.440625000000001,0.013294934989648146,0.021304752677679062,0.20570692113533848,18.688464956840402,0.3981718122959137,500000.0,continuous_11,11,continuous_naca,direct OpenFOAM-coefficient surrogate,0.0,-0.6454119086265564,98941.734375,deeponet,surrogate estimate; validate top designs with OpenFOAM,18.688464956840402,0.4065624999999998,0.0,0012,0.10790624999999995
4.610937500000002,0.0066694762355873904,0.022544950246810913,0.10372454053673215,18.619129902022653,0.4197859764099121,500000.0,continuous_12,12,continuous_naca,direct OpenFOAM-coefficient surrogate,0.0,-0.6549482345581055,98940.0703125,deeponet,surrogate estimate; validate top designs with OpenFOAM,18.619129902022653,0.4048437499999997,0.0,0012,0.10035937499999992
4.460937500000001,0.011426046119611592,0.021501339972019196,0.17451571523387946,18.70041629607666,0.4021027088165283,500000.0,continuous_13,13,continuous_naca,direct OpenFOAM-coefficient surrogate,0.0,-0.644490659236908,98941.8359375,deeponet,surrogate estimate; validate top designs with OpenFOAM,18.70041629607666,0.41984374999999974,0.0,0012,0.10485937499999992
4.59140625,0.0012063684297225357,0.02256968803703785,0.032426371902849,18.610997507453774,0.4200630187988281,500000.0,continuous_14,14,continuous_naca,direct OpenFOAM-coefficient surrogate,0.0,-0.6508625149726868,98940.4765625,deeponet,surrogate estimate; validate top designs with OpenFOAM,18.610997507453774,0.4297656249999997,0.0,0012,0.09728906249999991
4.497656250000002,0.009382794971919076,0.021793890744447708,0.1436282389921159,18.689985363924638,0.4073461890220642,500000.0,continuous_15,15,continuous_naca,direct OpenFOAM-coefficient surrogate,0.0,-0.6458258032798767,98941.5703125,deeponet,surrogate estimate; validate top designs with OpenFOAM,18.689985363924638,0.4353906249999998,0.0,0012,0.10235156249999991
4.418359375000001,0.0011690223285715554,0.021511385217308998,0.03146558885973171,18.723328417363316,0.40278345346450806,500000.0,continuous_16,16,continuous_naca,direct OpenFOAM-coefficient surrogate,0.0,-0.6348512768745422,98942.890625,deeponet,surrogate estimate; validate top designs with OpenFOAM,18.723328417363316,0.42777343749999985,0.0,0012,0.0977460937499999
4.430664062500002,0.0018167045810491482,0.021988041698932648,0.04828585862686656,18.668443477427257,0.4105011820793152,500000.0,continuous_17,17,continuous_naca,direct OpenFOAM-coefficient surrogate,0.0,-0.6311429738998413,98942.859375,deeponet,surrogate estimate; validate top designs with OpenFOAM,18.668443477427257,0.43447265624999987,0.0,0012,0.08915039062499985
4.683789062500001,0.001467496811250904,0.02321086823940277,0.04991346415198245,18.51722321707019,0.42981934547424316,500000.0,continuous_18,18,continuous_naca,direct OpenFOAM-coefficient surrogate,0.0,-0.6587961912155151,98939.2265625,deeponet,surrogate estimate; validate top designs with OpenFOAM,18.51722321707019,0.4222851562499996,0.0,0012,0.0961816406249999
4.339697265625001,0.012158973348766835,0.020799070596694946,0.1903932654721314,18.702309431609834,0.38900935649871826,500000.0,continuous_19,19,continuous_naca,direct OpenFOAM-coefficient surrogate,0.0,-0.6346538662910461,98943.203125,deeponet,surrogate estimate; validate top designs with OpenFOAM,18.702309431609834,0.4224462890624998,0.0,0012,0.10673291015624994
4.417700195312502,0.0012012719925001971,0.021499983966350555,0.03288595094075493,18.723831351268306,0.40258079767227173,500000.0,continuous_20,20,continuous_naca,direct OpenFOAM-coefficient surrogate,0.0,-0.634921133518219,98942.8984375,deeponet,surrogate estimate; validate top designs with OpenFOAM,18.723831351268306,0.44616455078124984,0.0,0012,0.0979387207031249
4.406237792968753,0.001712637917927443,0.02164684236049652,0.048736118216283264,18.714529952367567,0.40512919425964355,500000.0,continuous_21,21,continuous_naca,direct OpenFOAM-coefficient surrogate,0.0,-0.6307529211044312,98943.171875,deeponet,surrogate estimate; validate top designs with OpenFOAM,18.714529952367567,0.46596557617187484,0.0,0012,0.09295495605468734
4.320690917968751,0.00754689283387207,0.020840631797909737,0.12084139639599792,18.746246484793144,0.39070236682891846,500000.0,continuous_22,22,continuous_naca,direct OpenFOAM-coefficient surrogate,0.0,-0.6281768679618835,98944.015625,deeponet,surrogate estimate; validate top designs with OpenFOAM,18.746246484793144,0.42272338867187476,0.0,0012,0.10128698730468744
4.232208251953125,0.006497475063338462,0.020382612943649292,0.10776849692517822,18.756514417200126,0.38232553005218506,500000.0,continuous_23,23,continuous_naca,direct OpenFOAM-coefficient surrogate,0.0,-0.6193535327911377,98945.2109375,deeponet,surrogate estimate; validate top designs with OpenFOAM,18.756514417200126,0.4163897705078121,0.0,0012,0.10075469970703121
4.2430450439453145,0.001068783544440235,0.020559122785925865,0.02972337368365816,18.785559950269697,0.3862334191799164,500000.0,continuous_24,24,continuous_naca,direct OpenFOAM-coefficient surrogate,0.0,-0.6175789833068848,98945.3828125,deeponet,surrogate estimate; validate top designs with OpenFOAM,18.785559950269697,0.4365432739257811,0.0,0012,0.09672683715820307
4.134098815917971,0.0015266378099847268,0.020100831985473633,0.045914562664880816,18.830620321126624,0.37852996587753296,500000.0,continuous_25,25,continuous_naca,direct OpenFOAM-coefficient surrogate,0.0,-0.6049057841300964,98946.984375,deeponet,surrogate estimate; validate top designs with OpenFOAM,18.830620321126624,0.4448930358886718,0.0,0012,0.09266056823730462
4.261486053466798,0.0019181871274359765,0.02102362923324108,0.06244287635200165,18.78371375594126,0.39492061734199524,500000.0,continuous_26,26,continuous_naca,direct OpenFOAM-coefficient surrogate,0.0,-0.6146981120109558,98945.1953125,deeponet,surrogate estimate; validate top designs with OpenFOAM,18.78371375594126,0.4451641082763671,0.0,0012,0.08781713104248037
4.104387283325197,0.0014749677821581841,0.01996713876724243,0.04406372783386638,18.84241872717057,0.3762480318546295,500000.0,continuous_27,27,continuous_naca,direct OpenFOAM-coefficient surrogate,0.0,-0.601678192615509,98947.40625,deeponet,surrogate estimate; validate top designs with OpenFOAM,18.84241872717057,0.4485322952270506,0.0,0012,0.09183946609497065
3.947401237487796,0.0014563711343526717,0.01922999508678913,0.04354975844937745,18.88596789267688,0.3631959557533264,500000.0,continuous_28,28,continuous_naca,direct OpenFOAM-coefficient surrogate,0.0,-0.585495114326477,98949.5625,deeponet,surrogate estimate; validate top designs with OpenFOAM,18.88596789267688,0.458911724090576,0.0,0012,0.08888615226745605
3.869896984100343,0.001964275496994159,0.01888393610715866,0.059866840510006285,18.907634132922066,0.3570694625377655,500000.0,continuous_29,29,continuous_naca,direct OpenFOAM-coefficient surrogate,0.0,-0.5774934887886047,98950.59375,deeponet,surrogate estimate; validate top designs with OpenFOAM,18.907634132922066,0.4365147686004637,0.0,0012,0.08712055492401125
3.5959953784942638,0.0025004020077839754,0.01768474280834198,0.07208124861252806,18.937839812575096,0.33492976427078247,500000.0,continuous_30,30,continuous_naca,direct OpenFOAM-coefficient surrogate,0.0,-0.5500934720039368,98954.15625,deeponet,surrogate estimate; validate top designs with OpenFOAM,18.937839812575096,0.4316898775100706,0.0,0012,0.08171147203445445
3.737282490730289,0.004704011742515042,0.018634743988513947,0.10893613910205474,19.076118370794607,0.35549765825271606,500000.0,continuous_31,31,continuous_naca,direct OpenFOAM-coefficient surrogate,0.0,-0.5626317858695984,98951.984375,deeponet,surrogate estimate; validate top designs with OpenFOAM,19.076118370794607,0.47393960237503063,0.0,0012,0.07478296208381652
3.4898196101188717,0.008689156969673786,0.017897358164191246,0.16705779918524571,19.293309065787863,0.3453185558319092,500000.0,continuous_32,32,continuous_naca,direct OpenFOAM-coefficient surrogate,0.0,-0.5408341884613037,98954.328125,deeponet,surrogate estimate; validate top designs with OpenFOAM,19.293309065787863,0.5027145183086399,0.0,0012,0.06179709327220917
3.3221714675426535,0.004112950242008197,0.016598384827375412,0.10463013605068343,18.96273196518039,0.3147696852684021,500000.0,continuous_33,33,continuous_naca,direct OpenFOAM-coefficient surrogate,0.0,-0.5234849452972412,98957.5625,deeponet,surrogate estimate; validate top designs with OpenFOAM,18.96273196518039,0.47394046962261205,0.0,0012,0.07471051186323177
3.0435950309038216,0.006556964722488699,0.015744958072900772,0.1415419300651554,19.22736225184786,0.3027532398700714,500000.0,continuous_34,34,continuous_naca,direct OpenFOAM-coefficient surrogate,0.0,-0.4992809295654297,98960.4453125,deeponet,surrogate estimate; validate top designs with OpenFOAM,19.22736225184786,0.48873525887727753,0.0,0012,0.06089204648137109
2.77838950604201,0.005380980887630036,0.014675072394311428,0.12614850248640183,18.931900952072883,0.27784594893455505,500000.0,continuous_35,35,continuous_naca,direct OpenFOAM-coefficient surrogate,0.0,-0.4745602011680603,98963.8359375,deeponet,surrogate estimate; validate top designs with OpenFOAM,18.931900952072883,0.48962833806872397,0.0,0012,0.06
3.070642438903456,0.006515432495134472,0.015886832028627396,0.1389587396411051,19.27257856655921,0.30619949102401733,500000.0,continuous_36,36,continuous_naca,direct OpenFOAM-coefficient surrogate,0.0,-0.5020248889923096,98960.046875,deeponet,surrogate estimate; validate top designs with OpenFOAM,19.27257856655921,0.481949184574187,0.0,0012,0.06022359523549689
2.8671188952401376,0.005684897777124826,0.015025127679109573,0.12970789630164184,19.06950032690144,0.2865407466888428,500000.0,continuous_37,37,continuous_naca,direct OpenFOAM-coefficient surrogate,0.0,-0.482936292886734,98962.671875,deeponet,surrogate estimate; validate top designs with OpenFOAM,19.06950032690144,0.5419798381812877,0.0,0012,0.06
2.9134165200404905,0.00584627156902323,0.015214023180305958,0.13155899943757451,19.131473282669663,0.291085809469223,500000.0,continuous_38,38,continuous_naca,direct OpenFOAM-coefficient surrogate,0.0,-0.4873010516166687,98962.0703125,deeponet,surrogate estimate; validate top designs with OpenFOAM,19.131473282669663,0.5337489303480841,0.0,0012,0.06
3.3916179047431827,0.008103040558748817,0.017393216490745544,0.15933368677387752,19.320632204990545,0.336067259311676,500000.0,continuous_39,39,continuous_naca,direct OpenFOAM-coefficient surrogate,0.0,-0.5317521095275879,98955.6640625,deeponet,surrogate estimate; validate top designs with OpenFOAM,19.320632204990545,0.4615941078728065,0.0,0012,0.061456367494538575
3.653867409494705,0.009445920000753396,0.018795860931277275,0.17394034912387937,19.19892274343987,0.36087948083877563,500000.0,continuous_40,40,continuous_naca,direct OpenFOAM-coefficient surrogate,0.0,-0.5560197234153748,98952.0859375,deeponet,surrogate estimate; validate top designs with OpenFOAM,19.19892274343987,0.42140124271856605,0.0,0012,0.062184551241807856
3.5844209722941756,0.009130231774447904,0.01839926466345787,0.17116447074818977,19.244799623697716,0.35410940647125244,500000.0,continuous_41,41,continuous_naca,direct OpenFOAM-coefficient surrogate,0.0,-0.5495587587356567,98953.0546875,deeponet,surrogate estimate; validate top designs with OpenFOAM,19.244799623697716,0.43374760446837135,0.0,0012,0.062184551241807856
3.7246554321260215,0.009759306954114717,0.019226936623454094,0.17655367364945368,19.142782320419364,0.3680762052536011,500000.0,continuous_42,42,continuous_naca,direct OpenFOAM-coefficient surrogate,0.0,-0.5626482963562012,98951.0859375,deeponet,surrogate estimate; validate top designs with OpenFOAM,19.142782320419364,0.4512674487347248,0.0,0012,0.06193875714065515
3.2138601312093718,0.007354722828964532,0.01651894301176071,0.15194334839020426,19.31410387949265,0.31906789541244507,500000.0,continuous_43,43,continuous_naca,direct OpenFOAM-coefficient surrogate,0.0,-0.5151956677436829,98958.125,deeponet,surrogate estimate; validate top designs with OpenFOAM,19.31410387949265,0.47936830634163935,0.0,0012,0.06115372414619211
2.998549070193265,0.0062482124346537275,0.015571195632219315,0.13605961727622407,19.21822403837514,0.2992699444293976,500000.0,continuous_44,44,continuous_naca,direct OpenFOAM-coefficient surrogate,0.0,-0.4952752888202667,98960.9765625,deeponet,surrogate estimate; validate top designs with OpenFOAM,19.21822403837514,0.5290654540802651,0.0,0012,0.06013083883241051
3.437952996768948,0.00845508772829661,0.017626293003559113,0.1648509318652035,19.310041990732124,0.34038376808166504,500000.0,continuous_45,45,continuous_naca,direct OpenFOAM-coefficient surrogate,0.0,-0.5360254049301147,98955.0390625,deeponet,surrogate estimate; validate top designs with OpenFOAM,19.310041990732124,0.4575770668713448,0.0,0012,0.06167112313945852
3.6959828825167307,0.00983734960585015,0.019004574045538902,0.17980307233325868,19.166706699262395,0.364274263381958,500000.0,continuous_46,46,continuous_naca,direct OpenFOAM-coefficient surrogate,0.0,-0.5598000288009644,98951.5703125,deeponet,surrogate estimate; validate top designs with OpenFOAM,19.166706699262395,0.4686778151230283,0.0,0012,0.0628155587907023
3.226977549806775,0.007266807333488701,0.0165926031768322,0.1489068126641251,19.3255386937684,0.32068032026290894,500000.0,continuous_47,47,continuous_naca,direct OpenFOAM-coefficient surrogate,0.0,-0.5165039300918579,98957.9140625,deeponet,surrogate estimate; validate top designs with OpenFOAM,19.3255386937684,0.47863134221139736,0.0,0012,0.060871586124298244
3.1453846811452673,0.006943612488270941,0.016209613531827927,0.14559821209186324,19.29775151176003,0.31282839179039,500000.0,continuous_48,48,continuous_naca,direct OpenFOAM-coefficient surrogate,0.0,-0.508878231048584,98959.0546875,deeponet,surrogate estimate; validate top designs with OpenFOAM,19.29775151176003,0.4358708933399541,0.0,0012,0.06077930718003456
3.2314934133886686,0.007323149840848697,0.016608137637376785,0.15150744144133174,19.322613146910836,0.32093194127082825,500000.0,continuous_49,49,continuous_naca,direct OpenFOAM-coefficient surrogate,0.0,-0.5168817639350891,98957.8671875,deeponet,surrogate estimate; validate top designs with OpenFOAM,19.322613146910836,0.4525817995821255,0.0,0012,0.06103375370307822
3.094021502805052,0.006737973768495138,0.015979889780282974,0.1434203647156583,19.275755140872896,0.3080437183380127,500000.0,continuous_50,50,continuous_naca,direct OpenFOAM-coefficient surrogate,0.0,-0.5041118860244751,98959.765625,deeponet,surrogate estimate; validate top designs with OpenFOAM,19.275755140872896,0.47851071113263954,0.0,0012,0.06058659259459505
3.351970123277974,0.007934107174938714,0.017191492021083832,0.15770709663291335,19.325289168643206,0.33224987983703613,500000.0,continuous_51,51,continuous_naca,direct OpenFOAM-coefficient surrogate,0.0,-0.5280609726905823,98956.2109375,deeponet,surrogate estimate; validate top designs with OpenFOAM,19.325289168643206,0.4628104779366685,0.0,0012,0.06139999050324266
3.387169364398928,0.008074408637083605,0.017380613833665848,0.15899824579564376,19.324853886979092,0.33589714765548706,500000.0,continuous_52,52,continuous_naca,direct OpenFOAM-coefficient surrogate,0.0,-0.5313958525657654,98955.703125,deeponet,surrogate estimate; validate top designs with OpenFOAM,19.324853886979092,0.4484405574598596,0.0,0012,0.061227124766386753
3.2071873206929906,0.007186224931097711,0.01650002971291542,0.1480844689639116,19.32148755488361,0.31882444024086,500000.0,continuous_53,53,continuous_naca,direct OpenFOAM-coefficient surrogate,0.0,-0.5146665573120117,98958.1875,deeponet,surrogate estimate; validate top designs with OpenFOAM,19.32148755488361,0.45963798072221895,0.0,0012,0.06080986005396437
3.2532949667055386,0.007409413516148738,0.016716398298740387,0.15235035048470985,19.329246964811343,0.32313472032546997,500000.0,continuous_54,54,continuous_naca,direct OpenFOAM-coefficient surrogate,0.0,-0.5189415812492371,98957.5546875,deeponet,surrogate estimate; validate top designs with OpenFOAM,19.329246964811343,0.4601270125098659,0.0,0012,0.06097148691410793
3.3782125887059395,0.008036069325966743,0.01733541674911976,0.15863044867453474,19.32651337834198,0.335052490234375,500000.0,continuous_55,55,continuous_naca,direct OpenFOAM-coefficient surrogate,0.0,-0.5305657386779785,98955.8203125,deeponet,surrogate estimate; validate top designs with OpenFOAM,19.32651337834198,0.4724228954767701,0.0,0012,0.06120134045093957
3.218058249849186,0.007267795371785459,0.01654505357146263,0.15094379069636107,19.319890026388997,0.3196679353713989,500000.0,continuous_56,56,continuous_naca,direct OpenFOAM-coefficient surrogate,0.0,-0.5156333446502686,98958.0546875,deeponet,surrogate estimate; validate top designs with OpenFOAM,19.319890026388997,0.4885553066074914,0.0,0012,0.06099507722990745
3.3448915857614923,0.00789501143920182,0.017165616154670715,0.15727111301329758,19.3297008205427,0.3318255543708801,500000.0,continuous_57,57,continuous_naca,direct OpenFOAM-coefficient surrogate,0.0,-0.5274597406387329,98956.2890625,deeponet,surrogate estimate; validate top designs with OpenFOAM,19.3297008205427,0.45846924474676753,0.0,0012,0.061169112882266924
3.2497182222118983,0.007350350813760525,0.016709521412849426,0.14971641025714352,19.335093501748116,0.3230994939804077,500000.0,continuous_58,58,continuous_naca,direct OpenFOAM-coefficient surrogate,0.0,-0.5186805129051208,98957.578125,deeponet,surrogate estimate; validate top designs with OpenFOAM,19.335093501748116,0.47201476953573185,0.0,0012,0.06070677268256368
3.1985922716788604,0.007035756073641465,0.01647627353668213,0.14637772016055348,19.330874019633114,0.31852009892463684,500000.0,continuous_59,59,continuous_naca,direct OpenFOAM-coefficient surrogate,0.0,-0.5139904618263245,98958.2578125,deeponet,surrogate estimate; validate top designs with OpenFOAM,19.330874019633114,0.4766169153352635,0.0,0012,0.060360163772224196
3.3860811318856596,0.008067460969677809,0.01737835630774498,0.15891170209351763,19.32611231466977,0.33587539196014404,500000.0,continuous_60,60,continuous_naca,direct OpenFOAM-coefficient surrogate,0.0,-0.5313136577606201,98955.7109375,deeponet,surrogate estimate; validate top designs with OpenFOAM,19.32611231466977,0.45288561892317036,0.0,0012,0.061152770340640816
3.346305236365938,0.007897081464783493,0.017176637426018715,0.15726538227201445,19.331381352753628,0.33206745982170105,500000.0,continuous_61,61,continuous_naca,direct OpenFOAM-coefficient surrogate,0.0,-0.5276150107383728,98956.2578125,deeponet,surrogate estimate; validate top designs with OpenFOAM,19.331381352753628,0.4593220497452271,0.0,0012,0.06108247428655518
3.2188924168164936,0.007230265870014616,0.01655782014131546,0.14852784841035113,19.326367169800644,0.3200218379497528,500000.0,continuous_62,62,continuous_naca,direct OpenFOAM-coefficient surrogate,0.0,-0.5157766938209534,98958.015625,deeponet,surrogate estimate; validate top designs with OpenFOAM,19.326367169800644,0.4525436427920261,0.0,0012,0.06076358293180728
3.338382545733578,0.007864260209161724,0.017136115580797195,0.15695208783407266,19.331572018130256,0.3312873840332031,500000.0,continuous_63,63,continuous_naca,direct OpenFOAM-coefficient surrogate,0.0,-0.5268717408180237,98956.3671875,deeponet,surrogate estimate; validate top designs with OpenFOAM,19.331572018130256,0.4674530823055841,0.0,0012,0.0610919010711565
3.386353828330915,0.007960952600638985,0.017384296283125877,0.15773196799800418,19.327754653049414,0.33601874113082886,500000.0,continuous_64,64,continuous_naca,direct OpenFOAM-coefficient surrogate,0.0,-0.531365156173706,98955.6953125,deeponet,surrogate estimate; validate top designs with OpenFOAM,19.327754653049414,0.4685025606567894,0.0,0012,0.061053643547163215
3.286559682111883,0.007545647268408489,0.01687980256974697,0.15370958857899816,19.331873870440315,0.3263375461101532,500000.0,continuous_65,65,continuous_naca,direct OpenFOAM-coefficient surrogate,0.0,-0.5220504999160767,98957.0859375,deeponet,surrogate estimate; validate top designs with OpenFOAM,19.331873870440315,0.46222089954659673,0.0,0012,0.06099202607237175
3.265591257450156,0.007415540512083536,0.016785137355327606,0.15037313822878096,19.335526762847188,0.32456880807876587,500000.0,continuous_66,66,continuous_naca,direct OpenFOAM-coefficient surrogate,0.0,-0.520149827003479,98957.359375,deeponet,surrogate estimate; validate top designs with OpenFOAM,19.335526762847188,0.4720361558198023,0.0,0012,0.06076747417405662
3.2259410932944874,0.007250725542331158,0.016599401831626892,0.14868513702733283,19.333084892672076,0.32093697786331177,500000.0,continuous_67,67,continuous_naca,direct OpenFOAM-coefficient surrogate,0.0,-0.5164932608604431,98957.890625,deeponet,surrogate estimate; validate top designs with OpenFOAM,19.333084892672076,0.4788196113563197,0.0,0012,0.060566654819951465
3.2238206173878194,0.007246848440036246,0.016584191471338272,0.14867620830142406,19.329210946720337,0.3205786645412445,500000.0,continuous_68,68,continuous_naca,direct OpenFOAM-coefficient surrogate,0.0,-0.5162575244903564,98957.9375,deeponet,surrogate estimate; validate top designs with OpenFOAM,19.329210946720337,0.47754040385863034,0.0,0012,0.06069661271351909
3.3156840816214084,0.0076642955913651155,0.017025990411639214,0.15486823305802247,19.33324492453695,0.32918697595596313,500000.0,continuous_69,69,continuous_naca,direct OpenFOAM-coefficient surrogate,0.0,-0.5247774124145508,98956.6796875,deeponet,surrogate estimate; validate top designs with OpenFOAM,19.33324492453695,0.46387663827357795,0.0,0012,0.060986008893296154
3.2203940759640948,0.007231401408988848,0.016570065170526505,0.1485062462219797,19.330205575290208,0.32032209634780884,500000.0,continuous_70,70,continuous_naca,direct OpenFOAM-coefficient surrogate,0.0,-0.515954315662384,98957.9765625,deeponet,surrogate estimate; validate top designs with OpenFOAM,19.330205575290208,0.46762114928227033,0.0,0012,0.0606342398399876
3.308885428291207,0.007637332198194205,0.016991935670375824,0.15460126631317184,19.333546329017487,0.32853370904922485,500000.0,continuous_71,71,continuous_naca,direct OpenFOAM-coefficient surrogate,0.0,-0.5241437554359436,98956.7734375,deeponet,surrogate estimate; validate top designs with OpenFOAM,19.333546329017487,0.4674950990497556,0.0,0012,0.06097748576336427
4.0,0.013579352535902806,0.026139982044696808,0.22873174496933044,22.053446419351406,0.5764987468719482,500000.0,continuous_1,1,continuous_naca,direct OpenFOAM-coefficient surrogate,0.02,-0.8466336727142334,98929.8359375,deeponet,surrogate estimate; validate top designs with OpenFOAM,22.053446419351406,0.4,0.0,2412,0.12
4.0,0.01398171731215173,0.026294656097888947,0.2510299190686094,22.32165338986634,0.5869625210762024,500000.0,continuous_2,2,continuous_naca,direct OpenFOAM-coefficient surrogate,0.021,-0.8554065227508545,98928.75,deeponet,surrogate estimate; validate top designs with OpenFOAM,22.32165338986634,0.4,0.0,2412,0.12
4.0,0.013535687952635897,0.02533761039376259,0.22771111363560484,22.19471258118708,0.5623831748962402,500000.0,continuous_3,3,continuous_naca,direct OpenFOAM-coefficient surrogate,0.02,-0.8186722993850708,98929.59375,deeponet,surrogate estimate; validate top designs with OpenFOAM,22.19471258118708,0.42000000000000004,0.0,2412,0.12
4.0,0.016378280635856314,0.02639617770910263,0.2574419376193166,21.94110397884015,0.5791832208633423,500000.0,continuous_4,4,continuous_naca,direct OpenFOAM-coefficient surrogate,0.02,-0.8643355965614319,98928.078125,deeponet,surrogate estimate; validate top designs with OpenFOAM,21.94110397884015,0.4,0.0,2412,0.126
4.2,0.014302243248644353,0.027047451585531235,0.23378242968789434,22.034687870250405,0.5960041880607605,500000.0,continuous_5,5,continuous_naca,direct OpenFOAM-coefficient surrogate,0.02,-0.8689891695976257,98927.5546875,deeponet,surrogate estimate; validate top designs with OpenFOAM,22.034687870250405,0.4,0.0,2412,0.12
4.1,0.011594543007988975,0.02594071812927723,0.1951959570529452,22.342497712354287,0.5796027779579163,500000.0,continuous_6,6,continuous_naca,direct OpenFOAM-coefficient surrogate,0.0205,-0.8298001289367676,98929.6796875,deeponet,surrogate estimate; validate top designs with OpenFOAM,22.342497712354287,0.41000000000000003,0.0,2412,0.11399999999999999
4.149999999999999,0.006163727383749014,0.02587774023413658,0.12717973912369543,22.464379812973686,0.5813498497009277,500000.0,continuous_7,7,continuous_naca,direct OpenFOAM-coefficient surrogate,0.020749999999999998,-0.8207520246505737,98929.921875,deeponet,surrogate estimate; validate top designs with OpenFOAM,22.464379812973686,0.41500000000000004,0.0,2412,0.10799999999999998
3.874999999999999,0.011597328044722972,0.024634912610054016,0.19921251796649447,22.519346628327217,0.5547846555709839,500000.0,continuous_8,8,continuous_naca,direct OpenFOAM-coefficient surrogate,0.020875,-0.7977551221847534,98931.4375,deeponet,surrogate estimate; validate top designs with OpenFOAM,22.519346628327217,0.4175000000000001,0.0,2412,0.11399999999999999
3.7124999999999986,0.01019961962535932,0.023482222110033035,0.17250888291516256,22.731632990785933,0.5338119864463806,500000.0,continuous_9,9,continuous_naca,direct OpenFOAM-coefficient surrogate,0.021312500000000005,-0.7675661444664001,98932.90625,deeponet,surrogate estimate; validate top designs with OpenFOAM,22.731632990785933,0.42625000000000024,0.0,2412,0.11099999999999999
3.9312499999999986,0.008479858994623562,0.024113807827234268,0.18287080425341182,22.87324905541643,0.551584005355835,500000.0,continuous_10,10,continuous_naca,direct OpenFOAM-coefficient surrogate,0.021531250000000005,-0.7854467034339905,98929.9765625,deeponet,surrogate estimate; validate top designs with OpenFOAM,22.87324905541643,0.43062500000000015,0.0,2412,0.10949999999999999
3.896874999999998,0.003034019656711885,0.02309618517756462,0.08645642820923895,23.284669603158353,0.5378103256225586,500000.0,continuous_11,11,continuous_naca,direct OpenFOAM-coefficient surrogate,0.022296875000000008,-0.7649960517883301,98928.78125,deeponet,surrogate estimate; validate top designs with OpenFOAM,23.284669603158353,0.4459375000000001,0.0,2412,0.10424999999999995
3.8796874999999975,0.003147303588967955,0.02409856766462326,0.07906623876022242,23.190065554193563,0.5588705539703369,500000.0,continuous_12,12,continuous_naca,direct OpenFOAM-coefficient surrogate,0.022679687500000007,-0.7827679514884949,98930.984375,deeponet,surrogate estimate; validate top designs with OpenFOAM,23.190065554193563,0.4235937500000001,0.0,2412,0.10162499999999997
3.8195312499999963,0.003462217286634364,0.02196822315454483,0.11657671965050616,23.555194029345106,0.5174893140792847,500000.0,continuous_13,13,continuous_naca,direct OpenFOAM-coefficient surrogate,0.022519531250000006,-0.7338513135910034,98929.9921875,deeponet,surrogate estimate; validate top designs with OpenFOAM,23.555194029345106,0.45539062500000027,0.0,2412,0.09243749999999995
3.729296874999994,0.007515636260635932,0.01952146366238594,0.18750945739985217,24.333294610196365,0.4750458598136902,500000.0,continuous_14,14,continuous_naca,direct OpenFOAM-coefficient surrogate,0.023279296875,-0.696053683757782,98926.1015625,deeponet,surrogate estimate; validate top designs with OpenFOAM,24.333294610196365,0.4830859375000005,0.0,2412,0.07865624999999993
3.4591796874999954,0.0023759971603863235,0.019243447110056877,0.1048581347271452,24.248855679738977,0.46665582060813904,500000.0,continuous_15,15,continuous_naca,direct OpenFOAM-coefficient surrogate,0.02403417968750001,-0.6897600889205933,98928.9453125,deeponet,surrogate estimate; validate top designs with OpenFOAM,24.248855679738977,0.4744335937500005,0.0,2412,0.08976562499999993
3.770019531249994,0.006444752979484775,0.01962324231863022,0.17109336907569148,24.805820143838176,0.48679542541503906,500000.0,continuous_16,16,continuous_naca,direct OpenFOAM-coefficient surrogate,0.024832519531250007,-0.7090180516242981,98922.5,deeponet,surrogate estimate; validate top designs with OpenFOAM,24.805820143838176,0.48727539062500047,0.0,2412,0.07614843749999989
3.798779296874992,0.008460287259579037,0.017977802082896233,0.20314671177014487,25.729946462626852,0.46259361505508423,500000.0,continuous_17,17,continuous_naca,direct OpenFOAM-coefficient surrogate,0.026592529296875014,-0.7022477388381958,98912.71875,deeponet,surrogate estimate; validate top designs with OpenFOAM,25.729946462626852,0.5177880859375006,0.0,2412,0.06
3.562377929687492,0.009687497434106627,0.015938516706228256,0.2126425453225631,25.23643131822135,0.4022565186023712,500000.0,continuous_18,18,continuous_naca,direct OpenFOAM-coefficient surrogate,0.02542175292968751,-0.66788649559021,98914.234375,deeponet,surrogate estimate; validate top designs with OpenFOAM,25.23643131822135,0.5370288085937507,0.0,2412,0.06471093749999995
3.377941894531239,0.00780341583595673,0.014657733030617237,0.2035431692185427,24.586150007833943,0.36040180921554565,500000.0,continuous_19,19,continuous_naca,direct OpenFOAM-coefficient surrogate,0.02736700439453127,-0.6577950716018677,98908.8125,deeponet,surrogate estimate; validate top designs with OpenFOAM,24.586150007833943,0.5602307128906261,0.0,2412,0.06
3.775018310546863,0.009206277620018497,0.014973258599638939,0.21386046178687776,24.601119604742603,0.368383526802063,500000.0,continuous_20,20,continuous_naca,direct OpenFOAM-coefficient surrogate,0.02729611206054689,-0.69270259141922,98898.953125,deeponet,surrogate estimate; validate top designs with OpenFOAM,24.601119604742603,0.5746331787109386,0.0,2412,0.06
3.5277618408202986,0.009676674922019204,0.014145104214549065,0.252304388969395,20.545484580711154,0.2906385660171509,500000.0,continuous_21,21,continuous_naca,direct OpenFOAM-coefficient surrogate,0.030059402465820347,-0.6843599677085876,98892.4375,deeponet,surrogate estimate; validate top designs with OpenFOAM,20.545484580711154,0.6117544555664074,0.0,2412,0.06
3.67891311645507,0.010871377124180116,0.017532825469970703,0.24991005118960255,25.244908961045514,0.4426398277282715,500000.0,continuous_22,22,continuous_naca,direct OpenFOAM-coefficient surrogate,0.024974323272705087,-0.6844174861907959,98918.109375,deeponet,surrogate estimate; validate top designs with OpenFOAM,25.244908961045514,0.5152530670166022,0.0,2412,0.06991699218749996
4.029602432250969,0.011600355057043786,0.019245030358433723,0.23193128117044687,24.997659573241233,0.4811057150363922,500000.0,continuous_23,23,continuous_naca,direct OpenFOAM-coefficient surrogate,0.02477535438537598,-0.716903805732727,98913.9453125,deeponet,surrogate estimate; validate top designs with OpenFOAM,24.997659573241233,0.5121208572387699,0.0,2412,0.06731396484374996
3.759818077087398,0.010490925471961909,0.020809292793273926,0.2325329864076582,24.09335355721841,0.501389741897583,500000.0,continuous_24,24,continuous_naca,direct OpenFOAM-coefficient surrogate,0.023585867881774907,-0.7063643932342529,98928.8984375,deeponet,surrogate estimate; validate top designs with OpenFOAM,24.09335355721841,0.466462230682373,0.0,2412,0.07097094726562495
3.771218252181997,0.009411867047561992,0.016184845939278603,0.2267056022833996,25.554132796000314,0.41361525654792786,500000.0,continuous_25,25,continuous_naca,direct OpenFOAM-coefficient surrogate,0.026368551015853895,-0.6906997561454773,98907.1953125,deeponet,surrogate estimate; validate top designs with OpenFOAM,25.554132796000314,0.5475904417037971,0.0,2412,0.06274273681640624
3.3760418653488076,0.007822933971267721,0.01507966686040163,0.20781336525488608,25.068223615480942,0.37804552912712097,500000.0,continuous_26,26,continuous_naca,direct OpenFOAM-coefficient surrogate,0.026903223872184773,-0.6569183468818665,98912.2265625,deeponet,surrogate estimate; validate top designs with OpenFOAM,25.068223615480942,0.5467093443870554,0.0,2412,0.06137136840820312
3.5394320070743475,0.008140262373579074,0.015823878347873688,0.2242931371852334,25.444429751911482,0.4026550054550171,500000.0,continuous_27,27,continuous_naca,direct OpenFOAM-coefficient surrogate,0.026371256500482575,-0.6707748770713806,98912.3125,deeponet,surrogate estimate; validate top designs with OpenFOAM,25.444429751911482,0.538062222599984,0.0,2412,0.06285701751708983
3.831793406605711,0.011220088500904533,0.017728161066770554,0.2237308349849289,25.80704870993695,0.45753732323646545,500000.0,continuous_28,28,continuous_naca,direct OpenFOAM-coefficient surrogate,0.02673157711327077,-0.7051301002502441,98910.765625,deeponet,surrogate estimate; validate top designs with OpenFOAM,25.80704870993695,0.5223181000351913,0.0,2412,0.06304743576049807
3.9665011450648198,0.011769699304616412,0.01901404559612274,0.22516233663007515,25.779147664624627,0.49019166827201843,500000.0,continuous_29,29,continuous_naca,direct OpenFOAM-coefficient surrogate,0.027386489205062405,-0.7259894013404846,98909.828125,deeponet,surrogate estimate; validate top designs with OpenFOAM,25.779147664624627,0.5149627457559116,0.0,2412,0.062215684890747136
3.7916983649134535,0.009508718267263445,0.016400467604398727,0.23070152085344997,26.053571849047422,0.427316814661026,500000.0,continuous_30,30,continuous_naca,direct OpenFOAM-coefficient surrogate,0.028057633690536044,-0.7023745179176331,98903.7265625,deeponet,surrogate estimate; validate top designs with OpenFOAM,26.053571849047422,0.5476263581216343,0.0,2412,0.06
3.848090989142646,0.011620642410716355,0.015798818320035934,0.2646208299038644,25.985385064974803,0.4105643630027771,500000.0,continuous_31,31,continuous_naca,direct OpenFOAM-coefficient surrogate,0.029599288899451515,-0.7125176787376404,98895.921875,deeponet,surrogate estimate; validate top designs with OpenFOAM,25.985385064974803,0.5638130036741504,0.0,2412,0.06
4.05731265321373,0.011060930663677027,0.018314335495233536,0.23438159735480144,25.94185168946209,0.4751337170600891,500000.0,continuous_32,32,continuous_naca,direct OpenFOAM-coefficient surrogate,0.027503889057785287,-0.7279319167137146,98903.9921875,deeponet,surrogate estimate; validate top designs with OpenFOAM,25.94185168946209,0.5295992702990777,0.0,2412,0.06003806877136232
3.9685736086219463,0.010802667442968048,0.019287575036287308,0.23548022598580687,25.894039176629725,0.4994591176509857,500000.0,continuous_33,33,continuous_naca,direct OpenFOAM-coefficient surrogate,0.02807426356337966,-0.7312569618225098,98909.15625,deeponet,surrogate estimate; validate top designs with OpenFOAM,25.894039176629725,0.5110754654929048,0.0,2412,0.06
4.025909719802428,0.011099396119649333,0.017692754045128822,0.26555314409145836,26.304794140390406,0.4654305577278137,500000.0,continuous_34,34,continuous_naca,direct OpenFOAM-coefficient surrogate,0.028591152415610867,-0.7295392155647278,98900.7578125,deeponet,surrogate estimate; validate top designs with OpenFOAM,26.304794140390406,0.5375215110369034,0.0,2412,0.06154275226593019
4.139474931266147,0.014288646367334706,0.017698992043733597,0.2780719392800042,26.524858423020884,0.46948978304862976,500000.0,continuous_35,35,continuous_naca,direct OpenFOAM-coefficient surrogate,0.02959046397497879,-0.7437023520469666,98895.265625,deeponet,surrogate estimate; validate top designs with OpenFOAM,26.524858423020884,0.5473882235866048,0.0,2412,0.062314128398895274
4.146736372401927,0.01316020590310848,0.01797436736524105,0.2819613731961281,26.589469947353916,0.47795549035072327,500000.0,continuous_36,36,continuous_naca,direct OpenFOAM-coefficient surrogate,0.029881548030069125,-0.7465426325798035,98895.1953125,deeponet,surrogate estimate; validate top designs with OpenFOAM,26.589469947353916,0.5455265587149196,0.0,2412,0.06
4.304207855300035,0.014663218237967401,0.017884546890854836,0.31580518655238615,26.887362984518795,0.48089519143104553,500000.0,continuous_37,37,continuous_naca,direct OpenFOAM-coefficient surrogate,0.03145653348846831,-0.7660263180732727,98886.6171875,deeponet,surrogate estimate; validate top designs with OpenFOAM,26.887362984518795,0.5571307880547838,0.0,2412,0.06
4.177773293724735,0.013040308028449856,0.016092423349618912,0.29882093686118105,25.935438336002925,0.41738998889923096,500000.0,continuous_38,38,continuous_naca,direct OpenFOAM-coefficient surrogate,0.030229996542504554,-0.7436047792434692,98886.0859375,deeponet,surrogate estimate; validate top designs with OpenFOAM,25.935438336002925,0.5797968545381453,0.0,2412,0.06117609858512879
4.125473372449038,0.012459679052116564,0.016658596694469452,0.28582882261845155,26.301756865175236,0.4381766617298126,500000.0,continuous_39,39,continuous_naca,direct OpenFOAM-coefficient surrogate,0.02969106329772333,-0.738332986831665,98891.28125,deeponet,surrogate estimate; validate top designs with OpenFOAM,26.301756865175236,0.5626165072768352,0.0,2412,0.06088207393884659
4.1231146087506065,0.015574889489055247,0.016140373423695564,0.3099714395751823,26.340411713428974,0.4251704216003418,500000.0,continuous_40,40,continuous_naca,direct OpenFOAM-coefficient surrogate,0.03189395816806795,-0.7472963333129883,98884.15625,deeponet,surrogate estimate; validate top designs with OpenFOAM,26.340411713428974,0.5777816682208512,0.0,2412,0.06156003239750861
4.55443701896946,0.00792603155596319,0.01761903055012226,0.21813391284396716,27.001929608799227,0.4757748246192932,500000.0,continuous_41,41,continuous_naca,direct OpenFOAM-coefficient surrogate,0.03325837577408315,-0.793192982673645,98874.2734375,deeponet,surrogate estimate; validate top designs with OpenFOAM,27.001929608799227,0.5748322354479032,0.0,2412,0.062378117367625247
4.935806345997463,0.0018861229855230907,0.01839032582938671,0.17844013757593255,27.286270805869666,0.5018306970596313,500000.0,continuous_42,42,continuous_naca,direct OpenFOAM-coefficient surrogate,0.03585874681585671,-0.8373922109603882,98859.6328125,deeponet,surrogate estimate; validate top designs with OpenFOAM,27.286270805869666,0.5884351741110376,0.0,2412,0.06356717605143786
4.625828498208088,0.004327694494948507,0.018279459327459335,0.19442205690707542,27.415087019815044,0.5011603832244873,500000.0,continuous_43,43,continuous_naca,direct OpenFOAM-coefficient surrogate,0.034708787925962555,-0.8083848357200623,98871.3203125,deeponet,surrogate estimate; validate top designs with OpenFOAM,27.415087019815044,0.5727514197098034,0.0,2412,0.06283859448507428
4.8760060610876135,0.0003044926564864225,0.019079655408859253,0.15894610760641328,27.791857102500753,0.5302868485450745,500000.0,continuous_44,44,continuous_naca,direct OpenFOAM-coefficient surrogate,0.03721765024008217,-0.8420972228050232,98860.7265625,deeponet,surrogate estimate; validate top designs with OpenFOAM,27.791857102500753,0.5778188759262874,0.0,2412,0.06381685475818813
5.004632988075022,0.004016192722382081,0.02115844190120697,0.18673998634470956,26.984218902432836,0.5709710121154785,500000.0,continuous_45,45,continuous_naca,direct OpenFOAM-coefficient surrogate,0.035167739091625044,-0.8506936430931091,98867.3125,deeponet,surrogate estimate; validate top designs with OpenFOAM,26.984218902432836,0.5576048626185057,0.0,2412,0.06328904720675202
5.42085169396392,0.00032552551266461287,0.020555615425109863,0.14542121428019722,27.785826469375305,0.5711825489997864,500000.0,continuous_46,46,continuous_naca,direct OpenFOAM-coefficient surrogate,0.040259870843037324,-0.8997362852096558,98841.3203125,deeponet,surrogate estimate; validate top designs with OpenFOAM,27.785826469375305,0.5931066267687026,0.0,2412,0.06302241060929373
5.814440689261975,-0.00220543522598049,0.02154681831598282,0.10373198490932492,27.85767497399091,0.6002721190452576,500000.0,continuous_47,47,continuous_naca,direct OpenFOAM-coefficient surrogate,0.04279547000683231,-0.9442133903503418,98826.6796875,deeponet,surrogate estimate; validate top designs with OpenFOAM,27.85767497399091,0.6013519816574828,0.0,2412,0.06684774431283586
6.569557106242945,0.030971448435373413,0.023624513298273087,0.38983042791735945,27.925838265120788,0.6597622632980347,500000.0,continuous_48,48,continuous_naca,direct OpenFOAM-coefficient surrogate,0.04846493826601431,-1.0302090644836426,98796.1796875,deeponet,surrogate estimate; validate top designs with OpenFOAM,27.925838265120788,0.6234625784588324,0.0,2412,0.07027161646925378
5.89647761557095,-0.0024439999779101345,0.019653091207146645,0.05739600438834274,27.769154723231082,0.5457774996757507,500000.0,continuous_49,49,continuous_naca,direct OpenFOAM-coefficient surrogate,0.045732863990870204,-0.9568564891815186,98812.1484375,deeponet,surrogate estimate; validate top designs with OpenFOAM,27.769154723231082,0.6338067650139243,0.0,2412,0.06704998173733473
6.445639892435253,0.03365878300312379,0.022979754954576492,0.4053120476876177,28.360846512874478,0.6517536640167236,500000.0,continuous_50,50,continuous_naca,direct OpenFOAM-coefficient surrogate,0.04997891485414528,-1.022977590560913,98794.6328125,deeponet,surrogate estimate; validate top designs with OpenFOAM,28.360846512874478,0.6256622489728358,0.0,2412,0.06851325573559733
7.2005566656541475,0.01852955344877662,0.025398865342140198,0.36019534572224254,28.531369397051783,0.7246929407119751,500000.0,continuous_51,51,continuous_naca,direct OpenFOAM-coefficient surrogate,0.05703899887328956,-1.1116697788238525,98760.703125,deeponet,surrogate estimate; validate top designs with OpenFOAM,28.531369397051783,0.644275786403735,0.0,2412,0.07098629557767705
6.137008147903364,0.012055751107630196,0.025073427706956863,0.25055994271225246,27.599056582151807,0.6920305490493774,500000.0,continuous_52,52,continuous_naca,direct OpenFOAM-coefficient surrogate,0.04575786512034147,-0.9938032627105713,98817.8125,deeponet,surrogate estimate; validate top designs with OpenFOAM,27.599056582151807,0.5855251687648544,0.0,2412,0.06699860696987162
5.956610248654053,0.00485311816089908,0.02075842022895813,0.14124360302584585,28.111162430584134,0.5835714340209961,500000.0,continuous_53,53,continuous_naca,direct OpenFOAM-coefficient surrogate,0.04573911427323802,-0.9637892246246338,98813.5625,deeponet,surrogate estimate; validate top designs with OpenFOAM,28.111162430584134,0.6217363659516568,0.0,2412,0.06703713804546896
6.8805133468554605,0.029699521739146487,0.023532407358288765,0.43742501770653286,28.535088537117744,0.6715278625488281,500000.0,continuous_54,54,continuous_naca,direct OpenFOAM-coefficient surrogate,0.0539704799832747,-1.074552297592163,98773.9609375,deeponet,surrogate estimate; validate top designs with OpenFOAM,28.535088537117744,0.6405401766015533,0.0,2412,0.07303354181600022
7.6103441733012325,0.0035194104340235135,0.02512834593653679,0.1610339123421732,28.77998250825818,0.7232221364974976,500000.0,continuous_55,55,continuous_naca,direct OpenFOAM-coefficient surrogate,0.06082578455339338,-1.161022424697876,98740.1328125,deeponet,surrogate estimate; validate top designs with OpenFOAM,28.77998250825818,0.6642569515179786,0.0,2412,0.07803910741935347
8.792528035838577,0.026138468214219723,0.02802128717303276,0.3417420175004986,28.444707496645776,0.7970857620239258,500000.0,continuous_56,56,continuous_naca,direct OpenFOAM-coefficient surrogate,0.06881676774288546,-1.2816884517669678,98693.7578125,deeponet,surrogate estimate; validate top designs with OpenFOAM,28.444707496645776,0.6990469652398139,0.0,2412,0.07935022399768851
8.210462455481059,-0.009431015868923268,0.02608785778284073,0.10005715647840632,28.956895743350945,0.7554523348808289,500000.0,continuous_57,57,continuous_naca,direct OpenFOAM-coefficient surrogate,0.06774539445538891,-1.226216435432434,98708.265625,deeponet,surrogate estimate; validate top designs with OpenFOAM,28.956895743350945,0.6911954560977598,0.0,2412,0.07743476605084021
9.030915130100116,0.08082886886646573,0.026755787432193756,0.6906683975057767,29.278184698389104,0.7833901643753052,500000.0,continuous_58,58,continuous_naca,direct OpenFOAM-coefficient surrogate,0.0773856225500762,-1.3148585557937622,98665.28125,deeponet,surrogate estimate; validate top designs with OpenFOAM,29.278184698389104,0.7250618949172236,0.0,2412,0.08101634084163342
10.0,0.002092354721278202,0.02950836904346943,0.12315772371422715,29.789321547486846,0.8790640830993652,500000.0,continuous_59,59,continuous_naca,direct OpenFOAM-coefficient surrogate,0.08629447258658429,-1.4251149892807007,98627.5859375,deeponet,surrogate estimate; validate top designs with OpenFOAM,29.789321547486846,0.7445844330877187,0.0,2412,0.08765884587270728
10.0,0.019686511524778943,0.024327125400304794,0.3515079333895327,28.603528188507493,0.6958702206611633,500000.0,continuous_60,60,continuous_naca,direct OpenFOAM-coefficient surrogate,0.09,-1.4227747917175293,98622.359375,deeponet,surrogate estimate; validate top designs with OpenFOAM,28.603528188507493,0.8060084666557499,0.0,2412,0.09796969978632644
8.12837994868917,0.0530829340089558,0.02602439932525158,0.5195549531188304,29.713278279252037,0.7732999324798584,500000.0,continuous_61,61,continuous_naca,direct OpenFOAM-coefficient surrogate,0.07195567153878625,-1.2321423292160034,98699.25,deeponet,surrogate estimate; validate top designs with OpenFOAM,29.713278279252037,0.690042567723514,0.0,2412,0.0795000708579971
10.0,-0.019463268125991598,0.027500774711370468,0.11182843997741453,30.127707299473993,0.8285654187202454,500000.0,continuous_62,62,continuous_naca,direct OpenFOAM-coefficient surrogate,0.09,-1.4274194240570068,98620.0625,deeponet,surrogate estimate; validate top designs with OpenFOAM,30.127707299473993,0.7676971372194825,0.0,2412,0.09212088691816858
10.0,0.03683573105222351,0.022967103868722916,0.3873196283389892,27.01379123913239,0.6204555630683899,500000.0,continuous_63,63,continuous_naca,direct OpenFOAM-coefficient surrogate,0.09,-1.3997366428375244,98624.875,deeponet,surrogate estimate; validate top designs with OpenFOAM,27.01379123913239,0.8294078126273563,0.0,2412,0.10268818258841433
10.0,-0.007078868333593798,0.025018978863954544,0.1480736450152049,28.95308309626493,0.7244055271148682,500000.0,continuous_64,64,continuous_naca,direct OpenFOAM-coefficient surrogate,0.09,-1.4167519807815552,98621.6484375,deeponet,surrogate estimate; validate top designs with OpenFOAM,28.95308309626493,0.7994360649559908,0.0,2412,0.09210896482589973
10.0,-0.020369269583250322,0.027669530361890793,0.04091825928748603,30.016793364371964,0.8305805921554565,500000.0,continuous_65,65,continuous_naca,direct OpenFOAM-coefficient surrogate,0.09,-1.4216206073760986,98619.9609375,deeponet,surrogate estimate; validate top designs with OpenFOAM,30.016793364371964,0.7656412865964877,0.0,2412,0.08859150047426316
10.0,0.022540041170615616,0.028114262968301773,0.3058880877692894,30.324558318369256,0.8525829315185547,500000.0,continuous_66,66,continuous_naca,direct OpenFOAM-coefficient surrogate,0.09,-1.4327759742736816,98619.828125,deeponet,surrogate estimate; validate top designs with OpenFOAM,30.324558318369256,0.7589208173963777,0.0,2412,0.09291931121993463
10.0,0.049614058008763756,0.026388198137283325,0.4540185204132857,30.019218358059895,0.7921831011772156,500000.0,continuous_67,67,continuous_naca,direct OpenFOAM-coefficient surrogate,0.09,-1.4143742322921753,98626.28125,deeponet,surrogate estimate; validate top designs with OpenFOAM,30.019218358059895,0.7758502786359549,0.0,2412,0.09887079640908525
10.0,0.024898983908438192,0.023001335561275482,0.2066917999883605,27.038855406640284,0.6219568252563477,500000.0,continuous_68,68,continuous_naca,direct OpenFOAM-coefficient surrogate,0.09,-1.3985666036605835,98624.8984375,deeponet,surrogate estimate; validate top designs with OpenFOAM,27.038855406640284,0.8283792694265193,0.0,2412,0.10114520138453972
9.064189974344586,0.018847758326294223,0.02696441300213337,0.3429189765139906,29.831660064968766,0.8044230341911316,500000.0,continuous_69,69,continuous_naca,direct OpenFOAM-coefficient surrogate,0.08051464484271617,-1.3301414251327515,98657.0703125,deeponet,surrogate estimate; validate top designs with OpenFOAM,29.831660064968766,0.7246267431492653,0.0,2412,0.08491135348963275
4.0,0.006372209509407737,0.03038427233695984,0.1959082338616258,27.4515759543017,0.8341236114501953,500000.0,continuous_1,1,continuous_naca,direct OpenFOAM-coefficient surrogate,0.04,-1.086633324623108,98899.78125,deeponet,surrogate estimate; validate top designs with OpenFOAM,27.4515759543017,0.4,0.0,4415,0.15
4.0,0.006513954612377942,0.030540943145751953,0.18713842643341372,28.107045859460126,0.8584437966346741,500000.0,continuous_2,2,continuous_naca,direct OpenFOAM-coefficient surrogate,0.042,-1.105437159538269,98897.3828125,deeponet,surrogate estimate; validate top designs with OpenFOAM,28.107045859460126,0.4,0.0,4415,0.15
4.0,0.00770029351890427,0.029263686388731003,0.19324659542061845,27.562098196466398,0.8065961599349976,500000.0,continuous_3,3,continuous_naca,direct OpenFOAM-coefficient surrogate,0.04,-1.0498077869415283,98896.71875,deeponet,surrogate estimate; validate top designs with OpenFOAM,27.562098196466398,0.42000000000000004,0.0,4415,0.15
4.0,0.005818573554486929,0.03092593140900135,0.15156227684034365,27.188890445348225,0.8408689498901367,500000.0,continuous_4,4,continuous_naca,direct OpenFOAM-coefficient surrogate,0.04,-1.1134964227676392,98898.7109375,deeponet,surrogate estimate; validate top designs with OpenFOAM,27.188890445348225,0.4,0.0,4415,0.1575
4.2,0.0064224485700616635,0.031247541308403015,0.20033962182101456,27.32269413450594,0.8537943363189697,500000.0,continuous_5,5,continuous_naca,direct OpenFOAM-coefficient surrogate,0.04,-1.1098847389221191,98897.34375,deeponet,surrogate estimate; validate top designs with OpenFOAM,27.32269413450594,0.4,0.0,4415,0.15
4.1,0.012569110681351652,0.029682746157050133,0.2245764132107464,27.992810621104717,0.8309314846992493,500000.0,continuous_6,6,continuous_naca,direct OpenFOAM-coefficient surrogate,0.041,-1.059558629989624,98896.59375,deeponet,surrogate estimate; validate top designs with OpenFOAM,27.992810621104717,0.41000000000000003,0.0,4415,0.1425
3.8500000000000005,0.009965264645359297,0.028650633990764618,0.20303686314516772,28.2211419192245,0.8085818290710449,500000.0,continuous_7,7,continuous_naca,direct OpenFOAM-coefficient surrogate,0.0415,-1.0387632846832275,98897.0078125,deeponet,surrogate estimate; validate top designs with OpenFOAM,28.2211419192245,0.4149999999999999,0.0,4415,0.14625000000000002
3.6750000000000007,0.011245945537522903,0.027462828904390335,0.19657614981248692,28.594740361103234,0.785321056842804,500000.0,continuous_8,8,continuous_naca,direct OpenFOAM-coefficient surrogate,0.042249999999999996,-1.0064008235931396,98896.4921875,deeponet,surrogate estimate; validate top designs with OpenFOAM,28.594740361103234,0.4224999999999999,0.0,4415,0.14437500000000003
3.8875,0.010210568789661036,0.02809336595237255,0.23568762143504848,28.6850204085336,0.8058874607086182,500000.0,continuous_9,9,continuous_naca,direct OpenFOAM-coefficient surrogate,0.042625,-1.0266307592391968,98892.984375,deeponet,surrogate estimate; validate top designs with OpenFOAM,28.6850204085336,0.4262499999999999,0.0,4415,0.14343750000000002
3.8312500000000007,0.01440678124399059,0.026979118585586548,0.23267117720321823,29.241183370579343,0.7889305949211121,500000.0,continuous_10,10,continuous_naca,direct OpenFOAM-coefficient surrogate,0.043937500000000004,-1.0003788471221924,98888.6796875,deeponet,surrogate estimate; validate top designs with OpenFOAM,29.241183370579343,0.43937499999999985,0.0,4415,0.14015625000000004
3.8031250000000005,0.011817191647306869,0.028046783059835434,0.24466472095607625,29.456504117334347,0.8261896371841431,500000.0,continuous_11,11,continuous_naca,direct OpenFOAM-coefficient surrogate,0.04459375000000001,-1.0331863164901733,98892.1328125,deeponet,surrogate estimate; validate top designs with OpenFOAM,29.456504117334347,0.41593749999999996,0.0,4415,0.138515625
3.7046875000000004,0.009606706207866503,0.027801968157291412,0.21412459851362123,30.337986428680196,0.8434860706329346,500000.0,continuous_12,12,continuous_naca,direct OpenFOAM-coefficient surrogate,0.046890625000000005,-1.0343445539474487,98889.890625,deeponet,surrogate estimate; validate top designs with OpenFOAM,30.337986428680196,0.4139062499999999,0.0,4415,0.13277343749999998
3.5054687500000012,0.008769347331061392,0.026533937081694603,0.23647664747594846,30.138082446720908,0.7997121214866638,500000.0,continuous_13,13,continuous_naca,direct OpenFOAM-coefficient surrogate,0.0465390625,-1.0025508403778076,98888.1875,deeponet,surrogate estimate; validate top designs with OpenFOAM,30.138082446720908,0.42789062499999975,0.0,4415,0.14115234375000005
3.358203125000001,0.007111181690024296,0.024265985935926437,0.2824108690932071,30.79828578334256,0.7473815679550171,500000.0,continuous_14,14,continuous_naca,direct OpenFOAM-coefficient surrogate,0.047808593749999996,-0.9317670464515686,98882.8203125,deeponet,surrogate estimate; validate top designs with OpenFOAM,30.79828578334256,0.45183593749999973,0.0,4415,0.12922851562500007
3.0373046875000007,0.013493882711375993,0.02166038565337658,0.4021253888011422,31.56939397525557,0.683836817741394,500000.0,continuous_15,15,continuous_naca,direct OpenFOAM-coefficient surrogate,0.05071289062499999,-0.8600035905838013,98872.4375,deeponet,surrogate estimate; validate top designs with OpenFOAM,31.56939397525557,0.4777539062499996,0.0,4415,0.1188427734375001
3.3643554687500004,0.005116596521524577,0.02407444268465042,0.24252368769312407,32.213072794107504,0.7755439877510071,500000.0,continuous_16,16,continuous_naca,direct OpenFOAM-coefficient surrogate,0.0517900390625,-0.9389970898628235,98871.6328125,deeponet,surrogate estimate; validate top designs with OpenFOAM,32.213072794107504,0.45696289062499973,0.0,4415,0.12208740234375004
3.2090332031249993,0.0032738394025756674,0.022844331339001656,0.245394715607471,33.7911558996305,0.7719701528549194,500000.0,continuous_17,17,continuous_naca,direct OpenFOAM-coefficient surrogate,0.05656005859374999,-0.9155195355415344,98856.1015625,deeponet,surrogate estimate; validate top designs with OpenFOAM,33.7911558996305,0.4741943359374996,0.0,4415,0.11094360351562504
2.8969970703124996,0.005608936966256758,0.022832902148365974,0.1868895802084042,33.84715708178215,0.7728626728057861,500000.0,continuous_18,18,continuous_naca,direct OpenFOAM-coefficient surrogate,0.05641381835937499,-0.9030500650405884,98863.390625,deeponet,surrogate estimate; validate top designs with OpenFOAM,33.84715708178215,0.4574975585937495,0.0,4415,0.11169982910156256
2.42987060546875,0.004495139694970184,0.02164202183485031,0.2088161837404613,35.71595500382169,0.7730011940002441,500000.0,continuous_19,19,continuous_naca,direct OpenFOAM-coefficient surrogate,0.06265197753906249,-0.8642200827598572,98846.3671875,deeponet,surrogate estimate; validate top designs with OpenFOAM,35.71595500382169,0.46655883789062447,0.0,4415,0.09747161865234383
2.684979248046874,0.015846639006785537,0.020947229117155075,0.3255470793607764,35.21531255256631,0.7376984357833862,500000.0,continuous_20,20,continuous_naca,direct OpenFOAM-coefficient surrogate,0.06186871337890624,-0.8626818656921387,98840.703125,deeponet,surrogate estimate; validate top designs with OpenFOAM,35.21531255256631,0.48831604003906204,0.0,4415,0.08886337280273443
1.9759063720703116,0.008935831944118046,0.018484007567167282,0.3023286215448024,32.13332645591093,0.5939847826957703,500000.0,continuous_21,21,continuous_naca,direct OpenFOAM-coefficient surrogate,0.06900619506835935,-0.767295241355896,98811.5,deeponet,surrogate estimate; validate top designs with OpenFOAM,32.13332645591093,0.5395053100585929,0.0,4415,0.07528724670410172
2.1125900268554663,0.004875371899155751,0.02027193456888199,0.33421825685585244,37.39123481989485,0.7580300569534302,500000.0,continuous_22,22,continuous_naca,direct OpenFOAM-coefficient surrogate,0.07433058166503904,-0.8438500761985779,98800.0625,deeponet,surrogate estimate; validate top designs with OpenFOAM,37.39123481989485,0.5065333557128899,0.0,4415,0.0674401473999024
1.650232696533199,0.001935972346965477,0.020299332216382027,0.08476317352196229,39.40709811125218,0.79997718334198,500000.0,continuous_23,23,continuous_naca,direct OpenFOAM-coefficient surrogate,0.08613942718505857,-0.8436413407325745,98764.09375,deeponet,surrogate estimate; validate top designs with OpenFOAM,39.40709811125218,0.520923080444335,0.0,4415,0.06
3.0111515045166,0.0018723803707077474,0.024996794760227203,0.11114705117086979,36.57098065672637,0.914193868637085,500000.0,continuous_24,24,continuous_naca,direct OpenFOAM-coefficient surrogate,0.06460389328002929,-0.9925313591957092,98844.859375,deeponet,surrogate estimate; validate top designs with OpenFOAM,36.57098065672637,0.4354908370971676,0.0,4415,0.10335205078124993
1.6790838241577122,0.002818196499943101,0.02116241678595543,0.19586110314939034,40.33867606210963,0.8537042140960693,500000.0,continuous_25,25,continuous_naca,direct OpenFOAM-coefficient surrogate,0.08107194709777832,-0.8724507689476013,98787.9375,deeponet,surrogate estimate; validate top designs with OpenFOAM,40.33867606210963,0.481450061798095,0.0,4415,0.06389991760253905
0.9141091346740691,-0.003165890403939629,0.020694609731435776,-0.06095278242588391,41.904076593933404,0.8672304153442383,500000.0,continuous_26,26,continuous_naca,direct OpenFOAM-coefficient surrogate,0.09,-0.8641201257705688,98764.2890625,deeponet,surrogate estimate; validate top designs with OpenFOAM,41.904076593933404,0.48507792472839273,0.0,4415,0.06
1.317702722549435,-0.0016930824204329368,0.022113673388957977,0.3193502316463008,43.24256727769712,0.9562952518463135,500000.0,continuous_27,27,continuous_naca,direct OpenFOAM-coefficient surrogate,0.08982893562316893,-0.9320286512374878,98769.3828125,deeponet,surrogate estimate; validate top designs with OpenFOAM,43.24256727769712,0.4657093000411978,0.0,4415,0.07154846191406244
0.6340644598007152,0.0013464966982856623,0.021490508690476418,-0.03761242282433544,42.977345753897076,0.9236479997634888,500000.0,continuous_28,28,continuous_naca,direct OpenFOAM-coefficient surrogate,0.09,-0.8952304720878601,98775.421875,deeponet,surrogate estimate; validate top designs with OpenFOAM,42.977345753897076,0.4544059300422658,0.0,4415,0.06289100646972645
1.0167274236679016,-0.0010181653790144057,0.02083069086074829,-0.06838147485413178,42.05156930344899,0.8760052919387817,500000.0,continuous_29,29,continuous_naca,direct OpenFOAM-coefficient surrogate,0.09,-0.8704958558082581,98763.734375,deeponet,surrogate estimate; validate top designs with OpenFOAM,42.05156930344899,0.48704173326492217,0.0,4415,0.06
-0.5617655158042973,0.00825879530362014,0.018270932137966156,-0.10248610995488595,29.77858721268355,0.5441123247146606,500000.0,continuous_30,30,continuous_naca,direct OpenFOAM-coefficient surrogate,0.09,-0.7121412754058838,98764.984375,deeponet,surrogate estimate; validate top designs with OpenFOAM,29.77858721268355,0.5438851821422562,0.0,4415,0.06
2.1179222494363756,-0.00929177390465555,0.02236502431333065,0.06843683222453947,39.946277425107446,0.8934394121170044,500000.0,continuous_31,31,continuous_naca,direct OpenFOAM-coefficient surrogate,0.07679799199104308,-0.913108229637146,98804.359375,deeponet,surrogate estimate; validate top designs with OpenFOAM,39.946277425107446,0.4625894233584398,0.0,4415,0.08311958312988277
1.0329980686306914,0.004413773001381177,0.023036858066916466,0.28029665888405547,42.84714488579179,0.987106442451477,500000.0,continuous_32,32,continuous_naca,direct OpenFOAM-coefficient surrogate,0.08717403662204742,-0.9583574533462524,98794.3046875,deeponet,surrogate estimate; validate top designs with OpenFOAM,42.84714488579179,0.42928611025214125,0.0,4415,0.0773340225219726
0.022846425324672737,0.012462567308239598,0.02016928605735302,-0.1295731121895617,41.10742547738034,0.829148530960083,500000.0,continuous_33,33,continuous_naca,direct OpenFOAM-coefficient surrogate,0.09,-0.8297299146652222,98772.78125,deeponet,surrogate estimate; validate top designs with OpenFOAM,41.10742547738034,0.4709681107848872,0.0,4415,0.06
0.5466153813525985,0.007342043007309094,0.02089826576411724,-0.11778924049125299,42.398259058397706,0.886092483997345,500000.0,continuous_34,34,continuous_naca,direct OpenFOAM-coefficient surrogate,0.09,-0.8687612414360046,98771.53125,deeponet,surrogate estimate; validate top designs with OpenFOAM,42.398259058397706,0.4688734389282754,0.0,4415,0.06
1.0429126634262442,0.010937284027571176,0.022610431537032127,0.3087276718847593,43.163631011358596,0.9759914875030518,500000.0,continuous_35,35,continuous_naca,direct OpenFOAM-coefficient surrogate,0.08850148612260819,-0.945564329624176,98785.9140625,deeponet,surrogate estimate; validate top designs with OpenFOAM,43.163631011358596,0.4403773665148756,0.0,4415,0.07444124221801751
0.9533869943115829,0.008426007174400972,0.023624351248145103,0.34830994472493515,42.86118013019353,1.0126104354858398,500000.0,continuous_36,36,continuous_naca,direct OpenFOAM-coefficient surrogate,0.08775222918391226,-0.9844634532928467,98804.140625,deeponet,surrogate estimate; validate top designs with OpenFOAM,42.86118013019353,0.41508137460332284,0.0,4415,0.0816618633270263
1.626884843106378,-0.0071938769597819875,0.02528274804353714,0.18649159896103415,42.648703462263036,1.0783190727233887,500000.0,continuous_37,37,continuous_naca,direct OpenFOAM-coefficient surrogate,0.08662834377586842,-1.0501266717910767,98810.5078125,deeponet,surrogate estimate; validate top designs with OpenFOAM,42.648703462263036,0.40635363677749337,0.0,4415,0.09249279499053942
1.3568174776679331,0.01019219993101284,0.024089474231004715,0.36899353180080435,43.02344339427805,1.0364551544189453,500000.0,continuous_38,38,continuous_naca,direct OpenFOAM-coefficient surrogate,0.08747125783190131,-1.010585904121399,98800.0625,deeponet,surrogate estimate; validate top designs with OpenFOAM,43.02344339427805,0.4219835873151889,0.0,4415,0.08436959624290456
1.302411860346906,0.004495114885686335,0.023210640996694565,0.38407549707682104,43.606725882646,1.012183666229248,500000.0,continuous_39,39,continuous_naca,direct OpenFOAM-coefficient surrogate,0.0896029177587479,-0.9794054627418518,98787.6953125,deeponet,surrogate estimate; validate top designs with OpenFOAM,43.606725882646,0.44228970398515133,0.0,4415,0.07867655932903281
1.4371187562050132,0.011573792793527871,0.023165211081504822,0.4049564287911648,43.70287178423201,1.01242995262146,500000.0,continuous_40,40,continuous_naca,direct OpenFOAM-coefficient surrogate,0.09,-0.9812908172607422,98783.3984375,deeponet,surrogate estimate; validate top designs with OpenFOAM,43.70287178423201,0.4487915008516563,0.0,4415,0.07934782773256291
1.6238888156127298,0.009232101152488936,0.022345803678035736,0.3232077987514815,43.256284499506286,0.9666396975517273,500000.0,continuous_41,41,continuous_naca,direct OpenFOAM-coefficient surrogate,0.09,-0.9450446963310242,98767.6796875,deeponet,surrogate estimate; validate top designs with OpenFOAM,43.256284499506286,0.4733495027581365,0.0,4415,0.07319170072674741
1.3539940012287777,0.002237079271509527,0.021180368959903717,-0.07206329077373982,42.21683406229632,0.8942103385925293,500000.0,continuous_42,42,continuous_naca,direct OpenFOAM-coefficient surrogate,0.09,-0.8903257846832275,98761.140625,deeponet,surrogate estimate; validate top designs with OpenFOAM,42.21683406229632,0.49213024776774417,0.0,4415,0.06489502005279059
1.3561116085581442,0.004676134216213153,0.023209312930703163,0.345668491718752,43.33698476361455,1.0058649778366089,500000.0,continuous_43,43,continuous_naca,direct OpenFOAM-coefficient surrogate,0.0885269316341728,-0.9762909412384033,98790.453125,deeponet,surrogate estimate; validate top designs with OpenFOAM,43.33698476361455,0.4395202524283277,0.0,4415,0.07950095219537606
1.824498288036417,0.018048346415797046,0.022739972919225693,0.39794637390869186,43.36501373112917,0.9861626029014587,500000.0,continuous_44,44,continuous_naca,direct OpenFOAM-coefficient surrogate,0.09,-0.9656240940093994,98766.7109375,deeponet,surrogate estimate; validate top designs with OpenFOAM,43.36501373112917,0.4733079115247836,0.0,4415,0.07735322906635689
1.803106011656717,0.012632890035872826,0.023594997823238373,0.4336058748392121,43.59426931292631,1.0286502838134766,500000.0,continuous_45,45,continuous_naca,direct OpenFOAM-coefficient surrogate,0.08943453019391748,-1.0030016899108887,98780.8671875,deeponet,surrogate estimate; validate top designs with OpenFOAM,43.59426931292631,0.4517752837402542,0.0,4415,0.0831483929464592
1.5865285166154162,0.008820786172347933,0.02413485199213028,0.41286901455048686,43.499932096330525,1.049907922744751,500000.0,continuous_46,46,continuous_naca,direct OpenFOAM-coefficient surrogate,0.08898073091404515,-1.0233086347579956,98790.2578125,deeponet,surrogate estimate; validate top designs with OpenFOAM,43.499932096330525,0.43334797151437443,0.0,4415,0.08648350024363011
1.9695141776986373,0.013988711210091816,0.02341335453093052,0.4242421892399483,43.58369005193048,1.0204839706420898,500000.0,continuous_47,47,continuous_naca,direct OpenFOAM-coefficient surrogate,0.09,-0.9997271299362183,98774.6015625,deeponet,surrogate estimate; validate top designs with OpenFOAM,43.58369005193048,0.46409108138720656,0.0,4415,0.08366552279912848
1.5736354430514752,0.004248838951347692,0.024541545659303665,0.27033569386400447,43.49624983197662,1.0675086975097656,500000.0,continuous_48,48,continuous_naca,direct OpenFOAM-coefficient surrogate,0.08920763055398132,-1.0267924070358276,98797.1484375,deeponet,surrogate estimate; validate top designs with OpenFOAM,43.49624983197662,0.4256950072219622,0.0,4415,0.08896939279453348
1.6363511542977105,0.011901624440070396,0.02402746118605137,0.429584073415393,43.62408698042757,1.0482196807861328,500000.0,continuous_49,49,continuous_naca,direct OpenFOAM-coefficient surrogate,0.08940572291548597,-1.0210686922073364,98787.1015625,deeponet,surrogate estimate; validate top designs with OpenFOAM,43.62408698042757,0.43759823329766756,0.0,4415,0.08606535186248933
1.836516533313623,0.014093187677747594,0.02310679480433464,0.4370505553872326,43.55956334843315,1.0065654516220093,500000.0,continuous_50,50,continuous_naca,direct OpenFOAM-coefficient surrogate,0.09,-0.9826645255088806,98768.984375,deeponet,surrogate estimate; validate top designs with OpenFOAM,43.55956334843315,0.4677800781240179,0.0,4415,0.07963004742668986
1.7740195291390715,0.01538310179123921,0.023241378366947174,0.4522302018920851,43.635285373696746,1.0141878128051758,500000.0,continuous_51,51,continuous_naca,direct OpenFOAM-coefficient surrogate,0.09,-0.9891784191131592,98777.3359375,deeponet,surrogate estimate; validate top designs with OpenFOAM,43.635285373696746,0.459172051471607,0.0,4415,0.08134341063092493
1.3557835479506184,0.014142643233973351,0.023659072816371918,0.38226162482823445,43.59499524913516,1.0314607620239258,500000.0,continuous_52,52,continuous_naca,direct OpenFOAM-coefficient surrogate,0.08942012655470175,-0.9992276430130005,98790.25,deeponet,surrogate estimate; validate top designs with OpenFOAM,43.59499524913516,0.43457745329338604,0.0,4415,0.08128696878708971
1.2985304821394896,0.015745374854664696,0.023293031379580498,0.4011530908343206,43.68422471391949,1.0175817012786865,500000.0,continuous_53,53,continuous_naca,direct OpenFOAM-coefficient surrogate,0.08997839454117637,-0.9857785105705261,98787.0546875,deeponet,surrogate estimate; validate top designs with OpenFOAM,43.68422471391949,0.43829433571690424,0.0,4415,0.08087338656007426
1.717226412940024,0.013329507982163832,0.023273086175322533,0.45176593316944585,43.65574098455823,1.016047477722168,500000.0,continuous_54,54,continuous_naca,direct OpenFOAM-coefficient surrogate,0.09,-0.9910923838615417,98778.71875,deeponet,surrogate estimate; validate top designs with OpenFOAM,43.65574098455823,0.45735060737553157,0.0,4415,0.082528019605936
1.4770964359140888,0.01392796378231126,0.022450104355812073,0.3563293637338873,43.398632794651,0.9743472337722778,500000.0,continuous_55,55,continuous_naca,direct OpenFOAM-coefficient surrogate,0.09,-0.9508339166641235,98771.2734375,deeponet,surrogate estimate; validate top designs with OpenFOAM,43.398632794651,0.46420601441018206,0.0,4415,0.07598097040225972
1.596537474701805,0.01604869298935699,0.023599514737725258,0.4246539914445826,43.677805854914205,1.0308187007904053,500000.0,continuous_56,56,continuous_naca,direct OpenFOAM-coefficient surrogate,0.08970016077539003,-1.002633810043335,98784.1484375,deeponet,surrogate estimate; validate top designs with OpenFOAM,43.677805854914205,0.4442501785757962,0.0,4415,0.08354425649743193
1.2506870338540945,0.013250804758775048,0.023548536002635956,0.40080148312978897,43.642899898511494,1.0277700424194336,500000.0,continuous_57,57,continuous_naca,direct OpenFOAM-coefficient surrogate,0.08983927765828317,-0.9953837394714355,98790.140625,deeponet,surrogate estimate; validate top designs with OpenFOAM,43.642899898511494,0.43517125978833715,0.0,4415,0.08180333456707761
1.3815201576753386,0.01719378446581883,0.023434588685631752,0.3995556787056753,43.69252794375827,1.0239601135253906,500000.0,continuous_58,58,continuous_naca,direct OpenFOAM-coefficient surrogate,0.08987945824371239,-0.9927753806114197,98786.6953125,deeponet,surrogate estimate; validate top designs with OpenFOAM,43.69252794375827,0.4411714577091546,0.0,4415,0.08168835358303944
1.139627022420799,0.011622073365560627,0.023541899397969246,0.39259579933750266,43.591706381627354,1.0262751579284668,500000.0,continuous_59,59,continuous_naca,direct OpenFOAM-coefficient surrogate,0.08977900678013936,-0.992050051689148,98792.4765625,deeponet,surrogate estimate; validate top designs with OpenFOAM,43.591706381627354,0.4289031290512241,0.0,4415,0.08019889258061827
1.5728265653102178,0.007614991184169849,0.023226343095302582,0.453463327432553,43.666025182407324,1.0142457485198975,500000.0,continuous_60,60,continuous_naca,direct OpenFOAM-coefficient surrogate,0.08994475169503484,-0.9870882630348206,98781.4375,deeponet,surrogate estimate; validate top designs with OpenFOAM,43.666025182407324,0.45023873779445467,0.0,4415,0.08194573784960657
1.2840268700506052,0.012495920928004436,0.02346637472510338,0.39987725472583646,43.66576658935545,1.0247209072113037,500000.0,continuous_61,61,continuous_naca,direct OpenFOAM-coefficient surrogate,0.08983425508510452,-0.9918565154075623,98788.953125,deeponet,surrogate estimate; validate top designs with OpenFOAM,43.66576658935545,0.436014998632301,0.0,4415,0.0807811743369477
1.5006266414953147,0.007025216369158197,0.02341708540916443,0.4562201089326089,43.717437147361714,1.0237786769866943,500000.0,continuous_62,62,continuous_naca,direct OpenFOAM-coefficient surrogate,0.08991712754255227,-0.9936409592628479,98784.1015625,deeponet,surrogate estimate; validate top designs with OpenFOAM,43.717437147361714,0.4466828030039163,0.0,4415,0.08165459697144185
1.2123605440557732,0.004699881686324376,0.022893324494361877,0.4053404938025435,43.613858295835314,0.9985098242759705,500000.0,continuous_63,63,continuous_naca,direct OpenFOAM-coefficient surrogate,0.09,-0.9666697382926941,98786.0,deeponet,surrogate estimate; validate top designs with OpenFOAM,43.613858295835314,0.4432198700650195,0.0,4415,0.07823782592612731
1.5004932420402972,0.016515590220488784,0.02342101000249386,0.43169156960145294,43.68675046414495,1.0232315063476562,500000.0,continuous_64,64,continuous_naca,direct OpenFOAM-coefficient surrogate,0.08982195292862515,-0.9938353300094604,98784.4765625,deeponet,surrogate estimate; validate top designs with OpenFOAM,43.68675046414495,0.44399260144810204,0.0,4415,0.08221764885460578
1.6113489165684927,0.009694730101672131,0.023271789774298668,0.4376433022951222,43.65427989144999,1.0159568786621094,500000.0,continuous_65,65,continuous_naca,direct OpenFOAM-coefficient surrogate,0.08983087481626853,-0.9885557293891907,98781.3203125,deeponet,surrogate estimate; validate top designs with OpenFOAM,43.65427989144999,0.4520248457895104,0.0,4415,0.08158082701075076
1.3767350907467404,0.00815610576569971,0.02341735176742077,0.4235603401292238,43.71326462453191,1.0236926078796387,500000.0,continuous_66,66,continuous_naca,direct OpenFOAM-coefficient surrogate,0.08994151460994941,-0.991805374622345,98786.4375,deeponet,surrogate estimate; validate top designs with OpenFOAM,43.71326462453191,0.4417269632350558,0.0,4415,0.08105024667274338
