AoA,Re,U_inf,ambient_pressure_Pa,case,fn,fp,min_pred_margin_Pa,min_truth_margin_Pa,model,naca,pred_risky_fraction,tn,tp,truth_risky_fraction
-4.0,100000.0,0.09999999999999999,2500.0,case_001,0,0,197.288818359375,192.9921875,fno,0006,0.0,8124,0,0.0
-4.0,100000.0,0.09999999999999999,3000.0,case_001,0,0,697.288818359375,692.9921875,fno,0006,0.0,8124,0,0.0
-4.0,100000.0,0.09999999999999999,5000.0,case_001,0,0,2697.28857421875,2692.9921875,fno,0006,0.0,8124,0,0.0
-4.0,100000.0,0.09999999999999999,10000.0,case_001,0,0,7697.2890625,7692.9921875,fno,0006,0.0,8124,0,0.0
-4.0,100000.0,0.09999999999999999,25000.0,case_001,0,0,22697.2890625,22692.9921875,fno,0006,0.0,8124,0,0.0
-4.0,100000.0,0.09999999999999999,101325.0,case_001,0,0,99022.2890625,99017.9921875,fno,0006,0.0,8124,0,0.0
-4.0,200000.0,0.19999999999999998,2500.0,case_002,0,0,189.409423828125,172.225830078125,fno,0006,0.0,8124,0,0.0
-4.0,200000.0,0.19999999999999998,3000.0,case_002,0,0,689.409423828125,672.225830078125,fno,0006,0.0,8124,0,0.0
-4.0,200000.0,0.19999999999999998,5000.0,case_002,0,0,2689.4091796875,2672.22607421875,fno,0006,0.0,8124,0,0.0
-4.0,200000.0,0.19999999999999998,10000.0,case_002,0,0,7689.4091796875,7672.2255859375,fno,0006,0.0,8124,0,0.0
-4.0,200000.0,0.19999999999999998,25000.0,case_002,0,0,22689.41015625,22672.2265625,fno,0006,0.0,8124,0,0.0
-4.0,200000.0,0.19999999999999998,101325.0,case_002,0,0,99014.40625,98997.2265625,fno,0006,0.0,8124,0,0.0
-4.0,500000.0,0.5,2500.0,case_003,0,0,140.165771484375,25.133056640625,fno,0006,0.0,8124,0,0.0
-4.0,500000.0,0.5,3000.0,case_003,0,0,640.165771484375,525.133056640625,fno,0006,0.0,8124,0,0.0
-4.0,500000.0,0.5,5000.0,case_003,0,0,2640.166015625,2525.13330078125,fno,0006,0.0,8124,0,0.0
-4.0,500000.0,0.5,10000.0,case_003,0,0,7640.166015625,7525.1328125,fno,0006,0.0,8124,0,0.0
-4.0,500000.0,0.5,25000.0,case_003,0,0,22640.166015625,22525.1328125,fno,0006,0.0,8124,0,0.0
-4.0,500000.0,0.5,101325.0,case_003,0,0,98965.1640625,98850.1328125,fno,0006,0.0,8124,0,0.0
-4.0,1000000.0,1.0,2500.0,case_004,52,0,21.6796875,-501.1776123046875,fno,0006,0.0,8072,0,0.006400787789266372
-4.0,1000000.0,1.0,3000.0,case_004,1,0,521.6796875,-1.177734375,fno,0006,0.0,8123,0,0.00012309207287050715
-4.0,1000000.0,1.0,5000.0,case_004,0,0,2521.6796875,1998.822265625,fno,0006,0.0,8124,0,0.0
-4.0,1000000.0,1.0,10000.0,case_004,0,0,7521.6796875,6998.822265625,fno,0006,0.0,8124,0,0.0
-4.0,1000000.0,1.0,25000.0,case_004,0,0,22521.6796875,21998.822265625,fno,0006,0.0,8124,0,0.0
-4.0,1000000.0,1.0,101325.0,case_004,0,0,98846.6796875,98323.8203125,fno,0006,0.0,8124,0,0.0
-2.0,100000.0,0.09999999999999999,2500.0,case_005,0,0,197.68798828125,196.37646484375,fno,0006,0.0,8124,0,0.0
-2.0,100000.0,0.09999999999999999,3000.0,case_005,0,0,697.68798828125,696.37646484375,fno,0006,0.0,8124,0,0.0
-2.0,100000.0,0.09999999999999999,5000.0,case_005,0,0,2697.68798828125,2696.37646484375,fno,0006,0.0,8124,0,0.0
-2.0,100000.0,0.09999999999999999,10000.0,case_005,0,0,7697.6875,7696.3759765625,fno,0006,0.0,8124,0,0.0
-2.0,100000.0,0.09999999999999999,25000.0,case_005,0,0,22697.6875,22696.376953125,fno,0006,0.0,8124,0,0.0
-2.0,100000.0,0.09999999999999999,101325.0,case_005,0,0,99022.6875,99021.375,fno,0006,0.0,8124,0,0.0
-2.0,200000.0,0.19999999999999998,2500.0,case_006,0,0,191.2373046875,185.85888671875,fno,0006,0.0,8124,0,0.0
-2.0,200000.0,0.19999999999999998,3000.0,case_006,0,0,691.2373046875,685.85888671875,fno,0006,0.0,8124,0,0.0
-2.0,200000.0,0.19999999999999998,5000.0,case_006,0,0,2691.2373046875,2685.85888671875,fno,0006,0.0,8124,0,0.0
-2.0,200000.0,0.19999999999999998,10000.0,case_006,0,0,7691.2373046875,7685.859375,fno,0006,0.0,8124,0,0.0
-2.0,200000.0,0.19999999999999998,25000.0,case_006,0,0,22691.23828125,22685.859375,fno,0006,0.0,8124,0,0.0
-2.0,200000.0,0.19999999999999998,101325.0,case_006,0,0,99016.234375,99010.859375,fno,0006,0.0,8124,0,0.0
-2.0,500000.0,0.5,2500.0,case_007,0,0,154.6025390625,110.822509765625,fno,0006,0.0,8124,0,0.0
-2.0,500000.0,0.5,3000.0,case_007,0,0,654.6025390625,610.822509765625,fno,0006,0.0,8124,0,0.0
-2.0,500000.0,0.5,5000.0,case_007,0,0,2654.6025390625,2610.822265625,fno,0006,0.0,8124,0,0.0
-2.0,500000.0,0.5,10000.0,case_007,0,0,7654.6025390625,7610.822265625,fno,0006,0.0,8124,0,0.0
-2.0,500000.0,0.5,25000.0,case_007,0,0,22654.6015625,22610.822265625,fno,0006,0.0,8124,0,0.0
-2.0,500000.0,0.5,101325.0,case_007,0,0,98979.6015625,98935.8203125,fno,0006,0.0,8124,0,0.0
-2.0,1000000.0,1.0,2500.0,case_008,6,0,77.8662109375,-157.775146484375,fno,0006,0.0,8118,0,0.0007385524372230429
-2.0,1000000.0,1.0,3000.0,case_008,0,0,577.8662109375,342.224853515625,fno,0006,0.0,8124,0,0.0
-2.0,1000000.0,1.0,5000.0,case_008,0,0,2577.8662109375,2342.22509765625,fno,0006,0.0,8124,0,0.0
-2.0,1000000.0,1.0,10000.0,case_008,0,0,7577.8662109375,7342.224609375,fno,0006,0.0,8124,0,0.0
-2.0,1000000.0,1.0,25000.0,case_008,0,0,22577.8671875,22342.224609375,fno,0006,0.0,8124,0,0.0
-2.0,1000000.0,1.0,101325.0,case_008,0,0,98902.8671875,98667.2265625,fno,0006,0.0,8124,0,0.0
0.0,100000.0,0.09999999999999999,2500.0,case_009,0,0,198.277099609375,198.991455078125,fno,0006,0.0,8124,0,0.0
0.0,100000.0,0.09999999999999999,3000.0,case_009,0,0,698.277099609375,698.991455078125,fno,0006,0.0,8124,0,0.0
0.0,100000.0,0.09999999999999999,5000.0,case_009,0,0,2698.27685546875,2698.9912109375,fno,0006,0.0,8124,0,0.0
0.0,100000.0,0.09999999999999999,10000.0,case_009,0,0,7698.27734375,7698.9912109375,fno,0006,0.0,8124,0,0.0
0.0,100000.0,0.09999999999999999,25000.0,case_009,0,0,22698.27734375,22698.9921875,fno,0006,0.0,8124,0,0.0
0.0,100000.0,0.09999999999999999,101325.0,case_009,0,0,99023.2734375,99023.9921875,fno,0006,0.0,8124,0,0.0
0.0,200000.0,0.19999999999999998,2500.0,case_010,0,0,193.565673828125,195.914306640625,fno,0006,0.0,8124,0,0.0
0.0,200000.0,0.19999999999999998,3000.0,case_010,0,0,693.565673828125,695.914306640625,fno,0006,0.0,8124,0,0.0
0.0,200000.0,0.19999999999999998,5000.0,case_010,0,0,2693.56591796875,2695.9140625,fno,0006,0.0,8124,0,0.0
0.0,200000.0,0.19999999999999998,10000.0,case_010,0,0,7693.5654296875,7695.9140625,fno,0006,0.0,8124,0,0.0
0.0,200000.0,0.19999999999999998,25000.0,case_010,0,0,22693.56640625,22695.9140625,fno,0006,0.0,8124,0,0.0
0.0,200000.0,0.19999999999999998,101325.0,case_010,0,0,99018.5625,99020.9140625,fno,0006,0.0,8124,0,0.0
0.0,500000.0,0.5,2500.0,case_011,0,0,168.645263671875,174.264892578125,fno,0006,0.0,8124,0,0.0
0.0,500000.0,0.5,3000.0,case_011,0,0,668.645263671875,674.264892578125,fno,0006,0.0,8124,0,0.0
0.0,500000.0,0.5,5000.0,case_011,0,0,2668.6455078125,2674.26513671875,fno,0006,0.0,8124,0,0.0
0.0,500000.0,0.5,10000.0,case_011,0,0,7668.6455078125,7674.2646484375,fno,0006,0.0,8124,0,0.0
0.0,500000.0,0.5,25000.0,case_011,0,0,22668.64453125,22674.265625,fno,0006,0.0,8124,0,0.0
0.0,500000.0,0.5,101325.0,case_011,0,0,98993.6484375,98999.265625,fno,0006,0.0,8124,0,0.0
0.0,1000000.0,1.0,2500.0,case_012,0,2,-9.97998046875,96.791015625,fno,0006,0.0002461841457410143,8122,0,0.0
0.0,1000000.0,1.0,3000.0,case_012,0,0,490.02001953125,596.791015625,fno,0006,0.0,8124,0,0.0
0.0,1000000.0,1.0,5000.0,case_012,0,0,2490.02001953125,2596.791015625,fno,0006,0.0,8124,0,0.0
0.0,1000000.0,1.0,10000.0,case_012,0,0,7490.0205078125,7596.791015625,fno,0006,0.0,8124,0,0.0
0.0,1000000.0,1.0,25000.0,case_012,0,0,22490.01953125,22596.791015625,fno,0006,0.0,8124,0,0.0
0.0,1000000.0,1.0,101325.0,case_012,0,0,98815.0234375,98921.7890625,fno,0006,0.0,8124,0,0.0
2.0,100000.0,0.09999999999999999,2500.0,case_013,0,0,198.78271484375,196.831787109375,fno,0006,0.0,8124,0,0.0
2.0,100000.0,0.09999999999999999,3000.0,case_013,0,0,698.78271484375,696.831787109375,fno,0006,0.0,8124,0,0.0
2.0,100000.0,0.09999999999999999,5000.0,case_013,0,0,2698.78271484375,2696.83154296875,fno,0006,0.0,8124,0,0.0
2.0,100000.0,0.09999999999999999,10000.0,case_013,0,0,7698.783203125,7696.83203125,fno,0006,0.0,8124,0,0.0
2.0,100000.0,0.09999999999999999,25000.0,case_013,0,0,22698.783203125,22696.83203125,fno,0006,0.0,8124,0,0.0
2.0,100000.0,0.09999999999999999,101325.0,case_013,0,0,99023.78125,99021.828125,fno,0006,0.0,8124,0,0.0
2.0,200000.0,0.19999999999999998,2500.0,case_014,0,0,194.343017578125,187.179443359375,fno,0006,0.0,8124,0,0.0
2.0,200000.0,0.19999999999999998,3000.0,case_014,0,0,694.343017578125,687.179443359375,fno,0006,0.0,8124,0,0.0
2.0,200000.0,0.19999999999999998,5000.0,case_014,0,0,2694.3427734375,2687.1796875,fno,0006,0.0,8124,0,0.0
2.0,200000.0,0.19999999999999998,10000.0,case_014,0,0,7694.3427734375,7687.1796875,fno,0006,0.0,8124,0,0.0
2.0,200000.0,0.19999999999999998,25000.0,case_014,0,0,22694.34375,22687.1796875,fno,0006,0.0,8124,0,0.0
2.0,200000.0,0.19999999999999998,101325.0,case_014,0,0,99019.34375,99012.1796875,fno,0006,0.0,8124,0,0.0
2.0,500000.0,0.5,2500.0,case_015,0,0,148.912109375,119.328125,fno,0006,0.0,8124,0,0.0
2.0,500000.0,0.5,3000.0,case_015,0,0,648.912109375,619.328125,fno,0006,0.0,8124,0,0.0
2.0,500000.0,0.5,5000.0,case_015,0,0,2648.912109375,2619.328125,fno,0006,0.0,8124,0,0.0
2.0,500000.0,0.5,10000.0,case_015,0,0,7648.912109375,7619.328125,fno,0006,0.0,8124,0,0.0
2.0,500000.0,0.5,25000.0,case_015,0,0,22648.912109375,22619.328125,fno,0006,0.0,8124,0,0.0
2.0,500000.0,0.5,101325.0,case_015,0,0,98973.9140625,98944.328125,fno,0006,0.0,8124,0,0.0
2.0,1000000.0,1.0,2500.0,case_016,0,28,-135.078369140625,-123.40185546875,fno,0006,0.0038158542589857214,8093,3,0.00036927621861152144
2.0,1000000.0,1.0,3000.0,case_016,0,0,364.921630859375,376.59814453125,fno,0006,0.0,8124,0,0.0
2.0,1000000.0,1.0,5000.0,case_016,0,0,2364.921875,2376.59814453125,fno,0006,0.0,8124,0,0.0
2.0,1000000.0,1.0,10000.0,case_016,0,0,7364.921875,7376.59765625,fno,0006,0.0,8124,0,0.0
2.0,1000000.0,1.0,25000.0,case_016,0,0,22364.921875,22376.59765625,fno,0006,0.0,8124,0,0.0
2.0,1000000.0,1.0,101325.0,case_016,0,0,98689.921875,98701.6015625,fno,0006,0.0,8124,0,0.0
4.0,100000.0,0.09999999999999999,2500.0,case_017,0,0,197.796142578125,193.541748046875,fno,0006,0.0,8124,0,0.0
4.0,100000.0,0.09999999999999999,3000.0,case_017,0,0,697.796142578125,693.541748046875,fno,0006,0.0,8124,0,0.0
4.0,100000.0,0.09999999999999999,5000.0,case_017,0,0,2697.79638671875,2693.5419921875,fno,0006,0.0,8124,0,0.0
4.0,100000.0,0.09999999999999999,10000.0,case_017,0,0,7697.7958984375,7693.5419921875,fno,0006,0.0,8124,0,0.0
4.0,100000.0,0.09999999999999999,25000.0,case_017,0,0,22697.796875,22693.541015625,fno,0006,0.0,8124,0,0.0
4.0,100000.0,0.09999999999999999,101325.0,case_017,0,0,99022.796875,99018.5390625,fno,0006,0.0,8124,0,0.0
4.0,200000.0,0.19999999999999998,2500.0,case_018,0,0,190.294189453125,174.3515625,fno,0006,0.0,8124,0,0.0
4.0,200000.0,0.19999999999999998,3000.0,case_018,0,0,690.294189453125,674.3515625,fno,0006,0.0,8124,0,0.0
4.0,200000.0,0.19999999999999998,5000.0,case_018,0,0,2690.29443359375,2674.3515625,fno,0006,0.0,8124,0,0.0
4.0,200000.0,0.19999999999999998,10000.0,case_018,0,0,7690.2939453125,7674.3515625,fno,0006,0.0,8124,0,0.0
4.0,200000.0,0.19999999999999998,25000.0,case_018,0,0,22690.294921875,22674.3515625,fno,0006,0.0,8124,0,0.0
4.0,200000.0,0.19999999999999998,101325.0,case_018,0,0,99015.296875,98999.3515625,fno,0006,0.0,8124,0,0.0
4.0,500000.0,0.5,2500.0,case_019,0,0,118.27587890625,38.7353515625,fno,0006,0.0,8124,0,0.0
4.0,500000.0,0.5,3000.0,case_019,0,0,618.27587890625,538.7353515625,fno,0006,0.0,8124,0,0.0
4.0,500000.0,0.5,5000.0,case_019,0,0,2618.27587890625,2538.7353515625,fno,0006,0.0,8124,0,0.0
4.0,500000.0,0.5,10000.0,case_019,0,0,7618.275390625,7538.7353515625,fno,0006,0.0,8124,0,0.0
4.0,500000.0,0.5,25000.0,case_019,0,0,22618.275390625,22538.734375,fno,0006,0.0,8124,0,0.0
4.0,500000.0,0.5,101325.0,case_019,0,0,98943.2734375,98863.734375,fno,0006,0.0,8124,0,0.0
4.0,1000000.0,1.0,2500.0,case_020,0,66,-325.3349609375,-446.334228515625,fno,0006,0.01292466765140325,8019,39,0.0048005908419497785
4.0,1000000.0,1.0,3000.0,case_020,0,0,174.6650390625,53.665771484375,fno,0006,0.0,8124,0,0.0
4.0,1000000.0,1.0,5000.0,case_020,0,0,2174.6650390625,2053.66552734375,fno,0006,0.0,8124,0,0.0
4.0,1000000.0,1.0,10000.0,case_020,0,0,7174.6650390625,7053.666015625,fno,0006,0.0,8124,0,0.0
4.0,1000000.0,1.0,25000.0,case_020,0,0,22174.6640625,22053.666015625,fno,0006,0.0,8124,0,0.0
4.0,1000000.0,1.0,101325.0,case_020,0,0,98499.6640625,98378.6640625,fno,0006,0.0,8124,0,0.0
6.0,100000.0,0.09999999999999999,2500.0,case_021,0,0,196.49609375,190.330810546875,fno,0006,0.0,8124,0,0.0
6.0,100000.0,0.09999999999999999,3000.0,case_021,0,0,696.49609375,690.330810546875,fno,0006,0.0,8124,0,0.0
6.0,100000.0,0.09999999999999999,5000.0,case_021,0,0,2696.49609375,2690.3310546875,fno,0006,0.0,8124,0,0.0
6.0,100000.0,0.09999999999999999,10000.0,case_021,0,0,7696.49609375,7690.3310546875,fno,0006,0.0,8124,0,0.0
6.0,100000.0,0.09999999999999999,25000.0,case_021,0,0,22696.49609375,22690.330078125,fno,0006,0.0,8124,0,0.0
6.0,100000.0,0.09999999999999999,101325.0,case_021,0,0,99021.5,99015.328125,fno,0006,0.0,8124,0,0.0
6.0,200000.0,0.19999999999999998,2500.0,case_022,0,0,184.5673828125,160.87451171875,fno,0006,0.0,8124,0,0.0
6.0,200000.0,0.19999999999999998,3000.0,case_022,0,0,684.5673828125,660.87451171875,fno,0006,0.0,8124,0,0.0
6.0,200000.0,0.19999999999999998,5000.0,case_022,0,0,2684.5673828125,2660.87451171875,fno,0006,0.0,8124,0,0.0
6.0,200000.0,0.19999999999999998,10000.0,case_022,0,0,7684.5673828125,7660.8740234375,fno,0006,0.0,8124,0,0.0
6.0,200000.0,0.19999999999999998,25000.0,case_022,0,0,22684.56640625,22660.875,fno,0006,0.0,8124,0,0.0
6.0,200000.0,0.19999999999999998,101325.0,case_022,0,0,99009.5703125,98985.875,fno,0006,0.0,8124,0,0.0
6.0,500000.0,0.5,2500.0,case_023,1,0,71.5673828125,-45.92333984375,fno,0006,0.0,8123,0,0.00012309207287050715
6.0,500000.0,0.5,3000.0,case_023,0,0,571.5673828125,454.07666015625,fno,0006,0.0,8124,0,0.0
6.0,500000.0,0.5,5000.0,case_023,0,0,2571.5673828125,2454.07666015625,fno,0006,0.0,8124,0,0.0
6.0,500000.0,0.5,10000.0,case_023,0,0,7571.5673828125,7454.076171875,fno,0006,0.0,8124,0,0.0
6.0,500000.0,0.5,25000.0,case_023,0,0,22571.56640625,22454.076171875,fno,0006,0.0,8124,0,0.0
6.0,500000.0,0.5,101325.0,case_023,0,0,98896.5703125,98779.078125,fno,0006,0.0,8124,0,0.0
6.0,1000000.0,1.0,2500.0,case_024,0,79,-457.8924560546875,-785.474365234375,fno,0006,0.024002954209748892,7929,116,0.014278680452978828
6.0,1000000.0,1.0,3000.0,case_024,1,0,42.107421875,-285.474365234375,fno,0006,0.0,8123,0,0.00012309207287050715
6.0,1000000.0,1.0,5000.0,case_024,0,0,2042.107421875,1714.525634765625,fno,0006,0.0,8124,0,0.0
6.0,1000000.0,1.0,10000.0,case_024,0,0,7042.107421875,6714.525390625,fno,0006,0.0,8124,0,0.0
6.0,1000000.0,1.0,25000.0,case_024,0,0,22042.107421875,21714.525390625,fno,0006,0.0,8124,0,0.0
6.0,1000000.0,1.0,101325.0,case_024,0,0,98367.109375,98039.5234375,fno,0006,0.0,8124,0,0.0
8.0,100000.0,0.09999999999999999,2500.0,case_025,0,0,194.53564453125,188.382568359375,fno,0006,0.0,8124,0,0.0
8.0,100000.0,0.09999999999999999,3000.0,case_025,0,0,694.53564453125,688.382568359375,fno,0006,0.0,8124,0,0.0
8.0,100000.0,0.09999999999999999,5000.0,case_025,0,0,2694.53564453125,2688.38232421875,fno,0006,0.0,8124,0,0.0
8.0,100000.0,0.09999999999999999,10000.0,case_025,0,0,7694.5361328125,7688.3828125,fno,0006,0.0,8124,0,0.0
8.0,100000.0,0.09999999999999999,25000.0,case_025,0,0,22694.53515625,22688.3828125,fno,0006,0.0,8124,0,0.0
8.0,100000.0,0.09999999999999999,101325.0,case_025,0,0,99019.5390625,99013.3828125,fno,0006,0.0,8124,0,0.0
8.0,200000.0,0.19999999999999998,2500.0,case_026,0,0,176.470703125,153.128662109375,fno,0006,0.0,8124,0,0.0
8.0,200000.0,0.19999999999999998,3000.0,case_026,0,0,676.470703125,653.128662109375,fno,0006,0.0,8124,0,0.0
8.0,200000.0,0.19999999999999998,5000.0,case_026,0,0,2676.470703125,2653.12890625,fno,0006,0.0,8124,0,0.0
8.0,200000.0,0.19999999999999998,10000.0,case_026,0,0,7676.470703125,7653.12890625,fno,0006,0.0,8124,0,0.0
8.0,200000.0,0.19999999999999998,25000.0,case_026,0,0,22676.470703125,22653.12890625,fno,0006,0.0,8124,0,0.0
8.0,200000.0,0.19999999999999998,101325.0,case_026,0,0,99001.46875,98978.125,fno,0006,0.0,8124,0,0.0
8.0,500000.0,0.5,2500.0,case_027,1,0,36.913818359375,-92.96923828125,fno,0006,0.0,8123,0,0.00012309207287050715
8.0,500000.0,0.5,3000.0,case_027,0,0,536.913818359375,407.03076171875,fno,0006,0.0,8124,0,0.0
8.0,500000.0,0.5,5000.0,case_027,0,0,2536.91357421875,2407.03076171875,fno,0006,0.0,8124,0,0.0
8.0,500000.0,0.5,10000.0,case_027,0,0,7536.9140625,7407.03125,fno,0006,0.0,8124,0,0.0
8.0,500000.0,0.5,25000.0,case_027,0,0,22536.9140625,22407.03125,fno,0006,0.0,8124,0,0.0
8.0,500000.0,0.5,101325.0,case_027,0,0,98861.9140625,98732.03125,fno,0006,0.0,8124,0,0.0
8.0,1000000.0,1.0,2500.0,case_028,9,27,-579.8011474609375,-973.821044921875,fno,0006,0.02634170359428853,7901,187,0.0241260462826194
8.0,1000000.0,1.0,3000.0,case_028,1,0,-79.80126953125,-473.821044921875,fno,0006,0.00012309207287050715,8122,1,0.0002461841457410143
8.0,1000000.0,1.0,5000.0,case_028,0,0,1920.19873046875,1526.178955078125,fno,0006,0.0,8124,0,0.0
8.0,1000000.0,1.0,10000.0,case_028,0,0,6920.19921875,6526.1787109375,fno,0006,0.0,8124,0,0.0
8.0,1000000.0,1.0,25000.0,case_028,0,0,21920.19921875,21526.1796875,fno,0006,0.0,8124,0,0.0
8.0,1000000.0,1.0,101325.0,case_028,0,0,98245.1953125,97851.1796875,fno,0006,0.0,8124,0,0.0
10.0,100000.0,0.09999999999999999,2500.0,case_029,0,0,193.306640625,186.34228515625,fno,0006,0.0,8124,0,0.0
10.0,100000.0,0.09999999999999999,3000.0,case_029,0,0,693.306640625,686.34228515625,fno,0006,0.0,8124,0,0.0
10.0,100000.0,0.09999999999999999,5000.0,case_029,0,0,2693.306640625,2686.34228515625,fno,0006,0.0,8124,0,0.0
10.0,100000.0,0.09999999999999999,10000.0,case_029,0,0,7693.306640625,7686.341796875,fno,0006,0.0,8124,0,0.0
10.0,100000.0,0.09999999999999999,25000.0,case_029,0,0,22693.306640625,22686.341796875,fno,0006,0.0,8124,0,0.0
10.0,100000.0,0.09999999999999999,101325.0,case_029,0,0,99018.3046875,99011.34375,fno,0006,0.0,8124,0,0.0
10.0,500000.0,0.5,2500.0,case_031,3,0,6.225341796875,-114.152099609375,fno,0006,0.0,8121,0,0.00036927621861152144
10.0,500000.0,0.5,3000.0,case_031,0,0,506.225341796875,385.847900390625,fno,0006,0.0,8124,0,0.0
10.0,500000.0,0.5,5000.0,case_031,0,0,2506.22509765625,2385.84765625,fno,0006,0.0,8124,0,0.0
10.0,500000.0,0.5,10000.0,case_031,0,0,7506.2255859375,7385.84765625,fno,0006,0.0,8124,0,0.0
10.0,500000.0,0.5,25000.0,case_031,0,0,22506.224609375,22385.84765625,fno,0006,0.0,8124,0,0.0
10.0,500000.0,0.5,101325.0,case_031,0,0,98831.2265625,98710.8515625,fno,0006,0.0,8124,0,0.0
10.0,1000000.0,1.0,2500.0,case_032,29,27,-631.16455078125,-1058.0819091796875,fno,0006,0.03409650418513048,7818,250,0.03434268833087149
10.0,1000000.0,1.0,3000.0,case_032,1,0,-131.16455078125,-558.0819091796875,fno,0006,0.0004923682914820286,8119,4,0.0006154603643525357
10.0,1000000.0,1.0,5000.0,case_032,0,0,1868.83544921875,1441.91796875,fno,0006,0.0,8124,0,0.0
10.0,1000000.0,1.0,10000.0,case_032,0,0,6868.8359375,6441.91796875,fno,0006,0.0,8124,0,0.0
10.0,1000000.0,1.0,25000.0,case_032,0,0,21868.8359375,21441.91796875,fno,0006,0.0,8124,0,0.0
10.0,1000000.0,1.0,101325.0,case_032,0,0,98193.8359375,97766.921875,fno,0006,0.0,8124,0,0.0
-4.0,200000.0,0.19999999999999998,2500.0,case_034,0,0,190.228271484375,182.07666015625,fno,0008,0.0,8088,0,0.0
-4.0,200000.0,0.19999999999999998,3000.0,case_034,0,0,690.228271484375,682.07666015625,fno,0008,0.0,8088,0,0.0
-4.0,200000.0,0.19999999999999998,5000.0,case_034,0,0,2690.228515625,2682.07666015625,fno,0008,0.0,8088,0,0.0
-4.0,200000.0,0.19999999999999998,10000.0,case_034,0,0,7690.228515625,7682.076171875,fno,0008,0.0,8088,0,0.0
-4.0,200000.0,0.19999999999999998,25000.0,case_034,0,0,22690.228515625,22682.076171875,fno,0008,0.0,8088,0,0.0
-4.0,200000.0,0.19999999999999998,101325.0,case_034,0,0,99015.2265625,99007.078125,fno,0008,0.0,8088,0,0.0
-4.0,500000.0,0.5,2500.0,case_035,0,0,144.964111328125,87.228759765625,fno,0008,0.0,8088,0,0.0
-4.0,500000.0,0.5,3000.0,case_035,0,0,644.964111328125,587.228759765625,fno,0008,0.0,8088,0,0.0
-4.0,500000.0,0.5,5000.0,case_035,0,0,2644.9638671875,2587.22900390625,fno,0008,0.0,8088,0,0.0
-4.0,500000.0,0.5,10000.0,case_035,0,0,7644.9638671875,7587.228515625,fno,0008,0.0,8088,0,0.0
-4.0,500000.0,0.5,25000.0,case_035,0,0,22644.96484375,22587.228515625,fno,0008,0.0,8088,0,0.0
-4.0,500000.0,0.5,101325.0,case_035,0,0,98969.9609375,98912.2265625,fno,0008,0.0,8088,0,0.0
-4.0,1000000.0,1.0,2500.0,case_036,69,0,15.719970703125,-252.085693359375,fno,0008,0.0,8019,0,0.008531157270029673
-4.0,1000000.0,1.0,3000.0,case_036,0,0,515.719970703125,247.914306640625,fno,0008,0.0,8088,0,0.0
-4.0,1000000.0,1.0,5000.0,case_036,0,0,2515.72021484375,2247.9140625,fno,0008,0.0,8088,0,0.0
-4.0,1000000.0,1.0,10000.0,case_036,0,0,7515.7197265625,7247.9140625,fno,0008,0.0,8088,0,0.0
-4.0,1000000.0,1.0,25000.0,case_036,0,0,22515.720703125,22247.9140625,fno,0008,0.0,8088,0,0.0
-4.0,1000000.0,1.0,101325.0,case_036,0,0,98840.71875,98572.9140625,fno,0008,0.0,8088,0,0.0
-2.0,100000.0,0.09999999999999999,2500.0,case_037,0,0,197.864013671875,197.223876953125,fno,0008,0.0,8088,0,0.0
-2.0,100000.0,0.09999999999999999,3000.0,case_037,0,0,697.864013671875,697.223876953125,fno,0008,0.0,8088,0,0.0
-2.0,100000.0,0.09999999999999999,5000.0,case_037,0,0,2697.8642578125,2697.22412109375,fno,0008,0.0,8088,0,0.0
-2.0,100000.0,0.09999999999999999,10000.0,case_037,0,0,7697.8642578125,7697.2236328125,fno,0008,0.0,8088,0,0.0
-2.0,100000.0,0.09999999999999999,25000.0,case_037,0,0,22697.86328125,22697.224609375,fno,0008,0.0,8088,0,0.0
-2.0,100000.0,0.09999999999999999,101325.0,case_037,0,0,99022.8671875,99022.2265625,fno,0008,0.0,8088,0,0.0
-2.0,200000.0,0.19999999999999998,2500.0,case_038,0,0,191.74609375,188.842529296875,fno,0008,0.0,8088,0,0.0
-2.0,200000.0,0.19999999999999998,3000.0,case_038,0,0,691.74609375,688.842529296875,fno,0008,0.0,8088,0,0.0
-2.0,200000.0,0.19999999999999998,5000.0,case_038,0,0,2691.74609375,2688.8427734375,fno,0008,0.0,8088,0,0.0
-2.0,200000.0,0.19999999999999998,10000.0,case_038,0,0,7691.74609375,7688.8427734375,fno,0008,0.0,8088,0,0.0
-2.0,200000.0,0.19999999999999998,25000.0,case_038,0,0,22691.74609375,22688.841796875,fno,0008,0.0,8088,0,0.0
-2.0,200000.0,0.19999999999999998,101325.0,case_038,0,0,99016.7421875,99013.84375,fno,0008,0.0,8088,0,0.0
-2.0,500000.0,0.5,2500.0,case_039,0,0,153.54931640625,129.72021484375,fno,0008,0.0,8088,0,0.0
-2.0,500000.0,0.5,3000.0,case_039,0,0,653.54931640625,629.72021484375,fno,0008,0.0,8088,0,0.0
-2.0,500000.0,0.5,5000.0,case_039,0,0,2653.54931640625,2629.72021484375,fno,0008,0.0,8088,0,0.0
-2.0,500000.0,0.5,10000.0,case_039,0,0,7653.548828125,7629.7197265625,fno,0008,0.0,8088,0,0.0
-2.0,500000.0,0.5,25000.0,case_039,0,0,22653.548828125,22629.720703125,fno,0008,0.0,8088,0,0.0
-2.0,500000.0,0.5,101325.0,case_039,0,0,98978.546875,98954.71875,fno,0008,0.0,8088,0,0.0
-2.0,1000000.0,1.0,2500.0,case_040,12,0,38.43994140625,-81.84912109375,fno,0008,0.0,8076,0,0.001483679525222552
-2.0,1000000.0,1.0,3000.0,case_040,0,0,538.43994140625,418.15087890625,fno,0008,0.0,8088,0,0.0
-2.0,1000000.0,1.0,5000.0,case_040,0,0,2538.43994140625,2418.15087890625,fno,0008,0.0,8088,0,0.0
-2.0,1000000.0,1.0,10000.0,case_040,0,0,7538.4404296875,7418.1513671875,fno,0008,0.0,8088,0,0.0
-2.0,1000000.0,1.0,25000.0,case_040,0,0,22538.439453125,22418.150390625,fno,0008,0.0,8088,0,0.0
-2.0,1000000.0,1.0,101325.0,case_040,0,0,98863.4375,98743.1484375,fno,0008,0.0,8088,0,0.0
0.0,100000.0,0.09999999999999999,2500.0,case_041,0,0,198.186279296875,198.55224609375,fno,0008,0.0,8088,0,0.0
0.0,100000.0,0.09999999999999999,3000.0,case_041,0,0,698.186279296875,698.55224609375,fno,0008,0.0,8088,0,0.0
0.0,100000.0,0.09999999999999999,5000.0,case_041,0,0,2698.1865234375,2698.55224609375,fno,0008,0.0,8088,0,0.0
0.0,100000.0,0.09999999999999999,10000.0,case_041,0,0,7698.1865234375,7698.5517578125,fno,0008,0.0,8088,0,0.0
0.0,100000.0,0.09999999999999999,25000.0,case_041,0,0,22698.185546875,22698.552734375,fno,0008,0.0,8088,0,0.0
0.0,100000.0,0.09999999999999999,101325.0,case_041,0,0,99023.1875,99023.5546875,fno,0008,0.0,8088,0,0.0
0.0,200000.0,0.19999999999999998,2500.0,case_042,0,0,192.970458984375,194.17236328125,fno,0008,0.0,8088,0,0.0
0.0,200000.0,0.19999999999999998,3000.0,case_042,0,0,692.970458984375,694.17236328125,fno,0008,0.0,8088,0,0.0
0.0,200000.0,0.19999999999999998,5000.0,case_042,0,0,2692.970703125,2694.17236328125,fno,0008,0.0,8088,0,0.0
0.0,200000.0,0.19999999999999998,10000.0,case_042,0,0,7692.970703125,7694.1728515625,fno,0008,0.0,8088,0,0.0
0.0,200000.0,0.19999999999999998,25000.0,case_042,0,0,22692.970703125,22694.171875,fno,0008,0.0,8088,0,0.0
0.0,200000.0,0.19999999999999998,101325.0,case_042,0,0,99017.96875,99019.171875,fno,0008,0.0,8088,0,0.0
0.0,500000.0,0.5,2500.0,case_043,0,0,160.031494140625,163.256103515625,fno,0008,0.0,8088,0,0.0
0.0,500000.0,0.5,3000.0,case_043,0,0,660.031494140625,663.256103515625,fno,0008,0.0,8088,0,0.0
0.0,500000.0,0.5,5000.0,case_043,0,0,2660.03173828125,2663.255859375,fno,0008,0.0,8088,0,0.0
0.0,500000.0,0.5,10000.0,case_043,0,0,7660.03125,7663.255859375,fno,0008,0.0,8088,0,0.0
0.0,500000.0,0.5,25000.0,case_043,0,0,22660.03125,22663.255859375,fno,0008,0.0,8088,0,0.0
0.0,500000.0,0.5,101325.0,case_043,0,0,98985.03125,98988.2578125,fno,0008,0.0,8088,0,0.0
0.0,1000000.0,1.0,2500.0,case_044,0,9,-81.101806640625,52.593994140625,fno,0008,0.001112759643916914,8079,0,0.0
0.0,1000000.0,1.0,3000.0,case_044,0,0,418.898193359375,552.593994140625,fno,0008,0.0,8088,0,0.0
0.0,1000000.0,1.0,5000.0,case_044,0,0,2418.8984375,2552.59375,fno,0008,0.0,8088,0,0.0
0.0,1000000.0,1.0,10000.0,case_044,0,0,7418.8984375,7552.59375,fno,0008,0.0,8088,0,0.0
0.0,1000000.0,1.0,25000.0,case_044,0,0,22418.8984375,22552.59375,fno,0008,0.0,8088,0,0.0
0.0,1000000.0,1.0,101325.0,case_044,0,0,98743.8984375,98877.59375,fno,0008,0.0,8088,0,0.0
2.0,100000.0,0.09999999999999999,2500.0,case_045,0,0,198.2939453125,197.52294921875,fno,0008,0.0,8088,0,0.0
2.0,100000.0,0.09999999999999999,3000.0,case_045,0,0,698.2939453125,697.52294921875,fno,0008,0.0,8088,0,0.0
2.0,100000.0,0.09999999999999999,5000.0,case_045,0,0,2698.2939453125,2697.52294921875,fno,0008,0.0,8088,0,0.0
2.0,100000.0,0.09999999999999999,10000.0,case_045,0,0,7698.2939453125,7697.5224609375,fno,0008,0.0,8088,0,0.0
2.0,100000.0,0.09999999999999999,25000.0,case_045,0,0,22698.29296875,22697.5234375,fno,0008,0.0,8088,0,0.0
2.0,100000.0,0.09999999999999999,101325.0,case_045,0,0,99023.296875,99022.5234375,fno,0008,0.0,8088,0,0.0
2.0,200000.0,0.19999999999999998,2500.0,case_046,0,0,192.197998046875,189.97998046875,fno,0008,0.0,8088,0,0.0
2.0,200000.0,0.19999999999999998,3000.0,case_046,0,0,692.197998046875,689.97998046875,fno,0008,0.0,8088,0,0.0
2.0,200000.0,0.19999999999999998,5000.0,case_046,0,0,2692.19775390625,2689.97998046875,fno,0008,0.0,8088,0,0.0
2.0,200000.0,0.19999999999999998,10000.0,case_046,0,0,7692.1982421875,7689.98046875,fno,0008,0.0,8088,0,0.0
2.0,200000.0,0.19999999999999998,25000.0,case_046,0,0,22692.197265625,22689.98046875,fno,0008,0.0,8088,0,0.0
2.0,200000.0,0.19999999999999998,101325.0,case_046,0,0,99017.1953125,99014.9765625,fno,0008,0.0,8088,0,0.0
2.0,500000.0,0.5,2500.0,case_047,0,0,131.455322265625,137.1142578125,fno,0008,0.0,8088,0,0.0
2.0,500000.0,0.5,3000.0,case_047,0,0,631.455322265625,637.1142578125,fno,0008,0.0,8088,0,0.0
2.0,500000.0,0.5,5000.0,case_047,0,0,2631.455078125,2637.1142578125,fno,0008,0.0,8088,0,0.0
2.0,500000.0,0.5,10000.0,case_047,0,0,7631.455078125,7637.1142578125,fno,0008,0.0,8088,0,0.0
2.0,500000.0,0.5,25000.0,case_047,0,0,22631.455078125,22637.11328125,fno,0008,0.0,8088,0,0.0
2.0,500000.0,0.5,101325.0,case_047,0,0,98956.453125,98962.1171875,fno,0008,0.0,8088,0,0.0
2.0,1000000.0,1.0,2500.0,case_048,0,47,-215.4482421875,-51.890380859375,fno,0008,0.006429277942631058,8036,5,0.0006181998021760633
2.0,1000000.0,1.0,3000.0,case_048,0,0,284.5517578125,448.109619140625,fno,0008,0.0,8088,0,0.0
2.0,1000000.0,1.0,5000.0,case_048,0,0,2284.5517578125,2448.10986328125,fno,0008,0.0,8088,0,0.0
2.0,1000000.0,1.0,10000.0,case_048,0,0,7284.5517578125,7448.109375,fno,0008,0.0,8088,0,0.0
2.0,1000000.0,1.0,25000.0,case_048,0,0,22284.55078125,22448.109375,fno,0008,0.0,8088,0,0.0
2.0,1000000.0,1.0,101325.0,case_048,0,0,98609.5546875,98773.109375,fno,0008,0.0,8088,0,0.0
4.0,100000.0,0.09999999999999999,2500.0,case_049,0,0,197.065673828125,195.832763671875,fno,0008,0.0,8088,0,0.0
4.0,100000.0,0.09999999999999999,3000.0,case_049,0,0,697.065673828125,695.832763671875,fno,0008,0.0,8088,0,0.0
4.0,100000.0,0.09999999999999999,5000.0,case_049,0,0,2697.06591796875,2695.8330078125,fno,0008,0.0,8088,0,0.0
4.0,100000.0,0.09999999999999999,10000.0,case_049,0,0,7697.0654296875,7695.8330078125,fno,0008,0.0,8088,0,0.0
4.0,100000.0,0.09999999999999999,25000.0,case_049,0,0,22697.06640625,22695.83203125,fno,0008,0.0,8088,0,0.0
4.0,100000.0,0.09999999999999999,101325.0,case_049,0,0,99022.0625,99020.8359375,fno,0008,0.0,8088,0,0.0
4.0,200000.0,0.19999999999999998,2500.0,case_050,0,0,187.32958984375,183.196533203125,fno,0008,0.0,8088,0,0.0
4.0,200000.0,0.19999999999999998,3000.0,case_050,0,0,687.32958984375,683.196533203125,fno,0008,0.0,8088,0,0.0
4.0,200000.0,0.19999999999999998,5000.0,case_050,0,0,2687.32958984375,2683.19677734375,fno,0008,0.0,8088,0,0.0
4.0,200000.0,0.19999999999999998,10000.0,case_050,0,0,7687.330078125,7683.1962890625,fno,0008,0.0,8088,0,0.0
4.0,200000.0,0.19999999999999998,25000.0,case_050,0,0,22687.330078125,22683.197265625,fno,0008,0.0,8088,0,0.0
4.0,200000.0,0.19999999999999998,101325.0,case_050,0,0,99012.328125,99008.1953125,fno,0008,0.0,8088,0,0.0
4.0,500000.0,0.5,2500.0,case_051,0,0,98.4765625,94.542724609375,fno,0008,0.0,8088,0,0.0
4.0,500000.0,0.5,3000.0,case_051,0,0,598.4765625,594.542724609375,fno,0008,0.0,8088,0,0.0
4.0,500000.0,0.5,5000.0,case_051,0,0,2598.4765625,2594.54248046875,fno,0008,0.0,8088,0,0.0
4.0,500000.0,0.5,10000.0,case_051,0,0,7598.4765625,7594.54296875,fno,0008,0.0,8088,0,0.0
4.0,500000.0,0.5,25000.0,case_051,0,0,22598.4765625,22594.54296875,fno,0008,0.0,8088,0,0.0
4.0,500000.0,0.5,101325.0,case_051,0,0,98923.4765625,98919.5390625,fno,0008,0.0,8088,0,0.0
4.0,1000000.0,1.0,2500.0,case_052,0,86,-389.28271484375,-222.408203125,fno,0008,0.016815034619188922,7952,50,0.006181998021760633
4.0,1000000.0,1.0,3000.0,case_052,0,0,110.71728515625,277.591796875,fno,0008,0.0,8088,0,0.0
4.0,1000000.0,1.0,5000.0,case_052,0,0,2110.71728515625,2277.591796875,fno,0008,0.0,8088,0,0.0
4.0,1000000.0,1.0,10000.0,case_052,0,0,7110.716796875,7277.591796875,fno,0008,0.0,8088,0,0.0
4.0,1000000.0,1.0,25000.0,case_052,0,0,22110.716796875,22277.591796875,fno,0008,0.0,8088,0,0.0
4.0,1000000.0,1.0,101325.0,case_052,0,0,98435.71875,98602.59375,fno,0008,0.0,8088,0,0.0
6.0,100000.0,0.09999999999999999,2500.0,case_053,0,0,195.6787109375,193.80908203125,fno,0008,0.0,8088,0,0.0
6.0,100000.0,0.09999999999999999,3000.0,case_053,0,0,695.6787109375,693.80908203125,fno,0008,0.0,8088,0,0.0
6.0,100000.0,0.09999999999999999,5000.0,case_053,0,0,2695.6787109375,2693.80908203125,fno,0008,0.0,8088,0,0.0
6.0,100000.0,0.09999999999999999,10000.0,case_053,0,0,7695.6787109375,7693.80859375,fno,0008,0.0,8088,0,0.0
6.0,100000.0,0.09999999999999999,25000.0,case_053,0,0,22695.6796875,22693.80859375,fno,0008,0.0,8088,0,0.0
6.0,100000.0,0.09999999999999999,101325.0,case_053,0,0,99020.6796875,99018.8125,fno,0008,0.0,8088,0,0.0
6.0,200000.0,0.19999999999999998,2500.0,case_054,0,0,181.282470703125,174.634033203125,fno,0008,0.0,8088,0,0.0
6.0,200000.0,0.19999999999999998,3000.0,case_054,0,0,681.282470703125,674.634033203125,fno,0008,0.0,8088,0,0.0
6.0,200000.0,0.19999999999999998,5000.0,case_054,0,0,2681.28271484375,2674.63427734375,fno,0008,0.0,8088,0,0.0
6.0,200000.0,0.19999999999999998,10000.0,case_054,0,0,7681.2822265625,7674.6337890625,fno,0008,0.0,8088,0,0.0
6.0,200000.0,0.19999999999999998,25000.0,case_054,0,0,22681.283203125,22674.634765625,fno,0008,0.0,8088,0,0.0
6.0,200000.0,0.19999999999999998,101325.0,case_054,0,0,99006.28125,98999.6328125,fno,0008,0.0,8088,0,0.0
6.0,500000.0,0.5,2500.0,case_055,0,0,55.1474609375,43.85595703125,fno,0008,0.0,8088,0,0.0
6.0,500000.0,0.5,3000.0,case_055,0,0,555.1474609375,543.85595703125,fno,0008,0.0,8088,0,0.0
6.0,500000.0,0.5,5000.0,case_055,0,0,2555.1474609375,2543.85595703125,fno,0008,0.0,8088,0,0.0
6.0,500000.0,0.5,10000.0,case_055,0,0,7555.1474609375,7543.8564453125,fno,0008,0.0,8088,0,0.0
6.0,500000.0,0.5,25000.0,case_055,0,0,22555.1484375,22543.85546875,fno,0008,0.0,8088,0,0.0
6.0,500000.0,0.5,101325.0,case_055,0,0,98880.1484375,98868.859375,fno,0008,0.0,8088,0,0.0
6.0,1000000.0,1.0,2500.0,case_056,0,113,-577.716064453125,-425.4912109375,fno,0008,0.02942631058358061,7850,125,0.015454995054401583
6.0,1000000.0,1.0,3000.0,case_056,0,4,-77.716064453125,74.5087890625,fno,0008,0.0004945598417408506,8084,0,0.0
6.0,1000000.0,1.0,5000.0,case_056,0,0,1922.2841796875,2074.5087890625,fno,0008,0.0,8088,0,0.0
6.0,1000000.0,1.0,10000.0,case_056,0,0,6922.2841796875,7074.5087890625,fno,0008,0.0,8088,0,0.0
6.0,1000000.0,1.0,25000.0,case_056,0,0,21922.283203125,22074.509765625,fno,0008,0.0,8088,0,0.0
6.0,1000000.0,1.0,101325.0,case_056,0,0,98247.28125,98399.5078125,fno,0008,0.0,8088,0,0.0
8.0,100000.0,0.09999999999999999,2500.0,case_057,0,0,193.933837890625,191.6611328125,fno,0008,0.0,8088,0,0.0
8.0,100000.0,0.09999999999999999,3000.0,case_057,0,0,693.933837890625,691.6611328125,fno,0008,0.0,8088,0,0.0
8.0,100000.0,0.09999999999999999,5000.0,case_057,0,0,2693.93359375,2691.6611328125,fno,0008,0.0,8088,0,0.0
8.0,100000.0,0.09999999999999999,10000.0,case_057,0,0,7693.93359375,7691.6611328125,fno,0008,0.0,8088,0,0.0
8.0,100000.0,0.09999999999999999,25000.0,case_057,0,0,22693.93359375,22691.662109375,fno,0008,0.0,8088,0,0.0
8.0,100000.0,0.09999999999999999,101325.0,case_057,0,0,99018.9375,99016.6640625,fno,0008,0.0,8088,0,0.0
8.0,200000.0,0.19999999999999998,2500.0,case_058,0,0,174.24169921875,166.403076171875,fno,0008,0.0,8088,0,0.0
8.0,200000.0,0.19999999999999998,3000.0,case_058,0,0,674.24169921875,666.403076171875,fno,0008,0.0,8088,0,0.0
8.0,200000.0,0.19999999999999998,5000.0,case_058,0,0,2674.24169921875,2666.4033203125,fno,0008,0.0,8088,0,0.0
8.0,200000.0,0.19999999999999998,10000.0,case_058,0,0,7674.2421875,7666.4033203125,fno,0008,0.0,8088,0,0.0
8.0,200000.0,0.19999999999999998,25000.0,case_058,0,0,22674.2421875,22666.40234375,fno,0008,0.0,8088,0,0.0
8.0,200000.0,0.19999999999999998,101325.0,case_058,0,0,98999.2421875,98991.40625,fno,0008,0.0,8088,0,0.0
8.0,500000.0,0.5,2500.0,case_059,1,0,7.064697265625,-1.975830078125,fno,0008,0.0,8087,0,0.00012363996043521266
8.0,500000.0,0.5,3000.0,case_059,0,0,507.064697265625,498.024169921875,fno,0008,0.0,8088,0,0.0
8.0,500000.0,0.5,5000.0,case_059,0,0,2507.06494140625,2498.0244140625,fno,0008,0.0,8088,0,0.0
8.0,500000.0,0.5,10000.0,case_059,0,0,7507.064453125,7498.0244140625,fno,0008,0.0,8088,0,0.0
8.0,500000.0,0.5,25000.0,case_059,0,0,22507.064453125,22498.0234375,fno,0008,0.0,8088,0,0.0
8.0,500000.0,0.5,101325.0,case_059,0,0,98832.0625,98823.0234375,fno,0008,0.0,8088,0,0.0
8.0,1000000.0,1.0,2500.0,case_060,0,97,-636.56103515625,-609.137939453125,fno,0008,0.03758654797230465,7784,207,0.02559347181008902
8.0,1000000.0,1.0,3000.0,case_060,0,1,-136.56103515625,-109.137939453125,fno,0008,0.0004945598417408506,8084,3,0.000370919881305638
8.0,1000000.0,1.0,5000.0,case_060,0,0,1863.43896484375,1890.8623046875,fno,0008,0.0,8088,0,0.0
8.0,1000000.0,1.0,10000.0,case_060,0,0,6863.4384765625,6890.8623046875,fno,0008,0.0,8088,0,0.0
8.0,1000000.0,1.0,25000.0,case_060,0,0,21863.439453125,21890.861328125,fno,0008,0.0,8088,0,0.0
8.0,1000000.0,1.0,101325.0,case_060,0,0,98188.4375,98215.859375,fno,0008,0.0,8088,0,0.0
10.0,100000.0,0.09999999999999999,2500.0,case_061,0,0,192.123779296875,190.026611328125,fno,0008,0.0,8088,0,0.0
10.0,100000.0,0.09999999999999999,3000.0,case_061,0,0,692.123779296875,690.026611328125,fno,0008,0.0,8088,0,0.0
10.0,100000.0,0.09999999999999999,5000.0,case_061,0,0,2692.12353515625,2690.0263671875,fno,0008,0.0,8088,0,0.0
10.0,100000.0,0.09999999999999999,10000.0,case_061,0,0,7692.1240234375,7690.0263671875,fno,0008,0.0,8088,0,0.0
10.0,100000.0,0.09999999999999999,25000.0,case_061,0,0,22692.123046875,22690.02734375,fno,0008,0.0,8088,0,0.0
10.0,100000.0,0.09999999999999999,101325.0,case_061,0,0,99017.125,99015.0234375,fno,0008,0.0,8088,0,0.0
10.0,200000.0,0.19999999999999998,2500.0,case_062,0,0,167.572509765625,162.6337890625,fno,0008,0.0,8088,0,0.0
10.0,200000.0,0.19999999999999998,3000.0,case_062,0,0,667.572509765625,662.6337890625,fno,0008,0.0,8088,0,0.0
10.0,200000.0,0.19999999999999998,5000.0,case_062,0,0,2667.572265625,2662.6337890625,fno,0008,0.0,8088,0,0.0
10.0,200000.0,0.19999999999999998,10000.0,case_062,0,0,7667.572265625,7662.6337890625,fno,0008,0.0,8088,0,0.0
10.0,200000.0,0.19999999999999998,25000.0,case_062,0,0,22667.572265625,22662.634765625,fno,0008,0.0,8088,0,0.0
10.0,200000.0,0.19999999999999998,101325.0,case_062,0,0,98992.5703125,98987.6328125,fno,0008,0.0,8088,0,0.0
10.0,500000.0,0.5,2500.0,case_063,1,0,-8.890380859375,-34.4384765625,fno,0008,0.0002472799208704253,8085,2,0.000370919881305638
10.0,500000.0,0.5,3000.0,case_063,0,0,491.109619140625,465.5615234375,fno,0008,0.0,8088,0,0.0
10.0,500000.0,0.5,5000.0,case_063,0,0,2491.109375,2465.5615234375,fno,0008,0.0,8088,0,0.0
10.0,500000.0,0.5,10000.0,case_063,0,0,7491.109375,7465.5615234375,fno,0008,0.0,8088,0,0.0
10.0,500000.0,0.5,25000.0,case_063,0,0,22491.109375,22465.560546875,fno,0008,0.0,8088,0,0.0
10.0,500000.0,0.5,101325.0,case_063,0,0,98816.109375,98790.5625,fno,0008,0.0,8088,0,0.0
10.0,1000000.0,1.0,2500.0,case_064,15,53,-710.81396484375,-738.876708984375,fno,0008,0.04141938674579624,7738,282,0.03672106824925816
10.0,1000000.0,1.0,3000.0,case_064,0,4,-210.81396484375,-238.876708984375,fno,0008,0.0012363996043521265,8078,6,0.000741839762611276
10.0,1000000.0,1.0,5000.0,case_064,0,0,1789.18603515625,1761.123291015625,fno,0008,0.0,8088,0,0.0
10.0,1000000.0,1.0,10000.0,case_064,0,0,6789.185546875,6761.123046875,fno,0008,0.0,8088,0,0.0
10.0,1000000.0,1.0,25000.0,case_064,0,0,21789.185546875,21761.123046875,fno,0008,0.0,8088,0,0.0
10.0,1000000.0,1.0,101325.0,case_064,0,0,98114.1875,98086.125,fno,0008,0.0,8088,0,0.0
-4.0,100000.0,0.09999999999999999,2500.0,case_065,0,0,196.72265625,194.7041015625,fno,0010,0.0,8068,0,0.0
-4.0,100000.0,0.09999999999999999,3000.0,case_065,0,0,696.72265625,694.7041015625,fno,0010,0.0,8068,0,0.0
-4.0,100000.0,0.09999999999999999,5000.0,case_065,0,0,2696.72265625,2694.7041015625,fno,0010,0.0,8068,0,0.0
-4.0,100000.0,0.09999999999999999,10000.0,case_065,0,0,7696.72265625,7694.7041015625,fno,0010,0.0,8068,0,0.0
-4.0,100000.0,0.09999999999999999,25000.0,case_065,0,0,22696.72265625,22694.705078125,fno,0010,0.0,8068,0,0.0
-4.0,100000.0,0.09999999999999999,101325.0,case_065,0,0,99021.7265625,99019.703125,fno,0010,0.0,8068,0,0.0
-4.0,200000.0,0.19999999999999998,2500.0,case_066,0,0,187.06396484375,178.853759765625,fno,0010,0.0,8068,0,0.0
-4.0,200000.0,0.19999999999999998,3000.0,case_066,0,0,687.06396484375,678.853759765625,fno,0010,0.0,8068,0,0.0
-4.0,200000.0,0.19999999999999998,5000.0,case_066,0,0,2687.06396484375,2678.853515625,fno,0010,0.0,8068,0,0.0
-4.0,200000.0,0.19999999999999998,10000.0,case_066,0,0,7687.0634765625,7678.853515625,fno,0010,0.0,8068,0,0.0
-4.0,200000.0,0.19999999999999998,25000.0,case_066,0,0,22687.064453125,22678.853515625,fno,0010,0.0,8068,0,0.0
-4.0,200000.0,0.19999999999999998,101325.0,case_066,0,0,99012.0625,99003.8515625,fno,0010,0.0,8068,0,0.0
-4.0,500000.0,0.5,2500.0,case_067,0,0,124.01318359375,66.75732421875,fno,0010,0.0,8068,0,0.0
-4.0,500000.0,0.5,3000.0,case_067,0,0,624.01318359375,566.75732421875,fno,0010,0.0,8068,0,0.0
-4.0,500000.0,0.5,5000.0,case_067,0,0,2624.01318359375,2566.75732421875,fno,0010,0.0,8068,0,0.0
-4.0,500000.0,0.5,10000.0,case_067,0,0,7624.013671875,7566.7578125,fno,0010,0.0,8068,0,0.0
-4.0,500000.0,0.5,25000.0,case_067,0,0,22624.013671875,22566.7578125,fno,0010,0.0,8068,0,0.0
-4.0,500000.0,0.5,101325.0,case_067,0,0,98949.015625,98891.7578125,fno,0010,0.0,8068,0,0.0
-4.0,1000000.0,1.0,2500.0,case_068,90,0,-59.26416015625,-334.4072265625,fno,0010,0.0006197322756569162,7973,5,0.011774913237481408
-4.0,1000000.0,1.0,3000.0,case_068,0,0,440.73583984375,165.5927734375,fno,0010,0.0,8068,0,0.0
-4.0,1000000.0,1.0,5000.0,case_068,0,0,2440.73583984375,2165.5927734375,fno,0010,0.0,8068,0,0.0
-4.0,1000000.0,1.0,10000.0,case_068,0,0,7440.736328125,7165.5927734375,fno,0010,0.0,8068,0,0.0
-4.0,1000000.0,1.0,25000.0,case_068,0,0,22440.736328125,22165.59375,fno,0010,0.0,8068,0,0.0
-4.0,1000000.0,1.0,101325.0,case_068,0,0,98765.734375,98490.59375,fno,0010,0.0,8068,0,0.0
-2.0,100000.0,0.09999999999999999,2500.0,case_069,0,0,197.019287109375,196.5166015625,fno,0010,0.0,8068,0,0.0
-2.0,100000.0,0.09999999999999999,3000.0,case_069,0,0,697.019287109375,696.5166015625,fno,0010,0.0,8068,0,0.0
-2.0,100000.0,0.09999999999999999,5000.0,case_069,0,0,2697.01953125,2696.5166015625,fno,0010,0.0,8068,0,0.0
-2.0,100000.0,0.09999999999999999,10000.0,case_069,0,0,7697.01953125,7696.5166015625,fno,0010,0.0,8068,0,0.0
-2.0,100000.0,0.09999999999999999,25000.0,case_069,0,0,22697.01953125,22696.515625,fno,0010,0.0,8068,0,0.0
-2.0,100000.0,0.09999999999999999,101325.0,case_069,0,0,99022.015625,99021.515625,fno,0010,0.0,8068,0,0.0
-2.0,200000.0,0.19999999999999998,2500.0,case_070,0,0,188.4248046875,186.100830078125,fno,0010,0.0,8068,0,0.0
-2.0,200000.0,0.19999999999999998,3000.0,case_070,0,0,688.4248046875,686.100830078125,fno,0010,0.0,8068,0,0.0
-2.0,200000.0,0.19999999999999998,5000.0,case_070,0,0,2688.4248046875,2686.10107421875,fno,0010,0.0,8068,0,0.0
-2.0,200000.0,0.19999999999999998,10000.0,case_070,0,0,7688.4248046875,7686.1005859375,fno,0010,0.0,8068,0,0.0
-2.0,200000.0,0.19999999999999998,25000.0,case_070,0,0,22688.423828125,22686.1015625,fno,0010,0.0,8068,0,0.0
-2.0,200000.0,0.19999999999999998,101325.0,case_070,0,0,99013.421875,99011.1015625,fno,0010,0.0,8068,0,0.0
-2.0,500000.0,0.5,2500.0,case_071,0,0,134.6083984375,112.454833984375,fno,0010,0.0,8068,0,0.0
-2.0,500000.0,0.5,3000.0,case_071,0,0,634.6083984375,612.454833984375,fno,0010,0.0,8068,0,0.0
-2.0,500000.0,0.5,5000.0,case_071,0,0,2634.6083984375,2612.45458984375,fno,0010,0.0,8068,0,0.0
-2.0,500000.0,0.5,10000.0,case_071,0,0,7634.6083984375,7612.455078125,fno,0010,0.0,8068,0,0.0
-2.0,500000.0,0.5,25000.0,case_071,0,0,22634.607421875,22612.455078125,fno,0010,0.0,8068,0,0.0
-2.0,500000.0,0.5,101325.0,case_071,0,0,98959.609375,98937.453125,fno,0010,0.0,8068,0,0.0
-2.0,1000000.0,1.0,2500.0,case_072,29,0,-12.33154296875,-151.0810546875,fno,0010,0.00012394645513138323,8038,1,0.0037183936539414973
-2.0,1000000.0,1.0,3000.0,case_072,0,0,487.66845703125,348.9189453125,fno,0010,0.0,8068,0,0.0
-2.0,1000000.0,1.0,5000.0,case_072,0,0,2487.66845703125,2348.9189453125,fno,0010,0.0,8068,0,0.0
-2.0,1000000.0,1.0,10000.0,case_072,0,0,7487.66796875,7348.9189453125,fno,0010,0.0,8068,0,0.0
-2.0,1000000.0,1.0,25000.0,case_072,0,0,22487.66796875,22348.91796875,fno,0010,0.0,8068,0,0.0
-2.0,1000000.0,1.0,101325.0,case_072,0,0,98812.671875,98673.921875,fno,0010,0.0,8068,0,0.0
0.0,100000.0,0.09999999999999999,2500.0,case_073,0,0,197.448974609375,198.1845703125,fno,0010,0.0,8068,0,0.0
0.0,100000.0,0.09999999999999999,3000.0,case_073,0,0,697.448974609375,698.1845703125,fno,0010,0.0,8068,0,0.0
0.0,100000.0,0.09999999999999999,5000.0,case_073,0,0,2697.44921875,2698.1845703125,fno,0010,0.0,8068,0,0.0
0.0,100000.0,0.09999999999999999,10000.0,case_073,0,0,7697.44921875,7698.1845703125,fno,0010,0.0,8068,0,0.0
0.0,100000.0,0.09999999999999999,25000.0,case_073,0,0,22697.44921875,22698.185546875,fno,0010,0.0,8068,0,0.0
0.0,100000.0,0.09999999999999999,101325.0,case_073,0,0,99022.4453125,99023.1875,fno,0010,0.0,8068,0,0.0
0.0,200000.0,0.19999999999999998,2500.0,case_074,0,0,190.161376953125,192.783447265625,fno,0010,0.0,8068,0,0.0
0.0,200000.0,0.19999999999999998,3000.0,case_074,0,0,690.161376953125,692.783447265625,fno,0010,0.0,8068,0,0.0
0.0,200000.0,0.19999999999999998,5000.0,case_074,0,0,2690.16162109375,2692.783203125,fno,0010,0.0,8068,0,0.0
0.0,200000.0,0.19999999999999998,10000.0,case_074,0,0,7690.1611328125,7692.783203125,fno,0010,0.0,8068,0,0.0
0.0,200000.0,0.19999999999999998,25000.0,case_074,0,0,22690.162109375,22692.783203125,fno,0010,0.0,8068,0,0.0
0.0,200000.0,0.19999999999999998,101325.0,case_074,0,0,99015.1640625,99017.78125,fno,0010,0.0,8068,0,0.0
0.0,500000.0,0.5,2500.0,case_075,0,0,146.144287109375,154.479736328125,fno,0010,0.0,8068,0,0.0
0.0,500000.0,0.5,3000.0,case_075,0,0,646.144287109375,654.479736328125,fno,0010,0.0,8068,0,0.0
0.0,500000.0,0.5,5000.0,case_075,0,0,2646.14404296875,2654.4794921875,fno,0010,0.0,8068,0,0.0
0.0,500000.0,0.5,10000.0,case_075,0,0,7646.14453125,7654.4794921875,fno,0010,0.0,8068,0,0.0
0.0,500000.0,0.5,25000.0,case_075,0,0,22646.14453125,22654.48046875,fno,0010,0.0,8068,0,0.0
0.0,500000.0,0.5,101325.0,case_075,0,0,98971.140625,98979.4765625,fno,0010,0.0,8068,0,0.0
0.0,1000000.0,1.0,2500.0,case_076,0,12,-124.91650390625,17.36376953125,fno,0010,0.001487357461576599,8056,0,0.0
0.0,1000000.0,1.0,3000.0,case_076,0,0,375.08349609375,517.36376953125,fno,0010,0.0,8068,0,0.0
0.0,1000000.0,1.0,5000.0,case_076,0,0,2375.08349609375,2517.36376953125,fno,0010,0.0,8068,0,0.0
0.0,1000000.0,1.0,10000.0,case_076,0,0,7375.0830078125,7517.3642578125,fno,0010,0.0,8068,0,0.0
0.0,1000000.0,1.0,25000.0,case_076,0,0,22375.083984375,22517.36328125,fno,0010,0.0,8068,0,0.0
0.0,1000000.0,1.0,101325.0,case_076,0,0,98700.0859375,98842.3671875,fno,0010,0.0,8068,0,0.0
2.0,100000.0,0.09999999999999999,2500.0,case_077,0,0,197.935546875,197.098388671875,fno,0010,0.0,8068,0,0.0
2.0,100000.0,0.09999999999999999,3000.0,case_077,0,0,697.935546875,697.098388671875,fno,0010,0.0,8068,0,0.0
2.0,100000.0,0.09999999999999999,5000.0,case_077,0,0,2697.935546875,2697.0986328125,fno,0010,0.0,8068,0,0.0
2.0,100000.0,0.09999999999999999,10000.0,case_077,0,0,7697.935546875,7697.0986328125,fno,0010,0.0,8068,0,0.0
2.0,100000.0,0.09999999999999999,25000.0,case_077,0,0,22697.935546875,22697.09765625,fno,0010,0.0,8068,0,0.0
2.0,100000.0,0.09999999999999999,101325.0,case_077,0,0,99022.9375,99022.1015625,fno,0010,0.0,8068,0,0.0
2.0,200000.0,0.19999999999999998,2500.0,case_078,0,0,191.2568359375,188.18359375,fno,0010,0.0,8068,0,0.0
2.0,200000.0,0.19999999999999998,3000.0,case_078,0,0,691.2568359375,688.18359375,fno,0010,0.0,8068,0,0.0
2.0,200000.0,0.19999999999999998,5000.0,case_078,0,0,2691.2568359375,2688.18359375,fno,0010,0.0,8068,0,0.0
2.0,200000.0,0.19999999999999998,10000.0,case_078,0,0,7691.2568359375,7688.18359375,fno,0010,0.0,8068,0,0.0
2.0,200000.0,0.19999999999999998,25000.0,case_078,0,0,22691.255859375,22688.18359375,fno,0010,0.0,8068,0,0.0
2.0,200000.0,0.19999999999999998,101325.0,case_078,0,0,99016.2578125,99013.1875,fno,0010,0.0,8068,0,0.0
2.0,500000.0,0.5,2500.0,case_079,0,0,120.505615234375,125.79296875,fno,0010,0.0,8068,0,0.0
2.0,500000.0,0.5,3000.0,case_079,0,0,620.505615234375,625.79296875,fno,0010,0.0,8068,0,0.0
2.0,500000.0,0.5,5000.0,case_079,0,0,2620.50537109375,2625.79296875,fno,0010,0.0,8068,0,0.0
2.0,500000.0,0.5,10000.0,case_079,0,0,7620.505859375,7625.79296875,fno,0010,0.0,8068,0,0.0
2.0,500000.0,0.5,25000.0,case_079,0,0,22620.505859375,22625.79296875,fno,0010,0.0,8068,0,0.0
2.0,500000.0,0.5,101325.0,case_079,0,0,98945.5078125,98950.7890625,fno,0010,0.0,8068,0,0.0
2.0,1000000.0,1.0,2500.0,case_080,0,52,-256.9261474609375,-97.29736328125,fno,0010,0.008304412493802676,8001,15,0.0018591968269707486
2.0,1000000.0,1.0,3000.0,case_080,0,0,243.07373046875,402.70263671875,fno,0010,0.0,8068,0,0.0
2.0,1000000.0,1.0,5000.0,case_080,0,0,2243.07373046875,2402.70263671875,fno,0010,0.0,8068,0,0.0
2.0,1000000.0,1.0,10000.0,case_080,0,0,7243.07421875,7402.703125,fno,0010,0.0,8068,0,0.0
2.0,1000000.0,1.0,25000.0,case_080,0,0,22243.07421875,22402.703125,fno,0010,0.0,8068,0,0.0
2.0,1000000.0,1.0,101325.0,case_080,0,0,98568.0703125,98727.703125,fno,0010,0.0,8068,0,0.0
4.0,100000.0,0.09999999999999999,2500.0,case_081,0,0,196.62744140625,195.19677734375,fno,0010,0.0,8068,0,0.0
4.0,100000.0,0.09999999999999999,3000.0,case_081,0,0,696.62744140625,695.19677734375,fno,0010,0.0,8068,0,0.0
4.0,100000.0,0.09999999999999999,5000.0,case_081,0,0,2696.62744140625,2695.19677734375,fno,0010,0.0,8068,0,0.0
4.0,100000.0,0.09999999999999999,10000.0,case_081,0,0,7696.626953125,7695.1962890625,fno,0010,0.0,8068,0,0.0
4.0,100000.0,0.09999999999999999,25000.0,case_081,0,0,22696.626953125,22695.197265625,fno,0010,0.0,8068,0,0.0
4.0,100000.0,0.09999999999999999,101325.0,case_081,0,0,99021.625,99020.1953125,fno,0010,0.0,8068,0,0.0
4.0,200000.0,0.19999999999999998,2500.0,case_082,0,0,185.44580078125,180.112548828125,fno,0010,0.0,8068,0,0.0
4.0,200000.0,0.19999999999999998,3000.0,case_082,0,0,685.44580078125,680.112548828125,fno,0010,0.0,8068,0,0.0
4.0,200000.0,0.19999999999999998,5000.0,case_082,0,0,2685.44580078125,2680.11279296875,fno,0010,0.0,8068,0,0.0
4.0,200000.0,0.19999999999999998,10000.0,case_082,0,0,7685.4453125,7680.1123046875,fno,0010,0.0,8068,0,0.0
4.0,200000.0,0.19999999999999998,25000.0,case_082,0,0,22685.4453125,22680.11328125,fno,0010,0.0,8068,0,0.0
4.0,200000.0,0.19999999999999998,101325.0,case_082,0,0,99010.4453125,99005.109375,fno,0010,0.0,8068,0,0.0
4.0,500000.0,0.5,2500.0,case_083,0,0,87.78759765625,77.823974609375,fno,0010,0.0,8068,0,0.0
4.0,500000.0,0.5,3000.0,case_083,0,0,587.78759765625,577.823974609375,fno,0010,0.0,8068,0,0.0
4.0,500000.0,0.5,5000.0,case_083,0,0,2587.78759765625,2577.82421875,fno,0010,0.0,8068,0,0.0
4.0,500000.0,0.5,10000.0,case_083,0,0,7587.7880859375,7577.82421875,fno,0010,0.0,8068,0,0.0
4.0,500000.0,0.5,25000.0,case_083,0,0,22587.787109375,22577.82421875,fno,0010,0.0,8068,0,0.0
4.0,500000.0,0.5,101325.0,case_083,0,0,98912.7890625,98902.8203125,fno,0010,0.0,8068,0,0.0
4.0,1000000.0,1.0,2500.0,case_084,0,82,-421.156005859375,-289.5675048828125,fno,0010,0.018468021814576102,7919,67,0.008304412493802676
4.0,1000000.0,1.0,3000.0,case_084,0,0,78.843994140625,210.4326171875,fno,0010,0.0,8068,0,0.0
4.0,1000000.0,1.0,5000.0,case_084,0,0,2078.84375,2210.4326171875,fno,0010,0.0,8068,0,0.0
4.0,1000000.0,1.0,10000.0,case_084,0,0,7078.84375,7210.4326171875,fno,0010,0.0,8068,0,0.0
4.0,1000000.0,1.0,25000.0,case_084,0,0,22078.84375,22210.431640625,fno,0010,0.0,8068,0,0.0
4.0,1000000.0,1.0,101325.0,case_084,0,0,98403.84375,98535.4296875,fno,0010,0.0,8068,0,0.0
6.0,100000.0,0.09999999999999999,2500.0,case_085,0,0,195.282958984375,192.985595703125,fno,0010,0.0,8068,0,0.0
6.0,100000.0,0.09999999999999999,3000.0,case_085,0,0,695.282958984375,692.985595703125,fno,0010,0.0,8068,0,0.0
6.0,100000.0,0.09999999999999999,5000.0,case_085,0,0,2695.28271484375,2692.98583984375,fno,0010,0.0,8068,0,0.0
6.0,100000.0,0.09999999999999999,10000.0,case_085,0,0,7695.283203125,7692.9853515625,fno,0010,0.0,8068,0,0.0
6.0,100000.0,0.09999999999999999,25000.0,case_085,0,0,22695.283203125,22692.986328125,fno,0010,0.0,8068,0,0.0
6.0,100000.0,0.09999999999999999,101325.0,case_085,0,0,99020.28125,99017.984375,fno,0010,0.0,8068,0,0.0
6.0,200000.0,0.19999999999999998,2500.0,case_086,0,0,179.849609375,171.697509765625,fno,0010,0.0,8068,0,0.0
6.0,200000.0,0.19999999999999998,3000.0,case_086,0,0,679.849609375,671.697509765625,fno,0010,0.0,8068,0,0.0
6.0,200000.0,0.19999999999999998,5000.0,case_086,0,0,2679.849609375,2671.69775390625,fno,0010,0.0,8068,0,0.0
6.0,200000.0,0.19999999999999998,10000.0,case_086,0,0,7679.849609375,7671.697265625,fno,0010,0.0,8068,0,0.0
6.0,200000.0,0.19999999999999998,25000.0,case_086,0,0,22679.849609375,22671.697265625,fno,0010,0.0,8068,0,0.0
6.0,200000.0,0.19999999999999998,101325.0,case_086,0,0,99004.8515625,98996.6953125,fno,0010,0.0,8068,0,0.0
6.0,500000.0,0.5,2500.0,case_087,0,0,47.326904296875,26.041259765625,fno,0010,0.0,8068,0,0.0
6.0,500000.0,0.5,3000.0,case_087,0,0,547.326904296875,526.041259765625,fno,0010,0.0,8068,0,0.0
6.0,500000.0,0.5,5000.0,case_087,0,0,2547.3271484375,2526.04150390625,fno,0010,0.0,8068,0,0.0
6.0,500000.0,0.5,10000.0,case_087,0,0,7547.3271484375,7526.041015625,fno,0010,0.0,8068,0,0.0
6.0,500000.0,0.5,25000.0,case_087,0,0,22547.326171875,22526.041015625,fno,0010,0.0,8068,0,0.0
6.0,500000.0,0.5,101325.0,case_087,0,0,98872.328125,98851.0390625,fno,0010,0.0,8068,0,0.0
6.0,1000000.0,1.0,2500.0,case_088,0,98,-633.80078125,-497.142578125,fno,0010,0.030490827962320277,7822,148,0.01834407535944472
6.0,1000000.0,1.0,3000.0,case_088,0,3,-133.80078125,2.857421875,fno,0010,0.0003718393653941497,8065,0,0.0
6.0,1000000.0,1.0,5000.0,case_088,0,0,1866.19921875,2002.857421875,fno,0010,0.0,8068,0,0.0
6.0,1000000.0,1.0,10000.0,case_088,0,0,6866.19921875,7002.857421875,fno,0010,0.0,8068,0,0.0
6.0,1000000.0,1.0,25000.0,case_088,0,0,21866.19921875,22002.857421875,fno,0010,0.0,8068,0,0.0
6.0,1000000.0,1.0,101325.0,case_088,0,0,98191.203125,98327.859375,fno,0010,0.0,8068,0,0.0
8.0,100000.0,0.09999999999999999,2500.0,case_089,0,0,193.59619140625,190.936279296875,fno,0010,0.0,8068,0,0.0
8.0,100000.0,0.09999999999999999,3000.0,case_089,0,0,693.59619140625,690.936279296875,fno,0010,0.0,8068,0,0.0
8.0,100000.0,0.09999999999999999,5000.0,case_089,0,0,2693.59619140625,2690.93603515625,fno,0010,0.0,8068,0,0.0
8.0,100000.0,0.09999999999999999,10000.0,case_089,0,0,7693.5966796875,7690.9365234375,fno,0010,0.0,8068,0,0.0
8.0,100000.0,0.09999999999999999,25000.0,case_089,0,0,22693.595703125,22690.935546875,fno,0010,0.0,8068,0,0.0
8.0,100000.0,0.09999999999999999,101325.0,case_089,0,0,99018.59375,99015.9375,fno,0010,0.0,8068,0,0.0
8.0,200000.0,0.19999999999999998,2500.0,case_090,0,0,172.6689453125,164.40283203125,fno,0010,0.0,8068,0,0.0
8.0,200000.0,0.19999999999999998,3000.0,case_090,0,0,672.6689453125,664.40283203125,fno,0010,0.0,8068,0,0.0
8.0,200000.0,0.19999999999999998,5000.0,case_090,0,0,2672.6689453125,2664.40283203125,fno,0010,0.0,8068,0,0.0
8.0,200000.0,0.19999999999999998,10000.0,case_090,0,0,7672.6689453125,7664.4033203125,fno,0010,0.0,8068,0,0.0
8.0,200000.0,0.19999999999999998,25000.0,case_090,0,0,22672.66796875,22664.40234375,fno,0010,0.0,8068,0,0.0
8.0,200000.0,0.19999999999999998,101325.0,case_090,0,0,98997.671875,98989.40625,fno,0010,0.0,8068,0,0.0
8.0,500000.0,0.5,2500.0,case_091,1,1,-5.487548828125,-20.565185546875,fno,0010,0.00012394645513138323,8066,0,0.00012394645513138323
8.0,500000.0,0.5,3000.0,case_091,0,0,494.512451171875,479.434814453125,fno,0010,0.0,8068,0,0.0
8.0,500000.0,0.5,5000.0,case_091,0,0,2494.51220703125,2479.43505859375,fno,0010,0.0,8068,0,0.0
8.0,500000.0,0.5,10000.0,case_091,0,0,7494.5126953125,7479.4345703125,fno,0010,0.0,8068,0,0.0
8.0,500000.0,0.5,25000.0,case_091,0,0,22494.51171875,22479.435546875,fno,0010,0.0,8068,0,0.0
8.0,500000.0,0.5,101325.0,case_091,0,0,98819.515625,98804.4375,fno,0010,0.0,8068,0,0.0
8.0,1000000.0,1.0,2500.0,case_092,0,90,-740.01123046875,-683.9564208984375,fno,0010,0.040034705007436784,7745,233,0.028879524045612295
8.0,1000000.0,1.0,3000.0,case_092,0,3,-240.01123046875,-183.95654296875,fno,0010,0.0007436787307882995,8062,3,0.0003718393653941497
8.0,1000000.0,1.0,5000.0,case_092,0,0,1759.98876953125,1816.04345703125,fno,0010,0.0,8068,0,0.0
8.0,1000000.0,1.0,10000.0,case_092,0,0,6759.98828125,6816.0439453125,fno,0010,0.0,8068,0,0.0
8.0,1000000.0,1.0,25000.0,case_092,0,0,21759.98828125,21816.04296875,fno,0010,0.0,8068,0,0.0
8.0,1000000.0,1.0,101325.0,case_092,0,0,98084.9921875,98141.046875,fno,0010,0.0,8068,0,0.0
10.0,100000.0,0.09999999999999999,2500.0,case_093,0,0,191.54638671875,189.700927734375,fno,0010,0.0,8068,0,0.0
10.0,100000.0,0.09999999999999999,3000.0,case_093,0,0,691.54638671875,689.700927734375,fno,0010,0.0,8068,0,0.0
10.0,100000.0,0.09999999999999999,5000.0,case_093,0,0,2691.54638671875,2689.701171875,fno,0010,0.0,8068,0,0.0
10.0,100000.0,0.09999999999999999,10000.0,case_093,0,0,7691.5458984375,7689.701171875,fno,0010,0.0,8068,0,0.0
10.0,100000.0,0.09999999999999999,25000.0,case_093,0,0,22691.546875,22689.701171875,fno,0010,0.0,8068,0,0.0
10.0,100000.0,0.09999999999999999,101325.0,case_093,0,0,99016.546875,99014.703125,fno,0010,0.0,8068,0,0.0
10.0,200000.0,0.19999999999999998,2500.0,case_094,0,0,164.996337890625,159.192138671875,fno,0010,0.0,8068,0,0.0
10.0,200000.0,0.19999999999999998,3000.0,case_094,0,0,664.996337890625,659.192138671875,fno,0010,0.0,8068,0,0.0
10.0,200000.0,0.19999999999999998,5000.0,case_094,0,0,2664.99658203125,2659.1923828125,fno,0010,0.0,8068,0,0.0
10.0,200000.0,0.19999999999999998,10000.0,case_094,0,0,7664.99609375,7659.1923828125,fno,0010,0.0,8068,0,0.0
10.0,200000.0,0.19999999999999998,25000.0,case_094,0,0,22664.99609375,22659.19140625,fno,0010,0.0,8068,0,0.0
10.0,200000.0,0.19999999999999998,101325.0,case_094,0,0,98990.0,98984.1953125,fno,0010,0.0,8068,0,0.0
10.0,500000.0,0.5,2500.0,case_095,0,0,-34.253662109375,-56.9248046875,fno,0010,0.0003718393653941497,8065,3,0.0003718393653941497
10.0,500000.0,0.5,3000.0,case_095,0,0,465.746337890625,443.0751953125,fno,0010,0.0,8068,0,0.0
10.0,500000.0,0.5,5000.0,case_095,0,0,2465.74609375,2443.0751953125,fno,0010,0.0,8068,0,0.0
10.0,500000.0,0.5,10000.0,case_095,0,0,7465.74609375,7443.0751953125,fno,0010,0.0,8068,0,0.0
10.0,500000.0,0.5,25000.0,case_095,0,0,22465.74609375,22443.076171875,fno,0010,0.0,8068,0,0.0
10.0,500000.0,0.5,101325.0,case_095,0,0,98790.75,98768.078125,fno,0010,0.0,8068,0,0.0
10.0,1000000.0,1.0,2500.0,case_096,18,56,-854.4207763671875,-828.091064453125,fno,0010,0.044496777392166585,7691,303,0.039786812097174024
10.0,1000000.0,1.0,3000.0,case_096,1,3,-354.4207763671875,-328.091064453125,fno,0010,0.0011155180961824492,8058,6,0.0008676251859196827
10.0,1000000.0,1.0,5000.0,case_096,0,0,1645.5791015625,1671.908935546875,fno,0010,0.0,8068,0,0.0
10.0,1000000.0,1.0,10000.0,case_096,0,0,6645.5791015625,6671.9091796875,fno,0010,0.0,8068,0,0.0
10.0,1000000.0,1.0,25000.0,case_096,0,0,21645.580078125,21671.908203125,fno,0010,0.0,8068,0,0.0
10.0,1000000.0,1.0,101325.0,case_096,0,0,97970.578125,97996.90625,fno,0010,0.0,8068,0,0.0
-4.0,100000.0,0.09999999999999999,2500.0,case_097,0,0,196.655029296875,194.01123046875,fno,0012,0.0,8050,0,0.0
-4.0,100000.0,0.09999999999999999,3000.0,case_097,0,0,696.655029296875,694.01123046875,fno,0012,0.0,8050,0,0.0
-4.0,100000.0,0.09999999999999999,5000.0,case_097,0,0,2696.65478515625,2694.01123046875,fno,0012,0.0,8050,0,0.0
-4.0,100000.0,0.09999999999999999,10000.0,case_097,0,0,7696.6552734375,7694.0107421875,fno,0012,0.0,8050,0,0.0
-4.0,100000.0,0.09999999999999999,25000.0,case_097,0,0,22696.654296875,22694.01171875,fno,0012,0.0,8050,0,0.0
-4.0,100000.0,0.09999999999999999,101325.0,case_097,0,0,99021.65625,99019.0078125,fno,0012,0.0,8050,0,0.0
-4.0,200000.0,0.19999999999999998,2500.0,case_098,0,0,186.831787109375,175.774658203125,fno,0012,0.0,8050,0,0.0
-4.0,200000.0,0.19999999999999998,3000.0,case_098,0,0,686.831787109375,675.774658203125,fno,0012,0.0,8050,0,0.0
-4.0,200000.0,0.19999999999999998,5000.0,case_098,0,0,2686.83154296875,2675.7744140625,fno,0012,0.0,8050,0,0.0
-4.0,200000.0,0.19999999999999998,10000.0,case_098,0,0,7686.83203125,7675.7744140625,fno,0012,0.0,8050,0,0.0
-4.0,200000.0,0.19999999999999998,25000.0,case_098,0,0,22686.83203125,22675.775390625,fno,0012,0.0,8050,0,0.0
-4.0,200000.0,0.19999999999999998,101325.0,case_098,0,0,99011.828125,99000.7734375,fno,0012,0.0,8050,0,0.0
-4.0,500000.0,0.5,2500.0,case_099,0,0,123.14892578125,47.3837890625,fno,0012,0.0,8050,0,0.0
-4.0,500000.0,0.5,3000.0,case_099,0,0,623.14892578125,547.3837890625,fno,0012,0.0,8050,0,0.0
-4.0,500000.0,0.5,5000.0,case_099,0,0,2623.14892578125,2547.3837890625,fno,0012,0.0,8050,0,0.0
-4.0,500000.0,0.5,10000.0,case_099,0,0,7623.1484375,7547.3837890625,fno,0012,0.0,8050,0,0.0
-4.0,500000.0,0.5,25000.0,case_099,0,0,22623.1484375,22547.3828125,fno,0012,0.0,8050,0,0.0
-4.0,500000.0,0.5,101325.0,case_099,0,0,98948.1484375,98872.3828125,fno,0012,0.0,8050,0,0.0
-4.0,1000000.0,1.0,2500.0,case_100,122,0,-58.02197265625,-412.073486328125,fno,0012,0.0004968944099378882,7924,4,0.01565217391304348
-4.0,1000000.0,1.0,3000.0,case_100,0,0,441.97802734375,87.926513671875,fno,0012,0.0,8050,0,0.0
-4.0,1000000.0,1.0,5000.0,case_100,0,0,2441.97802734375,2087.9267578125,fno,0012,0.0,8050,0,0.0
-4.0,1000000.0,1.0,10000.0,case_100,0,0,7441.9775390625,7087.9267578125,fno,0012,0.0,8050,0,0.0
-4.0,1000000.0,1.0,25000.0,case_100,0,0,22441.978515625,22087.92578125,fno,0012,0.0,8050,0,0.0
-4.0,1000000.0,1.0,101325.0,case_100,0,0,98766.9765625,98412.9296875,fno,0012,0.0,8050,0,0.0
-2.0,100000.0,0.09999999999999999,2500.0,case_101,0,0,196.996826171875,196.232666015625,fno,0012,0.0,8050,0,0.0
-2.0,100000.0,0.09999999999999999,3000.0,case_101,0,0,696.996826171875,696.232666015625,fno,0012,0.0,8050,0,0.0
-2.0,100000.0,0.09999999999999999,5000.0,case_101,0,0,2696.9970703125,2696.232421875,fno,0012,0.0,8050,0,0.0
-2.0,100000.0,0.09999999999999999,10000.0,case_101,0,0,7696.9970703125,7696.232421875,fno,0012,0.0,8050,0,0.0
-2.0,100000.0,0.09999999999999999,25000.0,case_101,0,0,22696.99609375,22696.232421875,fno,0012,0.0,8050,0,0.0
-2.0,100000.0,0.09999999999999999,101325.0,case_101,0,0,99022.0,99021.234375,fno,0012,0.0,8050,0,0.0
-2.0,200000.0,0.19999999999999998,2500.0,case_102,0,0,188.39404296875,184.7197265625,fno,0012,0.0,8050,0,0.0
-2.0,200000.0,0.19999999999999998,3000.0,case_102,0,0,688.39404296875,684.7197265625,fno,0012,0.0,8050,0,0.0
-2.0,200000.0,0.19999999999999998,5000.0,case_102,0,0,2688.39404296875,2684.7197265625,fno,0012,0.0,8050,0,0.0
-2.0,200000.0,0.19999999999999998,10000.0,case_102,0,0,7688.39453125,7684.7197265625,fno,0012,0.0,8050,0,0.0
-2.0,200000.0,0.19999999999999998,25000.0,case_102,0,0,22688.39453125,22684.720703125,fno,0012,0.0,8050,0,0.0
-2.0,200000.0,0.19999999999999998,101325.0,case_102,0,0,99013.390625,99009.71875,fno,0012,0.0,8050,0,0.0
-2.0,500000.0,0.5,2500.0,case_103,0,0,134.8935546875,103.654296875,fno,0012,0.0,8050,0,0.0
-2.0,500000.0,0.5,3000.0,case_103,0,0,634.8935546875,603.654296875,fno,0012,0.0,8050,0,0.0
-2.0,500000.0,0.5,5000.0,case_103,0,0,2634.8935546875,2603.654296875,fno,0012,0.0,8050,0,0.0
-2.0,500000.0,0.5,10000.0,case_103,0,0,7634.8935546875,7603.654296875,fno,0012,0.0,8050,0,0.0
-2.0,500000.0,0.5,25000.0,case_103,0,0,22634.892578125,22603.654296875,fno,0012,0.0,8050,0,0.0
-2.0,500000.0,0.5,101325.0,case_103,0,0,98959.890625,98928.65625,fno,0012,0.0,8050,0,0.0
-2.0,1000000.0,1.0,2500.0,case_104,48,0,-13.01025390625,-186.510498046875,fno,0012,0.00012422360248447205,8001,1,0.00608695652173913
-2.0,1000000.0,1.0,3000.0,case_104,0,0,486.98974609375,313.489501953125,fno,0012,0.0,8050,0,0.0
-2.0,1000000.0,1.0,5000.0,case_104,0,0,2486.98974609375,2313.48974609375,fno,0012,0.0,8050,0,0.0
-2.0,1000000.0,1.0,10000.0,case_104,0,0,7486.9892578125,7313.4892578125,fno,0012,0.0,8050,0,0.0
-2.0,1000000.0,1.0,25000.0,case_104,0,0,22486.990234375,22313.490234375,fno,0012,0.0,8050,0,0.0
-2.0,1000000.0,1.0,101325.0,case_104,0,0,98811.9921875,98638.4921875,fno,0012,0.0,8050,0,0.0
0.0,100000.0,0.09999999999999999,2500.0,case_105,0,0,197.460205078125,197.907958984375,fno,0012,0.0,8050,0,0.0
0.0,100000.0,0.09999999999999999,3000.0,case_105,0,0,697.460205078125,697.907958984375,fno,0012,0.0,8050,0,0.0
0.0,100000.0,0.09999999999999999,5000.0,case_105,0,0,2697.46044921875,2697.90771484375,fno,0012,0.0,8050,0,0.0
0.0,100000.0,0.09999999999999999,10000.0,case_105,0,0,7697.4599609375,7697.908203125,fno,0012,0.0,8050,0,0.0
0.0,100000.0,0.09999999999999999,25000.0,case_105,0,0,22697.4609375,22697.908203125,fno,0012,0.0,8050,0,0.0
0.0,100000.0,0.09999999999999999,101325.0,case_105,0,0,99022.4609375,99022.90625,fno,0012,0.0,8050,0,0.0
0.0,200000.0,0.19999999999999998,2500.0,case_106,0,0,190.1796875,191.534423828125,fno,0012,0.0,8050,0,0.0
0.0,200000.0,0.19999999999999998,3000.0,case_106,0,0,690.1796875,691.534423828125,fno,0012,0.0,8050,0,0.0
0.0,200000.0,0.19999999999999998,5000.0,case_106,0,0,2690.1796875,2691.5341796875,fno,0012,0.0,8050,0,0.0
0.0,200000.0,0.19999999999999998,10000.0,case_106,0,0,7690.1796875,7691.5341796875,fno,0012,0.0,8050,0,0.0
0.0,200000.0,0.19999999999999998,25000.0,case_106,0,0,22690.1796875,22691.53515625,fno,0012,0.0,8050,0,0.0
0.0,200000.0,0.19999999999999998,101325.0,case_106,0,0,99015.1796875,99016.53125,fno,0012,0.0,8050,0,0.0
0.0,500000.0,0.5,2500.0,case_107,0,0,145.92626953125,146.75634765625,fno,0012,0.0,8050,0,0.0
0.0,500000.0,0.5,3000.0,case_107,0,0,645.92626953125,646.75634765625,fno,0012,0.0,8050,0,0.0
0.0,500000.0,0.5,5000.0,case_107,0,0,2645.92626953125,2646.75634765625,fno,0012,0.0,8050,0,0.0
0.0,500000.0,0.5,10000.0,case_107,0,0,7645.92578125,7646.7568359375,fno,0012,0.0,8050,0,0.0
0.0,500000.0,0.5,25000.0,case_107,0,0,22645.92578125,22646.755859375,fno,0012,0.0,8050,0,0.0
0.0,500000.0,0.5,101325.0,case_107,0,0,98970.9296875,98971.7578125,fno,0012,0.0,8050,0,0.0
0.0,1000000.0,1.0,2500.0,case_108,6,15,-55.623046875,-13.424560546875,fno,0012,0.0018633540372670807,8029,0,0.0007453416149068323
0.0,1000000.0,1.0,3000.0,case_108,0,0,444.376953125,486.575439453125,fno,0012,0.0,8050,0,0.0
0.0,1000000.0,1.0,5000.0,case_108,0,0,2444.376953125,2486.5751953125,fno,0012,0.0,8050,0,0.0
0.0,1000000.0,1.0,10000.0,case_108,0,0,7444.376953125,7486.5751953125,fno,0012,0.0,8050,0,0.0
0.0,1000000.0,1.0,25000.0,case_108,0,0,22444.376953125,22486.576171875,fno,0012,0.0,8050,0,0.0
0.0,1000000.0,1.0,101325.0,case_108,0,0,98769.375,98811.578125,fno,0012,0.0,8050,0,0.0
2.0,100000.0,0.09999999999999999,2500.0,case_109,0,0,197.93359375,196.817138671875,fno,0012,0.0,8050,0,0.0
2.0,100000.0,0.09999999999999999,3000.0,case_109,0,0,697.93359375,696.817138671875,fno,0012,0.0,8050,0,0.0
2.0,100000.0,0.09999999999999999,5000.0,case_109,0,0,2697.93359375,2696.8173828125,fno,0012,0.0,8050,0,0.0
2.0,100000.0,0.09999999999999999,10000.0,case_109,0,0,7697.93359375,7696.8173828125,fno,0012,0.0,8050,0,0.0
2.0,100000.0,0.09999999999999999,25000.0,case_109,0,0,22697.93359375,22696.81640625,fno,0012,0.0,8050,0,0.0
2.0,100000.0,0.09999999999999999,101325.0,case_109,0,0,99022.9296875,99021.8203125,fno,0012,0.0,8050,0,0.0
2.0,200000.0,0.19999999999999998,2500.0,case_110,0,0,192.18896484375,187.204345703125,fno,0012,0.0,8050,0,0.0
2.0,200000.0,0.19999999999999998,3000.0,case_110,0,0,692.18896484375,687.204345703125,fno,0012,0.0,8050,0,0.0
2.0,200000.0,0.19999999999999998,5000.0,case_110,0,0,2692.18896484375,2687.20458984375,fno,0012,0.0,8050,0,0.0
2.0,200000.0,0.19999999999999998,10000.0,case_110,0,0,7692.189453125,7687.2041015625,fno,0012,0.0,8050,0,0.0
2.0,200000.0,0.19999999999999998,25000.0,case_110,0,0,22692.189453125,22687.205078125,fno,0012,0.0,8050,0,0.0
2.0,200000.0,0.19999999999999998,101325.0,case_110,0,0,99017.1875,99012.203125,fno,0012,0.0,8050,0,0.0
2.0,500000.0,0.5,2500.0,case_111,0,0,137.420166015625,119.629150390625,fno,0012,0.0,8050,0,0.0
2.0,500000.0,0.5,3000.0,case_111,0,0,637.420166015625,619.629150390625,fno,0012,0.0,8050,0,0.0
2.0,500000.0,0.5,5000.0,case_111,0,0,2637.42041015625,2619.62890625,fno,0012,0.0,8050,0,0.0
2.0,500000.0,0.5,10000.0,case_111,0,0,7637.419921875,7619.62890625,fno,0012,0.0,8050,0,0.0
2.0,500000.0,0.5,25000.0,case_111,0,0,22637.419921875,22619.62890625,fno,0012,0.0,8050,0,0.0
2.0,500000.0,0.5,101325.0,case_111,0,0,98962.421875,98944.6328125,fno,0012,0.0,8050,0,0.0
2.0,1000000.0,1.0,2500.0,case_112,0,50,-205.19775390625,-122.009033203125,fno,0012,0.009440993788819876,7974,26,0.003229813664596273
2.0,1000000.0,1.0,3000.0,case_112,0,0,294.80224609375,377.990966796875,fno,0012,0.0,8050,0,0.0
2.0,1000000.0,1.0,5000.0,case_112,0,0,2294.80224609375,2377.9912109375,fno,0012,0.0,8050,0,0.0
2.0,1000000.0,1.0,10000.0,case_112,0,0,7294.8017578125,7377.9912109375,fno,0012,0.0,8050,0,0.0
2.0,1000000.0,1.0,25000.0,case_112,0,0,22294.802734375,22377.990234375,fno,0012,0.0,8050,0,0.0
2.0,1000000.0,1.0,101325.0,case_112,0,0,98619.8046875,98702.9921875,fno,0012,0.0,8050,0,0.0
4.0,100000.0,0.09999999999999999,2500.0,case_113,0,0,197.3466796875,194.56591796875,fno,0012,0.0,8050,0,0.0
4.0,100000.0,0.09999999999999999,3000.0,case_113,0,0,697.3466796875,694.56591796875,fno,0012,0.0,8050,0,0.0
4.0,100000.0,0.09999999999999999,5000.0,case_113,0,0,2697.3466796875,2694.56591796875,fno,0012,0.0,8050,0,0.0
4.0,100000.0,0.09999999999999999,10000.0,case_113,0,0,7697.3466796875,7694.56640625,fno,0012,0.0,8050,0,0.0
4.0,100000.0,0.09999999999999999,25000.0,case_113,0,0,22697.34765625,22694.56640625,fno,0012,0.0,8050,0,0.0
4.0,100000.0,0.09999999999999999,101325.0,case_113,0,0,99022.34375,99019.5625,fno,0012,0.0,8050,0,0.0
4.0,200000.0,0.19999999999999998,2500.0,case_114,0,0,188.19189453125,178.137939453125,fno,0012,0.0,8050,0,0.0
4.0,200000.0,0.19999999999999998,3000.0,case_114,0,0,688.19189453125,678.137939453125,fno,0012,0.0,8050,0,0.0
4.0,200000.0,0.19999999999999998,5000.0,case_114,0,0,2688.19189453125,2678.1376953125,fno,0012,0.0,8050,0,0.0
4.0,200000.0,0.19999999999999998,10000.0,case_114,0,0,7688.1923828125,7678.1376953125,fno,0012,0.0,8050,0,0.0
4.0,200000.0,0.19999999999999998,25000.0,case_114,0,0,22688.19140625,22678.138671875,fno,0012,0.0,8050,0,0.0
4.0,200000.0,0.19999999999999998,101325.0,case_114,0,0,99013.1953125,99003.140625,fno,0012,0.0,8050,0,0.0
4.0,500000.0,0.5,2500.0,case_115,0,0,100.787841796875,62.58935546875,fno,0012,0.0,8050,0,0.0
4.0,500000.0,0.5,3000.0,case_115,0,0,600.787841796875,562.58935546875,fno,0012,0.0,8050,0,0.0
4.0,500000.0,0.5,5000.0,case_115,0,0,2600.78759765625,2562.58935546875,fno,0012,0.0,8050,0,0.0
4.0,500000.0,0.5,10000.0,case_115,0,0,7600.7880859375,7562.5888671875,fno,0012,0.0,8050,0,0.0
4.0,500000.0,0.5,25000.0,case_115,0,0,22600.787109375,22562.58984375,fno,0012,0.0,8050,0,0.0
4.0,500000.0,0.5,101325.0,case_115,0,0,98925.7890625,98887.5859375,fno,0012,0.0,8050,0,0.0
4.0,1000000.0,1.0,2500.0,case_116,0,76,-361.405517578125,-350.66064453125,fno,0012,0.020124223602484472,7888,86,0.010683229813664596
4.0,1000000.0,1.0,3000.0,case_116,0,0,138.594482421875,149.33935546875,fno,0012,0.0,8050,0,0.0
4.0,1000000.0,1.0,5000.0,case_116,0,0,2138.5947265625,2149.33935546875,fno,0012,0.0,8050,0,0.0
4.0,1000000.0,1.0,10000.0,case_116,0,0,7138.5947265625,7149.33984375,fno,0012,0.0,8050,0,0.0
4.0,1000000.0,1.0,25000.0,case_116,0,0,22138.59375,22149.33984375,fno,0012,0.0,8050,0,0.0
4.0,1000000.0,1.0,101325.0,case_116,0,0,98463.59375,98474.3359375,fno,0012,0.0,8050,0,0.0
6.0,100000.0,0.09999999999999999,2500.0,case_117,0,0,195.8056640625,192.16455078125,fno,0012,0.0,8050,0,0.0
6.0,100000.0,0.09999999999999999,3000.0,case_117,0,0,695.8056640625,692.16455078125,fno,0012,0.0,8050,0,0.0
6.0,100000.0,0.09999999999999999,5000.0,case_117,0,0,2695.8056640625,2692.16455078125,fno,0012,0.0,8050,0,0.0
6.0,100000.0,0.09999999999999999,10000.0,case_117,0,0,7695.8056640625,7692.1650390625,fno,0012,0.0,8050,0,0.0
6.0,100000.0,0.09999999999999999,25000.0,case_117,0,0,22695.806640625,22692.1640625,fno,0012,0.0,8050,0,0.0
6.0,100000.0,0.09999999999999999,101325.0,case_117,0,0,99020.8046875,99017.1640625,fno,0012,0.0,8050,0,0.0
6.0,200000.0,0.19999999999999998,2500.0,case_118,0,0,182.031982421875,168.39990234375,fno,0012,0.0,8050,0,0.0
6.0,200000.0,0.19999999999999998,3000.0,case_118,0,0,682.031982421875,668.39990234375,fno,0012,0.0,8050,0,0.0
6.0,200000.0,0.19999999999999998,5000.0,case_118,0,0,2682.03173828125,2668.39990234375,fno,0012,0.0,8050,0,0.0
6.0,200000.0,0.19999999999999998,10000.0,case_118,0,0,7682.0322265625,7668.3994140625,fno,0012,0.0,8050,0,0.0
6.0,200000.0,0.19999999999999998,25000.0,case_118,0,0,22682.03125,22668.400390625,fno,0012,0.0,8050,0,0.0
6.0,200000.0,0.19999999999999998,101325.0,case_118,0,0,99007.03125,98993.3984375,fno,0012,0.0,8050,0,0.0
6.0,500000.0,0.5,2500.0,case_119,0,0,62.302490234375,5.531982421875,fno,0012,0.0,8050,0,0.0
6.0,500000.0,0.5,3000.0,case_119,0,0,562.302490234375,505.531982421875,fno,0012,0.0,8050,0,0.0
6.0,500000.0,0.5,5000.0,case_119,0,0,2562.302734375,2505.5322265625,fno,0012,0.0,8050,0,0.0
6.0,500000.0,0.5,10000.0,case_119,0,0,7562.302734375,7505.5322265625,fno,0012,0.0,8050,0,0.0
6.0,500000.0,0.5,25000.0,case_119,0,0,22562.302734375,22505.53125,fno,0012,0.0,8050,0,0.0
6.0,500000.0,0.5,101325.0,case_119,0,0,98887.3046875,98830.53125,fno,0012,0.0,8050,0,0.0
6.0,1000000.0,1.0,2500.0,case_120,0,87,-581.956787109375,-579.460205078125,fno,0012,0.03192546583850932,7793,170,0.02111801242236025
6.0,1000000.0,1.0,3000.0,case_120,0,1,-81.956787109375,-79.460205078125,fno,0012,0.0002484472049689441,8048,1,0.00012422360248447205
6.0,1000000.0,1.0,5000.0,case_120,0,0,1918.04296875,1920.53955078125,fno,0012,0.0,8050,0,0.0
6.0,1000000.0,1.0,10000.0,case_120,0,0,6918.04296875,6920.5400390625,fno,0012,0.0,8050,0,0.0
6.0,1000000.0,1.0,25000.0,case_120,0,0,21918.04296875,21920.5390625,fno,0012,0.0,8050,0,0.0
6.0,1000000.0,1.0,101325.0,case_120,0,0,98243.046875,98245.5390625,fno,0012,0.0,8050,0,0.0
8.0,100000.0,0.09999999999999999,2500.0,case_121,0,0,194.190185546875,189.905517578125,fno,0012,0.0,8050,0,0.0
8.0,100000.0,0.09999999999999999,3000.0,case_121,0,0,694.190185546875,689.905517578125,fno,0012,0.0,8050,0,0.0
8.0,100000.0,0.09999999999999999,5000.0,case_121,0,0,2694.1904296875,2689.90576171875,fno,0012,0.0,8050,0,0.0
8.0,100000.0,0.09999999999999999,10000.0,case_121,0,0,7694.1904296875,7689.9052734375,fno,0012,0.0,8050,0,0.0
8.0,100000.0,0.09999999999999999,25000.0,case_121,0,0,22694.189453125,22689.90625,fno,0012,0.0,8050,0,0.0
8.0,100000.0,0.09999999999999999,101325.0,case_121,0,0,99019.1875,99014.90625,fno,0012,0.0,8050,0,0.0
8.0,200000.0,0.19999999999999998,2500.0,case_122,0,0,175.037841796875,159.871826171875,fno,0012,0.0,8050,0,0.0
8.0,200000.0,0.19999999999999998,3000.0,case_122,0,0,675.037841796875,659.871826171875,fno,0012,0.0,8050,0,0.0
8.0,200000.0,0.19999999999999998,5000.0,case_122,0,0,2675.03759765625,2659.87158203125,fno,0012,0.0,8050,0,0.0
8.0,200000.0,0.19999999999999998,10000.0,case_122,0,0,7675.0380859375,7659.8720703125,fno,0012,0.0,8050,0,0.0
8.0,200000.0,0.19999999999999998,25000.0,case_122,0,0,22675.037109375,22659.87109375,fno,0012,0.0,8050,0,0.0
8.0,200000.0,0.19999999999999998,101325.0,case_122,0,0,99000.0390625,98984.875,fno,0012,0.0,8050,0,0.0
8.0,500000.0,0.5,2500.0,case_123,2,0,7.8125,-48.828125,fno,0012,0.0,8048,0,0.0002484472049689441
8.0,500000.0,0.5,3000.0,case_123,0,0,507.8125,451.171875,fno,0012,0.0,8050,0,0.0
8.0,500000.0,0.5,5000.0,case_123,0,0,2507.8125,2451.171875,fno,0012,0.0,8050,0,0.0
8.0,500000.0,0.5,10000.0,case_123,0,0,7507.8125,7451.171875,fno,0012,0.0,8050,0,0.0
8.0,500000.0,0.5,25000.0,case_123,0,0,22507.8125,22451.171875,fno,0012,0.0,8050,0,0.0
8.0,500000.0,0.5,101325.0,case_123,0,0,98832.8125,98776.171875,fno,0012,0.0,8050,0,0.0
8.0,1000000.0,1.0,2500.0,case_124,0,111,-781.5118408203125,-797.58740234375,fno,0012,0.04633540372670807,7677,262,0.032546583850931676
8.0,1000000.0,1.0,3000.0,case_124,0,3,-281.5118408203125,-297.58740234375,fno,0012,0.0007453416149068323,8044,3,0.00037267080745341616
8.0,1000000.0,1.0,5000.0,case_124,0,0,1718.48828125,1702.41259765625,fno,0012,0.0,8050,0,0.0
8.0,1000000.0,1.0,10000.0,case_124,0,0,6718.48828125,6702.4130859375,fno,0012,0.0,8050,0,0.0
8.0,1000000.0,1.0,25000.0,case_124,0,0,21718.48828125,21702.412109375,fno,0012,0.0,8050,0,0.0
8.0,1000000.0,1.0,101325.0,case_124,0,0,98043.484375,98027.4140625,fno,0012,0.0,8050,0,0.0
10.0,100000.0,0.09999999999999999,2500.0,case_125,0,0,191.943115234375,188.190185546875,fno,0012,0.0,8050,0,0.0
10.0,100000.0,0.09999999999999999,3000.0,case_125,0,0,691.943115234375,688.190185546875,fno,0012,0.0,8050,0,0.0
10.0,100000.0,0.09999999999999999,5000.0,case_125,0,0,2691.943359375,2688.1904296875,fno,0012,0.0,8050,0,0.0
10.0,100000.0,0.09999999999999999,10000.0,case_125,0,0,7691.943359375,7688.1904296875,fno,0012,0.0,8050,0,0.0
10.0,100000.0,0.09999999999999999,25000.0,case_125,0,0,22691.943359375,22688.189453125,fno,0012,0.0,8050,0,0.0
10.0,100000.0,0.09999999999999999,101325.0,case_125,0,0,99016.9453125,99013.1875,fno,0012,0.0,8050,0,0.0
10.0,200000.0,0.19999999999999998,2500.0,case_126,0,0,165.699951171875,152.173828125,fno,0012,0.0,8050,0,0.0
10.0,200000.0,0.19999999999999998,3000.0,case_126,0,0,665.699951171875,652.173828125,fno,0012,0.0,8050,0,0.0
10.0,200000.0,0.19999999999999998,5000.0,case_126,0,0,2665.7001953125,2652.173828125,fno,0012,0.0,8050,0,0.0
10.0,200000.0,0.19999999999999998,10000.0,case_126,0,0,7665.7001953125,7652.173828125,fno,0012,0.0,8050,0,0.0
10.0,200000.0,0.19999999999999998,25000.0,case_126,0,0,22665.69921875,22652.173828125,fno,0012,0.0,8050,0,0.0
10.0,200000.0,0.19999999999999998,101325.0,case_126,0,0,98990.703125,98977.171875,fno,0012,0.0,8050,0,0.0
10.0,500000.0,0.5,2500.0,case_127,2,0,-42.949951171875,-97.72216796875,fno,0012,0.00037267080745341616,8045,3,0.0006211180124223603
10.0,500000.0,0.5,3000.0,case_127,0,0,457.050048828125,402.27783203125,fno,0012,0.0,8050,0,0.0
10.0,500000.0,0.5,5000.0,case_127,0,0,2457.0498046875,2402.27783203125,fno,0012,0.0,8050,0,0.0
10.0,500000.0,0.5,10000.0,case_127,0,0,7457.0498046875,7402.2783203125,fno,0012,0.0,8050,0,0.0
10.0,500000.0,0.5,25000.0,case_127,0,0,22457.05078125,22402.27734375,fno,0012,0.0,8050,0,0.0
10.0,500000.0,0.5,101325.0,case_127,0,0,98782.046875,98727.28125,fno,0012,0.0,8050,0,0.0
10.0,1000000.0,1.0,2500.0,case_128,9,58,-876.4921875,-993.9029541015625,fno,0012,0.049565217391304345,7642,341,0.043478260869565216
10.0,1000000.0,1.0,3000.0,case_128,2,1,-376.4921875,-493.9029541015625,fno,0012,0.0011180124223602484,8039,8,0.0012422360248447205
10.0,1000000.0,1.0,5000.0,case_128,0,0,1623.5078125,1506.09716796875,fno,0012,0.0,8050,0,0.0
10.0,1000000.0,1.0,10000.0,case_128,0,0,6623.5078125,6506.0966796875,fno,0012,0.0,8050,0,0.0
10.0,1000000.0,1.0,25000.0,case_128,0,0,21623.5078125,21506.09765625,fno,0012,0.0,8050,0,0.0
10.0,1000000.0,1.0,101325.0,case_128,0,0,97948.5078125,97831.09375,fno,0012,0.0,8050,0,0.0
-4.0,100000.0,0.09999999999999999,2500.0,case_129,0,0,195.733154296875,194.35107421875,fno,0015,0.0,8008,0,0.0
-4.0,100000.0,0.09999999999999999,3000.0,case_129,0,0,695.733154296875,694.35107421875,fno,0015,0.0,8008,0,0.0
-4.0,100000.0,0.09999999999999999,5000.0,case_129,0,0,2695.73291015625,2694.35107421875,fno,0015,0.0,8008,0,0.0
-4.0,100000.0,0.09999999999999999,10000.0,case_129,0,0,7695.7333984375,7694.3505859375,fno,0015,0.0,8008,0,0.0
-4.0,100000.0,0.09999999999999999,25000.0,case_129,0,0,22695.732421875,22694.3515625,fno,0015,0.0,8008,0,0.0
-4.0,100000.0,0.09999999999999999,101325.0,case_129,0,0,99020.734375,99019.3515625,fno,0015,0.0,8008,0,0.0
-4.0,200000.0,0.19999999999999998,2500.0,case_130,0,0,183.031005859375,177.379638671875,fno,0015,0.0,8008,0,0.0
-4.0,200000.0,0.19999999999999998,3000.0,case_130,0,0,683.031005859375,677.379638671875,fno,0015,0.0,8008,0,0.0
-4.0,200000.0,0.19999999999999998,5000.0,case_130,0,0,2683.03125,2677.37939453125,fno,0015,0.0,8008,0,0.0
-4.0,200000.0,0.19999999999999998,10000.0,case_130,0,0,7683.03125,7677.3798828125,fno,0015,0.0,8008,0,0.0
-4.0,200000.0,0.19999999999999998,25000.0,case_130,0,0,22683.03125,22677.37890625,fno,0015,0.0,8008,0,0.0
-4.0,200000.0,0.19999999999999998,101325.0,case_130,0,0,99008.03125,99002.3828125,fno,0015,0.0,8008,0,0.0
-4.0,500000.0,0.5,2500.0,case_131,0,0,97.57177734375,57.5546875,fno,0015,0.0,8008,0,0.0
-4.0,500000.0,0.5,3000.0,case_131,0,0,597.57177734375,557.5546875,fno,0015,0.0,8008,0,0.0
-4.0,500000.0,0.5,5000.0,case_131,0,0,2597.57177734375,2557.5546875,fno,0015,0.0,8008,0,0.0
-4.0,500000.0,0.5,10000.0,case_131,0,0,7597.572265625,7557.5546875,fno,0015,0.0,8008,0,0.0
-4.0,500000.0,0.5,25000.0,case_131,0,0,22597.572265625,22557.5546875,fno,0015,0.0,8008,0,0.0
-4.0,500000.0,0.5,101325.0,case_131,0,0,98922.5703125,98882.5546875,fno,0015,0.0,8008,0,0.0
-4.0,1000000.0,1.0,2500.0,case_132,141,0,-138.22216796875,-371.20068359375,fno,0015,0.0027472527472527475,7845,22,0.020354645354645356
-4.0,1000000.0,1.0,3000.0,case_132,0,0,361.77783203125,128.79931640625,fno,0015,0.0,8008,0,0.0
-4.0,1000000.0,1.0,5000.0,case_132,0,0,2361.77783203125,2128.79931640625,fno,0015,0.0,8008,0,0.0
-4.0,1000000.0,1.0,10000.0,case_132,0,0,7361.7783203125,7128.7998046875,fno,0015,0.0,8008,0,0.0
-4.0,1000000.0,1.0,25000.0,case_132,0,0,22361.77734375,22128.798828125,fno,0015,0.0,8008,0,0.0
-4.0,1000000.0,1.0,101325.0,case_132,0,0,98686.78125,98453.796875,fno,0015,0.0,8008,0,0.0
-2.0,100000.0,0.09999999999999999,2500.0,case_133,0,0,195.962890625,195.881591796875,fno,0015,0.0,8008,0,0.0
-2.0,100000.0,0.09999999999999999,3000.0,case_133,0,0,695.962890625,695.881591796875,fno,0015,0.0,8008,0,0.0
-2.0,100000.0,0.09999999999999999,5000.0,case_133,0,0,2695.962890625,2695.88134765625,fno,0015,0.0,8008,0,0.0
-2.0,100000.0,0.09999999999999999,10000.0,case_133,0,0,7695.962890625,7695.8818359375,fno,0015,0.0,8008,0,0.0
-2.0,100000.0,0.09999999999999999,25000.0,case_133,0,0,22695.962890625,22695.880859375,fno,0015,0.0,8008,0,0.0
-2.0,100000.0,0.09999999999999999,101325.0,case_133,0,0,99020.9609375,99020.8828125,fno,0015,0.0,8008,0,0.0
-2.0,200000.0,0.19999999999999998,2500.0,case_134,0,0,184.25,183.510009765625,fno,0015,0.0,8008,0,0.0
-2.0,200000.0,0.19999999999999998,3000.0,case_134,0,0,684.25,683.510009765625,fno,0015,0.0,8008,0,0.0
-2.0,200000.0,0.19999999999999998,5000.0,case_134,0,0,2684.25,2683.509765625,fno,0015,0.0,8008,0,0.0
-2.0,200000.0,0.19999999999999998,10000.0,case_134,0,0,7684.25,7683.509765625,fno,0015,0.0,8008,0,0.0
-2.0,200000.0,0.19999999999999998,25000.0,case_134,0,0,22684.25,22683.509765625,fno,0015,0.0,8008,0,0.0
-2.0,200000.0,0.19999999999999998,101325.0,case_134,0,0,99009.25,99008.5078125,fno,0015,0.0,8008,0,0.0
-2.0,500000.0,0.5,2500.0,case_135,0,0,114.00927734375,96.166015625,fno,0015,0.0,8008,0,0.0
-2.0,500000.0,0.5,3000.0,case_135,0,0,614.00927734375,596.166015625,fno,0015,0.0,8008,0,0.0
-2.0,500000.0,0.5,5000.0,case_135,0,0,2614.00927734375,2596.166015625,fno,0015,0.0,8008,0,0.0
-2.0,500000.0,0.5,10000.0,case_135,0,0,7614.009765625,7596.166015625,fno,0015,0.0,8008,0,0.0
-2.0,500000.0,0.5,25000.0,case_135,0,0,22614.009765625,22596.166015625,fno,0015,0.0,8008,0,0.0
-2.0,500000.0,0.5,101325.0,case_135,0,0,98939.0078125,98921.1640625,fno,0015,0.0,8008,0,0.0
-2.0,1000000.0,1.0,2500.0,case_136,80,0,-29.47705078125,-216.358642578125,fno,0015,0.0003746253746253746,7925,3,0.010364635364635364
-2.0,1000000.0,1.0,3000.0,case_136,0,0,470.52294921875,283.641357421875,fno,0015,0.0,8008,0,0.0
-2.0,1000000.0,1.0,5000.0,case_136,0,0,2470.52294921875,2283.64111328125,fno,0015,0.0,8008,0,0.0
-2.0,1000000.0,1.0,10000.0,case_136,0,0,7470.5224609375,7283.6416015625,fno,0015,0.0,8008,0,0.0
-2.0,1000000.0,1.0,25000.0,case_136,0,0,22470.5234375,22283.640625,fno,0015,0.0,8008,0,0.0
-2.0,1000000.0,1.0,101325.0,case_136,0,0,98795.5234375,98608.640625,fno,0015,0.0,8008,0,0.0
0.0,100000.0,0.09999999999999999,2500.0,case_137,0,0,196.724365234375,197.3544921875,fno,0015,0.0,8008,0,0.0
0.0,100000.0,0.09999999999999999,3000.0,case_137,0,0,696.724365234375,697.3544921875,fno,0015,0.0,8008,0,0.0
0.0,100000.0,0.09999999999999999,5000.0,case_137,0,0,2696.72412109375,2697.3544921875,fno,0015,0.0,8008,0,0.0
0.0,100000.0,0.09999999999999999,10000.0,case_137,0,0,7696.724609375,7697.3544921875,fno,0015,0.0,8008,0,0.0
0.0,100000.0,0.09999999999999999,25000.0,case_137,0,0,22696.724609375,22697.353515625,fno,0015,0.0,8008,0,0.0
0.0,100000.0,0.09999999999999999,101325.0,case_137,0,0,99021.7265625,99022.3515625,fno,0015,0.0,8008,0,0.0
0.0,200000.0,0.19999999999999998,2500.0,case_138,0,0,187.83251953125,189.410400390625,fno,0015,0.0,8008,0,0.0
0.0,200000.0,0.19999999999999998,3000.0,case_138,0,0,687.83251953125,689.410400390625,fno,0015,0.0,8008,0,0.0
0.0,200000.0,0.19999999999999998,5000.0,case_138,0,0,2687.83251953125,2689.41015625,fno,0015,0.0,8008,0,0.0
0.0,200000.0,0.19999999999999998,10000.0,case_138,0,0,7687.8330078125,7689.41015625,fno,0015,0.0,8008,0,0.0
0.0,200000.0,0.19999999999999998,25000.0,case_138,0,0,22687.83203125,22689.41015625,fno,0015,0.0,8008,0,0.0
0.0,200000.0,0.19999999999999998,101325.0,case_138,0,0,99012.8359375,99014.4140625,fno,0015,0.0,8008,0,0.0
0.0,500000.0,0.5,2500.0,case_139,0,0,141.37646484375,133.32568359375,fno,0015,0.0,8008,0,0.0
0.0,500000.0,0.5,3000.0,case_139,0,0,641.37646484375,633.32568359375,fno,0015,0.0,8008,0,0.0
0.0,500000.0,0.5,5000.0,case_139,0,0,2641.37646484375,2633.32568359375,fno,0015,0.0,8008,0,0.0
0.0,500000.0,0.5,10000.0,case_139,0,0,7641.3759765625,7633.3251953125,fno,0015,0.0,8008,0,0.0
0.0,500000.0,0.5,25000.0,case_139,0,0,22641.376953125,22633.326171875,fno,0015,0.0,8008,0,0.0
0.0,500000.0,0.5,101325.0,case_139,0,0,98966.375,98958.328125,fno,0015,0.0,8008,0,0.0
0.0,1000000.0,1.0,2500.0,case_140,22,24,-107.841064453125,-67.346923828125,fno,0015,0.0036213786213786215,7957,5,0.0033716283716283715
0.0,1000000.0,1.0,3000.0,case_140,0,0,392.158935546875,432.653076171875,fno,0015,0.0,8008,0,0.0
0.0,1000000.0,1.0,5000.0,case_140,0,0,2392.15869140625,2432.65283203125,fno,0015,0.0,8008,0,0.0
0.0,1000000.0,1.0,10000.0,case_140,0,0,7392.1591796875,7432.6533203125,fno,0015,0.0,8008,0,0.0
0.0,1000000.0,1.0,25000.0,case_140,0,0,22392.158203125,22432.65234375,fno,0015,0.0,8008,0,0.0
0.0,1000000.0,1.0,101325.0,case_140,0,0,98717.15625,98757.65625,fno,0015,0.0,8008,0,0.0
2.0,100000.0,0.09999999999999999,2500.0,case_141,0,0,197.734130859375,196.626220703125,fno,0015,0.0,8008,0,0.0
2.0,100000.0,0.09999999999999999,3000.0,case_141,0,0,697.734130859375,696.626220703125,fno,0015,0.0,8008,0,0.0
2.0,100000.0,0.09999999999999999,5000.0,case_141,0,0,2697.734375,2696.6259765625,fno,0015,0.0,8008,0,0.0
2.0,100000.0,0.09999999999999999,10000.0,case_141,0,0,7697.734375,7696.6259765625,fno,0015,0.0,8008,0,0.0
2.0,100000.0,0.09999999999999999,25000.0,case_141,0,0,22697.734375,22696.626953125,fno,0015,0.0,8008,0,0.0
2.0,100000.0,0.09999999999999999,101325.0,case_141,0,0,99022.734375,99021.625,fno,0015,0.0,8008,0,0.0
2.0,200000.0,0.19999999999999998,2500.0,case_142,0,0,191.189697265625,186.32275390625,fno,0015,0.0,8008,0,0.0
2.0,200000.0,0.19999999999999998,3000.0,case_142,0,0,691.189697265625,686.32275390625,fno,0015,0.0,8008,0,0.0
2.0,200000.0,0.19999999999999998,5000.0,case_142,0,0,2691.189453125,2686.32275390625,fno,0015,0.0,8008,0,0.0
2.0,200000.0,0.19999999999999998,10000.0,case_142,0,0,7691.189453125,7686.322265625,fno,0015,0.0,8008,0,0.0
2.0,200000.0,0.19999999999999998,25000.0,case_142,0,0,22691.189453125,22686.322265625,fno,0015,0.0,8008,0,0.0
2.0,200000.0,0.19999999999999998,101325.0,case_142,0,0,99016.1875,99011.3203125,fno,0015,0.0,8008,0,0.0
2.0,500000.0,0.5,2500.0,case_143,0,0,124.811279296875,114.163818359375,fno,0015,0.0,8008,0,0.0
2.0,500000.0,0.5,3000.0,case_143,0,0,624.811279296875,614.163818359375,fno,0015,0.0,8008,0,0.0
2.0,500000.0,0.5,5000.0,case_143,0,0,2624.8115234375,2614.1640625,fno,0015,0.0,8008,0,0.0
2.0,500000.0,0.5,10000.0,case_143,0,0,7624.8115234375,7614.1640625,fno,0015,0.0,8008,0,0.0
2.0,500000.0,0.5,25000.0,case_143,0,0,22624.810546875,22614.1640625,fno,0015,0.0,8008,0,0.0
2.0,500000.0,0.5,101325.0,case_143,0,0,98949.8125,98939.1640625,fno,0015,0.0,8008,0,0.0
2.0,1000000.0,1.0,2500.0,case_144,0,50,-237.188720703125,-143.816162109375,fno,0015,0.011988011988011988,7912,46,0.005744255744255744
2.0,1000000.0,1.0,3000.0,case_144,0,0,262.811279296875,356.183837890625,fno,0015,0.0,8008,0,0.0
2.0,1000000.0,1.0,5000.0,case_144,0,0,2262.8115234375,2356.18408203125,fno,0015,0.0,8008,0,0.0
2.0,1000000.0,1.0,10000.0,case_144,0,0,7262.8115234375,7356.18359375,fno,0015,0.0,8008,0,0.0
2.0,1000000.0,1.0,25000.0,case_144,0,0,22262.810546875,22356.18359375,fno,0015,0.0,8008,0,0.0
2.0,1000000.0,1.0,101325.0,case_144,0,0,98587.8125,98681.1875,fno,0015,0.0,8008,0,0.0
4.0,100000.0,0.09999999999999999,2500.0,case_145,0,0,196.79833984375,195.107177734375,fno,0015,0.0,8008,0,0.0
4.0,100000.0,0.09999999999999999,3000.0,case_145,0,0,696.79833984375,695.107177734375,fno,0015,0.0,8008,0,0.0
4.0,100000.0,0.09999999999999999,5000.0,case_145,0,0,2696.79833984375,2695.107421875,fno,0015,0.0,8008,0,0.0
4.0,100000.0,0.09999999999999999,10000.0,case_145,0,0,7696.7978515625,7695.107421875,fno,0015,0.0,8008,0,0.0
4.0,100000.0,0.09999999999999999,25000.0,case_145,0,0,22696.798828125,22695.107421875,fno,0015,0.0,8008,0,0.0
4.0,100000.0,0.09999999999999999,101325.0,case_145,0,0,99021.796875,99020.109375,fno,0015,0.0,8008,0,0.0
4.0,200000.0,0.19999999999999998,2500.0,case_146,0,0,186.17431640625,180.282958984375,fno,0015,0.0,8008,0,0.0
4.0,200000.0,0.19999999999999998,3000.0,case_146,0,0,686.17431640625,680.282958984375,fno,0015,0.0,8008,0,0.0
4.0,200000.0,0.19999999999999998,5000.0,case_146,0,0,2686.17431640625,2680.283203125,fno,0015,0.0,8008,0,0.0
4.0,200000.0,0.19999999999999998,10000.0,case_146,0,0,7686.1748046875,7680.283203125,fno,0015,0.0,8008,0,0.0
4.0,200000.0,0.19999999999999998,25000.0,case_146,0,0,22686.173828125,22680.283203125,fno,0015,0.0,8008,0,0.0
4.0,200000.0,0.19999999999999998,101325.0,case_146,0,0,99011.171875,99005.28125,fno,0015,0.0,8008,0,0.0
4.0,500000.0,0.5,2500.0,case_147,0,0,92.594970703125,76.218505859375,fno,0015,0.0,8008,0,0.0
4.0,500000.0,0.5,3000.0,case_147,0,0,592.594970703125,576.218505859375,fno,0015,0.0,8008,0,0.0
4.0,500000.0,0.5,5000.0,case_147,0,0,2592.59521484375,2576.21875,fno,0015,0.0,8008,0,0.0
4.0,500000.0,0.5,10000.0,case_147,0,0,7592.5947265625,7576.21875,fno,0015,0.0,8008,0,0.0
4.0,500000.0,0.5,25000.0,case_147,0,0,22592.595703125,22576.21875,fno,0015,0.0,8008,0,0.0
4.0,500000.0,0.5,101325.0,case_147,0,0,98917.59375,98901.21875,fno,0015,0.0,8008,0,0.0
4.0,1000000.0,1.0,2500.0,case_148,0,86,-392.67138671875,-295.1934814453125,fno,0015,0.0246003996003996,7811,111,0.013861138861138862
4.0,1000000.0,1.0,3000.0,case_148,0,0,107.32861328125,204.806640625,fno,0015,0.0,8008,0,0.0
4.0,1000000.0,1.0,5000.0,case_148,0,0,2107.32861328125,2204.806640625,fno,0015,0.0,8008,0,0.0
4.0,1000000.0,1.0,10000.0,case_148,0,0,7107.3291015625,7204.806640625,fno,0015,0.0,8008,0,0.0
4.0,1000000.0,1.0,25000.0,case_148,0,0,22107.328125,22204.806640625,fno,0015,0.0,8008,0,0.0
4.0,1000000.0,1.0,101325.0,case_148,0,0,98432.328125,98529.8046875,fno,0015,0.0,8008,0,0.0
6.0,100000.0,0.09999999999999999,2500.0,case_149,0,0,195.48974609375,193.47412109375,fno,0015,0.0,8008,0,0.0
6.0,100000.0,0.09999999999999999,3000.0,case_149,0,0,695.48974609375,693.47412109375,fno,0015,0.0,8008,0,0.0
6.0,100000.0,0.09999999999999999,5000.0,case_149,0,0,2695.48974609375,2693.47412109375,fno,0015,0.0,8008,0,0.0
6.0,100000.0,0.09999999999999999,10000.0,case_149,0,0,7695.4892578125,7693.4736328125,fno,0015,0.0,8008,0,0.0
6.0,100000.0,0.09999999999999999,25000.0,case_149,0,0,22695.490234375,22693.474609375,fno,0015,0.0,8008,0,0.0
6.0,100000.0,0.09999999999999999,101325.0,case_149,0,0,99020.4921875,99018.4765625,fno,0015,0.0,8008,0,0.0
6.0,200000.0,0.19999999999999998,2500.0,case_150,0,0,180.75927734375,173.625244140625,fno,0015,0.0,8008,0,0.0
6.0,200000.0,0.19999999999999998,3000.0,case_150,0,0,680.75927734375,673.625244140625,fno,0015,0.0,8008,0,0.0
6.0,200000.0,0.19999999999999998,5000.0,case_150,0,0,2680.75927734375,2673.62548828125,fno,0015,0.0,8008,0,0.0
6.0,200000.0,0.19999999999999998,10000.0,case_150,0,0,7680.759765625,7673.625,fno,0015,0.0,8008,0,0.0
6.0,200000.0,0.19999999999999998,25000.0,case_150,0,0,22680.759765625,22673.625,fno,0015,0.0,8008,0,0.0
6.0,200000.0,0.19999999999999998,101325.0,case_150,0,0,99005.7578125,98998.625,fno,0015,0.0,8008,0,0.0
6.0,500000.0,0.5,2500.0,case_151,0,0,54.172119140625,38.3076171875,fno,0015,0.0,8008,0,0.0
6.0,500000.0,0.5,3000.0,case_151,0,0,554.172119140625,538.3076171875,fno,0015,0.0,8008,0,0.0
6.0,500000.0,0.5,5000.0,case_151,0,0,2554.171875,2538.3076171875,fno,0015,0.0,8008,0,0.0
6.0,500000.0,0.5,10000.0,case_151,0,0,7554.171875,7538.3076171875,fno,0015,0.0,8008,0,0.0
6.0,500000.0,0.5,25000.0,case_151,0,0,22554.171875,22538.30859375,fno,0015,0.0,8008,0,0.0
6.0,500000.0,0.5,101325.0,case_151,0,0,98879.171875,98863.3046875,fno,0015,0.0,8008,0,0.0
6.0,1000000.0,1.0,2500.0,case_152,0,106,-552.586181640625,-448.040283203125,fno,0015,0.037587412587412584,7707,195,0.024350649350649352
6.0,1000000.0,1.0,3000.0,case_152,0,3,-52.586181640625,51.959716796875,fno,0015,0.0003746253746253746,8005,0,0.0
6.0,1000000.0,1.0,5000.0,case_152,0,0,1947.4140625,2051.9599609375,fno,0015,0.0,8008,0,0.0
6.0,1000000.0,1.0,10000.0,case_152,0,0,6947.4140625,7051.9599609375,fno,0015,0.0,8008,0,0.0
6.0,1000000.0,1.0,25000.0,case_152,0,0,21947.4140625,22051.958984375,fno,0015,0.0,8008,0,0.0
6.0,1000000.0,1.0,101325.0,case_152,0,0,98272.4140625,98376.9609375,fno,0015,0.0,8008,0,0.0
8.0,100000.0,0.09999999999999999,2500.0,case_153,0,0,193.904296875,190.859130859375,fno,0015,0.0,8008,0,0.0
8.0,100000.0,0.09999999999999999,3000.0,case_153,0,0,693.904296875,690.859130859375,fno,0015,0.0,8008,0,0.0
8.0,100000.0,0.09999999999999999,5000.0,case_153,0,0,2693.904296875,2690.85888671875,fno,0015,0.0,8008,0,0.0
8.0,100000.0,0.09999999999999999,10000.0,case_153,0,0,7693.904296875,7690.859375,fno,0015,0.0,8008,0,0.0
8.0,100000.0,0.09999999999999999,25000.0,case_153,0,0,22693.904296875,22690.859375,fno,0015,0.0,8008,0,0.0
8.0,100000.0,0.09999999999999999,101325.0,case_153,0,0,99018.90625,99015.859375,fno,0015,0.0,8008,0,0.0
8.0,200000.0,0.19999999999999998,2500.0,case_154,0,0,174.235595703125,162.537841796875,fno,0015,0.0,8008,0,0.0
8.0,200000.0,0.19999999999999998,3000.0,case_154,0,0,674.235595703125,662.537841796875,fno,0015,0.0,8008,0,0.0
8.0,200000.0,0.19999999999999998,5000.0,case_154,0,0,2674.2353515625,2662.53759765625,fno,0015,0.0,8008,0,0.0
8.0,200000.0,0.19999999999999998,10000.0,case_154,0,0,7674.2353515625,7662.5380859375,fno,0015,0.0,8008,0,0.0
8.0,200000.0,0.19999999999999998,25000.0,case_154,0,0,22674.236328125,22662.537109375,fno,0015,0.0,8008,0,0.0
8.0,200000.0,0.19999999999999998,101325.0,case_154,0,0,98999.234375,98987.5390625,fno,0015,0.0,8008,0,0.0
8.0,500000.0,0.5,2500.0,case_155,2,0,14.72900390625,-31.507568359375,fno,0015,0.0,8006,0,0.00024975024975024975
8.0,500000.0,0.5,3000.0,case_155,0,0,514.72900390625,468.492431640625,fno,0015,0.0,8008,0,0.0
8.0,500000.0,0.5,5000.0,case_155,0,0,2514.72900390625,2468.49267578125,fno,0015,0.0,8008,0,0.0
8.0,500000.0,0.5,10000.0,case_155,0,0,7514.728515625,7468.4921875,fno,0015,0.0,8008,0,0.0
8.0,500000.0,0.5,25000.0,case_155,0,0,22514.728515625,22468.4921875,fno,0015,0.0,8008,0,0.0
8.0,500000.0,0.5,101325.0,case_155,0,0,98839.7265625,98793.4921875,fno,0015,0.0,8008,0,0.0
8.0,1000000.0,1.0,2500.0,case_156,0,133,-703.234375,-728.56640625,fno,0015,0.05332167832167832,7581,294,0.03671328671328671
8.0,1000000.0,1.0,3000.0,case_156,0,3,-203.234375,-228.56640625,fno,0015,0.0008741258741258741,8001,4,0.0004995004995004995
8.0,1000000.0,1.0,5000.0,case_156,0,0,1796.765625,1771.43359375,fno,0015,0.0,8008,0,0.0
8.0,1000000.0,1.0,10000.0,case_156,0,0,6796.765625,6771.43359375,fno,0015,0.0,8008,0,0.0
8.0,1000000.0,1.0,25000.0,case_156,0,0,21796.765625,21771.43359375,fno,0015,0.0,8008,0,0.0
8.0,1000000.0,1.0,101325.0,case_156,0,0,98121.765625,98096.4296875,fno,0015,0.0,8008,0,0.0
10.0,100000.0,0.09999999999999999,2500.0,case_157,0,0,192.267578125,187.646484375,fno,0015,0.0,8008,0,0.0
10.0,100000.0,0.09999999999999999,3000.0,case_157,0,0,692.267578125,687.646484375,fno,0015,0.0,8008,0,0.0
10.0,100000.0,0.09999999999999999,5000.0,case_157,0,0,2692.267578125,2687.646484375,fno,0015,0.0,8008,0,0.0
10.0,100000.0,0.09999999999999999,10000.0,case_157,0,0,7692.267578125,7687.646484375,fno,0015,0.0,8008,0,0.0
10.0,100000.0,0.09999999999999999,25000.0,case_157,0,0,22692.267578125,22687.646484375,fno,0015,0.0,8008,0,0.0
10.0,100000.0,0.09999999999999999,101325.0,case_157,0,0,99017.265625,99012.6484375,fno,0015,0.0,8008,0,0.0
10.0,200000.0,0.19999999999999998,2500.0,case_158,0,0,167.302734375,150.0302734375,fno,0015,0.0,8008,0,0.0
10.0,200000.0,0.19999999999999998,3000.0,case_158,0,0,667.302734375,650.0302734375,fno,0015,0.0,8008,0,0.0
10.0,200000.0,0.19999999999999998,5000.0,case_158,0,0,2667.302734375,2650.0302734375,fno,0015,0.0,8008,0,0.0
10.0,200000.0,0.19999999999999998,10000.0,case_158,0,0,7667.302734375,7650.0302734375,fno,0015,0.0,8008,0,0.0
10.0,200000.0,0.19999999999999998,25000.0,case_158,0,0,22667.302734375,22650.029296875,fno,0015,0.0,8008,0,0.0
10.0,200000.0,0.19999999999999998,101325.0,case_158,0,0,98992.3046875,98975.03125,fno,0015,0.0,8008,0,0.0
10.0,500000.0,0.5,2500.0,case_159,0,0,-25.846435546875,-101.2255859375,fno,0015,0.0004995004995004995,8004,4,0.0004995004995004995
10.0,500000.0,0.5,3000.0,case_159,0,0,474.153564453125,398.7744140625,fno,0015,0.0,8008,0,0.0
10.0,500000.0,0.5,5000.0,case_159,0,0,2474.1533203125,2398.7744140625,fno,0015,0.0,8008,0,0.0
10.0,500000.0,0.5,10000.0,case_159,0,0,7474.1533203125,7398.7744140625,fno,0015,0.0,8008,0,0.0
10.0,500000.0,0.5,25000.0,case_159,0,0,22474.154296875,22398.775390625,fno,0015,0.0,8008,0,0.0
10.0,500000.0,0.5,101325.0,case_159,0,0,98799.15625,98723.7734375,fno,0015,0.0,8008,0,0.0
10.0,1000000.0,1.0,2500.0,case_160,3,85,-770.03173828125,-1008.3797607421875,fno,0015,0.05844155844155844,7537,383,0.0482017982017982
10.0,1000000.0,1.0,3000.0,case_160,2,1,-270.03173828125,-508.3797607421875,fno,0015,0.001123876123876124,7997,8,0.0012487512487512488
10.0,1000000.0,1.0,5000.0,case_160,0,0,1729.96826171875,1491.6201171875,fno,0015,0.0,8008,0,0.0
10.0,1000000.0,1.0,10000.0,case_160,0,0,6729.9677734375,6491.6201171875,fno,0015,0.0,8008,0,0.0
10.0,1000000.0,1.0,25000.0,case_160,0,0,21729.96875,21491.62109375,fno,0015,0.0,8008,0,0.0
10.0,1000000.0,1.0,101325.0,case_160,0,0,98054.96875,97816.6171875,fno,0015,0.0,8008,0,0.0
-4.0,100000.0,0.09999999999999999,2500.0,case_161,0,0,195.969482421875,193.923583984375,fno,0018,0.0,7970,0,0.0
-4.0,100000.0,0.09999999999999999,3000.0,case_161,0,0,695.969482421875,693.923583984375,fno,0018,0.0,7970,0,0.0
-4.0,100000.0,0.09999999999999999,5000.0,case_161,0,0,2695.96923828125,2693.923828125,fno,0018,0.0,7970,0,0.0
-4.0,100000.0,0.09999999999999999,10000.0,case_161,0,0,7695.9697265625,7693.923828125,fno,0018,0.0,7970,0,0.0
-4.0,100000.0,0.09999999999999999,25000.0,case_161,0,0,22695.96875,22693.923828125,fno,0018,0.0,7970,0,0.0
-4.0,100000.0,0.09999999999999999,101325.0,case_161,0,0,99020.96875,99018.921875,fno,0018,0.0,7970,0,0.0
-4.0,200000.0,0.19999999999999998,2500.0,case_162,0,0,183.984130859375,175.363525390625,fno,0018,0.0,7970,0,0.0
-4.0,200000.0,0.19999999999999998,3000.0,case_162,0,0,683.984130859375,675.363525390625,fno,0018,0.0,7970,0,0.0
-4.0,200000.0,0.19999999999999998,5000.0,case_162,0,0,2683.98388671875,2675.36376953125,fno,0018,0.0,7970,0,0.0
-4.0,200000.0,0.19999999999999998,10000.0,case_162,0,0,7683.984375,7675.36328125,fno,0018,0.0,7970,0,0.0
-4.0,200000.0,0.19999999999999998,25000.0,case_162,0,0,22683.984375,22675.36328125,fno,0018,0.0,7970,0,0.0
-4.0,200000.0,0.19999999999999998,101325.0,case_162,0,0,99008.984375,99000.3671875,fno,0018,0.0,7970,0,0.0
-4.0,500000.0,0.5,2500.0,case_163,0,0,103.546630859375,46.363525390625,fno,0018,0.0,7970,0,0.0
-4.0,500000.0,0.5,3000.0,case_163,0,0,603.546630859375,546.363525390625,fno,0018,0.0,7970,0,0.0
-4.0,500000.0,0.5,5000.0,case_163,0,0,2603.546875,2546.36376953125,fno,0018,0.0,7970,0,0.0
-4.0,500000.0,0.5,10000.0,case_163,0,0,7603.546875,7546.36328125,fno,0018,0.0,7970,0,0.0
-4.0,500000.0,0.5,25000.0,case_163,0,0,22603.546875,22546.36328125,fno,0018,0.0,7970,0,0.0
-4.0,500000.0,0.5,101325.0,case_163,0,0,98928.546875,98871.3671875,fno,0018,0.0,7970,0,0.0
-4.0,1000000.0,1.0,2500.0,case_164,155,0,-162.5146484375,-416.660400390625,fno,0018,0.005897114178168131,7768,47,0.02534504391468005
-4.0,1000000.0,1.0,3000.0,case_164,0,0,337.4853515625,83.339599609375,fno,0018,0.0,7970,0,0.0
-4.0,1000000.0,1.0,5000.0,case_164,0,0,2337.4853515625,2083.33935546875,fno,0018,0.0,7970,0,0.0
-4.0,1000000.0,1.0,10000.0,case_164,0,0,7337.4853515625,7083.33984375,fno,0018,0.0,7970,0,0.0
-4.0,1000000.0,1.0,25000.0,case_164,0,0,22337.484375,22083.33984375,fno,0018,0.0,7970,0,0.0
-4.0,1000000.0,1.0,101325.0,case_164,0,0,98662.484375,98408.3359375,fno,0018,0.0,7970,0,0.0
-2.0,100000.0,0.09999999999999999,2500.0,case_165,0,0,196.16943359375,195.628173828125,fno,0018,0.0,7970,0,0.0
-2.0,100000.0,0.09999999999999999,3000.0,case_165,0,0,696.16943359375,695.628173828125,fno,0018,0.0,7970,0,0.0
-2.0,100000.0,0.09999999999999999,5000.0,case_165,0,0,2696.16943359375,2695.62841796875,fno,0018,0.0,7970,0,0.0
-2.0,100000.0,0.09999999999999999,10000.0,case_165,0,0,7696.1689453125,7695.6279296875,fno,0018,0.0,7970,0,0.0
-2.0,100000.0,0.09999999999999999,25000.0,case_165,0,0,22696.169921875,22695.62890625,fno,0018,0.0,7970,0,0.0
-2.0,100000.0,0.09999999999999999,101325.0,case_165,0,0,99021.171875,99020.625,fno,0018,0.0,7970,0,0.0
-2.0,200000.0,0.19999999999999998,2500.0,case_166,0,0,184.776123046875,182.422119140625,fno,0018,0.0,7970,0,0.0
-2.0,200000.0,0.19999999999999998,3000.0,case_166,0,0,684.776123046875,682.422119140625,fno,0018,0.0,7970,0,0.0
-2.0,200000.0,0.19999999999999998,5000.0,case_166,0,0,2684.7763671875,2682.42236328125,fno,0018,0.0,7970,0,0.0
-2.0,200000.0,0.19999999999999998,10000.0,case_166,0,0,7684.7763671875,7682.421875,fno,0018,0.0,7970,0,0.0
-2.0,200000.0,0.19999999999999998,25000.0,case_166,0,0,22684.775390625,22682.421875,fno,0018,0.0,7970,0,0.0
-2.0,200000.0,0.19999999999999998,101325.0,case_166,0,0,99009.7734375,99007.421875,fno,0018,0.0,7970,0,0.0
-2.0,500000.0,0.5,2500.0,case_167,0,0,108.952880859375,89.1865234375,fno,0018,0.0,7970,0,0.0
-2.0,500000.0,0.5,3000.0,case_167,0,0,608.952880859375,589.1865234375,fno,0018,0.0,7970,0,0.0
-2.0,500000.0,0.5,5000.0,case_167,0,0,2608.953125,2589.1865234375,fno,0018,0.0,7970,0,0.0
-2.0,500000.0,0.5,10000.0,case_167,0,0,7608.953125,7589.1865234375,fno,0018,0.0,7970,0,0.0
-2.0,500000.0,0.5,25000.0,case_167,0,0,22608.953125,22589.1875,fno,0018,0.0,7970,0,0.0
-2.0,500000.0,0.5,101325.0,case_167,0,0,98933.953125,98914.1875,fno,0018,0.0,7970,0,0.0
-2.0,1000000.0,1.0,2500.0,case_168,105,5,-115.462890625,-244.521240234375,fno,0018,0.002258469259723965,7847,13,0.014805520702634882
-2.0,1000000.0,1.0,3000.0,case_168,0,0,384.537109375,255.478759765625,fno,0018,0.0,7970,0,0.0
-2.0,1000000.0,1.0,5000.0,case_168,0,0,2384.537109375,2255.47900390625,fno,0018,0.0,7970,0,0.0
-2.0,1000000.0,1.0,10000.0,case_168,0,0,7384.537109375,7255.478515625,fno,0018,0.0,7970,0,0.0
-2.0,1000000.0,1.0,25000.0,case_168,0,0,22384.537109375,22255.478515625,fno,0018,0.0,7970,0,0.0
-2.0,1000000.0,1.0,101325.0,case_168,0,0,98709.5390625,98580.4765625,fno,0018,0.0,7970,0,0.0
0.0,100000.0,0.09999999999999999,2500.0,case_169,0,0,196.406494140625,196.777587890625,fno,0018,0.0,7970,0,0.0
0.0,100000.0,0.09999999999999999,3000.0,case_169,0,0,696.406494140625,696.777587890625,fno,0018,0.0,7970,0,0.0
0.0,100000.0,0.09999999999999999,5000.0,case_169,0,0,2696.40673828125,2696.77734375,fno,0018,0.0,7970,0,0.0
0.0,100000.0,0.09999999999999999,10000.0,case_169,0,0,7696.40625,7696.77734375,fno,0018,0.0,7970,0,0.0
0.0,100000.0,0.09999999999999999,25000.0,case_169,0,0,22696.40625,22696.77734375,fno,0018,0.0,7970,0,0.0
0.0,100000.0,0.09999999999999999,101325.0,case_169,0,0,99021.40625,99021.78125,fno,0018,0.0,7970,0,0.0
0.0,200000.0,0.19999999999999998,2500.0,case_170,0,0,185.90869140625,187.0283203125,fno,0018,0.0,7970,0,0.0
0.0,200000.0,0.19999999999999998,3000.0,case_170,0,0,685.90869140625,687.0283203125,fno,0018,0.0,7970,0,0.0
0.0,200000.0,0.19999999999999998,5000.0,case_170,0,0,2685.90869140625,2687.0283203125,fno,0018,0.0,7970,0,0.0
0.0,200000.0,0.19999999999999998,10000.0,case_170,0,0,7685.908203125,7687.0283203125,fno,0018,0.0,7970,0,0.0
0.0,200000.0,0.19999999999999998,25000.0,case_170,0,0,22685.908203125,22687.029296875,fno,0018,0.0,7970,0,0.0
0.0,200000.0,0.19999999999999998,101325.0,case_170,0,0,99010.90625,99012.03125,fno,0018,0.0,7970,0,0.0
0.0,500000.0,0.5,2500.0,case_171,0,0,120.292724609375,118.266845703125,fno,0018,0.0,7970,0,0.0
0.0,500000.0,0.5,3000.0,case_171,0,0,620.292724609375,618.266845703125,fno,0018,0.0,7970,0,0.0
0.0,500000.0,0.5,5000.0,case_171,0,0,2620.29296875,2618.2666015625,fno,0018,0.0,7970,0,0.0
0.0,500000.0,0.5,10000.0,case_171,0,0,7620.29296875,7618.2666015625,fno,0018,0.0,7970,0,0.0
0.0,500000.0,0.5,25000.0,case_171,0,0,22620.29296875,22618.267578125,fno,0018,0.0,7970,0,0.0
0.0,500000.0,0.5,101325.0,case_171,0,0,98945.2890625,98943.265625,fno,0018,0.0,7970,0,0.0
0.0,1000000.0,1.0,2500.0,case_172,47,31,-129.787109375,-127.8173828125,fno,0018,0.006649937264742786,7870,22,0.008657465495608531
0.0,1000000.0,1.0,3000.0,case_172,0,0,370.212890625,372.1826171875,fno,0018,0.0,7970,0,0.0
0.0,1000000.0,1.0,5000.0,case_172,0,0,2370.212890625,2372.1826171875,fno,0018,0.0,7970,0,0.0
0.0,1000000.0,1.0,10000.0,case_172,0,0,7370.212890625,7372.1826171875,fno,0018,0.0,7970,0,0.0
0.0,1000000.0,1.0,25000.0,case_172,0,0,22370.212890625,22372.18359375,fno,0018,0.0,7970,0,0.0
0.0,1000000.0,1.0,101325.0,case_172,0,0,98695.2109375,98697.1796875,fno,0018,0.0,7970,0,0.0
2.0,100000.0,0.09999999999999999,2500.0,case_173,0,0,196.909423828125,196.198974609375,fno,0018,0.0,7970,0,0.0
2.0,100000.0,0.09999999999999999,3000.0,case_173,0,0,696.909423828125,696.198974609375,fno,0018,0.0,7970,0,0.0
2.0,100000.0,0.09999999999999999,5000.0,case_173,0,0,2696.9091796875,2696.19921875,fno,0018,0.0,7970,0,0.0
2.0,100000.0,0.09999999999999999,10000.0,case_173,0,0,7696.9091796875,7696.19921875,fno,0018,0.0,7970,0,0.0
2.0,100000.0,0.09999999999999999,25000.0,case_173,0,0,22696.91015625,22696.19921875,fno,0018,0.0,7970,0,0.0
2.0,100000.0,0.09999999999999999,101325.0,case_173,0,0,99021.90625,99021.1953125,fno,0018,0.0,7970,0,0.0
2.0,200000.0,0.19999999999999998,2500.0,case_174,0,0,188.197021484375,184.7294921875,fno,0018,0.0,7970,0,0.0
2.0,200000.0,0.19999999999999998,3000.0,case_174,0,0,688.197021484375,684.7294921875,fno,0018,0.0,7970,0,0.0
2.0,200000.0,0.19999999999999998,5000.0,case_174,0,0,2688.197265625,2684.7294921875,fno,0018,0.0,7970,0,0.0
2.0,200000.0,0.19999999999999998,10000.0,case_174,0,0,7688.197265625,7684.7294921875,fno,0018,0.0,7970,0,0.0
2.0,200000.0,0.19999999999999998,25000.0,case_174,0,0,22688.197265625,22684.728515625,fno,0018,0.0,7970,0,0.0
2.0,200000.0,0.19999999999999998,101325.0,case_174,0,0,99013.1953125,99009.7265625,fno,0018,0.0,7970,0,0.0
2.0,500000.0,0.5,2500.0,case_175,0,0,118.777587890625,104.596435546875,fno,0018,0.0,7970,0,0.0
2.0,500000.0,0.5,3000.0,case_175,0,0,618.777587890625,604.596435546875,fno,0018,0.0,7970,0,0.0
2.0,500000.0,0.5,5000.0,case_175,0,0,2618.77783203125,2604.5966796875,fno,0018,0.0,7970,0,0.0
2.0,500000.0,0.5,10000.0,case_175,0,0,7618.77734375,7604.5966796875,fno,0018,0.0,7970,0,0.0
2.0,500000.0,0.5,25000.0,case_175,0,0,22618.77734375,22604.595703125,fno,0018,0.0,7970,0,0.0
2.0,500000.0,0.5,101325.0,case_175,0,0,98943.78125,98929.59375,fno,0018,0.0,7970,0,0.0
2.0,1000000.0,1.0,2500.0,case_176,6,53,-259.043701171875,-181.80224609375,fno,0018,0.015432873274780427,7841,70,0.009535759096612296
2.0,1000000.0,1.0,3000.0,case_176,0,0,240.956298828125,318.19775390625,fno,0018,0.0,7970,0,0.0
2.0,1000000.0,1.0,5000.0,case_176,0,0,2240.9560546875,2318.19775390625,fno,0018,0.0,7970,0,0.0
2.0,1000000.0,1.0,10000.0,case_176,0,0,7240.9560546875,7318.1982421875,fno,0018,0.0,7970,0,0.0
2.0,1000000.0,1.0,25000.0,case_176,0,0,22240.95703125,22318.197265625,fno,0018,0.0,7970,0,0.0
2.0,1000000.0,1.0,101325.0,case_176,0,0,98565.953125,98643.1953125,fno,0018,0.0,7970,0,0.0
4.0,100000.0,0.09999999999999999,2500.0,case_177,0,0,196.613525390625,194.564697265625,fno,0018,0.0,7970,0,0.0
4.0,100000.0,0.09999999999999999,3000.0,case_177,0,0,696.613525390625,694.564697265625,fno,0018,0.0,7970,0,0.0
4.0,100000.0,0.09999999999999999,5000.0,case_177,0,0,2696.61328125,2694.56494140625,fno,0018,0.0,7970,0,0.0
4.0,100000.0,0.09999999999999999,10000.0,case_177,0,0,7696.61328125,7694.564453125,fno,0018,0.0,7970,0,0.0
4.0,100000.0,0.09999999999999999,25000.0,case_177,0,0,22696.61328125,22694.564453125,fno,0018,0.0,7970,0,0.0
4.0,100000.0,0.09999999999999999,101325.0,case_177,0,0,99021.6171875,99019.5625,fno,0018,0.0,7970,0,0.0
4.0,200000.0,0.19999999999999998,2500.0,case_178,0,0,185.68896484375,178.11181640625,fno,0018,0.0,7970,0,0.0
4.0,200000.0,0.19999999999999998,3000.0,case_178,0,0,685.68896484375,678.11181640625,fno,0018,0.0,7970,0,0.0
4.0,200000.0,0.19999999999999998,5000.0,case_178,0,0,2685.68896484375,2678.11181640625,fno,0018,0.0,7970,0,0.0
4.0,200000.0,0.19999999999999998,10000.0,case_178,0,0,7685.689453125,7678.1123046875,fno,0018,0.0,7970,0,0.0
4.0,200000.0,0.19999999999999998,25000.0,case_178,0,0,22685.689453125,22678.111328125,fno,0018,0.0,7970,0,0.0
4.0,200000.0,0.19999999999999998,101325.0,case_178,0,0,99010.6875,99003.109375,fno,0018,0.0,7970,0,0.0
4.0,500000.0,0.5,2500.0,case_179,0,0,87.3603515625,62.71044921875,fno,0018,0.0,7970,0,0.0
4.0,500000.0,0.5,3000.0,case_179,0,0,587.3603515625,562.71044921875,fno,0018,0.0,7970,0,0.0
4.0,500000.0,0.5,5000.0,case_179,0,0,2587.3603515625,2562.71044921875,fno,0018,0.0,7970,0,0.0
4.0,500000.0,0.5,10000.0,case_179,0,0,7587.3603515625,7562.7109375,fno,0018,0.0,7970,0,0.0
4.0,500000.0,0.5,25000.0,case_179,0,0,22587.361328125,22562.7109375,fno,0018,0.0,7970,0,0.0
4.0,500000.0,0.5,101325.0,case_179,0,0,98912.359375,98887.7109375,fno,0018,0.0,7970,0,0.0
4.0,1000000.0,1.0,2500.0,case_180,0,77,-408.677001953125,-349.804931640625,fno,0018,0.027227101631116687,7753,140,0.01756587202007528
4.0,1000000.0,1.0,3000.0,case_180,0,0,91.322998046875,150.195068359375,fno,0018,0.0,7970,0,0.0
4.0,1000000.0,1.0,5000.0,case_180,0,0,2091.32275390625,2150.19482421875,fno,0018,0.0,7970,0,0.0
4.0,1000000.0,1.0,10000.0,case_180,0,0,7091.3232421875,7150.1953125,fno,0018,0.0,7970,0,0.0
4.0,1000000.0,1.0,25000.0,case_180,0,0,22091.322265625,22150.1953125,fno,0018,0.0,7970,0,0.0
4.0,1000000.0,1.0,101325.0,case_180,0,0,98416.3203125,98475.1953125,fno,0018,0.0,7970,0,0.0
6.0,100000.0,0.09999999999999999,2500.0,case_181,0,0,195.255859375,192.713623046875,fno,0018,0.0,7970,0,0.0
6.0,100000.0,0.09999999999999999,3000.0,case_181,0,0,695.255859375,692.713623046875,fno,0018,0.0,7970,0,0.0
6.0,100000.0,0.09999999999999999,5000.0,case_181,0,0,2695.255859375,2692.7138671875,fno,0018,0.0,7970,0,0.0
6.0,100000.0,0.09999999999999999,10000.0,case_181,0,0,7695.255859375,7692.7138671875,fno,0018,0.0,7970,0,0.0
6.0,100000.0,0.09999999999999999,25000.0,case_181,0,0,22695.255859375,22692.712890625,fno,0018,0.0,7970,0,0.0
6.0,100000.0,0.09999999999999999,101325.0,case_181,0,0,99020.2578125,99017.7109375,fno,0018,0.0,7970,0,0.0
6.0,200000.0,0.19999999999999998,2500.0,case_182,0,0,179.744873046875,170.652587890625,fno,0018,0.0,7970,0,0.0
6.0,200000.0,0.19999999999999998,3000.0,case_182,0,0,679.744873046875,670.652587890625,fno,0018,0.0,7970,0,0.0
6.0,200000.0,0.19999999999999998,5000.0,case_182,0,0,2679.7451171875,2670.65283203125,fno,0018,0.0,7970,0,0.0
6.0,200000.0,0.19999999999999998,10000.0,case_182,0,0,7679.7451171875,7670.65234375,fno,0018,0.0,7970,0,0.0
6.0,200000.0,0.19999999999999998,25000.0,case_182,0,0,22679.744140625,22670.65234375,fno,0018,0.0,7970,0,0.0
6.0,200000.0,0.19999999999999998,101325.0,case_182,0,0,99004.7421875,98995.65625,fno,0018,0.0,7970,0,0.0
6.0,500000.0,0.5,2500.0,case_183,0,0,49.932861328125,15.696533203125,fno,0018,0.0,7970,0,0.0
6.0,500000.0,0.5,3000.0,case_183,0,0,549.932861328125,515.696533203125,fno,0018,0.0,7970,0,0.0
6.0,500000.0,0.5,5000.0,case_183,0,0,2549.9326171875,2515.6962890625,fno,0018,0.0,7970,0,0.0
6.0,500000.0,0.5,10000.0,case_183,0,0,7549.9326171875,7515.6962890625,fno,0018,0.0,7970,0,0.0
6.0,500000.0,0.5,25000.0,case_183,0,0,22549.93359375,22515.697265625,fno,0018,0.0,7970,0,0.0
6.0,500000.0,0.5,101325.0,case_183,0,0,98874.9296875,98840.6953125,fno,0018,0.0,7970,0,0.0
6.0,1000000.0,1.0,2500.0,case_184,1,97,-585.085693359375,-538.44677734375,fno,0018,0.04077791718946048,7644,228,0.028732747804265997
6.0,1000000.0,1.0,3000.0,case_184,0,6,-85.085693359375,-38.44677734375,fno,0018,0.0008782936010037642,7963,1,0.00012547051442910915
6.0,1000000.0,1.0,5000.0,case_184,0,0,1914.9140625,1961.55322265625,fno,0018,0.0,7970,0,0.0
6.0,1000000.0,1.0,10000.0,case_184,0,0,6914.9140625,6961.552734375,fno,0018,0.0,7970,0,0.0
6.0,1000000.0,1.0,25000.0,case_184,0,0,21914.9140625,21961.552734375,fno,0018,0.0,7970,0,0.0
6.0,1000000.0,1.0,101325.0,case_184,0,0,98239.9140625,98286.5546875,fno,0018,0.0,7970,0,0.0
8.0,100000.0,0.09999999999999999,2500.0,case_185,0,0,193.757568359375,190.0263671875,fno,0018,0.0,7970,0,0.0
8.0,100000.0,0.09999999999999999,3000.0,case_185,0,0,693.757568359375,690.0263671875,fno,0018,0.0,7970,0,0.0
8.0,100000.0,0.09999999999999999,5000.0,case_185,0,0,2693.75732421875,2690.0263671875,fno,0018,0.0,7970,0,0.0
8.0,100000.0,0.09999999999999999,10000.0,case_185,0,0,7693.7578125,7690.0263671875,fno,0018,0.0,7970,0,0.0
8.0,100000.0,0.09999999999999999,25000.0,case_185,0,0,22693.7578125,22690.02734375,fno,0018,0.0,7970,0,0.0
8.0,100000.0,0.09999999999999999,101325.0,case_185,0,0,99018.7578125,99015.0234375,fno,0018,0.0,7970,0,0.0
8.0,200000.0,0.19999999999999998,2500.0,case_186,0,0,173.61181640625,161.822265625,fno,0018,0.0,7970,0,0.0
8.0,200000.0,0.19999999999999998,3000.0,case_186,0,0,673.61181640625,661.822265625,fno,0018,0.0,7970,0,0.0
8.0,200000.0,0.19999999999999998,5000.0,case_186,0,0,2673.61181640625,2661.822265625,fno,0018,0.0,7970,0,0.0
8.0,200000.0,0.19999999999999998,10000.0,case_186,0,0,7673.6123046875,7661.822265625,fno,0018,0.0,7970,0,0.0
8.0,200000.0,0.19999999999999998,25000.0,case_186,0,0,22673.611328125,22661.822265625,fno,0018,0.0,7970,0,0.0
8.0,200000.0,0.19999999999999998,101325.0,case_186,0,0,98998.609375,98986.8203125,fno,0018,0.0,7970,0,0.0
8.0,500000.0,0.5,2500.0,case_187,3,0,6.30908203125,-40.1259765625,fno,0018,0.0,7967,0,0.0003764115432873275
8.0,500000.0,0.5,3000.0,case_187,0,0,506.30908203125,459.8740234375,fno,0018,0.0,7970,0,0.0
8.0,500000.0,0.5,5000.0,case_187,0,0,2506.30908203125,2459.8740234375,fno,0018,0.0,7970,0,0.0
8.0,500000.0,0.5,10000.0,case_187,0,0,7506.3095703125,7459.8740234375,fno,0018,0.0,7970,0,0.0
8.0,500000.0,0.5,25000.0,case_187,0,0,22506.30859375,22459.875,fno,0018,0.0,7970,0,0.0
8.0,500000.0,0.5,101325.0,case_187,0,0,98831.3125,98784.875,fno,0018,0.0,7970,0,0.0
8.0,1000000.0,1.0,2500.0,case_188,1,73,-712.1046142578125,-763.091796875,fno,0018,0.04943538268506901,7575,321,0.04040150564617315
8.0,1000000.0,1.0,3000.0,case_188,2,1,-212.1044921875,-263.091796875,fno,0018,0.000752823086574655,7962,5,0.0008782936010037642
8.0,1000000.0,1.0,5000.0,case_188,0,0,1787.8955078125,1736.908203125,fno,0018,0.0,7970,0,0.0
8.0,1000000.0,1.0,10000.0,case_188,0,0,6787.8955078125,6736.908203125,fno,0018,0.0,7970,0,0.0
8.0,1000000.0,1.0,25000.0,case_188,0,0,21787.89453125,21736.908203125,fno,0018,0.0,7970,0,0.0
8.0,1000000.0,1.0,101325.0,case_188,0,0,98112.8984375,98061.90625,fno,0018,0.0,7970,0,0.0
10.0,100000.0,0.09999999999999999,2500.0,case_189,0,0,191.96728515625,186.980712890625,fno,0018,0.0,7970,0,0.0
10.0,100000.0,0.09999999999999999,3000.0,case_189,0,0,691.96728515625,686.980712890625,fno,0018,0.0,7970,0,0.0
10.0,100000.0,0.09999999999999999,5000.0,case_189,0,0,2691.96728515625,2686.98095703125,fno,0018,0.0,7970,0,0.0
10.0,100000.0,0.09999999999999999,10000.0,case_189,0,0,7691.966796875,7686.98046875,fno,0018,0.0,7970,0,0.0
10.0,100000.0,0.09999999999999999,25000.0,case_189,0,0,22691.966796875,22686.98046875,fno,0018,0.0,7970,0,0.0
10.0,100000.0,0.09999999999999999,101325.0,case_189,0,0,99016.96875,99011.984375,fno,0018,0.0,7970,0,0.0
10.0,200000.0,0.19999999999999998,2500.0,case_190,0,0,166.42236328125,147.224365234375,fno,0018,0.0,7970,0,0.0
10.0,200000.0,0.19999999999999998,3000.0,case_190,0,0,666.42236328125,647.224365234375,fno,0018,0.0,7970,0,0.0
10.0,200000.0,0.19999999999999998,5000.0,case_190,0,0,2666.42236328125,2647.224609375,fno,0018,0.0,7970,0,0.0
10.0,200000.0,0.19999999999999998,10000.0,case_190,0,0,7666.421875,7647.224609375,fno,0018,0.0,7970,0,0.0
10.0,200000.0,0.19999999999999998,25000.0,case_190,0,0,22666.421875,22647.224609375,fno,0018,0.0,7970,0,0.0
10.0,200000.0,0.19999999999999998,101325.0,case_190,0,0,98991.421875,98972.2265625,fno,0018,0.0,7970,0,0.0
10.0,500000.0,0.5,2500.0,case_191,4,0,-26.90478515625,-119.437744140625,fno,0018,0.0003764115432873275,7963,3,0.0008782936010037642
10.0,500000.0,0.5,3000.0,case_191,0,0,473.09521484375,380.562255859375,fno,0018,0.0,7970,0,0.0
10.0,500000.0,0.5,5000.0,case_191,0,0,2473.09521484375,2380.56201171875,fno,0018,0.0,7970,0,0.0
10.0,500000.0,0.5,10000.0,case_191,0,0,7473.0947265625,7380.5625,fno,0018,0.0,7970,0,0.0
10.0,500000.0,0.5,25000.0,case_191,0,0,22473.095703125,22380.5625,fno,0018,0.0,7970,0,0.0
10.0,500000.0,0.5,101325.0,case_191,0,0,98798.09375,98705.5625,fno,0018,0.0,7970,0,0.0
10.0,1000000.0,1.0,2500.0,case_192,4,107,-847.500732421875,-1081.675537109375,fno,0018,0.06649937264742785,7436,423,0.05357590966122961
10.0,1000000.0,1.0,3000.0,case_192,4,1,-347.500732421875,-581.675537109375,fno,0018,0.00150564617314931,7954,11,0.0018820577164366374
10.0,1000000.0,1.0,5000.0,case_192,0,0,1652.499267578125,1418.324462890625,fno,0018,0.0,7970,0,0.0
10.0,1000000.0,1.0,10000.0,case_192,0,0,6652.4990234375,6418.32421875,fno,0018,0.0,7970,0,0.0
10.0,1000000.0,1.0,25000.0,case_192,0,0,21652.5,21418.32421875,fno,0018,0.0,7970,0,0.0
10.0,1000000.0,1.0,101325.0,case_192,0,0,97977.5,97743.328125,fno,0018,0.0,7970,0,0.0
-4.0,100000.0,0.09999999999999999,2500.0,case_193,0,0,196.9501953125,194.198974609375,fno,2412,0.0,8045,0,0.0
-4.0,100000.0,0.09999999999999999,3000.0,case_193,0,0,696.9501953125,694.198974609375,fno,2412,0.0,8045,0,0.0
-4.0,100000.0,0.09999999999999999,5000.0,case_193,0,0,2696.9501953125,2694.19921875,fno,2412,0.0,8045,0,0.0
-4.0,100000.0,0.09999999999999999,10000.0,case_193,0,0,7696.9501953125,7694.19921875,fno,2412,0.0,8045,0,0.0
-4.0,100000.0,0.09999999999999999,25000.0,case_193,0,0,22696.94921875,22694.19921875,fno,2412,0.0,8045,0,0.0
-4.0,100000.0,0.09999999999999999,101325.0,case_193,0,0,99021.953125,99019.1953125,fno,2412,0.0,8045,0,0.0
-4.0,200000.0,0.19999999999999998,2500.0,case_194,0,0,188.376953125,176.61572265625,fno,2412,0.0,8045,0,0.0
-4.0,200000.0,0.19999999999999998,3000.0,case_194,0,0,688.376953125,676.61572265625,fno,2412,0.0,8045,0,0.0
-4.0,200000.0,0.19999999999999998,5000.0,case_194,0,0,2688.376953125,2676.61572265625,fno,2412,0.0,8045,0,0.0
-4.0,200000.0,0.19999999999999998,10000.0,case_194,0,0,7688.376953125,7676.6162109375,fno,2412,0.0,8045,0,0.0
-4.0,200000.0,0.19999999999999998,25000.0,case_194,0,0,22688.376953125,22676.615234375,fno,2412,0.0,8045,0,0.0
-4.0,200000.0,0.19999999999999998,101325.0,case_194,0,0,99013.375,99001.6171875,fno,2412,0.0,8045,0,0.0
-4.0,500000.0,0.5,2500.0,case_195,0,0,137.70458984375,53.1650390625,fno,2412,0.0,8045,0,0.0
-4.0,500000.0,0.5,3000.0,case_195,0,0,637.70458984375,553.1650390625,fno,2412,0.0,8045,0,0.0
-4.0,500000.0,0.5,5000.0,case_195,0,0,2637.70458984375,2553.1650390625,fno,2412,0.0,8045,0,0.0
-4.0,500000.0,0.5,10000.0,case_195,0,0,7637.705078125,7553.1650390625,fno,2412,0.0,8045,0,0.0
-4.0,500000.0,0.5,25000.0,case_195,0,0,22637.705078125,22553.166015625,fno,2412,0.0,8045,0,0.0
-4.0,500000.0,0.5,101325.0,case_195,0,0,98962.703125,98878.1640625,fno,2412,0.0,8045,0,0.0
-4.0,1000000.0,1.0,2500.0,case_196,50,0,11.553466796875,-371.87109375,fno,2412,0.0,7995,0,0.006215040397762586
-4.0,1000000.0,1.0,3000.0,case_196,0,0,511.553466796875,128.12890625,fno,2412,0.0,8045,0,0.0
-4.0,1000000.0,1.0,5000.0,case_196,0,0,2511.5537109375,2128.12890625,fno,2412,0.0,8045,0,0.0
-4.0,1000000.0,1.0,10000.0,case_196,0,0,7511.5537109375,7128.12890625,fno,2412,0.0,8045,0,0.0
-4.0,1000000.0,1.0,25000.0,case_196,0,0,22511.552734375,22128.12890625,fno,2412,0.0,8045,0,0.0
-4.0,1000000.0,1.0,101325.0,case_196,0,0,98836.5546875,98453.125,fno,2412,0.0,8045,0,0.0
-2.0,100000.0,0.09999999999999999,2500.0,case_197,0,0,197.59375,196.49755859375,fno,2412,0.0,8045,0,0.0
-2.0,100000.0,0.09999999999999999,3000.0,case_197,0,0,697.59375,696.49755859375,fno,2412,0.0,8045,0,0.0
-2.0,100000.0,0.09999999999999999,5000.0,case_197,0,0,2697.59375,2696.49755859375,fno,2412,0.0,8045,0,0.0
-2.0,100000.0,0.09999999999999999,10000.0,case_197,0,0,7697.59375,7696.498046875,fno,2412,0.0,8045,0,0.0
-2.0,100000.0,0.09999999999999999,25000.0,case_197,0,0,22697.59375,22696.498046875,fno,2412,0.0,8045,0,0.0
-2.0,100000.0,0.09999999999999999,101325.0,case_197,0,0,99022.59375,99021.5,fno,2412,0.0,8045,0,0.0
-2.0,200000.0,0.19999999999999998,2500.0,case_198,0,0,190.84814453125,186.0244140625,fno,2412,0.0,8045,0,0.0
-2.0,200000.0,0.19999999999999998,3000.0,case_198,0,0,690.84814453125,686.0244140625,fno,2412,0.0,8045,0,0.0
-2.0,200000.0,0.19999999999999998,5000.0,case_198,0,0,2690.84814453125,2686.0244140625,fno,2412,0.0,8045,0,0.0
-2.0,200000.0,0.19999999999999998,10000.0,case_198,0,0,7690.8486328125,7686.0244140625,fno,2412,0.0,8045,0,0.0
-2.0,200000.0,0.19999999999999998,25000.0,case_198,0,0,22690.84765625,22686.025390625,fno,2412,0.0,8045,0,0.0
-2.0,200000.0,0.19999999999999998,101325.0,case_198,0,0,99015.8515625,99011.0234375,fno,2412,0.0,8045,0,0.0
-2.0,500000.0,0.5,2500.0,case_199,0,0,151.95849609375,112.22265625,fno,2412,0.0,8045,0,0.0
-2.0,500000.0,0.5,3000.0,case_199,0,0,651.95849609375,612.22265625,fno,2412,0.0,8045,0,0.0
-2.0,500000.0,0.5,5000.0,case_199,0,0,2651.95849609375,2612.22265625,fno,2412,0.0,8045,0,0.0
-2.0,500000.0,0.5,10000.0,case_199,0,0,7651.958984375,7612.22265625,fno,2412,0.0,8045,0,0.0
-2.0,500000.0,0.5,25000.0,case_199,0,0,22651.958984375,22612.22265625,fno,2412,0.0,8045,0,0.0
-2.0,500000.0,0.5,101325.0,case_199,0,0,98976.9609375,98937.2265625,fno,2412,0.0,8045,0,0.0
-2.0,1000000.0,1.0,2500.0,case_200,12,24,-54.34765625,-151.690185546875,fno,2412,0.002983219390926041,8009,0,0.0014916096954630206
-2.0,1000000.0,1.0,3000.0,case_200,0,0,445.65234375,348.309814453125,fno,2412,0.0,8045,0,0.0
-2.0,1000000.0,1.0,5000.0,case_200,0,0,2445.65234375,2348.31005859375,fno,2412,0.0,8045,0,0.0
-2.0,1000000.0,1.0,10000.0,case_200,0,0,7445.65234375,7348.3095703125,fno,2412,0.0,8045,0,0.0
-2.0,1000000.0,1.0,25000.0,case_200,0,0,22445.65234375,22348.310546875,fno,2412,0.0,8045,0,0.0
-2.0,1000000.0,1.0,101325.0,case_200,0,0,98770.65625,98673.3125,fno,2412,0.0,8045,0,0.0
0.0,100000.0,0.09999999999999999,2500.0,case_201,0,0,198.1865234375,197.463134765625,fno,2412,0.0,8045,0,0.0
0.0,100000.0,0.09999999999999999,3000.0,case_201,0,0,698.1865234375,697.463134765625,fno,2412,0.0,8045,0,0.0
0.0,100000.0,0.09999999999999999,5000.0,case_201,0,0,2698.1865234375,2697.462890625,fno,2412,0.0,8045,0,0.0
0.0,100000.0,0.09999999999999999,10000.0,case_201,0,0,7698.1865234375,7697.462890625,fno,2412,0.0,8045,0,0.0
0.0,100000.0,0.09999999999999999,25000.0,case_201,0,0,22698.185546875,22697.462890625,fno,2412,0.0,8045,0,0.0
0.0,100000.0,0.09999999999999999,101325.0,case_201,0,0,99023.1875,99022.4609375,fno,2412,0.0,8045,0,0.0
0.0,200000.0,0.19999999999999998,2500.0,case_202,0,0,192.328369140625,189.9306640625,fno,2412,0.0,8045,0,0.0
0.0,200000.0,0.19999999999999998,3000.0,case_202,0,0,692.328369140625,689.9306640625,fno,2412,0.0,8045,0,0.0
0.0,200000.0,0.19999999999999998,5000.0,case_202,0,0,2692.328125,2689.9306640625,fno,2412,0.0,8045,0,0.0
0.0,200000.0,0.19999999999999998,10000.0,case_202,0,0,7692.328125,7689.9306640625,fno,2412,0.0,8045,0,0.0
0.0,200000.0,0.19999999999999998,25000.0,case_202,0,0,22692.328125,22689.9296875,fno,2412,0.0,8045,0,0.0
0.0,200000.0,0.19999999999999998,101325.0,case_202,0,0,99017.328125,99014.9296875,fno,2412,0.0,8045,0,0.0
0.0,500000.0,0.5,2500.0,case_203,0,0,138.213623046875,136.8232421875,fno,2412,0.0,8045,0,0.0
0.0,500000.0,0.5,3000.0,case_203,0,0,638.213623046875,636.8232421875,fno,2412,0.0,8045,0,0.0
0.0,500000.0,0.5,5000.0,case_203,0,0,2638.2138671875,2636.8232421875,fno,2412,0.0,8045,0,0.0
0.0,500000.0,0.5,10000.0,case_203,0,0,7638.2138671875,7636.8232421875,fno,2412,0.0,8045,0,0.0
0.0,500000.0,0.5,25000.0,case_203,0,0,22638.212890625,22636.82421875,fno,2412,0.0,8045,0,0.0
0.0,500000.0,0.5,101325.0,case_203,0,0,98963.2109375,98961.8203125,fno,2412,0.0,8045,0,0.0
0.0,1000000.0,1.0,2500.0,case_204,0,61,-181.480224609375,-53.03076171875,fno,2412,0.011311373523927906,7954,30,0.0037290242386575512
0.0,1000000.0,1.0,3000.0,case_204,0,0,318.519775390625,446.96923828125,fno,2412,0.0,8045,0,0.0
0.0,1000000.0,1.0,5000.0,case_204,0,0,2318.51953125,2446.96923828125,fno,2412,0.0,8045,0,0.0
0.0,1000000.0,1.0,10000.0,case_204,0,0,7318.51953125,7446.96875,fno,2412,0.0,8045,0,0.0
0.0,1000000.0,1.0,25000.0,case_204,0,0,22318.51953125,22446.96875,fno,2412,0.0,8045,0,0.0
0.0,1000000.0,1.0,101325.0,case_204,0,0,98643.5234375,98771.96875,fno,2412,0.0,8045,0,0.0
2.0,100000.0,0.09999999999999999,2500.0,case_205,0,0,197.328125,196.541015625,fno,2412,0.0,8045,0,0.0
2.0,100000.0,0.09999999999999999,3000.0,case_205,0,0,697.328125,696.541015625,fno,2412,0.0,8045,0,0.0
2.0,100000.0,0.09999999999999999,5000.0,case_205,0,0,2697.328125,2696.541015625,fno,2412,0.0,8045,0,0.0
2.0,100000.0,0.09999999999999999,10000.0,case_205,0,0,7697.328125,7696.541015625,fno,2412,0.0,8045,0,0.0
2.0,100000.0,0.09999999999999999,25000.0,case_205,0,0,22697.328125,22696.541015625,fno,2412,0.0,8045,0,0.0
2.0,100000.0,0.09999999999999999,101325.0,case_205,0,0,99022.328125,99021.5390625,fno,2412,0.0,8045,0,0.0
2.0,200000.0,0.19999999999999998,2500.0,case_206,0,0,188.22412109375,186.239013671875,fno,2412,0.0,8045,0,0.0
2.0,200000.0,0.19999999999999998,3000.0,case_206,0,0,688.22412109375,686.239013671875,fno,2412,0.0,8045,0,0.0
2.0,200000.0,0.19999999999999998,5000.0,case_206,0,0,2688.22412109375,2686.2392578125,fno,2412,0.0,8045,0,0.0
2.0,200000.0,0.19999999999999998,10000.0,case_206,0,0,7688.2236328125,7686.2392578125,fno,2412,0.0,8045,0,0.0
2.0,200000.0,0.19999999999999998,25000.0,case_206,0,0,22688.224609375,22686.23828125,fno,2412,0.0,8045,0,0.0
2.0,200000.0,0.19999999999999998,101325.0,case_206,0,0,99013.2265625,99011.2421875,fno,2412,0.0,8045,0,0.0
2.0,500000.0,0.5,2500.0,case_207,0,0,106.376708984375,113.4375,fno,2412,0.0,8045,0,0.0
2.0,500000.0,0.5,3000.0,case_207,0,0,606.376708984375,613.4375,fno,2412,0.0,8045,0,0.0
2.0,500000.0,0.5,5000.0,case_207,0,0,2606.37646484375,2613.4375,fno,2412,0.0,8045,0,0.0
2.0,500000.0,0.5,10000.0,case_207,0,0,7606.376953125,7613.4375,fno,2412,0.0,8045,0,0.0
2.0,500000.0,0.5,25000.0,case_207,0,0,22606.376953125,22613.4375,fno,2412,0.0,8045,0,0.0
2.0,500000.0,0.5,101325.0,case_207,0,0,98931.375,98938.4375,fno,2412,0.0,8045,0,0.0
2.0,1000000.0,1.0,2500.0,case_208,2,95,-324.4630126953125,-146.984619140625,fno,2412,0.023617153511497825,7853,95,0.012057178371659415
2.0,1000000.0,1.0,3000.0,case_208,0,0,175.537109375,353.015380859375,fno,2412,0.0,8045,0,0.0
2.0,1000000.0,1.0,5000.0,case_208,0,0,2175.537109375,2353.015625,fno,2412,0.0,8045,0,0.0
2.0,1000000.0,1.0,10000.0,case_208,0,0,7175.537109375,7353.015625,fno,2412,0.0,8045,0,0.0
2.0,1000000.0,1.0,25000.0,case_208,0,0,22175.537109375,22353.015625,fno,2412,0.0,8045,0,0.0
2.0,1000000.0,1.0,101325.0,case_208,0,0,98500.5390625,98678.015625,fno,2412,0.0,8045,0,0.0
4.0,100000.0,0.09999999999999999,2500.0,case_209,0,0,196.057373046875,195.056396484375,fno,2412,0.0,8045,0,0.0
4.0,100000.0,0.09999999999999999,3000.0,case_209,0,0,696.057373046875,695.056396484375,fno,2412,0.0,8045,0,0.0
4.0,100000.0,0.09999999999999999,5000.0,case_209,0,0,2696.05712890625,2695.05615234375,fno,2412,0.0,8045,0,0.0
4.0,100000.0,0.09999999999999999,10000.0,case_209,0,0,7696.0576171875,7695.056640625,fno,2412,0.0,8045,0,0.0
4.0,100000.0,0.09999999999999999,25000.0,case_209,0,0,22696.056640625,22695.056640625,fno,2412,0.0,8045,0,0.0
4.0,100000.0,0.09999999999999999,101325.0,case_209,0,0,99021.0546875,99020.0546875,fno,2412,0.0,8045,0,0.0
4.0,200000.0,0.19999999999999998,2500.0,case_210,0,0,183.0546875,180.322021484375,fno,2412,0.0,8045,0,0.0
4.0,200000.0,0.19999999999999998,3000.0,case_210,0,0,683.0546875,680.322021484375,fno,2412,0.0,8045,0,0.0
4.0,200000.0,0.19999999999999998,5000.0,case_210,0,0,2683.0546875,2680.322265625,fno,2412,0.0,8045,0,0.0
4.0,200000.0,0.19999999999999998,10000.0,case_210,0,0,7683.0546875,7680.322265625,fno,2412,0.0,8045,0,0.0
4.0,200000.0,0.19999999999999998,25000.0,case_210,0,0,22683.0546875,22680.322265625,fno,2412,0.0,8045,0,0.0
4.0,200000.0,0.19999999999999998,101325.0,case_210,0,0,99008.0546875,99005.3203125,fno,2412,0.0,8045,0,0.0
4.0,500000.0,0.5,2500.0,case_211,0,0,71.052734375,76.150634765625,fno,2412,0.0,8045,0,0.0
4.0,500000.0,0.5,3000.0,case_211,0,0,571.052734375,576.150634765625,fno,2412,0.0,8045,0,0.0
4.0,500000.0,0.5,5000.0,case_211,0,0,2571.052734375,2576.15087890625,fno,2412,0.0,8045,0,0.0
4.0,500000.0,0.5,10000.0,case_211,0,0,7571.052734375,7576.150390625,fno,2412,0.0,8045,0,0.0
4.0,500000.0,0.5,25000.0,case_211,0,0,22571.052734375,22576.150390625,fno,2412,0.0,8045,0,0.0
4.0,500000.0,0.5,101325.0,case_211,0,0,98896.0546875,98901.1484375,fno,2412,0.0,8045,0,0.0
4.0,1000000.0,1.0,2500.0,case_212,0,117,-498.1636962890625,-296.5372314453125,fno,2412,0.038160348042262274,7738,190,0.023617153511497825
4.0,1000000.0,1.0,3000.0,case_212,0,0,1.83642578125,203.462646484375,fno,2412,0.0,8045,0,0.0
4.0,1000000.0,1.0,5000.0,case_212,0,0,2001.83642578125,2203.462890625,fno,2412,0.0,8045,0,0.0
4.0,1000000.0,1.0,10000.0,case_212,0,0,7001.8359375,7203.462890625,fno,2412,0.0,8045,0,0.0
4.0,1000000.0,1.0,25000.0,case_212,0,0,22001.8359375,22203.462890625,fno,2412,0.0,8045,0,0.0
4.0,1000000.0,1.0,101325.0,case_212,0,0,98326.8359375,98528.4609375,fno,2412,0.0,8045,0,0.0
6.0,100000.0,0.09999999999999999,2500.0,case_213,0,0,194.593017578125,193.473876953125,fno,2412,0.0,8045,0,0.0
6.0,100000.0,0.09999999999999999,3000.0,case_213,0,0,694.593017578125,693.473876953125,fno,2412,0.0,8045,0,0.0
6.0,100000.0,0.09999999999999999,5000.0,case_213,0,0,2694.5927734375,2693.4736328125,fno,2412,0.0,8045,0,0.0
6.0,100000.0,0.09999999999999999,10000.0,case_213,0,0,7694.5927734375,7693.4736328125,fno,2412,0.0,8045,0,0.0
6.0,100000.0,0.09999999999999999,25000.0,case_213,0,0,22694.59375,22693.474609375,fno,2412,0.0,8045,0,0.0
6.0,100000.0,0.09999999999999999,101325.0,case_213,0,0,99019.59375,99018.4765625,fno,2412,0.0,8045,0,0.0
6.0,200000.0,0.19999999999999998,2500.0,case_214,0,0,176.925537109375,174.086181640625,fno,2412,0.0,8045,0,0.0
6.0,200000.0,0.19999999999999998,3000.0,case_214,0,0,676.925537109375,674.086181640625,fno,2412,0.0,8045,0,0.0
6.0,200000.0,0.19999999999999998,5000.0,case_214,0,0,2676.92529296875,2674.0859375,fno,2412,0.0,8045,0,0.0
6.0,200000.0,0.19999999999999998,10000.0,case_214,0,0,7676.92578125,7674.0859375,fno,2412,0.0,8045,0,0.0
6.0,200000.0,0.19999999999999998,25000.0,case_214,0,0,22676.92578125,22674.0859375,fno,2412,0.0,8045,0,0.0
6.0,200000.0,0.19999999999999998,101325.0,case_214,0,0,99001.921875,98999.0859375,fno,2412,0.0,8045,0,0.0
6.0,500000.0,0.5,2500.0,case_215,0,0,27.81884765625,36.447265625,fno,2412,0.0,8045,0,0.0
6.0,500000.0,0.5,3000.0,case_215,0,0,527.81884765625,536.447265625,fno,2412,0.0,8045,0,0.0
6.0,500000.0,0.5,5000.0,case_215,0,0,2527.81884765625,2536.447265625,fno,2412,0.0,8045,0,0.0
6.0,500000.0,0.5,10000.0,case_215,0,0,7527.8193359375,7536.447265625,fno,2412,0.0,8045,0,0.0
6.0,500000.0,0.5,25000.0,case_215,0,0,22527.818359375,22536.447265625,fno,2412,0.0,8045,0,0.0
6.0,500000.0,0.5,101325.0,case_215,0,0,98852.8203125,98861.4453125,fno,2412,0.0,8045,0,0.0
6.0,1000000.0,1.0,2500.0,case_216,1,135,-710.187744140625,-456.31396484375,fno,2412,0.05295214418893723,7618,291,0.0362958359229335
6.0,1000000.0,1.0,3000.0,case_216,0,13,-210.187744140625,43.68603515625,fno,2412,0.0016159105034182723,8032,0,0.0
6.0,1000000.0,1.0,5000.0,case_216,0,0,1789.812255859375,2043.68603515625,fno,2412,0.0,8045,0,0.0
6.0,1000000.0,1.0,10000.0,case_216,0,0,6789.8125,7043.685546875,fno,2412,0.0,8045,0,0.0
6.0,1000000.0,1.0,25000.0,case_216,0,0,21789.8125,22043.685546875,fno,2412,0.0,8045,0,0.0
6.0,1000000.0,1.0,101325.0,case_216,0,0,98114.8125,98368.6875,fno,2412,0.0,8045,0,0.0
8.0,100000.0,0.09999999999999999,2500.0,case_217,0,0,192.8505859375,190.568115234375,fno,2412,0.0,8045,0,0.0
8.0,100000.0,0.09999999999999999,3000.0,case_217,0,0,692.8505859375,690.568115234375,fno,2412,0.0,8045,0,0.0
8.0,100000.0,0.09999999999999999,5000.0,case_217,0,0,2692.8505859375,2690.568359375,fno,2412,0.0,8045,0,0.0
8.0,100000.0,0.09999999999999999,10000.0,case_217,0,0,7692.8505859375,7690.568359375,fno,2412,0.0,8045,0,0.0
8.0,100000.0,0.09999999999999999,25000.0,case_217,0,0,22692.849609375,22690.568359375,fno,2412,0.0,8045,0,0.0
8.0,100000.0,0.09999999999999999,101325.0,case_217,0,0,99017.8515625,99015.5703125,fno,2412,0.0,8045,0,0.0
8.0,200000.0,0.19999999999999998,2500.0,case_218,0,0,169.61572265625,161.783447265625,fno,2412,0.0,8045,0,0.0
8.0,200000.0,0.19999999999999998,3000.0,case_218,0,0,669.61572265625,661.783447265625,fno,2412,0.0,8045,0,0.0
8.0,200000.0,0.19999999999999998,5000.0,case_218,0,0,2669.61572265625,2661.783203125,fno,2412,0.0,8045,0,0.0
8.0,200000.0,0.19999999999999998,10000.0,case_218,0,0,7669.615234375,7661.783203125,fno,2412,0.0,8045,0,0.0
8.0,200000.0,0.19999999999999998,25000.0,case_218,0,0,22669.615234375,22661.783203125,fno,2412,0.0,8045,0,0.0
8.0,200000.0,0.19999999999999998,101325.0,case_218,0,0,98994.6171875,98986.78125,fno,2412,0.0,8045,0,0.0
8.0,500000.0,0.5,2500.0,case_219,0,4,-24.794921875,-29.9501953125,fno,2412,0.0006215040397762585,8040,1,0.0001243008079552517
8.0,500000.0,0.5,3000.0,case_219,0,0,475.205078125,470.0498046875,fno,2412,0.0,8045,0,0.0
8.0,500000.0,0.5,5000.0,case_219,0,0,2475.205078125,2470.0498046875,fno,2412,0.0,8045,0,0.0
8.0,500000.0,0.5,10000.0,case_219,0,0,7475.205078125,7470.0498046875,fno,2412,0.0,8045,0,0.0
8.0,500000.0,0.5,25000.0,case_219,0,0,22475.205078125,22470.048828125,fno,2412,0.0,8045,0,0.0
8.0,500000.0,0.5,101325.0,case_219,0,0,98800.203125,98795.046875,fno,2412,0.0,8045,0,0.0
8.0,1000000.0,1.0,2500.0,case_220,4,129,-803.186767578125,-722.595947265625,fno,2412,0.06600372902423866,7510,402,0.05046612802983219
8.0,1000000.0,1.0,3000.0,case_220,0,9,-303.186767578125,-222.595947265625,fno,2412,0.001740211311373524,8031,5,0.0006215040397762585
8.0,1000000.0,1.0,5000.0,case_220,0,0,1696.813232421875,1777.404052734375,fno,2412,0.0,8045,0,0.0
8.0,1000000.0,1.0,10000.0,case_220,0,0,6696.8134765625,6777.404296875,fno,2412,0.0,8045,0,0.0
8.0,1000000.0,1.0,25000.0,case_220,0,0,21696.8125,21777.404296875,fno,2412,0.0,8045,0,0.0
8.0,1000000.0,1.0,101325.0,case_220,0,0,98021.8125,98102.40625,fno,2412,0.0,8045,0,0.0
10.0,100000.0,0.09999999999999999,2500.0,case_221,0,0,190.706787109375,187.9287109375,fno,2412,0.0,8045,0,0.0
10.0,100000.0,0.09999999999999999,3000.0,case_221,0,0,690.706787109375,687.9287109375,fno,2412,0.0,8045,0,0.0
10.0,100000.0,0.09999999999999999,5000.0,case_221,0,0,2690.70654296875,2687.9287109375,fno,2412,0.0,8045,0,0.0
10.0,100000.0,0.09999999999999999,10000.0,case_221,0,0,7690.70703125,7687.9287109375,fno,2412,0.0,8045,0,0.0
10.0,100000.0,0.09999999999999999,25000.0,case_221,0,0,22690.70703125,22687.927734375,fno,2412,0.0,8045,0,0.0
10.0,100000.0,0.09999999999999999,101325.0,case_221,0,0,99015.703125,99012.9296875,fno,2412,0.0,8045,0,0.0
10.0,200000.0,0.19999999999999998,2500.0,case_222,0,0,161.848876953125,153.3876953125,fno,2412,0.0,8045,0,0.0
10.0,200000.0,0.19999999999999998,3000.0,case_222,0,0,661.848876953125,653.3876953125,fno,2412,0.0,8045,0,0.0
10.0,200000.0,0.19999999999999998,5000.0,case_222,0,0,2661.8486328125,2653.3876953125,fno,2412,0.0,8045,0,0.0
10.0,200000.0,0.19999999999999998,10000.0,case_222,0,0,7661.8486328125,7653.3876953125,fno,2412,0.0,8045,0,0.0
10.0,200000.0,0.19999999999999998,25000.0,case_222,0,0,22661.849609375,22653.388671875,fno,2412,0.0,8045,0,0.0
10.0,200000.0,0.19999999999999998,101325.0,case_222,0,0,98986.8515625,98978.390625,fno,2412,0.0,8045,0,0.0
10.0,500000.0,0.5,2500.0,case_223,0,3,-49.468017578125,-90.552978515625,fno,2412,0.0009944064636420136,8037,5,0.0006215040397762585
10.0,500000.0,0.5,3000.0,case_223,0,0,450.531982421875,409.447021484375,fno,2412,0.0,8045,0,0.0
10.0,500000.0,0.5,5000.0,case_223,0,0,2450.5322265625,2409.447265625,fno,2412,0.0,8045,0,0.0
10.0,500000.0,0.5,10000.0,case_223,0,0,7450.5322265625,7409.447265625,fno,2412,0.0,8045,0,0.0
10.0,500000.0,0.5,25000.0,case_223,0,0,22450.53125,22409.447265625,fno,2412,0.0,8045,0,0.0
10.0,500000.0,0.5,101325.0,case_223,0,0,98775.53125,98734.4453125,fno,2412,0.0,8045,0,0.0
10.0,1000000.0,1.0,2500.0,case_224,11,118,-894.5159912109375,-965.6834716796875,fno,2412,0.07532628962088253,7428,488,0.0620261031696706
10.0,1000000.0,1.0,3000.0,case_224,1,11,-394.5159912109375,-465.6834716796875,fno,2412,0.0028589185829707895,8021,12,0.0016159105034182723
10.0,1000000.0,1.0,5000.0,case_224,0,0,1605.48388671875,1534.31640625,fno,2412,0.0,8045,0,0.0
10.0,1000000.0,1.0,10000.0,case_224,0,0,6605.484375,6534.31640625,fno,2412,0.0,8045,0,0.0
10.0,1000000.0,1.0,25000.0,case_224,0,0,21605.484375,21534.31640625,fno,2412,0.0,8045,0,0.0
10.0,1000000.0,1.0,101325.0,case_224,0,0,97930.484375,97859.3203125,fno,2412,0.0,8045,0,0.0
-4.0,100000.0,0.09999999999999999,2500.0,case_225,0,0,196.299560546875,194.0908203125,fno,2415,0.0,8012,0,0.0
-4.0,100000.0,0.09999999999999999,3000.0,case_225,0,0,696.299560546875,694.0908203125,fno,2415,0.0,8012,0,0.0
-4.0,100000.0,0.09999999999999999,5000.0,case_225,0,0,2696.29931640625,2694.0908203125,fno,2415,0.0,8012,0,0.0
-4.0,100000.0,0.09999999999999999,10000.0,case_225,0,0,7696.2998046875,7694.0908203125,fno,2415,0.0,8012,0,0.0
-4.0,100000.0,0.09999999999999999,25000.0,case_225,0,0,22696.298828125,22694.08984375,fno,2415,0.0,8012,0,0.0
-4.0,100000.0,0.09999999999999999,101325.0,case_225,0,0,99021.296875,99019.09375,fno,2415,0.0,8012,0,0.0
-4.0,200000.0,0.19999999999999998,2500.0,case_226,0,0,185.314453125,176.82080078125,fno,2415,0.0,8012,0,0.0
-4.0,200000.0,0.19999999999999998,3000.0,case_226,0,0,685.314453125,676.82080078125,fno,2415,0.0,8012,0,0.0
-4.0,200000.0,0.19999999999999998,5000.0,case_226,0,0,2685.314453125,2676.82080078125,fno,2415,0.0,8012,0,0.0
-4.0,200000.0,0.19999999999999998,10000.0,case_226,0,0,7685.314453125,7676.8212890625,fno,2415,0.0,8012,0,0.0
-4.0,200000.0,0.19999999999999998,25000.0,case_226,0,0,22685.314453125,22676.8203125,fno,2415,0.0,8012,0,0.0
-4.0,200000.0,0.19999999999999998,101325.0,case_226,0,0,99010.3125,99001.8203125,fno,2415,0.0,8012,0,0.0
-4.0,500000.0,0.5,2500.0,case_227,0,0,112.394775390625,54.08203125,fno,2415,0.0,8012,0,0.0
-4.0,500000.0,0.5,3000.0,case_227,0,0,612.394775390625,554.08203125,fno,2415,0.0,8012,0,0.0
-4.0,500000.0,0.5,5000.0,case_227,0,0,2612.39453125,2554.08203125,fno,2415,0.0,8012,0,0.0
-4.0,500000.0,0.5,10000.0,case_227,0,0,7612.39453125,7554.08203125,fno,2415,0.0,8012,0,0.0
-4.0,500000.0,0.5,25000.0,case_227,0,0,22612.39453125,22554.08203125,fno,2415,0.0,8012,0,0.0
-4.0,500000.0,0.5,101325.0,case_227,0,0,98937.3984375,98879.0859375,fno,2415,0.0,8012,0,0.0
-4.0,1000000.0,1.0,2500.0,case_228,66,3,-87.308349609375,-385.083251953125,fno,2415,0.0023714428357463806,7927,16,0.010234648027958064
-4.0,1000000.0,1.0,3000.0,case_228,0,0,412.691650390625,114.916748046875,fno,2415,0.0,8012,0,0.0
-4.0,1000000.0,1.0,5000.0,case_228,0,0,2412.69140625,2114.9169921875,fno,2415,0.0,8012,0,0.0
-4.0,1000000.0,1.0,10000.0,case_228,0,0,7412.69140625,7114.9169921875,fno,2415,0.0,8012,0,0.0
-4.0,1000000.0,1.0,25000.0,case_228,0,0,22412.69140625,22114.916015625,fno,2415,0.0,8012,0,0.0
-4.0,1000000.0,1.0,101325.0,case_228,0,0,98737.6953125,98439.9140625,fno,2415,0.0,8012,0,0.0
-2.0,100000.0,0.09999999999999999,2500.0,case_229,0,0,196.556640625,196.18115234375,fno,2415,0.0,8012,0,0.0
-2.0,100000.0,0.09999999999999999,3000.0,case_229,0,0,696.556640625,696.18115234375,fno,2415,0.0,8012,0,0.0
-2.0,100000.0,0.09999999999999999,5000.0,case_229,0,0,2696.556640625,2696.18115234375,fno,2415,0.0,8012,0,0.0
-2.0,100000.0,0.09999999999999999,10000.0,case_229,0,0,7696.556640625,7696.1806640625,fno,2415,0.0,8012,0,0.0
-2.0,100000.0,0.09999999999999999,25000.0,case_229,0,0,22696.556640625,22696.181640625,fno,2415,0.0,8012,0,0.0
-2.0,100000.0,0.09999999999999999,101325.0,case_229,0,0,99021.5546875,99021.1796875,fno,2415,0.0,8012,0,0.0
-2.0,200000.0,0.19999999999999998,2500.0,case_230,0,0,186.61181640625,184.583984375,fno,2415,0.0,8012,0,0.0
-2.0,200000.0,0.19999999999999998,3000.0,case_230,0,0,686.61181640625,684.583984375,fno,2415,0.0,8012,0,0.0
-2.0,200000.0,0.19999999999999998,5000.0,case_230,0,0,2686.61181640625,2684.583984375,fno,2415,0.0,8012,0,0.0
-2.0,200000.0,0.19999999999999998,10000.0,case_230,0,0,7686.611328125,7684.583984375,fno,2415,0.0,8012,0,0.0
-2.0,200000.0,0.19999999999999998,25000.0,case_230,0,0,22686.611328125,22684.583984375,fno,2415,0.0,8012,0,0.0
-2.0,200000.0,0.19999999999999998,101325.0,case_230,0,0,99011.609375,99009.5859375,fno,2415,0.0,8012,0,0.0
-2.0,500000.0,0.5,2500.0,case_231,0,0,127.024658203125,103.11474609375,fno,2415,0.0,8012,0,0.0
-2.0,500000.0,0.5,3000.0,case_231,0,0,627.024658203125,603.11474609375,fno,2415,0.0,8012,0,0.0
-2.0,500000.0,0.5,5000.0,case_231,0,0,2627.02490234375,2603.11474609375,fno,2415,0.0,8012,0,0.0
-2.0,500000.0,0.5,10000.0,case_231,0,0,7627.0244140625,7603.1142578125,fno,2415,0.0,8012,0,0.0
-2.0,500000.0,0.5,25000.0,case_231,0,0,22627.025390625,22603.115234375,fno,2415,0.0,8012,0,0.0
-2.0,500000.0,0.5,101325.0,case_231,0,0,98952.0234375,98928.1171875,fno,2415,0.0,8012,0,0.0
-2.0,1000000.0,1.0,2500.0,case_232,28,34,-111.787353515625,-188.255859375,fno,2415,0.005242136794807789,7942,8,0.0044932601098352475
-2.0,1000000.0,1.0,3000.0,case_232,0,0,388.212646484375,311.744140625,fno,2415,0.0,8012,0,0.0
-2.0,1000000.0,1.0,5000.0,case_232,0,0,2388.21240234375,2311.744140625,fno,2415,0.0,8012,0,0.0
-2.0,1000000.0,1.0,10000.0,case_232,0,0,7388.212890625,7311.744140625,fno,2415,0.0,8012,0,0.0
-2.0,1000000.0,1.0,25000.0,case_232,0,0,22388.212890625,22311.744140625,fno,2415,0.0,8012,0,0.0
-2.0,1000000.0,1.0,101325.0,case_232,0,0,98713.2109375,98636.7421875,fno,2415,0.0,8012,0,0.0
0.0,100000.0,0.09999999999999999,2500.0,case_233,0,0,197.21142578125,197.145751953125,fno,2415,0.0,8012,0,0.0
0.0,100000.0,0.09999999999999999,3000.0,case_233,0,0,697.21142578125,697.145751953125,fno,2415,0.0,8012,0,0.0
0.0,100000.0,0.09999999999999999,5000.0,case_233,0,0,2697.21142578125,2697.1455078125,fno,2415,0.0,8012,0,0.0
0.0,100000.0,0.09999999999999999,10000.0,case_233,0,0,7697.2119140625,7697.1455078125,fno,2415,0.0,8012,0,0.0
0.0,100000.0,0.09999999999999999,25000.0,case_233,0,0,22697.2109375,22697.146484375,fno,2415,0.0,8012,0,0.0
0.0,100000.0,0.09999999999999999,101325.0,case_233,0,0,99022.2109375,99022.1484375,fno,2415,0.0,8012,0,0.0
0.0,200000.0,0.19999999999999998,2500.0,case_234,0,0,189.55322265625,188.47412109375,fno,2415,0.0,8012,0,0.0
0.0,200000.0,0.19999999999999998,3000.0,case_234,0,0,689.55322265625,688.47412109375,fno,2415,0.0,8012,0,0.0
0.0,200000.0,0.19999999999999998,5000.0,case_234,0,0,2689.55322265625,2688.47412109375,fno,2415,0.0,8012,0,0.0
0.0,200000.0,0.19999999999999998,10000.0,case_234,0,0,7689.552734375,7688.4736328125,fno,2415,0.0,8012,0,0.0
0.0,200000.0,0.19999999999999998,25000.0,case_234,0,0,22689.552734375,22688.474609375,fno,2415,0.0,8012,0,0.0
0.0,200000.0,0.19999999999999998,101325.0,case_234,0,0,99014.5546875,99013.4765625,fno,2415,0.0,8012,0,0.0
0.0,500000.0,0.5,2500.0,case_235,0,0,123.490966796875,127.7041015625,fno,2415,0.0,8012,0,0.0
0.0,500000.0,0.5,3000.0,case_235,0,0,623.490966796875,627.7041015625,fno,2415,0.0,8012,0,0.0
0.0,500000.0,0.5,5000.0,case_235,0,0,2623.4912109375,2627.7041015625,fno,2415,0.0,8012,0,0.0
0.0,500000.0,0.5,10000.0,case_235,0,0,7623.4912109375,7627.7041015625,fno,2415,0.0,8012,0,0.0
0.0,500000.0,0.5,25000.0,case_235,0,0,22623.490234375,22627.703125,fno,2415,0.0,8012,0,0.0
0.0,500000.0,0.5,101325.0,case_235,0,0,98948.4921875,98952.703125,fno,2415,0.0,8012,0,0.0
0.0,1000000.0,1.0,2500.0,case_236,3,57,-210.94921875,-89.52392578125,fno,2415,0.012980529206190713,7905,47,0.006240639041437843
0.0,1000000.0,1.0,3000.0,case_236,0,0,289.05078125,410.47607421875,fno,2415,0.0,8012,0,0.0
0.0,1000000.0,1.0,5000.0,case_236,0,0,2289.05078125,2410.47607421875,fno,2415,0.0,8012,0,0.0
0.0,1000000.0,1.0,10000.0,case_236,0,0,7289.05078125,7410.4765625,fno,2415,0.0,8012,0,0.0
0.0,1000000.0,1.0,25000.0,case_236,0,0,22289.05078125,22410.4765625,fno,2415,0.0,8012,0,0.0
0.0,1000000.0,1.0,101325.0,case_236,0,0,98614.0546875,98735.4765625,fno,2415,0.0,8012,0,0.0
2.0,100000.0,0.09999999999999999,2500.0,case_237,0,0,196.77783203125,196.078369140625,fno,2415,0.0,8012,0,0.0
2.0,100000.0,0.09999999999999999,3000.0,case_237,0,0,696.77783203125,696.078369140625,fno,2415,0.0,8012,0,0.0
2.0,100000.0,0.09999999999999999,5000.0,case_237,0,0,2696.77783203125,2696.078125,fno,2415,0.0,8012,0,0.0
2.0,100000.0,0.09999999999999999,10000.0,case_237,0,0,7696.7783203125,7696.078125,fno,2415,0.0,8012,0,0.0
2.0,100000.0,0.09999999999999999,25000.0,case_237,0,0,22696.77734375,22696.078125,fno,2415,0.0,8012,0,0.0
2.0,100000.0,0.09999999999999999,101325.0,case_237,0,0,99021.78125,99021.078125,fno,2415,0.0,8012,0,0.0
2.0,200000.0,0.19999999999999998,2500.0,case_238,0,0,186.25830078125,184.18896484375,fno,2415,0.0,8012,0,0.0
2.0,200000.0,0.19999999999999998,3000.0,case_238,0,0,686.25830078125,684.18896484375,fno,2415,0.0,8012,0,0.0
2.0,200000.0,0.19999999999999998,5000.0,case_238,0,0,2686.25830078125,2684.18896484375,fno,2415,0.0,8012,0,0.0
2.0,200000.0,0.19999999999999998,10000.0,case_238,0,0,7686.2587890625,7684.189453125,fno,2415,0.0,8012,0,0.0
2.0,200000.0,0.19999999999999998,25000.0,case_238,0,0,22686.2578125,22684.189453125,fno,2415,0.0,8012,0,0.0
2.0,200000.0,0.19999999999999998,101325.0,case_238,0,0,99011.2578125,99009.1875,fno,2415,0.0,8012,0,0.0
2.0,500000.0,0.5,2500.0,case_239,0,0,98.5654296875,100.73828125,fno,2415,0.0,8012,0,0.0
2.0,500000.0,0.5,3000.0,case_239,0,0,598.5654296875,600.73828125,fno,2415,0.0,8012,0,0.0
2.0,500000.0,0.5,5000.0,case_239,0,0,2598.5654296875,2600.73828125,fno,2415,0.0,8012,0,0.0
2.0,500000.0,0.5,10000.0,case_239,0,0,7598.5654296875,7600.73828125,fno,2415,0.0,8012,0,0.0
2.0,500000.0,0.5,25000.0,case_239,0,0,22598.564453125,22600.73828125,fno,2415,0.0,8012,0,0.0
2.0,500000.0,0.5,101325.0,case_239,0,0,98923.5625,98925.734375,fno,2415,0.0,8012,0,0.0
2.0,1000000.0,1.0,2500.0,case_240,1,84,-329.4327392578125,-197.62939453125,fno,2415,0.0254618072890664,7807,120,0.01510234648027958
2.0,1000000.0,1.0,3000.0,case_240,0,0,170.5673828125,302.37060546875,fno,2415,0.0,8012,0,0.0
2.0,1000000.0,1.0,5000.0,case_240,0,0,2170.5673828125,2302.37060546875,fno,2415,0.0,8012,0,0.0
2.0,1000000.0,1.0,10000.0,case_240,0,0,7170.5673828125,7302.37109375,fno,2415,0.0,8012,0,0.0
2.0,1000000.0,1.0,25000.0,case_240,0,0,22170.56640625,22302.37109375,fno,2415,0.0,8012,0,0.0
2.0,1000000.0,1.0,101325.0,case_240,0,0,98495.5703125,98627.3671875,fno,2415,0.0,8012,0,0.0
4.0,100000.0,0.09999999999999999,2500.0,case_241,0,0,195.797607421875,194.690673828125,fno,2415,0.0,8012,0,0.0
4.0,100000.0,0.09999999999999999,3000.0,case_241,0,0,695.797607421875,694.690673828125,fno,2415,0.0,8012,0,0.0
4.0,100000.0,0.09999999999999999,5000.0,case_241,0,0,2695.79736328125,2694.69091796875,fno,2415,0.0,8012,0,0.0
4.0,100000.0,0.09999999999999999,10000.0,case_241,0,0,7695.7978515625,7694.6904296875,fno,2415,0.0,8012,0,0.0
4.0,100000.0,0.09999999999999999,25000.0,case_241,0,0,22695.796875,22694.69140625,fno,2415,0.0,8012,0,0.0
4.0,100000.0,0.09999999999999999,101325.0,case_241,0,0,99020.796875,99019.6875,fno,2415,0.0,8012,0,0.0
4.0,200000.0,0.19999999999999998,2500.0,case_242,0,0,182.40576171875,178.543701171875,fno,2415,0.0,8012,0,0.0
4.0,200000.0,0.19999999999999998,3000.0,case_242,0,0,682.40576171875,678.543701171875,fno,2415,0.0,8012,0,0.0
4.0,200000.0,0.19999999999999998,5000.0,case_242,0,0,2682.40576171875,2678.54345703125,fno,2415,0.0,8012,0,0.0
4.0,200000.0,0.19999999999999998,10000.0,case_242,0,0,7682.40625,7678.5439453125,fno,2415,0.0,8012,0,0.0
4.0,200000.0,0.19999999999999998,25000.0,case_242,0,0,22682.40625,22678.54296875,fno,2415,0.0,8012,0,0.0
4.0,200000.0,0.19999999999999998,101325.0,case_242,0,0,99007.40625,99003.546875,fno,2415,0.0,8012,0,0.0
4.0,500000.0,0.5,2500.0,case_243,0,0,69.33349609375,65.079833984375,fno,2415,0.0,8012,0,0.0
4.0,500000.0,0.5,3000.0,case_243,0,0,569.33349609375,565.079833984375,fno,2415,0.0,8012,0,0.0
4.0,500000.0,0.5,5000.0,case_243,0,0,2569.33349609375,2565.080078125,fno,2415,0.0,8012,0,0.0
4.0,500000.0,0.5,10000.0,case_243,0,0,7569.333984375,7565.080078125,fno,2415,0.0,8012,0,0.0
4.0,500000.0,0.5,25000.0,case_243,0,0,22569.333984375,22565.080078125,fno,2415,0.0,8012,0,0.0
4.0,500000.0,0.5,101325.0,case_243,0,0,98894.3359375,98890.078125,fno,2415,0.0,8012,0,0.0
4.0,1000000.0,1.0,2500.0,case_244,1,90,-511.2022705078125,-333.5380859375,fno,2415,0.03781827259111333,7708,213,0.02670993509735397
4.0,1000000.0,1.0,3000.0,case_244,0,1,-11.2021484375,166.4619140625,fno,2415,0.00012481278082875687,8011,0,0.0
4.0,1000000.0,1.0,5000.0,case_244,0,0,1988.7978515625,2166.4619140625,fno,2415,0.0,8012,0,0.0
4.0,1000000.0,1.0,10000.0,case_244,0,0,6988.7978515625,7166.4619140625,fno,2415,0.0,8012,0,0.0
4.0,1000000.0,1.0,25000.0,case_244,0,0,21988.796875,22166.462890625,fno,2415,0.0,8012,0,0.0
4.0,1000000.0,1.0,101325.0,case_244,0,0,98313.796875,98491.4609375,fno,2415,0.0,8012,0,0.0
6.0,100000.0,0.09999999999999999,2500.0,case_245,0,0,194.560791015625,192.634765625,fno,2415,0.0,8012,0,0.0
6.0,100000.0,0.09999999999999999,3000.0,case_245,0,0,694.560791015625,692.634765625,fno,2415,0.0,8012,0,0.0
6.0,100000.0,0.09999999999999999,5000.0,case_245,0,0,2694.560546875,2692.634765625,fno,2415,0.0,8012,0,0.0
6.0,100000.0,0.09999999999999999,10000.0,case_245,0,0,7694.560546875,7692.634765625,fno,2415,0.0,8012,0,0.0
6.0,100000.0,0.09999999999999999,25000.0,case_245,0,0,22694.560546875,22692.634765625,fno,2415,0.0,8012,0,0.0
6.0,100000.0,0.09999999999999999,101325.0,case_245,0,0,99019.5625,99017.6328125,fno,2415,0.0,8012,0,0.0
6.0,200000.0,0.19999999999999998,2500.0,case_246,0,0,176.628662109375,170.10791015625,fno,2415,0.0,8012,0,0.0
6.0,200000.0,0.19999999999999998,3000.0,case_246,0,0,676.628662109375,670.10791015625,fno,2415,0.0,8012,0,0.0
6.0,200000.0,0.19999999999999998,5000.0,case_246,0,0,2676.62841796875,2670.10791015625,fno,2415,0.0,8012,0,0.0
6.0,200000.0,0.19999999999999998,10000.0,case_246,0,0,7676.62890625,7670.107421875,fno,2415,0.0,8012,0,0.0
6.0,200000.0,0.19999999999999998,25000.0,case_246,0,0,22676.62890625,22670.107421875,fno,2415,0.0,8012,0,0.0
6.0,200000.0,0.19999999999999998,101325.0,case_246,0,0,99001.625,98995.109375,fno,2415,0.0,8012,0,0.0
6.0,500000.0,0.5,2500.0,case_247,0,0,24.790771484375,18.394775390625,fno,2415,0.0,8012,0,0.0
6.0,500000.0,0.5,3000.0,case_247,0,0,524.790771484375,518.394775390625,fno,2415,0.0,8012,0,0.0
6.0,500000.0,0.5,5000.0,case_247,0,0,2524.791015625,2518.39501953125,fno,2415,0.0,8012,0,0.0
6.0,500000.0,0.5,10000.0,case_247,0,0,7524.791015625,7518.39453125,fno,2415,0.0,8012,0,0.0
6.0,500000.0,0.5,25000.0,case_247,0,0,22524.791015625,22518.39453125,fno,2415,0.0,8012,0,0.0
6.0,500000.0,0.5,101325.0,case_247,0,0,98849.7890625,98843.3984375,fno,2415,0.0,8012,0,0.0
6.0,1000000.0,1.0,2500.0,case_248,1,116,-701.2093505859375,-528.71240234375,fno,2415,0.05491762356465302,7571,324,0.04056415376934598
6.0,1000000.0,1.0,3000.0,case_248,0,8,-201.20947265625,-28.71240234375,fno,2415,0.0012481278082875687,8002,2,0.00024962556165751375
6.0,1000000.0,1.0,5000.0,case_248,0,0,1798.79052734375,1971.28759765625,fno,2415,0.0,8012,0,0.0
6.0,1000000.0,1.0,10000.0,case_248,0,0,6798.791015625,6971.2880859375,fno,2415,0.0,8012,0,0.0
6.0,1000000.0,1.0,25000.0,case_248,0,0,21798.791015625,21971.287109375,fno,2415,0.0,8012,0,0.0
6.0,1000000.0,1.0,101325.0,case_248,0,0,98123.7890625,98296.2890625,fno,2415,0.0,8012,0,0.0
8.0,100000.0,0.09999999999999999,2500.0,case_249,0,0,192.701171875,189.682861328125,fno,2415,0.0,8012,0,0.0
8.0,100000.0,0.09999999999999999,3000.0,case_249,0,0,692.701171875,689.682861328125,fno,2415,0.0,8012,0,0.0
8.0,100000.0,0.09999999999999999,5000.0,case_249,0,0,2692.701171875,2689.6826171875,fno,2415,0.0,8012,0,0.0
8.0,100000.0,0.09999999999999999,10000.0,case_249,0,0,7692.701171875,7689.6826171875,fno,2415,0.0,8012,0,0.0
8.0,100000.0,0.09999999999999999,25000.0,case_249,0,0,22692.701171875,22689.68359375,fno,2415,0.0,8012,0,0.0
8.0,100000.0,0.09999999999999999,101325.0,case_249,0,0,99017.703125,99014.6796875,fno,2415,0.0,8012,0,0.0
8.0,200000.0,0.19999999999999998,2500.0,case_250,0,0,169.21484375,158.51171875,fno,2415,0.0,8012,0,0.0
8.0,200000.0,0.19999999999999998,3000.0,case_250,0,0,669.21484375,658.51171875,fno,2415,0.0,8012,0,0.0
8.0,200000.0,0.19999999999999998,5000.0,case_250,0,0,2669.21484375,2658.51171875,fno,2415,0.0,8012,0,0.0
8.0,200000.0,0.19999999999999998,10000.0,case_250,0,0,7669.21484375,7658.51171875,fno,2415,0.0,8012,0,0.0
8.0,200000.0,0.19999999999999998,25000.0,case_250,0,0,22669.21484375,22658.51171875,fno,2415,0.0,8012,0,0.0
8.0,200000.0,0.19999999999999998,101325.0,case_250,0,0,98994.21875,98983.5078125,fno,2415,0.0,8012,0,0.0
8.0,500000.0,0.5,2500.0,case_251,1,3,-22.59326171875,-61.818115234375,fno,2415,0.0006240639041437844,8006,2,0.00037443834248627057
8.0,500000.0,0.5,3000.0,case_251,0,0,477.40673828125,438.181884765625,fno,2415,0.0,8012,0,0.0
8.0,500000.0,0.5,5000.0,case_251,0,0,2477.40673828125,2438.181640625,fno,2415,0.0,8012,0,0.0
8.0,500000.0,0.5,10000.0,case_251,0,0,7477.40625,7438.181640625,fno,2415,0.0,8012,0,0.0
8.0,500000.0,0.5,25000.0,case_251,0,0,22477.40625,22438.181640625,fno,2415,0.0,8012,0,0.0
8.0,500000.0,0.5,101325.0,case_251,0,0,98802.40625,98763.1796875,fno,2415,0.0,8012,0,0.0
8.0,1000000.0,1.0,2500.0,case_252,4,115,-814.0286865234375,-850.598876953125,fno,2415,0.06852221667498752,7459,434,0.05466799800299551
8.0,1000000.0,1.0,3000.0,case_252,0,3,-314.0286865234375,-350.598876953125,fno,2415,0.0013729405891163256,8001,8,0.000998502246630055
8.0,1000000.0,1.0,5000.0,case_252,0,0,1685.97119140625,1649.401123046875,fno,2415,0.0,8012,0,0.0
8.0,1000000.0,1.0,10000.0,case_252,0,0,6685.9716796875,6649.4013671875,fno,2415,0.0,8012,0,0.0
8.0,1000000.0,1.0,25000.0,case_252,0,0,21685.970703125,21649.400390625,fno,2415,0.0,8012,0,0.0
8.0,1000000.0,1.0,101325.0,case_252,0,0,98010.96875,97974.3984375,fno,2415,0.0,8012,0,0.0
10.0,100000.0,0.09999999999999999,2500.0,case_253,0,0,190.79931640625,186.168212890625,fno,2415,0.0,8012,0,0.0
10.0,100000.0,0.09999999999999999,3000.0,case_253,0,0,690.79931640625,686.168212890625,fno,2415,0.0,8012,0,0.0
10.0,100000.0,0.09999999999999999,5000.0,case_253,0,0,2690.79931640625,2686.16796875,fno,2415,0.0,8012,0,0.0
10.0,100000.0,0.09999999999999999,10000.0,case_253,0,0,7690.798828125,7686.16796875,fno,2415,0.0,8012,0,0.0
10.0,100000.0,0.09999999999999999,25000.0,case_253,0,0,22690.798828125,22686.16796875,fno,2415,0.0,8012,0,0.0
10.0,100000.0,0.09999999999999999,101325.0,case_253,0,0,99015.796875,99011.171875,fno,2415,0.0,8012,0,0.0
10.0,200000.0,0.19999999999999998,2500.0,case_254,0,0,161.677734375,143.892578125,fno,2415,0.0,8012,0,0.0
10.0,200000.0,0.19999999999999998,3000.0,case_254,0,0,661.677734375,643.892578125,fno,2415,0.0,8012,0,0.0
10.0,200000.0,0.19999999999999998,5000.0,case_254,0,0,2661.677734375,2643.892578125,fno,2415,0.0,8012,0,0.0
10.0,200000.0,0.19999999999999998,10000.0,case_254,0,0,7661.677734375,7643.892578125,fno,2415,0.0,8012,0,0.0
10.0,200000.0,0.19999999999999998,25000.0,case_254,0,0,22661.677734375,22643.892578125,fno,2415,0.0,8012,0,0.0
10.0,200000.0,0.19999999999999998,101325.0,case_254,0,0,98986.6796875,98968.890625,fno,2415,0.0,8012,0,0.0
10.0,500000.0,0.5,2500.0,case_255,2,0,-52.486328125,-139.90869140625,fno,2415,0.000998502246630055,8002,8,0.0012481278082875687
10.0,500000.0,0.5,3000.0,case_255,0,0,447.513671875,360.09130859375,fno,2415,0.0,8012,0,0.0
10.0,500000.0,0.5,5000.0,case_255,0,0,2447.513671875,2360.09130859375,fno,2415,0.0,8012,0,0.0
10.0,500000.0,0.5,10000.0,case_255,0,0,7447.513671875,7360.0908203125,fno,2415,0.0,8012,0,0.0
10.0,500000.0,0.5,25000.0,case_255,0,0,22447.513671875,22360.091796875,fno,2415,0.0,8012,0,0.0
10.0,500000.0,0.5,101325.0,case_255,0,0,98772.515625,98685.09375,fno,2415,0.0,8012,0,0.0
10.0,1000000.0,1.0,2500.0,case_256,2,109,-908.1463623046875,-1164.138671875,fno,2415,0.08262606090863704,7348,553,0.06927109335996005
10.0,1000000.0,1.0,3000.0,case_256,3,5,-408.1463623046875,-664.138671875,fno,2415,0.0023714428357463806,7990,14,0.002121817274088867
10.0,1000000.0,1.0,5000.0,case_256,0,0,1591.853515625,1335.861328125,fno,2415,0.0,8012,0,0.0
10.0,1000000.0,1.0,10000.0,case_256,0,0,6591.853515625,6335.861328125,fno,2415,0.0,8012,0,0.0
10.0,1000000.0,1.0,25000.0,case_256,0,0,21591.853515625,21335.861328125,fno,2415,0.0,8012,0,0.0
10.0,1000000.0,1.0,101325.0,case_256,0,0,97916.8515625,97660.859375,fno,2415,0.0,8012,0,0.0
-4.0,100000.0,0.09999999999999999,2500.0,case_257,0,0,197.134521484375,194.810546875,fno,4412,0.0,8048,0,0.0
-4.0,100000.0,0.09999999999999999,3000.0,case_257,0,0,697.134521484375,694.810546875,fno,4412,0.0,8048,0,0.0
-4.0,100000.0,0.09999999999999999,5000.0,case_257,0,0,2697.134765625,2694.810546875,fno,4412,0.0,8048,0,0.0
-4.0,100000.0,0.09999999999999999,10000.0,case_257,0,0,7697.134765625,7694.810546875,fno,4412,0.0,8048,0,0.0
-4.0,100000.0,0.09999999999999999,25000.0,case_257,0,0,22697.134765625,22694.810546875,fno,4412,0.0,8048,0,0.0
-4.0,100000.0,0.09999999999999999,101325.0,case_257,0,0,99022.1328125,99019.8125,fno,4412,0.0,8048,0,0.0
-4.0,200000.0,0.19999999999999998,2500.0,case_258,0,0,188.820556640625,179.45556640625,fno,4412,0.0,8048,0,0.0
-4.0,200000.0,0.19999999999999998,3000.0,case_258,0,0,688.820556640625,679.45556640625,fno,4412,0.0,8048,0,0.0
-4.0,200000.0,0.19999999999999998,5000.0,case_258,0,0,2688.82080078125,2679.45556640625,fno,4412,0.0,8048,0,0.0
-4.0,200000.0,0.19999999999999998,10000.0,case_258,0,0,7688.8203125,7679.4560546875,fno,4412,0.0,8048,0,0.0
-4.0,200000.0,0.19999999999999998,25000.0,case_258,0,0,22688.8203125,22679.455078125,fno,4412,0.0,8048,0,0.0
-4.0,200000.0,0.19999999999999998,101325.0,case_258,0,0,99013.8203125,99004.453125,fno,4412,0.0,8048,0,0.0
-4.0,500000.0,0.5,2500.0,case_259,0,0,138.72216796875,73.566650390625,fno,4412,0.0,8048,0,0.0
-4.0,500000.0,0.5,3000.0,case_259,0,0,638.72216796875,573.566650390625,fno,4412,0.0,8048,0,0.0
-4.0,500000.0,0.5,5000.0,case_259,0,0,2638.72216796875,2573.56689453125,fno,4412,0.0,8048,0,0.0
-4.0,500000.0,0.5,10000.0,case_259,0,0,7638.7216796875,7573.56640625,fno,4412,0.0,8048,0,0.0
-4.0,500000.0,0.5,25000.0,case_259,0,0,22638.72265625,22573.56640625,fno,4412,0.0,8048,0,0.0
-4.0,500000.0,0.5,101325.0,case_259,0,0,98963.71875,98898.5703125,fno,4412,0.0,8048,0,0.0
-4.0,1000000.0,1.0,2500.0,case_260,27,7,-35.201904296875,-306.2822265625,fno,4412,0.0013667992047713719,8010,4,0.003851888667992048
-4.0,1000000.0,1.0,3000.0,case_260,0,0,464.798095703125,193.7177734375,fno,4412,0.0,8048,0,0.0
-4.0,1000000.0,1.0,5000.0,case_260,0,0,2464.7978515625,2193.7177734375,fno,4412,0.0,8048,0,0.0
-4.0,1000000.0,1.0,10000.0,case_260,0,0,7464.7978515625,7193.7177734375,fno,4412,0.0,8048,0,0.0
-4.0,1000000.0,1.0,25000.0,case_260,0,0,22464.798828125,22193.71875,fno,4412,0.0,8048,0,0.0
-4.0,1000000.0,1.0,101325.0,case_260,0,0,98789.796875,98518.71875,fno,4412,0.0,8048,0,0.0
-2.0,100000.0,0.09999999999999999,2500.0,case_261,0,0,197.666748046875,196.876953125,fno,4412,0.0,8048,0,0.0
-2.0,100000.0,0.09999999999999999,3000.0,case_261,0,0,697.666748046875,696.876953125,fno,4412,0.0,8048,0,0.0
-2.0,100000.0,0.09999999999999999,5000.0,case_261,0,0,2697.6669921875,2696.876953125,fno,4412,0.0,8048,0,0.0
-2.0,100000.0,0.09999999999999999,10000.0,case_261,0,0,7697.6669921875,7696.876953125,fno,4412,0.0,8048,0,0.0
-2.0,100000.0,0.09999999999999999,25000.0,case_261,0,0,22697.666015625,22696.876953125,fno,4412,0.0,8048,0,0.0
-2.0,100000.0,0.09999999999999999,101325.0,case_261,0,0,99022.6640625,99021.875,fno,4412,0.0,8048,0,0.0
-2.0,200000.0,0.19999999999999998,2500.0,case_262,0,0,191.2392578125,187.481201171875,fno,4412,0.0,8048,0,0.0
-2.0,200000.0,0.19999999999999998,3000.0,case_262,0,0,691.2392578125,687.481201171875,fno,4412,0.0,8048,0,0.0
-2.0,200000.0,0.19999999999999998,5000.0,case_262,0,0,2691.2392578125,2687.4814453125,fno,4412,0.0,8048,0,0.0
-2.0,200000.0,0.19999999999999998,10000.0,case_262,0,0,7691.2392578125,7687.4814453125,fno,4412,0.0,8048,0,0.0
-2.0,200000.0,0.19999999999999998,25000.0,case_262,0,0,22691.240234375,22687.48046875,fno,4412,0.0,8048,0,0.0
-2.0,200000.0,0.19999999999999998,101325.0,case_262,0,0,99016.2421875,99012.484375,fno,4412,0.0,8048,0,0.0
-2.0,500000.0,0.5,2500.0,case_263,0,0,142.20166015625,123.233154296875,fno,4412,0.0,8048,0,0.0
-2.0,500000.0,0.5,3000.0,case_263,0,0,642.20166015625,623.233154296875,fno,4412,0.0,8048,0,0.0
-2.0,500000.0,0.5,5000.0,case_263,0,0,2642.20166015625,2623.2333984375,fno,4412,0.0,8048,0,0.0
-2.0,500000.0,0.5,10000.0,case_263,0,0,7642.201171875,7623.2333984375,fno,4412,0.0,8048,0,0.0
-2.0,500000.0,0.5,25000.0,case_263,0,0,22642.201171875,22623.232421875,fno,4412,0.0,8048,0,0.0
-2.0,500000.0,0.5,101325.0,case_263,0,0,98967.203125,98948.234375,fno,4412,0.0,8048,0,0.0
-2.0,1000000.0,1.0,2500.0,case_264,11,32,-82.548095703125,-107.232666015625,fno,4412,0.008200795228628231,7971,34,0.005591451292246521
-2.0,1000000.0,1.0,3000.0,case_264,0,0,417.451904296875,392.767333984375,fno,4412,0.0,8048,0,0.0
-2.0,1000000.0,1.0,5000.0,case_264,0,0,2417.45166015625,2392.76708984375,fno,4412,0.0,8048,0,0.0
-2.0,1000000.0,1.0,10000.0,case_264,0,0,7417.4521484375,7392.767578125,fno,4412,0.0,8048,0,0.0
-2.0,1000000.0,1.0,25000.0,case_264,0,0,22417.451171875,22392.767578125,fno,4412,0.0,8048,0,0.0
-2.0,1000000.0,1.0,101325.0,case_264,0,0,98742.453125,98717.765625,fno,4412,0.0,8048,0,0.0
0.0,100000.0,0.09999999999999999,2500.0,case_265,0,0,197.580322265625,196.632568359375,fno,4412,0.0,8048,0,0.0
0.0,100000.0,0.09999999999999999,3000.0,case_265,0,0,697.580322265625,696.632568359375,fno,4412,0.0,8048,0,0.0
0.0,100000.0,0.09999999999999999,5000.0,case_265,0,0,2697.580078125,2696.63232421875,fno,4412,0.0,8048,0,0.0
0.0,100000.0,0.09999999999999999,10000.0,case_265,0,0,7697.580078125,7696.6328125,fno,4412,0.0,8048,0,0.0
0.0,100000.0,0.09999999999999999,25000.0,case_265,0,0,22697.580078125,22696.6328125,fno,4412,0.0,8048,0,0.0
0.0,100000.0,0.09999999999999999,101325.0,case_265,0,0,99022.578125,99021.6328125,fno,4412,0.0,8048,0,0.0
0.0,200000.0,0.19999999999999998,2500.0,case_266,0,0,189.8232421875,186.44091796875,fno,4412,0.0,8048,0,0.0
0.0,200000.0,0.19999999999999998,3000.0,case_266,0,0,689.8232421875,686.44091796875,fno,4412,0.0,8048,0,0.0
0.0,200000.0,0.19999999999999998,5000.0,case_266,0,0,2689.8232421875,2686.44091796875,fno,4412,0.0,8048,0,0.0
0.0,200000.0,0.19999999999999998,10000.0,case_266,0,0,7689.8232421875,7686.4404296875,fno,4412,0.0,8048,0,0.0
0.0,200000.0,0.19999999999999998,25000.0,case_266,0,0,22689.82421875,22686.44140625,fno,4412,0.0,8048,0,0.0
0.0,200000.0,0.19999999999999998,101325.0,case_266,0,0,99014.8203125,99011.4375,fno,4412,0.0,8048,0,0.0
0.0,500000.0,0.5,2500.0,case_267,0,0,129.949951171875,114.8115234375,fno,4412,0.0,8048,0,0.0
0.0,500000.0,0.5,3000.0,case_267,0,0,629.949951171875,614.8115234375,fno,4412,0.0,8048,0,0.0
0.0,500000.0,0.5,5000.0,case_267,0,0,2629.94970703125,2614.8115234375,fno,4412,0.0,8048,0,0.0
0.0,500000.0,0.5,10000.0,case_267,0,0,7629.9501953125,7614.8115234375,fno,4412,0.0,8048,0,0.0
0.0,500000.0,0.5,25000.0,case_267,0,0,22629.94921875,22614.810546875,fno,4412,0.0,8048,0,0.0
0.0,500000.0,0.5,101325.0,case_267,0,0,98954.953125,98939.8125,fno,4412,0.0,8048,0,0.0
0.0,1000000.0,1.0,2500.0,case_268,4,47,-175.0361328125,-141.338134765625,fno,4412,0.018638170974155068,7894,103,0.013295228628230616
0.0,1000000.0,1.0,3000.0,case_268,0,0,324.9638671875,358.661865234375,fno,4412,0.0,8048,0,0.0
0.0,1000000.0,1.0,5000.0,case_268,0,0,2324.9638671875,2358.662109375,fno,4412,0.0,8048,0,0.0
0.0,1000000.0,1.0,10000.0,case_268,0,0,7324.9638671875,7358.662109375,fno,4412,0.0,8048,0,0.0
0.0,1000000.0,1.0,25000.0,case_268,0,0,22324.962890625,22358.662109375,fno,4412,0.0,8048,0,0.0
0.0,1000000.0,1.0,101325.0,case_268,0,0,98649.9609375,98683.6640625,fno,4412,0.0,8048,0,0.0
2.0,100000.0,0.09999999999999999,2500.0,case_269,0,0,197.13525390625,195.83203125,fno,4412,0.0,8048,0,0.0
2.0,100000.0,0.09999999999999999,3000.0,case_269,0,0,697.13525390625,695.83203125,fno,4412,0.0,8048,0,0.0
2.0,100000.0,0.09999999999999999,5000.0,case_269,0,0,2697.13525390625,2695.83203125,fno,4412,0.0,8048,0,0.0
2.0,100000.0,0.09999999999999999,10000.0,case_269,0,0,7697.134765625,7695.83203125,fno,4412,0.0,8048,0,0.0
2.0,100000.0,0.09999999999999999,25000.0,case_269,0,0,22697.134765625,22695.83203125,fno,4412,0.0,8048,0,0.0
2.0,100000.0,0.09999999999999999,101325.0,case_269,0,0,99022.1328125,99020.8359375,fno,4412,0.0,8048,0,0.0
2.0,200000.0,0.19999999999999998,2500.0,case_270,0,0,188.1123046875,183.213623046875,fno,4412,0.0,8048,0,0.0
2.0,200000.0,0.19999999999999998,3000.0,case_270,0,0,688.1123046875,683.213623046875,fno,4412,0.0,8048,0,0.0
2.0,200000.0,0.19999999999999998,5000.0,case_270,0,0,2688.1123046875,2683.21337890625,fno,4412,0.0,8048,0,0.0
2.0,200000.0,0.19999999999999998,10000.0,case_270,0,0,7688.1123046875,7683.2138671875,fno,4412,0.0,8048,0,0.0
2.0,200000.0,0.19999999999999998,25000.0,case_270,0,0,22688.11328125,22683.212890625,fno,4412,0.0,8048,0,0.0
2.0,200000.0,0.19999999999999998,101325.0,case_270,0,0,99013.109375,99008.2109375,fno,4412,0.0,8048,0,0.0
2.0,500000.0,0.5,2500.0,case_271,0,0,108.526123046875,94.41259765625,fno,4412,0.0,8048,0,0.0
2.0,500000.0,0.5,3000.0,case_271,0,0,608.526123046875,594.41259765625,fno,4412,0.0,8048,0,0.0
2.0,500000.0,0.5,5000.0,case_271,0,0,2608.5263671875,2594.41259765625,fno,4412,0.0,8048,0,0.0
2.0,500000.0,0.5,10000.0,case_271,0,0,7608.5263671875,7594.412109375,fno,4412,0.0,8048,0,0.0
2.0,500000.0,0.5,25000.0,case_271,0,0,22608.525390625,22594.412109375,fno,4412,0.0,8048,0,0.0
2.0,500000.0,0.5,101325.0,case_271,0,0,98933.5234375,98919.4140625,fno,4412,0.0,8048,0,0.0
2.0,1000000.0,1.0,2500.0,case_272,1,66,-349.033447265625,-223.235595703125,fno,4412,0.032803180914512925,7783,198,0.024726640159045726
2.0,1000000.0,1.0,3000.0,case_272,0,0,150.966552734375,276.764404296875,fno,4412,0.0,8048,0,0.0
2.0,1000000.0,1.0,5000.0,case_272,0,0,2150.96630859375,2276.7646484375,fno,4412,0.0,8048,0,0.0
2.0,1000000.0,1.0,10000.0,case_272,0,0,7150.966796875,7276.7646484375,fno,4412,0.0,8048,0,0.0
2.0,1000000.0,1.0,25000.0,case_272,0,0,22150.966796875,22276.763671875,fno,4412,0.0,8048,0,0.0
2.0,1000000.0,1.0,101325.0,case_272,0,0,98475.96875,98601.765625,fno,4412,0.0,8048,0,0.0
4.0,100000.0,0.09999999999999999,2500.0,case_273,0,0,196.0830078125,194.681640625,fno,4412,0.0,8048,0,0.0
4.0,100000.0,0.09999999999999999,3000.0,case_273,0,0,696.0830078125,694.681640625,fno,4412,0.0,8048,0,0.0
4.0,100000.0,0.09999999999999999,5000.0,case_273,0,0,2696.0830078125,2694.681640625,fno,4412,0.0,8048,0,0.0
4.0,100000.0,0.09999999999999999,10000.0,case_273,0,0,7696.0830078125,7694.681640625,fno,4412,0.0,8048,0,0.0
4.0,100000.0,0.09999999999999999,25000.0,case_273,0,0,22696.083984375,22694.681640625,fno,4412,0.0,8048,0,0.0
4.0,100000.0,0.09999999999999999,101325.0,case_273,0,0,99021.0859375,99019.6796875,fno,4412,0.0,8048,0,0.0
4.0,500000.0,0.5,2500.0,case_275,0,0,65.256591796875,65.295166015625,fno,4412,0.0,8048,0,0.0
4.0,500000.0,0.5,3000.0,case_275,0,0,565.256591796875,565.295166015625,fno,4412,0.0,8048,0,0.0
4.0,500000.0,0.5,5000.0,case_275,0,0,2565.25634765625,2565.29541015625,fno,4412,0.0,8048,0,0.0
4.0,500000.0,0.5,10000.0,case_275,0,0,7565.2568359375,7565.294921875,fno,4412,0.0,8048,0,0.0
4.0,500000.0,0.5,25000.0,case_275,0,0,22565.255859375,22565.294921875,fno,4412,0.0,8048,0,0.0
4.0,500000.0,0.5,101325.0,case_275,0,0,98890.2578125,98890.296875,fno,4412,0.0,8048,0,0.0
4.0,1000000.0,1.0,2500.0,case_276,2,101,-542.5908203125,-339.9896240234375,fno,4412,0.05106858846918489,7635,310,0.03876739562624255
4.0,1000000.0,1.0,3000.0,case_276,0,1,-42.5908203125,160.01025390625,fno,4412,0.00012425447316103378,8047,0,0.0
4.0,1000000.0,1.0,5000.0,case_276,0,0,1957.4091796875,2160.01025390625,fno,4412,0.0,8048,0,0.0
4.0,1000000.0,1.0,10000.0,case_276,0,0,6957.4091796875,7160.0107421875,fno,4412,0.0,8048,0,0.0
4.0,1000000.0,1.0,25000.0,case_276,0,0,21957.41015625,22160.009765625,fno,4412,0.0,8048,0,0.0
4.0,1000000.0,1.0,101325.0,case_276,0,0,98282.40625,98485.0078125,fno,4412,0.0,8048,0,0.0
6.0,100000.0,0.09999999999999999,2500.0,case_277,0,0,194.32666015625,193.080810546875,fno,4412,0.0,8048,0,0.0
6.0,100000.0,0.09999999999999999,3000.0,case_277,0,0,694.32666015625,693.080810546875,fno,4412,0.0,8048,0,0.0
6.0,100000.0,0.09999999999999999,5000.0,case_277,0,0,2694.32666015625,2693.08056640625,fno,4412,0.0,8048,0,0.0
6.0,100000.0,0.09999999999999999,10000.0,case_277,0,0,7694.326171875,7693.0810546875,fno,4412,0.0,8048,0,0.0
6.0,100000.0,0.09999999999999999,25000.0,case_277,0,0,22694.326171875,22693.080078125,fno,4412,0.0,8048,0,0.0
6.0,100000.0,0.09999999999999999,101325.0,case_277,0,0,99019.328125,99018.078125,fno,4412,0.0,8048,0,0.0
6.0,200000.0,0.19999999999999998,2500.0,case_278,0,0,175.739990234375,172.11181640625,fno,4412,0.0,8048,0,0.0
6.0,200000.0,0.19999999999999998,3000.0,case_278,0,0,675.739990234375,672.11181640625,fno,4412,0.0,8048,0,0.0
6.0,200000.0,0.19999999999999998,5000.0,case_278,0,0,2675.73974609375,2672.11181640625,fno,4412,0.0,8048,0,0.0
6.0,200000.0,0.19999999999999998,10000.0,case_278,0,0,7675.740234375,7672.111328125,fno,4412,0.0,8048,0,0.0
6.0,200000.0,0.19999999999999998,25000.0,case_278,0,0,22675.740234375,22672.111328125,fno,4412,0.0,8048,0,0.0
6.0,200000.0,0.19999999999999998,101325.0,case_278,0,0,99000.7421875,98997.109375,fno,4412,0.0,8048,0,0.0
6.0,500000.0,0.5,2500.0,case_279,0,0,17.2138671875,24.159912109375,fno,4412,0.0,8048,0,0.0
6.0,500000.0,0.5,3000.0,case_279,0,0,517.2138671875,524.159912109375,fno,4412,0.0,8048,0,0.0
6.0,500000.0,0.5,5000.0,case_279,0,0,2517.2138671875,2524.15966796875,fno,4412,0.0,8048,0,0.0
6.0,500000.0,0.5,10000.0,case_279,0,0,7517.2138671875,7524.16015625,fno,4412,0.0,8048,0,0.0
6.0,500000.0,0.5,25000.0,case_279,0,0,22517.21484375,22524.16015625,fno,4412,0.0,8048,0,0.0
6.0,500000.0,0.5,101325.0,case_279,0,0,98842.2109375,98849.15625,fno,4412,0.0,8048,0,0.0
6.0,1000000.0,1.0,2500.0,case_280,9,128,-738.52001953125,-505.3856201171875,fno,4412,0.07007952286282307,7475,436,0.05529324055666004
6.0,1000000.0,1.0,3000.0,case_280,0,13,-238.52001953125,-5.3857421875,fno,4412,0.0017395626242544733,8034,1,0.00012425447316103378
6.0,1000000.0,1.0,5000.0,case_280,0,0,1761.47998046875,1994.6142578125,fno,4412,0.0,8048,0,0.0
6.0,1000000.0,1.0,10000.0,case_280,0,0,6761.48046875,6994.6142578125,fno,4412,0.0,8048,0,0.0
6.0,1000000.0,1.0,25000.0,case_280,0,0,21761.48046875,21994.615234375,fno,4412,0.0,8048,0,0.0
6.0,1000000.0,1.0,101325.0,case_280,0,0,98086.4765625,98319.6171875,fno,4412,0.0,8048,0,0.0
8.0,100000.0,0.09999999999999999,2500.0,case_281,0,0,192.36767578125,189.90283203125,fno,4412,0.0,8048,0,0.0
8.0,100000.0,0.09999999999999999,3000.0,case_281,0,0,692.36767578125,689.90283203125,fno,4412,0.0,8048,0,0.0
8.0,100000.0,0.09999999999999999,5000.0,case_281,0,0,2692.36767578125,2689.90283203125,fno,4412,0.0,8048,0,0.0
8.0,100000.0,0.09999999999999999,10000.0,case_281,0,0,7692.3671875,7689.9033203125,fno,4412,0.0,8048,0,0.0
8.0,100000.0,0.09999999999999999,25000.0,case_281,0,0,22692.3671875,22689.90234375,fno,4412,0.0,8048,0,0.0
8.0,100000.0,0.09999999999999999,101325.0,case_281,0,0,99017.3671875,99014.90625,fno,4412,0.0,8048,0,0.0
8.0,200000.0,0.19999999999999998,2500.0,case_282,0,0,167.68701171875,160.802001953125,fno,4412,0.0,8048,0,0.0
8.0,200000.0,0.19999999999999998,3000.0,case_282,0,0,667.68701171875,660.802001953125,fno,4412,0.0,8048,0,0.0
8.0,200000.0,0.19999999999999998,5000.0,case_282,0,0,2667.68701171875,2660.8017578125,fno,4412,0.0,8048,0,0.0
8.0,200000.0,0.19999999999999998,10000.0,case_282,0,0,7667.6865234375,7660.8017578125,fno,4412,0.0,8048,0,0.0
8.0,200000.0,0.19999999999999998,25000.0,case_282,0,0,22667.6875,22660.802734375,fno,4412,0.0,8048,0,0.0
8.0,200000.0,0.19999999999999998,101325.0,case_282,0,0,98992.6875,98985.8046875,fno,4412,0.0,8048,0,0.0
8.0,500000.0,0.5,2500.0,case_283,1,5,-33.180419921875,-47.9169921875,fno,4412,0.0008697813121272366,8040,2,0.0003727634194831014
8.0,500000.0,0.5,3000.0,case_283,0,0,466.819580078125,452.0830078125,fno,4412,0.0,8048,0,0.0
8.0,500000.0,0.5,5000.0,case_283,0,0,2466.8193359375,2452.0830078125,fno,4412,0.0,8048,0,0.0
8.0,500000.0,0.5,10000.0,case_283,0,0,7466.8193359375,7452.0830078125,fno,4412,0.0,8048,0,0.0
8.0,500000.0,0.5,25000.0,case_283,0,0,22466.8203125,22452.083984375,fno,4412,0.0,8048,0,0.0
8.0,500000.0,0.5,101325.0,case_283,0,0,98791.8203125,98777.0859375,fno,4412,0.0,8048,0,0.0
8.0,1000000.0,1.0,2500.0,case_284,22,68,-772.91455078125,-795.533935546875,fno,4412,0.0779075546719682,7399,559,0.07219184890656064
8.0,1000000.0,1.0,3000.0,case_284,1,4,-272.91455078125,-295.533935546875,fno,4412,0.0013667992047713719,8036,7,0.0009940357852882703
8.0,1000000.0,1.0,5000.0,case_284,0,0,1727.08544921875,1704.466064453125,fno,4412,0.0,8048,0,0.0
8.0,1000000.0,1.0,10000.0,case_284,0,0,6727.0849609375,6704.4658203125,fno,4412,0.0,8048,0,0.0
8.0,1000000.0,1.0,25000.0,case_284,0,0,21727.0859375,21704.466796875,fno,4412,0.0,8048,0,0.0
8.0,1000000.0,1.0,101325.0,case_284,0,0,98052.0859375,98029.46875,fno,4412,0.0,8048,0,0.0
10.0,100000.0,0.09999999999999999,2500.0,case_285,0,0,190.5146484375,186.947998046875,fno,4412,0.0,8048,0,0.0
10.0,100000.0,0.09999999999999999,3000.0,case_285,0,0,690.5146484375,686.947998046875,fno,4412,0.0,8048,0,0.0
10.0,100000.0,0.09999999999999999,5000.0,case_285,0,0,2690.5146484375,2686.94775390625,fno,4412,0.0,8048,0,0.0
10.0,100000.0,0.09999999999999999,10000.0,case_285,0,0,7690.5146484375,7686.9482421875,fno,4412,0.0,8048,0,0.0
10.0,100000.0,0.09999999999999999,25000.0,case_285,0,0,22690.513671875,22686.947265625,fno,4412,0.0,8048,0,0.0
10.0,100000.0,0.09999999999999999,101325.0,case_285,0,0,99015.515625,99011.9453125,fno,4412,0.0,8048,0,0.0
10.0,200000.0,0.19999999999999998,2500.0,case_286,0,0,161.43994140625,146.974853515625,fno,4412,0.0,8048,0,0.0
10.0,200000.0,0.19999999999999998,3000.0,case_286,0,0,661.43994140625,646.974853515625,fno,4412,0.0,8048,0,0.0
10.0,200000.0,0.19999999999999998,5000.0,case_286,0,0,2661.43994140625,2646.97509765625,fno,4412,0.0,8048,0,0.0
10.0,200000.0,0.19999999999999998,10000.0,case_286,0,0,7661.4404296875,7646.974609375,fno,4412,0.0,8048,0,0.0
10.0,200000.0,0.19999999999999998,25000.0,case_286,0,0,22661.439453125,22646.974609375,fno,4412,0.0,8048,0,0.0
10.0,200000.0,0.19999999999999998,101325.0,case_286,0,0,98986.4375,98971.9765625,fno,4412,0.0,8048,0,0.0
10.0,500000.0,0.5,2500.0,case_287,3,0,-43.076416015625,-119.119384765625,fno,4412,0.0008697813121272366,8038,7,0.001242544731610338
10.0,500000.0,0.5,3000.0,case_287,0,0,456.923583984375,380.880615234375,fno,4412,0.0,8048,0,0.0
10.0,500000.0,0.5,5000.0,case_287,0,0,2456.923828125,2380.88037109375,fno,4412,0.0,8048,0,0.0
10.0,500000.0,0.5,10000.0,case_287,0,0,7456.923828125,7380.880859375,fno,4412,0.0,8048,0,0.0
10.0,500000.0,0.5,25000.0,case_287,0,0,22456.923828125,22380.880859375,fno,4412,0.0,8048,0,0.0
10.0,500000.0,0.5,101325.0,case_287,0,0,98781.921875,98705.8828125,fno,4412,0.0,8048,0,0.0
10.0,1000000.0,1.0,2500.0,case_288,14,92,-871.0343017578125,-1081.343017578125,fno,4412,0.09617296222664017,7260,682,0.08648111332007952
10.0,1000000.0,1.0,3000.0,case_288,2,7,-371.0343017578125,-581.343017578125,fno,4412,0.00360337972166998,8017,22,0.002982107355864811
10.0,1000000.0,1.0,5000.0,case_288,0,0,1628.9658203125,1418.656982421875,fno,4412,0.0,8048,0,0.0
10.0,1000000.0,1.0,10000.0,case_288,0,0,6628.9658203125,6418.6572265625,fno,4412,0.0,8048,0,0.0
10.0,1000000.0,1.0,25000.0,case_288,0,0,21628.96484375,21418.65625,fno,4412,0.0,8048,0,0.0
10.0,1000000.0,1.0,101325.0,case_288,0,0,97953.96875,97743.65625,fno,4412,0.0,8048,0,0.0
-4.0,100000.0,0.09999999999999999,2500.0,case_289,0,0,196.5771484375,193.83740234375,fno,4415,0.0,8008,0,0.0
-4.0,100000.0,0.09999999999999999,3000.0,case_289,0,0,696.5771484375,693.83740234375,fno,4415,0.0,8008,0,0.0
-4.0,100000.0,0.09999999999999999,5000.0,case_289,0,0,2696.5771484375,2693.83740234375,fno,4415,0.0,8008,0,0.0
-4.0,100000.0,0.09999999999999999,10000.0,case_289,0,0,7696.5771484375,7693.837890625,fno,4415,0.0,8008,0,0.0
-4.0,100000.0,0.09999999999999999,25000.0,case_289,0,0,22696.578125,22693.837890625,fno,4415,0.0,8008,0,0.0
-4.0,100000.0,0.09999999999999999,101325.0,case_289,0,0,99021.578125,99018.8359375,fno,4415,0.0,8008,0,0.0
-4.0,200000.0,0.19999999999999998,2500.0,case_290,0,0,186.61767578125,175.251953125,fno,4415,0.0,8008,0,0.0
-4.0,200000.0,0.19999999999999998,3000.0,case_290,0,0,686.61767578125,675.251953125,fno,4415,0.0,8008,0,0.0
-4.0,200000.0,0.19999999999999998,5000.0,case_290,0,0,2686.61767578125,2675.251953125,fno,4415,0.0,8008,0,0.0
-4.0,200000.0,0.19999999999999998,10000.0,case_290,0,0,7686.6181640625,7675.251953125,fno,4415,0.0,8008,0,0.0
-4.0,200000.0,0.19999999999999998,25000.0,case_290,0,0,22686.6171875,22675.251953125,fno,4415,0.0,8008,0,0.0
-4.0,200000.0,0.19999999999999998,101325.0,case_290,0,0,99011.6171875,99000.25,fno,4415,0.0,8008,0,0.0
-4.0,500000.0,0.5,2500.0,case_291,0,0,126.2412109375,44.803955078125,fno,4415,0.0,8008,0,0.0
-4.0,500000.0,0.5,3000.0,case_291,0,0,626.2412109375,544.803955078125,fno,4415,0.0,8008,0,0.0
-4.0,500000.0,0.5,5000.0,case_291,0,0,2626.2412109375,2544.8037109375,fno,4415,0.0,8008,0,0.0
-4.0,500000.0,0.5,10000.0,case_291,0,0,7626.2412109375,7544.8037109375,fno,4415,0.0,8008,0,0.0
-4.0,500000.0,0.5,25000.0,case_291,0,0,22626.240234375,22544.8046875,fno,4415,0.0,8008,0,0.0
-4.0,500000.0,0.5,101325.0,case_291,0,0,98951.2421875,98869.8046875,fno,4415,0.0,8008,0,0.0
-4.0,1000000.0,1.0,2500.0,case_292,37,19,-68.06787109375,-421.4857177734375,fno,4415,0.004245754245754246,7937,15,0.006493506493506494
-4.0,1000000.0,1.0,3000.0,case_292,0,0,431.93212890625,78.51416015625,fno,4415,0.0,8008,0,0.0
-4.0,1000000.0,1.0,5000.0,case_292,0,0,2431.93212890625,2078.51416015625,fno,4415,0.0,8008,0,0.0
-4.0,1000000.0,1.0,10000.0,case_292,0,0,7431.9326171875,7078.5146484375,fno,4415,0.0,8008,0,0.0
-4.0,1000000.0,1.0,25000.0,case_292,0,0,22431.931640625,22078.513671875,fno,4415,0.0,8008,0,0.0
-4.0,1000000.0,1.0,101325.0,case_292,0,0,98756.9296875,98403.515625,fno,4415,0.0,8008,0,0.0
-2.0,100000.0,0.09999999999999999,2500.0,case_293,0,0,197.19970703125,195.973876953125,fno,4415,0.0,8008,0,0.0
-2.0,100000.0,0.09999999999999999,3000.0,case_293,0,0,697.19970703125,695.973876953125,fno,4415,0.0,8008,0,0.0
-2.0,100000.0,0.09999999999999999,5000.0,case_293,0,0,2697.19970703125,2695.97412109375,fno,4415,0.0,8008,0,0.0
-2.0,100000.0,0.09999999999999999,10000.0,case_293,0,0,7697.19921875,7695.9736328125,fno,4415,0.0,8008,0,0.0
-2.0,100000.0,0.09999999999999999,25000.0,case_293,0,0,22697.19921875,22695.974609375,fno,4415,0.0,8008,0,0.0
-2.0,100000.0,0.09999999999999999,101325.0,case_293,0,0,99022.203125,99020.9765625,fno,4415,0.0,8008,0,0.0
-2.0,200000.0,0.19999999999999998,2500.0,case_294,0,0,189.736083984375,183.830322265625,fno,4415,0.0,8008,0,0.0
-2.0,200000.0,0.19999999999999998,3000.0,case_294,0,0,689.736083984375,683.830322265625,fno,4415,0.0,8008,0,0.0
-2.0,200000.0,0.19999999999999998,5000.0,case_294,0,0,2689.73583984375,2683.830078125,fno,4415,0.0,8008,0,0.0
-2.0,200000.0,0.19999999999999998,10000.0,case_294,0,0,7689.736328125,7683.830078125,fno,4415,0.0,8008,0,0.0
-2.0,200000.0,0.19999999999999998,25000.0,case_294,0,0,22689.736328125,22683.830078125,fno,4415,0.0,8008,0,0.0
-2.0,200000.0,0.19999999999999998,101325.0,case_294,0,0,99014.734375,99008.828125,fno,4415,0.0,8008,0,0.0
-2.0,500000.0,0.5,2500.0,case_295,0,0,133.8125,100.044921875,fno,4415,0.0,8008,0,0.0
-2.0,500000.0,0.5,3000.0,case_295,0,0,633.8125,600.044921875,fno,4415,0.0,8008,0,0.0
-2.0,500000.0,0.5,5000.0,case_295,0,0,2633.8125,2600.044921875,fno,4415,0.0,8008,0,0.0
-2.0,500000.0,0.5,10000.0,case_295,0,0,7633.8125,7600.044921875,fno,4415,0.0,8008,0,0.0
-2.0,500000.0,0.5,25000.0,case_295,0,0,22633.8125,22600.044921875,fno,4415,0.0,8008,0,0.0
-2.0,500000.0,0.5,101325.0,case_295,0,0,98958.8125,98925.046875,fno,4415,0.0,8008,0,0.0
-2.0,1000000.0,1.0,2500.0,case_296,19,34,-144.889404296875,-200.03173828125,fno,4415,0.011238761238761238,7899,56,0.009365634365634366
-2.0,1000000.0,1.0,3000.0,case_296,0,0,355.110595703125,299.96826171875,fno,4415,0.0,8008,0,0.0
-2.0,1000000.0,1.0,5000.0,case_296,0,0,2355.1103515625,2299.96826171875,fno,4415,0.0,8008,0,0.0
-2.0,1000000.0,1.0,10000.0,case_296,0,0,7355.1103515625,7299.9677734375,fno,4415,0.0,8008,0,0.0
-2.0,1000000.0,1.0,25000.0,case_296,0,0,22355.111328125,22299.96875,fno,4415,0.0,8008,0,0.0
-2.0,1000000.0,1.0,101325.0,case_296,0,0,98680.109375,98624.96875,fno,4415,0.0,8008,0,0.0
0.0,100000.0,0.09999999999999999,2500.0,case_297,0,0,197.26123046875,196.201416015625,fno,4415,0.0,8008,0,0.0
0.0,100000.0,0.09999999999999999,3000.0,case_297,0,0,697.26123046875,696.201416015625,fno,4415,0.0,8008,0,0.0
0.0,100000.0,0.09999999999999999,5000.0,case_297,0,0,2697.26123046875,2696.20166015625,fno,4415,0.0,8008,0,0.0
0.0,100000.0,0.09999999999999999,10000.0,case_297,0,0,7697.2607421875,7696.201171875,fno,4415,0.0,8008,0,0.0
0.0,100000.0,0.09999999999999999,25000.0,case_297,0,0,22697.26171875,22696.201171875,fno,4415,0.0,8008,0,0.0
0.0,100000.0,0.09999999999999999,101325.0,case_297,0,0,99022.2578125,99021.203125,fno,4415,0.0,8008,0,0.0
0.0,200000.0,0.19999999999999998,2500.0,case_298,0,0,188.44677734375,184.704345703125,fno,4415,0.0,8008,0,0.0
0.0,200000.0,0.19999999999999998,3000.0,case_298,0,0,688.44677734375,684.704345703125,fno,4415,0.0,8008,0,0.0
0.0,200000.0,0.19999999999999998,5000.0,case_298,0,0,2688.44677734375,2684.7041015625,fno,4415,0.0,8008,0,0.0
0.0,200000.0,0.19999999999999998,10000.0,case_298,0,0,7688.447265625,7684.7041015625,fno,4415,0.0,8008,0,0.0
0.0,200000.0,0.19999999999999998,25000.0,case_298,0,0,22688.447265625,22684.705078125,fno,4415,0.0,8008,0,0.0
0.0,200000.0,0.19999999999999998,101325.0,case_298,0,0,99013.4453125,99009.703125,fno,4415,0.0,8008,0,0.0
0.0,500000.0,0.5,2500.0,case_299,0,0,115.1142578125,103.7392578125,fno,4415,0.0,8008,0,0.0
0.0,500000.0,0.5,3000.0,case_299,0,0,615.1142578125,603.7392578125,fno,4415,0.0,8008,0,0.0
0.0,500000.0,0.5,5000.0,case_299,0,0,2615.1142578125,2603.7392578125,fno,4415,0.0,8008,0,0.0
0.0,500000.0,0.5,10000.0,case_299,0,0,7615.1142578125,7603.7392578125,fno,4415,0.0,8008,0,0.0
0.0,500000.0,0.5,25000.0,case_299,0,0,22615.115234375,22603.73828125,fno,4415,0.0,8008,0,0.0
0.0,500000.0,0.5,101325.0,case_299,0,0,98940.1171875,98928.7421875,fno,4415,0.0,8008,0,0.0
0.0,1000000.0,1.0,2500.0,case_300,11,50,-246.423583984375,-185.92578125,fno,4415,0.02197802197802198,7821,126,0.017107892107892108
0.0,1000000.0,1.0,3000.0,case_300,0,0,253.576416015625,314.07421875,fno,4415,0.0,8008,0,0.0
0.0,1000000.0,1.0,5000.0,case_300,0,0,2253.57666015625,2314.07421875,fno,4415,0.0,8008,0,0.0
0.0,1000000.0,1.0,10000.0,case_300,0,0,7253.576171875,7314.07421875,fno,4415,0.0,8008,0,0.0
0.0,1000000.0,1.0,25000.0,case_300,0,0,22253.576171875,22314.07421875,fno,4415,0.0,8008,0,0.0
0.0,1000000.0,1.0,101325.0,case_300,0,0,98578.578125,98639.0703125,fno,4415,0.0,8008,0,0.0
2.0,100000.0,0.09999999999999999,2500.0,case_301,0,0,196.456787109375,195.21240234375,fno,4415,0.0,8008,0,0.0
2.0,100000.0,0.09999999999999999,3000.0,case_301,0,0,696.456787109375,695.21240234375,fno,4415,0.0,8008,0,0.0
2.0,100000.0,0.09999999999999999,5000.0,case_301,0,0,2696.45654296875,2695.21240234375,fno,4415,0.0,8008,0,0.0
2.0,100000.0,0.09999999999999999,10000.0,case_301,0,0,7696.45703125,7695.212890625,fno,4415,0.0,8008,0,0.0
2.0,100000.0,0.09999999999999999,25000.0,case_301,0,0,22696.45703125,22695.212890625,fno,4415,0.0,8008,0,0.0
2.0,100000.0,0.09999999999999999,101325.0,case_301,0,0,99021.453125,99020.2109375,fno,4415,0.0,8008,0,0.0
2.0,200000.0,0.19999999999999998,2500.0,case_302,0,0,185.03125,180.712646484375,fno,4415,0.0,8008,0,0.0
2.0,200000.0,0.19999999999999998,3000.0,case_302,0,0,685.03125,680.712646484375,fno,4415,0.0,8008,0,0.0
2.0,200000.0,0.19999999999999998,5000.0,case_302,0,0,2685.03125,2680.71240234375,fno,4415,0.0,8008,0,0.0
2.0,200000.0,0.19999999999999998,10000.0,case_302,0,0,7685.03125,7680.712890625,fno,4415,0.0,8008,0,0.0
2.0,200000.0,0.19999999999999998,25000.0,case_302,0,0,22685.03125,22680.712890625,fno,4415,0.0,8008,0,0.0
2.0,200000.0,0.19999999999999998,101325.0,case_302,0,0,99010.03125,99005.7109375,fno,4415,0.0,8008,0,0.0
2.0,500000.0,0.5,2500.0,case_303,0,0,89.893798828125,78.5830078125,fno,4415,0.0,8008,0,0.0
2.0,500000.0,0.5,3000.0,case_303,0,0,589.893798828125,578.5830078125,fno,4415,0.0,8008,0,0.0
2.0,500000.0,0.5,5000.0,case_303,0,0,2589.89404296875,2578.5830078125,fno,4415,0.0,8008,0,0.0
2.0,500000.0,0.5,10000.0,case_303,0,0,7589.8935546875,7578.5830078125,fno,4415,0.0,8008,0,0.0
2.0,500000.0,0.5,25000.0,case_303,0,0,22589.89453125,22578.583984375,fno,4415,0.0,8008,0,0.0
2.0,500000.0,0.5,101325.0,case_303,0,0,98914.890625,98903.5859375,fno,4415,0.0,8008,0,0.0
2.0,1000000.0,1.0,2500.0,case_304,11,68,-391.76025390625,-286.8304443359375,fno,4415,0.03596403596403597,7709,220,0.028846153846153848
2.0,1000000.0,1.0,3000.0,case_304,0,0,108.23974609375,213.169677734375,fno,4415,0.0,8008,0,0.0
2.0,1000000.0,1.0,5000.0,case_304,0,0,2108.23974609375,2213.16943359375,fno,4415,0.0,8008,0,0.0
2.0,1000000.0,1.0,10000.0,case_304,0,0,7108.240234375,7213.169921875,fno,4415,0.0,8008,0,0.0
2.0,1000000.0,1.0,25000.0,case_304,0,0,22108.240234375,22213.169921875,fno,4415,0.0,8008,0,0.0
2.0,1000000.0,1.0,101325.0,case_304,0,0,98433.2421875,98538.171875,fno,4415,0.0,8008,0,0.0
4.0,100000.0,0.09999999999999999,2500.0,case_305,0,0,195.4287109375,194.215087890625,fno,4415,0.0,8008,0,0.0
4.0,100000.0,0.09999999999999999,3000.0,case_305,0,0,695.4287109375,694.215087890625,fno,4415,0.0,8008,0,0.0
4.0,100000.0,0.09999999999999999,5000.0,case_305,0,0,2695.4287109375,2694.21533203125,fno,4415,0.0,8008,0,0.0
4.0,100000.0,0.09999999999999999,10000.0,case_305,0,0,7695.4287109375,7694.21484375,fno,4415,0.0,8008,0,0.0
4.0,100000.0,0.09999999999999999,25000.0,case_305,0,0,22695.4296875,22694.21484375,fno,4415,0.0,8008,0,0.0
4.0,100000.0,0.09999999999999999,101325.0,case_305,0,0,99020.4296875,99019.21875,fno,4415,0.0,8008,0,0.0
4.0,200000.0,0.19999999999999998,2500.0,case_306,0,0,180.8603515625,176.703125,fno,4415,0.0,8008,0,0.0
4.0,200000.0,0.19999999999999998,3000.0,case_306,0,0,680.8603515625,676.703125,fno,4415,0.0,8008,0,0.0
4.0,200000.0,0.19999999999999998,5000.0,case_306,0,0,2680.8603515625,2676.703125,fno,4415,0.0,8008,0,0.0
4.0,200000.0,0.19999999999999998,10000.0,case_306,0,0,7680.8603515625,7676.703125,fno,4415,0.0,8008,0,0.0
4.0,200000.0,0.19999999999999998,25000.0,case_306,0,0,22680.861328125,22676.703125,fno,4415,0.0,8008,0,0.0
4.0,200000.0,0.19999999999999998,101325.0,case_306,0,0,99005.859375,99001.703125,fno,4415,0.0,8008,0,0.0
4.0,500000.0,0.5,2500.0,case_307,0,0,54.534912109375,53.306640625,fno,4415,0.0,8008,0,0.0
4.0,500000.0,0.5,3000.0,case_307,0,0,554.534912109375,553.306640625,fno,4415,0.0,8008,0,0.0
4.0,500000.0,0.5,5000.0,case_307,0,0,2554.53515625,2553.306640625,fno,4415,0.0,8008,0,0.0
4.0,500000.0,0.5,10000.0,case_307,0,0,7554.53515625,7553.306640625,fno,4415,0.0,8008,0,0.0
4.0,500000.0,0.5,25000.0,case_307,0,0,22554.53515625,22553.306640625,fno,4415,0.0,8008,0,0.0
4.0,500000.0,0.5,101325.0,case_307,0,0,98879.53125,98878.3046875,fno,4415,0.0,8008,0,0.0
4.0,1000000.0,1.0,2500.0,case_308,8,86,-574.151611328125,-388.2222900390625,fno,4415,0.052822177822177824,7577,337,0.04308191808191808
4.0,1000000.0,1.0,3000.0,case_308,0,3,-74.151611328125,111.77783203125,fno,4415,0.0003746253746253746,8005,0,0.0
4.0,1000000.0,1.0,5000.0,case_308,0,0,1925.8486328125,2111.77783203125,fno,4415,0.0,8008,0,0.0
4.0,1000000.0,1.0,10000.0,case_308,0,0,6925.8486328125,7111.77734375,fno,4415,0.0,8008,0,0.0
4.0,1000000.0,1.0,25000.0,case_308,0,0,21925.84765625,22111.77734375,fno,4415,0.0,8008,0,0.0
4.0,1000000.0,1.0,101325.0,case_308,0,0,98250.8515625,98436.78125,fno,4415,0.0,8008,0,0.0
6.0,100000.0,0.09999999999999999,2500.0,case_309,0,0,193.903076171875,192.8759765625,fno,4415,0.0,8008,0,0.0
6.0,100000.0,0.09999999999999999,3000.0,case_309,0,0,693.903076171875,692.8759765625,fno,4415,0.0,8008,0,0.0
6.0,100000.0,0.09999999999999999,5000.0,case_309,0,0,2693.90283203125,2692.8759765625,fno,4415,0.0,8008,0,0.0
6.0,100000.0,0.09999999999999999,10000.0,case_309,0,0,7693.9033203125,7692.8759765625,fno,4415,0.0,8008,0,0.0
6.0,100000.0,0.09999999999999999,25000.0,case_309,0,0,22693.90234375,22692.876953125,fno,4415,0.0,8008,0,0.0
6.0,100000.0,0.09999999999999999,101325.0,case_309,0,0,99018.90625,99017.875,fno,4415,0.0,8008,0,0.0
6.0,200000.0,0.19999999999999998,2500.0,case_310,0,0,174.0517578125,171.18603515625,fno,4415,0.0,8008,0,0.0
6.0,200000.0,0.19999999999999998,3000.0,case_310,0,0,674.0517578125,671.18603515625,fno,4415,0.0,8008,0,0.0
6.0,200000.0,0.19999999999999998,5000.0,case_310,0,0,2674.0517578125,2671.18603515625,fno,4415,0.0,8008,0,0.0
6.0,200000.0,0.19999999999999998,10000.0,case_310,0,0,7674.0517578125,7671.185546875,fno,4415,0.0,8008,0,0.0
6.0,200000.0,0.19999999999999998,25000.0,case_310,0,0,22674.05078125,22671.185546875,fno,4415,0.0,8008,0,0.0
6.0,200000.0,0.19999999999999998,101325.0,case_310,0,0,98999.0546875,98996.1875,fno,4415,0.0,8008,0,0.0
6.0,500000.0,0.5,2500.0,case_311,0,0,8.9755859375,21.34423828125,fno,4415,0.0,8008,0,0.0
6.0,500000.0,0.5,3000.0,case_311,0,0,508.9755859375,521.34423828125,fno,4415,0.0,8008,0,0.0
6.0,500000.0,0.5,5000.0,case_311,0,0,2508.9755859375,2521.34423828125,fno,4415,0.0,8008,0,0.0
6.0,500000.0,0.5,10000.0,case_311,0,0,7508.9755859375,7521.34375,fno,4415,0.0,8008,0,0.0
6.0,500000.0,0.5,25000.0,case_311,0,0,22508.974609375,22521.34375,fno,4415,0.0,8008,0,0.0
6.0,500000.0,0.5,101325.0,case_311,0,0,98833.9765625,98846.34375,fno,4415,0.0,8008,0,0.0
6.0,1000000.0,1.0,2500.0,case_312,14,115,-689.24072265625,-516.543701171875,fno,4415,0.07092907092907093,7426,453,0.05831668331668332
6.0,1000000.0,1.0,3000.0,case_312,0,10,-189.24072265625,-16.543701171875,fno,4415,0.0014985014985014985,7996,2,0.00024975024975024975
6.0,1000000.0,1.0,5000.0,case_312,0,0,1810.75927734375,1983.4560546875,fno,4415,0.0,8008,0,0.0
6.0,1000000.0,1.0,10000.0,case_312,0,0,6810.759765625,6983.4560546875,fno,4415,0.0,8008,0,0.0
6.0,1000000.0,1.0,25000.0,case_312,0,0,21810.759765625,21983.45703125,fno,4415,0.0,8008,0,0.0
6.0,1000000.0,1.0,101325.0,case_312,0,0,98135.7578125,98308.453125,fno,4415,0.0,8008,0,0.0
8.0,100000.0,0.09999999999999999,2500.0,case_313,0,0,192.081298828125,190.748779296875,fno,4415,0.0,8008,0,0.0
8.0,100000.0,0.09999999999999999,3000.0,case_313,0,0,692.081298828125,690.748779296875,fno,4415,0.0,8008,0,0.0
8.0,100000.0,0.09999999999999999,5000.0,case_313,0,0,2692.0810546875,2690.7490234375,fno,4415,0.0,8008,0,0.0
8.0,100000.0,0.09999999999999999,10000.0,case_313,0,0,7692.0810546875,7690.7490234375,fno,4415,0.0,8008,0,0.0
8.0,100000.0,0.09999999999999999,25000.0,case_313,0,0,22692.08203125,22690.748046875,fno,4415,0.0,8008,0,0.0
8.0,100000.0,0.09999999999999999,101325.0,case_313,0,0,99017.078125,99015.75,fno,4415,0.0,8008,0,0.0
8.0,200000.0,0.19999999999999998,2500.0,case_314,0,0,166.899658203125,163.7763671875,fno,4415,0.0,8008,0,0.0
8.0,200000.0,0.19999999999999998,3000.0,case_314,0,0,666.899658203125,663.7763671875,fno,4415,0.0,8008,0,0.0
8.0,200000.0,0.19999999999999998,5000.0,case_314,0,0,2666.8994140625,2663.7763671875,fno,4415,0.0,8008,0,0.0
8.0,200000.0,0.19999999999999998,10000.0,case_314,0,0,7666.8994140625,7663.7763671875,fno,4415,0.0,8008,0,0.0
8.0,200000.0,0.19999999999999998,25000.0,case_314,0,0,22666.900390625,22663.77734375,fno,4415,0.0,8008,0,0.0
8.0,200000.0,0.19999999999999998,101325.0,case_314,0,0,98991.8984375,98988.7734375,fno,4415,0.0,8008,0,0.0
8.0,500000.0,0.5,2500.0,case_315,0,0,-22.830322265625,-28.700927734375,fno,4415,0.0006243756243756244,8003,5,0.0006243756243756244
8.0,500000.0,0.5,3000.0,case_315,0,0,477.169677734375,471.299072265625,fno,4415,0.0,8008,0,0.0
8.0,500000.0,0.5,5000.0,case_315,0,0,2477.16943359375,2471.29931640625,fno,4415,0.0,8008,0,0.0
8.0,500000.0,0.5,10000.0,case_315,0,0,7477.169921875,7471.298828125,fno,4415,0.0,8008,0,0.0
8.0,500000.0,0.5,25000.0,case_315,0,0,22477.169921875,22471.298828125,fno,4415,0.0,8008,0,0.0
8.0,500000.0,0.5,101325.0,case_315,0,0,98802.171875,98796.296875,fno,4415,0.0,8008,0,0.0
8.0,1000000.0,1.0,2500.0,case_316,35,42,-742.82763671875,-717.94873046875,fno,4415,0.07617382617382618,7363,568,0.0752997002997003
8.0,1000000.0,1.0,3000.0,case_316,7,4,-242.82763671875,-217.94873046875,fno,4415,0.0014985014985014985,7989,8,0.0018731268731268732
8.0,1000000.0,1.0,5000.0,case_316,0,0,1757.17236328125,1782.05126953125,fno,4415,0.0,8008,0,0.0
8.0,1000000.0,1.0,10000.0,case_316,0,0,6757.171875,6782.0517578125,fno,4415,0.0,8008,0,0.0
8.0,1000000.0,1.0,25000.0,case_316,0,0,21757.171875,21782.05078125,fno,4415,0.0,8008,0,0.0
8.0,1000000.0,1.0,101325.0,case_316,0,0,98082.171875,98107.0546875,fno,4415,0.0,8008,0,0.0
10.0,100000.0,0.09999999999999999,2500.0,case_317,0,0,191.118896484375,188.31005859375,fno,4415,0.0,8008,0,0.0
10.0,100000.0,0.09999999999999999,3000.0,case_317,0,0,691.118896484375,688.31005859375,fno,4415,0.0,8008,0,0.0
10.0,100000.0,0.09999999999999999,5000.0,case_317,0,0,2691.11865234375,2688.31005859375,fno,4415,0.0,8008,0,0.0
10.0,100000.0,0.09999999999999999,10000.0,case_317,0,0,7691.119140625,7688.310546875,fno,4415,0.0,8008,0,0.0
10.0,100000.0,0.09999999999999999,25000.0,case_317,0,0,22691.119140625,22688.310546875,fno,4415,0.0,8008,0,0.0
10.0,100000.0,0.09999999999999999,101325.0,case_317,0,0,99016.1171875,99013.3125,fno,4415,0.0,8008,0,0.0
10.0,200000.0,0.19999999999999998,2500.0,case_318,0,0,163.827880859375,152.28564453125,fno,4415,0.0,8008,0,0.0
10.0,200000.0,0.19999999999999998,3000.0,case_318,0,0,663.827880859375,652.28564453125,fno,4415,0.0,8008,0,0.0
10.0,200000.0,0.19999999999999998,5000.0,case_318,0,0,2663.82763671875,2652.28564453125,fno,4415,0.0,8008,0,0.0
10.0,200000.0,0.19999999999999998,10000.0,case_318,0,0,7663.828125,7652.2861328125,fno,4415,0.0,8008,0,0.0
10.0,200000.0,0.19999999999999998,25000.0,case_318,0,0,22663.828125,22652.28515625,fno,4415,0.0,8008,0,0.0
10.0,200000.0,0.19999999999999998,101325.0,case_318,0,0,98988.828125,98977.2890625,fno,4415,0.0,8008,0,0.0
10.0,500000.0,0.5,2500.0,case_319,9,0,-34.94140625,-96.640869140625,fno,4415,0.0007492507492507493,7993,6,0.0018731268731268732
10.0,500000.0,0.5,3000.0,case_319,0,0,465.05859375,403.359130859375,fno,4415,0.0,8008,0,0.0
10.0,500000.0,0.5,5000.0,case_319,0,0,2465.05859375,2403.35888671875,fno,4415,0.0,8008,0,0.0
10.0,500000.0,0.5,10000.0,case_319,0,0,7465.05859375,7403.359375,fno,4415,0.0,8008,0,0.0
10.0,500000.0,0.5,25000.0,case_319,0,0,22465.05859375,22403.359375,fno,4415,0.0,8008,0,0.0
10.0,500000.0,0.5,101325.0,case_319,0,0,98790.0625,98728.359375,fno,4415,0.0,8008,0,0.0
10.0,1000000.0,1.0,2500.0,case_320,10,97,-940.5972900390625,-991.3204345703125,fno,4415,0.10352147852147853,7169,732,0.09265734265734266
10.0,1000000.0,1.0,3000.0,case_320,8,3,-440.5972900390625,-491.3204345703125,fno,4415,0.0034965034965034965,7972,25,0.004120879120879121
10.0,1000000.0,1.0,5000.0,case_320,0,0,1559.40283203125,1508.6796875,fno,4415,0.0,8008,0,0.0
10.0,1000000.0,1.0,10000.0,case_320,0,0,6559.40234375,6508.6796875,fno,4415,0.0,8008,0,0.0
10.0,1000000.0,1.0,25000.0,case_320,0,0,21559.40234375,21508.6796875,fno,4415,0.0,8008,0,0.0
10.0,1000000.0,1.0,101325.0,case_320,0,0,97884.40625,97833.6796875,fno,4415,0.0,8008,0,0.0
-4.0,100000.0,0.09999999999999999,2500.0,case_321,0,0,196.37109375,195.163818359375,fno,4418,0.0,7975,0,0.0
-4.0,100000.0,0.09999999999999999,3000.0,case_321,0,0,696.37109375,695.163818359375,fno,4418,0.0,7975,0,0.0
-4.0,100000.0,0.09999999999999999,5000.0,case_321,0,0,2696.37109375,2695.1640625,fno,4418,0.0,7975,0,0.0
-4.0,100000.0,0.09999999999999999,10000.0,case_321,0,0,7696.37109375,7695.1640625,fno,4418,0.0,7975,0,0.0
-4.0,100000.0,0.09999999999999999,25000.0,case_321,0,0,22696.37109375,22695.1640625,fno,4418,0.0,7975,0,0.0
-4.0,100000.0,0.09999999999999999,101325.0,case_321,0,0,99021.3671875,99020.1640625,fno,4418,0.0,7975,0,0.0
-4.0,200000.0,0.19999999999999998,2500.0,case_322,0,0,185.590576171875,180.60693359375,fno,4418,0.0,7975,0,0.0
-4.0,200000.0,0.19999999999999998,3000.0,case_322,0,0,685.590576171875,680.60693359375,fno,4418,0.0,7975,0,0.0
-4.0,200000.0,0.19999999999999998,5000.0,case_322,0,0,2685.59033203125,2680.60693359375,fno,4418,0.0,7975,0,0.0
-4.0,200000.0,0.19999999999999998,10000.0,case_322,0,0,7685.5908203125,7680.6064453125,fno,4418,0.0,7975,0,0.0
-4.0,200000.0,0.19999999999999998,25000.0,case_322,0,0,22685.58984375,22680.607421875,fno,4418,0.0,7975,0,0.0
-4.0,200000.0,0.19999999999999998,101325.0,case_322,0,0,99010.59375,99005.609375,fno,4418,0.0,7975,0,0.0
-4.0,500000.0,0.5,2500.0,case_323,0,0,113.62744140625,78.342529296875,fno,4418,0.0,7975,0,0.0
-4.0,500000.0,0.5,3000.0,case_323,0,0,613.62744140625,578.342529296875,fno,4418,0.0,7975,0,0.0
-4.0,500000.0,0.5,5000.0,case_323,0,0,2613.62744140625,2578.34228515625,fno,4418,0.0,7975,0,0.0
-4.0,500000.0,0.5,10000.0,case_323,0,0,7613.626953125,7578.3427734375,fno,4418,0.0,7975,0,0.0
-4.0,500000.0,0.5,25000.0,case_323,0,0,22613.626953125,22578.341796875,fno,4418,0.0,7975,0,0.0
-4.0,500000.0,0.5,101325.0,case_323,0,0,98938.625,98903.34375,fno,4418,0.0,7975,0,0.0
-4.0,1000000.0,1.0,2500.0,case_324,46,23,-125.90234375,-287.235107421875,fno,4418,0.009529780564263323,7853,53,0.012413793103448275
-4.0,1000000.0,1.0,3000.0,case_324,0,0,374.09765625,212.764892578125,fno,4418,0.0,7975,0,0.0
-4.0,1000000.0,1.0,5000.0,case_324,0,0,2374.09765625,2212.76513671875,fno,4418,0.0,7975,0,0.0
-4.0,1000000.0,1.0,10000.0,case_324,0,0,7374.09765625,7212.7646484375,fno,4418,0.0,7975,0,0.0
-4.0,1000000.0,1.0,25000.0,case_324,0,0,22374.09765625,22212.765625,fno,4418,0.0,7975,0,0.0
-4.0,1000000.0,1.0,101325.0,case_324,0,0,98699.1015625,98537.765625,fno,4418,0.0,7975,0,0.0
-2.0,100000.0,0.09999999999999999,2500.0,case_325,0,0,196.589599609375,196.4130859375,fno,4418,0.0,7975,0,0.0
-2.0,100000.0,0.09999999999999999,3000.0,case_325,0,0,696.589599609375,696.4130859375,fno,4418,0.0,7975,0,0.0
-2.0,100000.0,0.09999999999999999,5000.0,case_325,0,0,2696.58935546875,2696.4130859375,fno,4418,0.0,7975,0,0.0
-2.0,100000.0,0.09999999999999999,10000.0,case_325,0,0,7696.58984375,7696.4130859375,fno,4418,0.0,7975,0,0.0
-2.0,100000.0,0.09999999999999999,25000.0,case_325,0,0,22696.58984375,22696.4140625,fno,4418,0.0,7975,0,0.0
-2.0,100000.0,0.09999999999999999,101325.0,case_325,0,0,99021.5859375,99021.4140625,fno,4418,0.0,7975,0,0.0
-2.0,200000.0,0.19999999999999998,2500.0,case_326,0,0,186.67578125,185.549072265625,fno,4418,0.0,7975,0,0.0
-2.0,200000.0,0.19999999999999998,3000.0,case_326,0,0,686.67578125,685.549072265625,fno,4418,0.0,7975,0,0.0
-2.0,200000.0,0.19999999999999998,5000.0,case_326,0,0,2686.67578125,2685.548828125,fno,4418,0.0,7975,0,0.0
-2.0,200000.0,0.19999999999999998,10000.0,case_326,0,0,7686.67578125,7685.548828125,fno,4418,0.0,7975,0,0.0
-2.0,200000.0,0.19999999999999998,25000.0,case_326,0,0,22686.67578125,22685.548828125,fno,4418,0.0,7975,0,0.0
-2.0,200000.0,0.19999999999999998,101325.0,case_326,0,0,99011.6796875,99010.546875,fno,4418,0.0,7975,0,0.0
-2.0,500000.0,0.5,2500.0,case_327,0,0,119.69189453125,109.31884765625,fno,4418,0.0,7975,0,0.0
-2.0,500000.0,0.5,3000.0,case_327,0,0,619.69189453125,609.31884765625,fno,4418,0.0,7975,0,0.0
-2.0,500000.0,0.5,5000.0,case_327,0,0,2619.69189453125,2609.31884765625,fno,4418,0.0,7975,0,0.0
-2.0,500000.0,0.5,10000.0,case_327,0,0,7619.6923828125,7609.3193359375,fno,4418,0.0,7975,0,0.0
-2.0,500000.0,0.5,25000.0,case_327,0,0,22619.69140625,22609.318359375,fno,4418,0.0,7975,0,0.0
-2.0,500000.0,0.5,101325.0,case_327,0,0,98944.6953125,98934.3203125,fno,4418,0.0,7975,0,0.0
-2.0,1000000.0,1.0,2500.0,case_328,16,56,-185.7392578125,-163.20556640625,fno,4418,0.019310344827586208,7805,98,0.014294670846394984
-2.0,1000000.0,1.0,3000.0,case_328,0,0,314.2607421875,336.79443359375,fno,4418,0.0,7975,0,0.0
-2.0,1000000.0,1.0,5000.0,case_328,0,0,2314.2607421875,2336.79443359375,fno,4418,0.0,7975,0,0.0
-2.0,1000000.0,1.0,10000.0,case_328,0,0,7314.2607421875,7336.794921875,fno,4418,0.0,7975,0,0.0
-2.0,1000000.0,1.0,25000.0,case_328,0,0,22314.26171875,22336.794921875,fno,4418,0.0,7975,0,0.0
-2.0,1000000.0,1.0,101325.0,case_328,0,0,98639.2578125,98661.796875,fno,4418,0.0,7975,0,0.0
0.0,100000.0,0.09999999999999999,2500.0,case_329,0,0,196.66064453125,195.641357421875,fno,4418,0.0,7975,0,0.0
0.0,100000.0,0.09999999999999999,3000.0,case_329,0,0,696.66064453125,695.641357421875,fno,4418,0.0,7975,0,0.0
0.0,100000.0,0.09999999999999999,5000.0,case_329,0,0,2696.66064453125,2695.6416015625,fno,4418,0.0,7975,0,0.0
0.0,100000.0,0.09999999999999999,10000.0,case_329,0,0,7696.66015625,7695.6416015625,fno,4418,0.0,7975,0,0.0
0.0,100000.0,0.09999999999999999,25000.0,case_329,0,0,22696.66015625,22695.640625,fno,4418,0.0,7975,0,0.0
0.0,100000.0,0.09999999999999999,101325.0,case_329,0,0,99021.6640625,99020.640625,fno,4418,0.0,7975,0,0.0
0.0,200000.0,0.19999999999999998,2500.0,case_330,0,0,186.0654296875,182.413818359375,fno,4418,0.0,7975,0,0.0
0.0,200000.0,0.19999999999999998,3000.0,case_330,0,0,686.0654296875,682.413818359375,fno,4418,0.0,7975,0,0.0
0.0,200000.0,0.19999999999999998,5000.0,case_330,0,0,2686.0654296875,2682.4140625,fno,4418,0.0,7975,0,0.0
0.0,200000.0,0.19999999999999998,10000.0,case_330,0,0,7686.0654296875,7682.4140625,fno,4418,0.0,7975,0,0.0
0.0,200000.0,0.19999999999999998,25000.0,case_330,0,0,22686.06640625,22682.4140625,fno,4418,0.0,7975,0,0.0
0.0,200000.0,0.19999999999999998,101325.0,case_330,0,0,99011.0625,99007.4140625,fno,4418,0.0,7975,0,0.0
0.0,500000.0,0.5,2500.0,case_331,0,0,104.38330078125,89.517578125,fno,4418,0.0,7975,0,0.0
0.0,500000.0,0.5,3000.0,case_331,0,0,604.38330078125,589.517578125,fno,4418,0.0,7975,0,0.0
0.0,500000.0,0.5,5000.0,case_331,0,0,2604.38330078125,2589.517578125,fno,4418,0.0,7975,0,0.0
0.0,500000.0,0.5,10000.0,case_331,0,0,7604.3828125,7589.517578125,fno,4418,0.0,7975,0,0.0
0.0,500000.0,0.5,25000.0,case_331,0,0,22604.3828125,22589.517578125,fno,4418,0.0,7975,0,0.0
0.0,500000.0,0.5,101325.0,case_331,0,0,98929.3828125,98914.515625,fno,4418,0.0,7975,0,0.0
0.0,1000000.0,1.0,2500.0,case_332,5,68,-302.7154541015625,-244.50146484375,fno,4418,0.029843260188087774,7732,170,0.0219435736677116
0.0,1000000.0,1.0,3000.0,case_332,0,0,197.284423828125,255.49853515625,fno,4418,0.0,7975,0,0.0
0.0,1000000.0,1.0,5000.0,case_332,0,0,2197.28466796875,2255.49853515625,fno,4418,0.0,7975,0,0.0
0.0,1000000.0,1.0,10000.0,case_332,0,0,7197.2841796875,7255.4990234375,fno,4418,0.0,7975,0,0.0
0.0,1000000.0,1.0,25000.0,case_332,0,0,22197.28515625,22255.498046875,fno,4418,0.0,7975,0,0.0
0.0,1000000.0,1.0,101325.0,case_332,0,0,98522.28125,98580.5,fno,4418,0.0,7975,0,0.0
2.0,100000.0,0.09999999999999999,2500.0,case_333,0,0,196.00830078125,194.81201171875,fno,4418,0.0,7975,0,0.0
2.0,100000.0,0.09999999999999999,3000.0,case_333,0,0,696.00830078125,694.81201171875,fno,4418,0.0,7975,0,0.0
2.0,100000.0,0.09999999999999999,5000.0,case_333,0,0,2696.00830078125,2694.81201171875,fno,4418,0.0,7975,0,0.0
2.0,100000.0,0.09999999999999999,10000.0,case_333,0,0,7696.0087890625,7694.8115234375,fno,4418,0.0,7975,0,0.0
2.0,100000.0,0.09999999999999999,25000.0,case_333,0,0,22696.0078125,22694.8125,fno,4418,0.0,7975,0,0.0
2.0,100000.0,0.09999999999999999,101325.0,case_333,0,0,99021.0078125,99019.8125,fno,4418,0.0,7975,0,0.0
2.0,200000.0,0.19999999999999998,2500.0,case_334,0,0,182.982177734375,179.06689453125,fno,4418,0.0,7975,0,0.0
2.0,200000.0,0.19999999999999998,3000.0,case_334,0,0,682.982177734375,679.06689453125,fno,4418,0.0,7975,0,0.0
2.0,200000.0,0.19999999999999998,5000.0,case_334,0,0,2682.982421875,2679.06689453125,fno,4418,0.0,7975,0,0.0
2.0,200000.0,0.19999999999999998,10000.0,case_334,0,0,7682.982421875,7679.0673828125,fno,4418,0.0,7975,0,0.0
2.0,200000.0,0.19999999999999998,25000.0,case_334,0,0,22682.982421875,22679.06640625,fno,4418,0.0,7975,0,0.0
2.0,200000.0,0.19999999999999998,101325.0,case_334,0,0,99007.984375,99004.0703125,fno,4418,0.0,7975,0,0.0
2.0,500000.0,0.5,2500.0,case_335,0,0,75.740234375,68.273681640625,fno,4418,0.0,7975,0,0.0
2.0,500000.0,0.5,3000.0,case_335,0,0,575.740234375,568.273681640625,fno,4418,0.0,7975,0,0.0
2.0,500000.0,0.5,5000.0,case_335,0,0,2575.740234375,2568.2734375,fno,4418,0.0,7975,0,0.0
2.0,500000.0,0.5,10000.0,case_335,0,0,7575.740234375,7568.2734375,fno,4418,0.0,7975,0,0.0
2.0,500000.0,0.5,25000.0,case_335,0,0,22575.740234375,22568.2734375,fno,4418,0.0,7975,0,0.0
2.0,500000.0,0.5,101325.0,case_335,0,0,98900.7421875,98893.2734375,fno,4418,0.0,7975,0,0.0
2.0,1000000.0,1.0,2500.0,case_336,3,80,-431.4635009765625,-328.09521484375,fno,4418,0.04313479623824452,7628,264,0.03347962382445141
2.0,1000000.0,1.0,3000.0,case_336,0,0,68.53662109375,171.90478515625,fno,4418,0.0,7975,0,0.0
2.0,1000000.0,1.0,5000.0,case_336,0,0,2068.53662109375,2171.90478515625,fno,4418,0.0,7975,0,0.0
2.0,1000000.0,1.0,10000.0,case_336,0,0,7068.5361328125,7171.904296875,fno,4418,0.0,7975,0,0.0
2.0,1000000.0,1.0,25000.0,case_336,0,0,22068.537109375,22171.904296875,fno,4418,0.0,7975,0,0.0
2.0,1000000.0,1.0,101325.0,case_336,0,0,98393.5390625,98496.90625,fno,4418,0.0,7975,0,0.0
4.0,100000.0,0.09999999999999999,2500.0,case_337,0,0,194.85302734375,193.659423828125,fno,4418,0.0,7975,0,0.0
4.0,100000.0,0.09999999999999999,3000.0,case_337,0,0,694.85302734375,693.659423828125,fno,4418,0.0,7975,0,0.0
4.0,100000.0,0.09999999999999999,5000.0,case_337,0,0,2694.85302734375,2693.6591796875,fno,4418,0.0,7975,0,0.0
4.0,100000.0,0.09999999999999999,10000.0,case_337,0,0,7694.853515625,7693.6591796875,fno,4418,0.0,7975,0,0.0
4.0,100000.0,0.09999999999999999,25000.0,case_337,0,0,22694.853515625,22693.66015625,fno,4418,0.0,7975,0,0.0
4.0,100000.0,0.09999999999999999,101325.0,case_337,0,0,99019.8515625,99018.65625,fno,4418,0.0,7975,0,0.0
4.0,200000.0,0.19999999999999998,2500.0,case_338,0,0,178.360107421875,174.443359375,fno,4418,0.0,7975,0,0.0
4.0,200000.0,0.19999999999999998,3000.0,case_338,0,0,678.360107421875,674.443359375,fno,4418,0.0,7975,0,0.0
4.0,200000.0,0.19999999999999998,5000.0,case_338,0,0,2678.35986328125,2674.443359375,fno,4418,0.0,7975,0,0.0
4.0,200000.0,0.19999999999999998,10000.0,case_338,0,0,7678.3603515625,7674.443359375,fno,4418,0.0,7975,0,0.0
4.0,200000.0,0.19999999999999998,25000.0,case_338,0,0,22678.359375,22674.443359375,fno,4418,0.0,7975,0,0.0
4.0,200000.0,0.19999999999999998,101325.0,case_338,0,0,99003.359375,98999.4453125,fno,4418,0.0,7975,0,0.0
4.0,500000.0,0.5,2500.0,case_339,0,0,44.07666015625,39.06787109375,fno,4418,0.0,7975,0,0.0
4.0,500000.0,0.5,3000.0,case_339,0,0,544.07666015625,539.06787109375,fno,4418,0.0,7975,0,0.0
4.0,500000.0,0.5,5000.0,case_339,0,0,2544.07666015625,2539.06787109375,fno,4418,0.0,7975,0,0.0
4.0,500000.0,0.5,10000.0,case_339,0,0,7544.076171875,7539.068359375,fno,4418,0.0,7975,0,0.0
4.0,500000.0,0.5,25000.0,case_339,0,0,22544.076171875,22539.068359375,fno,4418,0.0,7975,0,0.0
4.0,500000.0,0.5,101325.0,case_339,0,0,98869.078125,98864.0703125,fno,4418,0.0,7975,0,0.0
4.0,1000000.0,1.0,2500.0,case_340,4,104,-582.297119140625,-445.319091796875,fno,4418,0.060313479623824454,7490,377,0.047774294670846394
4.0,1000000.0,1.0,3000.0,case_340,0,4,-82.297119140625,54.680908203125,fno,4418,0.0005015673981191223,7971,0,0.0
4.0,1000000.0,1.0,5000.0,case_340,0,0,1917.703125,2054.68115234375,fno,4418,0.0,7975,0,0.0
4.0,1000000.0,1.0,10000.0,case_340,0,0,6917.703125,7054.6806640625,fno,4418,0.0,7975,0,0.0
4.0,1000000.0,1.0,25000.0,case_340,0,0,21917.703125,22054.681640625,fno,4418,0.0,7975,0,0.0
4.0,1000000.0,1.0,101325.0,case_340,0,0,98242.703125,98379.6796875,fno,4418,0.0,7975,0,0.0
6.0,100000.0,0.09999999999999999,2500.0,case_341,0,0,193.54638671875,192.252197265625,fno,4418,0.0,7975,0,0.0
6.0,100000.0,0.09999999999999999,3000.0,case_341,0,0,693.54638671875,692.252197265625,fno,4418,0.0,7975,0,0.0
6.0,100000.0,0.09999999999999999,5000.0,case_341,0,0,2693.54638671875,2692.25244140625,fno,4418,0.0,7975,0,0.0
6.0,100000.0,0.09999999999999999,10000.0,case_341,0,0,7693.5458984375,7692.251953125,fno,4418,0.0,7975,0,0.0
6.0,100000.0,0.09999999999999999,25000.0,case_341,0,0,22693.546875,22692.251953125,fno,4418,0.0,7975,0,0.0
6.0,100000.0,0.09999999999999999,101325.0,case_341,0,0,99018.546875,99017.25,fno,4418,0.0,7975,0,0.0
6.0,200000.0,0.19999999999999998,2500.0,case_342,0,0,172.994873046875,168.659912109375,fno,4418,0.0,7975,0,0.0
6.0,200000.0,0.19999999999999998,3000.0,case_342,0,0,672.994873046875,668.659912109375,fno,4418,0.0,7975,0,0.0
6.0,200000.0,0.19999999999999998,5000.0,case_342,0,0,2672.9951171875,2668.66015625,fno,4418,0.0,7975,0,0.0
6.0,200000.0,0.19999999999999998,10000.0,case_342,0,0,7672.9951171875,7668.66015625,fno,4418,0.0,7975,0,0.0
6.0,200000.0,0.19999999999999998,25000.0,case_342,0,0,22672.994140625,22668.66015625,fno,4418,0.0,7975,0,0.0
6.0,200000.0,0.19999999999999998,101325.0,case_342,0,0,98997.9921875,98993.65625,fno,4418,0.0,7975,0,0.0
6.0,500000.0,0.5,2500.0,case_343,0,0,7.07763671875,5.263671875,fno,4418,0.0,7975,0,0.0
6.0,500000.0,0.5,3000.0,case_343,0,0,507.07763671875,505.263671875,fno,4418,0.0,7975,0,0.0
6.0,500000.0,0.5,5000.0,case_343,0,0,2507.07763671875,2505.263671875,fno,4418,0.0,7975,0,0.0
6.0,500000.0,0.5,10000.0,case_343,0,0,7507.0771484375,7505.263671875,fno,4418,0.0,7975,0,0.0
6.0,500000.0,0.5,25000.0,case_343,0,0,22507.078125,22505.263671875,fno,4418,0.0,7975,0,0.0
6.0,500000.0,0.5,101325.0,case_343,0,0,98832.078125,98830.265625,fno,4418,0.0,7975,0,0.0
6.0,1000000.0,1.0,2500.0,case_344,4,148,-768.20361328125,-589.1917724609375,fno,4418,0.0832601880877743,7307,516,0.0652037617554859
6.0,1000000.0,1.0,3000.0,case_344,0,17,-268.20361328125,-89.19189453125,fno,4418,0.0030094043887147334,7951,7,0.0008777429467084639
6.0,1000000.0,1.0,5000.0,case_344,0,0,1731.79638671875,1910.80810546875,fno,4418,0.0,7975,0,0.0
6.0,1000000.0,1.0,10000.0,case_344,0,0,6731.7958984375,6910.80859375,fno,4418,0.0,7975,0,0.0
6.0,1000000.0,1.0,25000.0,case_344,0,0,21731.796875,21910.80859375,fno,4418,0.0,7975,0,0.0
6.0,1000000.0,1.0,101325.0,case_344,0,0,98056.796875,98235.8046875,fno,4418,0.0,7975,0,0.0
8.0,100000.0,0.09999999999999999,2500.0,case_345,0,0,191.9892578125,190.67626953125,fno,4418,0.0,7975,0,0.0
8.0,100000.0,0.09999999999999999,3000.0,case_345,0,0,691.9892578125,690.67626953125,fno,4418,0.0,7975,0,0.0
8.0,100000.0,0.09999999999999999,5000.0,case_345,0,0,2691.9892578125,2690.67626953125,fno,4418,0.0,7975,0,0.0
8.0,100000.0,0.09999999999999999,10000.0,case_345,0,0,7691.9892578125,7690.6767578125,fno,4418,0.0,7975,0,0.0
8.0,100000.0,0.09999999999999999,25000.0,case_345,0,0,22691.98828125,22690.67578125,fno,4418,0.0,7975,0,0.0
8.0,100000.0,0.09999999999999999,101325.0,case_345,0,0,99016.9921875,99015.6796875,fno,4418,0.0,7975,0,0.0
8.0,200000.0,0.19999999999999998,2500.0,case_346,0,0,166.450439453125,163.216796875,fno,4418,0.0,7975,0,0.0
8.0,200000.0,0.19999999999999998,3000.0,case_346,0,0,666.450439453125,663.216796875,fno,4418,0.0,7975,0,0.0
8.0,200000.0,0.19999999999999998,5000.0,case_346,0,0,2666.4501953125,2663.216796875,fno,4418,0.0,7975,0,0.0
8.0,200000.0,0.19999999999999998,10000.0,case_346,0,0,7666.4501953125,7663.216796875,fno,4418,0.0,7975,0,0.0
8.0,200000.0,0.19999999999999998,25000.0,case_346,0,0,22666.451171875,22663.216796875,fno,4418,0.0,7975,0,0.0
8.0,200000.0,0.19999999999999998,101325.0,case_346,0,0,98991.453125,98988.21875,fno,4418,0.0,7975,0,0.0
8.0,500000.0,0.5,2500.0,case_347,2,2,-39.609130859375,-32.08056640625,fno,4418,0.0007523510971786833,7967,4,0.0007523510971786833
8.0,500000.0,0.5,3000.0,case_347,0,0,460.390869140625,467.91943359375,fno,4418,0.0,7975,0,0.0
8.0,500000.0,0.5,5000.0,case_347,0,0,2460.39111328125,2467.91943359375,fno,4418,0.0,7975,0,0.0
8.0,500000.0,0.5,10000.0,case_347,0,0,7460.390625,7467.919921875,fno,4418,0.0,7975,0,0.0
8.0,500000.0,0.5,25000.0,case_347,0,0,22460.390625,22467.919921875,fno,4418,0.0,7975,0,0.0
8.0,500000.0,0.5,101325.0,case_347,0,0,98785.390625,98792.921875,fno,4418,0.0,7975,0,0.0
8.0,1000000.0,1.0,2500.0,case_348,8,90,-813.644775390625,-731.254150390625,fno,4418,0.09128526645768024,7239,638,0.08100313479623825
8.0,1000000.0,1.0,3000.0,case_348,5,6,-313.644775390625,-231.254150390625,fno,4418,0.002884012539184953,7947,17,0.002758620689655172
8.0,1000000.0,1.0,5000.0,case_348,0,0,1686.355224609375,1768.745849609375,fno,4418,0.0,7975,0,0.0
8.0,1000000.0,1.0,10000.0,case_348,0,0,6686.35546875,6768.74609375,fno,4418,0.0,7975,0,0.0
8.0,1000000.0,1.0,25000.0,case_348,0,0,21686.35546875,21768.74609375,fno,4418,0.0,7975,0,0.0
8.0,1000000.0,1.0,101325.0,case_348,0,0,98011.3515625,98093.7421875,fno,4418,0.0,7975,0,0.0
10.0,100000.0,0.09999999999999999,2500.0,case_349,0,0,190.153076171875,188.794677734375,fno,4418,0.0,7975,0,0.0
10.0,100000.0,0.09999999999999999,3000.0,case_349,0,0,690.153076171875,688.794677734375,fno,4418,0.0,7975,0,0.0
10.0,100000.0,0.09999999999999999,5000.0,case_349,0,0,2690.1533203125,2688.794921875,fno,4418,0.0,7975,0,0.0
10.0,100000.0,0.09999999999999999,10000.0,case_349,0,0,7690.1533203125,7688.794921875,fno,4418,0.0,7975,0,0.0
10.0,100000.0,0.09999999999999999,25000.0,case_349,0,0,22690.15234375,22688.794921875,fno,4418,0.0,7975,0,0.0
10.0,100000.0,0.09999999999999999,101325.0,case_349,0,0,99015.15625,99013.796875,fno,4418,0.0,7975,0,0.0
10.0,200000.0,0.19999999999999998,2500.0,case_350,0,0,160.119873046875,155.97265625,fno,4418,0.0,7975,0,0.0
10.0,200000.0,0.19999999999999998,3000.0,case_350,0,0,660.119873046875,655.97265625,fno,4418,0.0,7975,0,0.0
10.0,200000.0,0.19999999999999998,5000.0,case_350,0,0,2660.1201171875,2655.97265625,fno,4418,0.0,7975,0,0.0
10.0,200000.0,0.19999999999999998,10000.0,case_350,0,0,7660.1201171875,7655.97265625,fno,4418,0.0,7975,0,0.0
10.0,200000.0,0.19999999999999998,25000.0,case_350,0,0,22660.119140625,22655.97265625,fno,4418,0.0,7975,0,0.0
10.0,200000.0,0.19999999999999998,101325.0,case_350,0,0,98985.1171875,98980.9765625,fno,4418,0.0,7975,0,0.0
10.0,500000.0,0.5,2500.0,case_351,13,0,-52.857177734375,-77.8056640625,fno,4418,0.0008777429467084639,7955,7,0.0025078369905956114
10.0,500000.0,0.5,3000.0,case_351,0,0,447.142822265625,422.1943359375,fno,4418,0.0,7975,0,0.0
10.0,500000.0,0.5,5000.0,case_351,0,0,2447.142578125,2422.1943359375,fno,4418,0.0,7975,0,0.0
10.0,500000.0,0.5,10000.0,case_351,0,0,7447.142578125,7422.1943359375,fno,4418,0.0,7975,0,0.0
10.0,500000.0,0.5,25000.0,case_351,0,0,22447.142578125,22422.1953125,fno,4418,0.0,7975,0,0.0
10.0,500000.0,0.5,101325.0,case_351,0,0,98772.140625,98747.1953125,fno,4418,0.0,7975,0,0.0
10.0,1000000.0,1.0,2500.0,case_352,17,59,-882.022705078125,-914.831787109375,fno,4418,0.10407523510971786,7128,771,0.09880877742946709
10.0,1000000.0,1.0,3000.0,case_352,12,4,-382.022705078125,-414.831787109375,fno,4418,0.004012539184952978,7931,28,0.005015673981191223
10.0,1000000.0,1.0,5000.0,case_352,0,0,1617.977294921875,1585.168212890625,fno,4418,0.0,7975,0,0.0
10.0,1000000.0,1.0,10000.0,case_352,0,0,6617.9775390625,6585.16796875,fno,4418,0.0,7975,0,0.0
10.0,1000000.0,1.0,25000.0,case_352,0,0,21617.9765625,21585.16796875,fno,4418,0.0,7975,0,0.0
10.0,1000000.0,1.0,101325.0,case_352,0,0,97942.9765625,97910.171875,fno,4418,0.0,7975,0,0.0
-4.0,100000.0,0.09999999999999999,2500.0,case_353,0,0,195.37255859375,194.055419921875,fno,4421,0.0,7934,0,0.0
-4.0,100000.0,0.09999999999999999,3000.0,case_353,0,0,695.37255859375,694.055419921875,fno,4421,0.0,7934,0,0.0
-4.0,100000.0,0.09999999999999999,5000.0,case_353,0,0,2695.37255859375,2694.05517578125,fno,4421,0.0,7934,0,0.0
-4.0,100000.0,0.09999999999999999,10000.0,case_353,0,0,7695.373046875,7694.0556640625,fno,4421,0.0,7934,0,0.0
-4.0,100000.0,0.09999999999999999,25000.0,case_353,0,0,22695.373046875,22694.0546875,fno,4421,0.0,7934,0,0.0
-4.0,100000.0,0.09999999999999999,101325.0,case_353,0,0,99020.375,99019.0546875,fno,4421,0.0,7934,0,0.0
-4.0,200000.0,0.19999999999999998,2500.0,case_354,0,0,181.72119140625,176.024169921875,fno,4421,0.0,7934,0,0.0
-4.0,200000.0,0.19999999999999998,3000.0,case_354,0,0,681.72119140625,676.024169921875,fno,4421,0.0,7934,0,0.0
-4.0,200000.0,0.19999999999999998,5000.0,case_354,0,0,2681.72119140625,2676.02392578125,fno,4421,0.0,7934,0,0.0
-4.0,200000.0,0.19999999999999998,10000.0,case_354,0,0,7681.7216796875,7676.0244140625,fno,4421,0.0,7934,0,0.0
-4.0,200000.0,0.19999999999999998,25000.0,case_354,0,0,22681.720703125,22676.0234375,fno,4421,0.0,7934,0,0.0
-4.0,200000.0,0.19999999999999998,101325.0,case_354,0,0,99006.71875,99001.0234375,fno,4421,0.0,7934,0,0.0
-4.0,500000.0,0.5,2500.0,case_355,0,0,91.760498046875,52.4892578125,fno,4421,0.0,7934,0,0.0
-4.0,500000.0,0.5,3000.0,case_355,0,0,591.760498046875,552.4892578125,fno,4421,0.0,7934,0,0.0
-4.0,500000.0,0.5,5000.0,case_355,0,0,2591.7607421875,2552.4892578125,fno,4421,0.0,7934,0,0.0
-4.0,500000.0,0.5,10000.0,case_355,0,0,7591.7607421875,7552.4892578125,fno,4421,0.0,7934,0,0.0
-4.0,500000.0,0.5,25000.0,case_355,0,0,22591.759765625,22552.490234375,fno,4421,0.0,7934,0,0.0
-4.0,500000.0,0.5,101325.0,case_355,0,0,98916.7578125,98877.4921875,fno,4421,0.0,7934,0,0.0
-4.0,1000000.0,1.0,2500.0,case_356,57,28,-168.435546875,-391.12109375,fno,4421,0.013990420973027476,7766,83,0.017645576002016636
-4.0,1000000.0,1.0,3000.0,case_356,0,0,331.564453125,108.87890625,fno,4421,0.0,7934,0,0.0
-4.0,1000000.0,1.0,5000.0,case_356,0,0,2331.564453125,2108.87890625,fno,4421,0.0,7934,0,0.0
-4.0,1000000.0,1.0,10000.0,case_356,0,0,7331.564453125,7108.87890625,fno,4421,0.0,7934,0,0.0
-4.0,1000000.0,1.0,25000.0,case_356,0,0,22331.564453125,22108.87890625,fno,4421,0.0,7934,0,0.0
-4.0,1000000.0,1.0,101325.0,case_356,0,0,98656.5625,98433.875,fno,4421,0.0,7934,0,0.0
-2.0,100000.0,0.09999999999999999,2500.0,case_357,0,0,195.74462890625,195.863037109375,fno,4421,0.0,7934,0,0.0
-2.0,100000.0,0.09999999999999999,3000.0,case_357,0,0,695.74462890625,695.863037109375,fno,4421,0.0,7934,0,0.0
-2.0,100000.0,0.09999999999999999,5000.0,case_357,0,0,2695.74462890625,2695.86279296875,fno,4421,0.0,7934,0,0.0
-2.0,100000.0,0.09999999999999999,10000.0,case_357,0,0,7695.7451171875,7695.86328125,fno,4421,0.0,7934,0,0.0
-2.0,100000.0,0.09999999999999999,25000.0,case_357,0,0,22695.744140625,22695.86328125,fno,4421,0.0,7934,0,0.0
-2.0,100000.0,0.09999999999999999,101325.0,case_357,0,0,99020.7421875,99020.859375,fno,4421,0.0,7934,0,0.0
-2.0,200000.0,0.19999999999999998,2500.0,case_358,0,0,183.41748046875,183.114990234375,fno,4421,0.0,7934,0,0.0
-2.0,200000.0,0.19999999999999998,3000.0,case_358,0,0,683.41748046875,683.114990234375,fno,4421,0.0,7934,0,0.0
-2.0,200000.0,0.19999999999999998,5000.0,case_358,0,0,2683.41748046875,2683.11474609375,fno,4421,0.0,7934,0,0.0
-2.0,200000.0,0.19999999999999998,10000.0,case_358,0,0,7683.41796875,7683.115234375,fno,4421,0.0,7934,0,0.0
-2.0,200000.0,0.19999999999999998,25000.0,case_358,0,0,22683.41796875,22683.115234375,fno,4421,0.0,7934,0,0.0
-2.0,200000.0,0.19999999999999998,101325.0,case_358,0,0,99008.4140625,99008.1171875,fno,4421,0.0,7934,0,0.0
-2.0,500000.0,0.5,2500.0,case_359,0,0,106.795654296875,96.83984375,fno,4421,0.0,7934,0,0.0
-2.0,500000.0,0.5,3000.0,case_359,0,0,606.795654296875,596.83984375,fno,4421,0.0,7934,0,0.0
-2.0,500000.0,0.5,5000.0,case_359,0,0,2606.79541015625,2596.83984375,fno,4421,0.0,7934,0,0.0
-2.0,500000.0,0.5,10000.0,case_359,0,0,7606.7958984375,7596.83984375,fno,4421,0.0,7934,0,0.0
-2.0,500000.0,0.5,25000.0,case_359,0,0,22606.794921875,22596.83984375,fno,4421,0.0,7934,0,0.0
-2.0,500000.0,0.5,101325.0,case_359,0,0,98931.796875,98921.84375,fno,4421,0.0,7934,0,0.0
-2.0,1000000.0,1.0,2500.0,case_360,26,51,-249.477783203125,-213.081298828125,fno,4421,0.02268716914544996,7728,129,0.019536173430804132
-2.0,1000000.0,1.0,3000.0,case_360,0,0,250.522216796875,286.918701171875,fno,4421,0.0,7934,0,0.0
-2.0,1000000.0,1.0,5000.0,case_360,0,0,2250.52197265625,2286.9189453125,fno,4421,0.0,7934,0,0.0
-2.0,1000000.0,1.0,10000.0,case_360,0,0,7250.5224609375,7286.9189453125,fno,4421,0.0,7934,0,0.0
-2.0,1000000.0,1.0,25000.0,case_360,0,0,22250.521484375,22286.91796875,fno,4421,0.0,7934,0,0.0
-2.0,1000000.0,1.0,101325.0,case_360,0,0,98575.5234375,98611.921875,fno,4421,0.0,7934,0,0.0
0.0,100000.0,0.09999999999999999,2500.0,case_361,0,0,196.398681640625,195.320556640625,fno,4421,0.0,7934,0,0.0
0.0,100000.0,0.09999999999999999,3000.0,case_361,0,0,696.398681640625,695.320556640625,fno,4421,0.0,7934,0,0.0
0.0,100000.0,0.09999999999999999,5000.0,case_361,0,0,2696.39892578125,2695.32080078125,fno,4421,0.0,7934,0,0.0
0.0,100000.0,0.09999999999999999,10000.0,case_361,0,0,7696.3984375,7695.3203125,fno,4421,0.0,7934,0,0.0
0.0,100000.0,0.09999999999999999,25000.0,case_361,0,0,22696.3984375,22695.3203125,fno,4421,0.0,7934,0,0.0
0.0,100000.0,0.09999999999999999,101325.0,case_361,0,0,99021.3984375,99020.3203125,fno,4421,0.0,7934,0,0.0
0.0,200000.0,0.19999999999999998,2500.0,case_362,0,0,185.035888671875,181.122314453125,fno,4421,0.0,7934,0,0.0
0.0,200000.0,0.19999999999999998,3000.0,case_362,0,0,685.035888671875,681.122314453125,fno,4421,0.0,7934,0,0.0
0.0,200000.0,0.19999999999999998,5000.0,case_362,0,0,2685.03564453125,2681.1220703125,fno,4421,0.0,7934,0,0.0
0.0,200000.0,0.19999999999999998,10000.0,case_362,0,0,7685.0361328125,7681.1220703125,fno,4421,0.0,7934,0,0.0
0.0,200000.0,0.19999999999999998,25000.0,case_362,0,0,22685.03515625,22681.123046875,fno,4421,0.0,7934,0,0.0
0.0,200000.0,0.19999999999999998,101325.0,case_362,0,0,99010.0390625,99006.125,fno,4421,0.0,7934,0,0.0
0.0,500000.0,0.5,2500.0,case_363,0,0,89.059326171875,81.4111328125,fno,4421,0.0,7934,0,0.0
0.0,500000.0,0.5,3000.0,case_363,0,0,589.059326171875,581.4111328125,fno,4421,0.0,7934,0,0.0
0.0,500000.0,0.5,5000.0,case_363,0,0,2589.0595703125,2581.4111328125,fno,4421,0.0,7934,0,0.0
0.0,500000.0,0.5,10000.0,case_363,0,0,7589.0595703125,7581.4111328125,fno,4421,0.0,7934,0,0.0
0.0,500000.0,0.5,25000.0,case_363,0,0,22589.05859375,22581.41015625,fno,4421,0.0,7934,0,0.0
0.0,500000.0,0.5,101325.0,case_363,0,0,98914.0625,98906.4140625,fno,4421,0.0,7934,0,0.0
0.0,1000000.0,1.0,2500.0,case_364,14,64,-357.50341796875,-275.1463623046875,fno,4421,0.032770355432316614,7660,196,0.026468364003024956
0.0,1000000.0,1.0,3000.0,case_364,0,0,142.49658203125,224.853515625,fno,4421,0.0,7934,0,0.0
0.0,1000000.0,1.0,5000.0,case_364,0,0,2142.49658203125,2224.853515625,fno,4421,0.0,7934,0,0.0
0.0,1000000.0,1.0,10000.0,case_364,0,0,7142.4970703125,7224.853515625,fno,4421,0.0,7934,0,0.0
0.0,1000000.0,1.0,25000.0,case_364,0,0,22142.49609375,22224.853515625,fno,4421,0.0,7934,0,0.0
0.0,1000000.0,1.0,101325.0,case_364,0,0,98467.5,98549.8515625,fno,4421,0.0,7934,0,0.0
2.0,100000.0,0.09999999999999999,2500.0,case_365,0,0,195.404296875,194.20361328125,fno,4421,0.0,7934,0,0.0
2.0,100000.0,0.09999999999999999,3000.0,case_365,0,0,695.404296875,694.20361328125,fno,4421,0.0,7934,0,0.0
2.0,100000.0,0.09999999999999999,5000.0,case_365,0,0,2695.404296875,2694.20361328125,fno,4421,0.0,7934,0,0.0
2.0,100000.0,0.09999999999999999,10000.0,case_365,0,0,7695.404296875,7694.203125,fno,4421,0.0,7934,0,0.0
2.0,100000.0,0.09999999999999999,25000.0,case_365,0,0,22695.404296875,22694.203125,fno,4421,0.0,7934,0,0.0
2.0,100000.0,0.09999999999999999,101325.0,case_365,0,0,99020.40625,99019.203125,fno,4421,0.0,7934,0,0.0
2.0,200000.0,0.19999999999999998,2500.0,case_366,0,0,180.79443359375,176.790283203125,fno,4421,0.0,7934,0,0.0
2.0,200000.0,0.19999999999999998,3000.0,case_366,0,0,680.79443359375,676.790283203125,fno,4421,0.0,7934,0,0.0
2.0,200000.0,0.19999999999999998,5000.0,case_366,0,0,2680.79443359375,2676.7900390625,fno,4421,0.0,7934,0,0.0
2.0,200000.0,0.19999999999999998,10000.0,case_366,0,0,7680.7939453125,7676.7900390625,fno,4421,0.0,7934,0,0.0
2.0,200000.0,0.19999999999999998,25000.0,case_366,0,0,22680.794921875,22676.791015625,fno,4421,0.0,7934,0,0.0
2.0,200000.0,0.19999999999999998,101325.0,case_366,0,0,99005.796875,99001.7890625,fno,4421,0.0,7934,0,0.0
2.0,500000.0,0.5,2500.0,case_367,0,0,62.17822265625,53.83642578125,fno,4421,0.0,7934,0,0.0
2.0,500000.0,0.5,3000.0,case_367,0,0,562.17822265625,553.83642578125,fno,4421,0.0,7934,0,0.0
2.0,500000.0,0.5,5000.0,case_367,0,0,2562.17822265625,2553.83642578125,fno,4421,0.0,7934,0,0.0
2.0,500000.0,0.5,10000.0,case_367,0,0,7562.177734375,7553.8369140625,fno,4421,0.0,7934,0,0.0
2.0,500000.0,0.5,25000.0,case_367,0,0,22562.177734375,22553.8359375,fno,4421,0.0,7934,0,0.0
2.0,500000.0,0.5,101325.0,case_367,0,0,98887.1796875,98878.8359375,fno,4421,0.0,7934,0,0.0
2.0,1000000.0,1.0,2500.0,case_368,6,67,-469.763671875,-386.089111328125,fno,4421,0.044366019662213256,7576,285,0.03667759011847744
2.0,1000000.0,1.0,3000.0,case_368,0,0,30.236328125,113.910888671875,fno,4421,0.0,7934,0,0.0
2.0,1000000.0,1.0,5000.0,case_368,0,0,2030.236328125,2113.9111328125,fno,4421,0.0,7934,0,0.0
2.0,1000000.0,1.0,10000.0,case_368,0,0,7030.236328125,7113.9111328125,fno,4421,0.0,7934,0,0.0
2.0,1000000.0,1.0,25000.0,case_368,0,0,22030.236328125,22113.91015625,fno,4421,0.0,7934,0,0.0
2.0,1000000.0,1.0,101325.0,case_368,0,0,98355.234375,98438.9140625,fno,4421,0.0,7934,0,0.0
4.0,100000.0,0.09999999999999999,2500.0,case_369,0,0,194.313232421875,193.08447265625,fno,4421,0.0,7934,0,0.0
4.0,100000.0,0.09999999999999999,3000.0,case_369,0,0,694.313232421875,693.08447265625,fno,4421,0.0,7934,0,0.0
4.0,100000.0,0.09999999999999999,5000.0,case_369,0,0,2694.31298828125,2693.08447265625,fno,4421,0.0,7934,0,0.0
4.0,100000.0,0.09999999999999999,10000.0,case_369,0,0,7694.3134765625,7693.0849609375,fno,4421,0.0,7934,0,0.0
4.0,100000.0,0.09999999999999999,25000.0,case_369,0,0,22694.3125,22693.083984375,fno,4421,0.0,7934,0,0.0
4.0,100000.0,0.09999999999999999,101325.0,case_369,0,0,99019.3125,99018.0859375,fno,4421,0.0,7934,0,0.0
4.0,200000.0,0.19999999999999998,2500.0,case_370,0,0,176.314208984375,172.399658203125,fno,4421,0.0,7934,0,0.0
4.0,200000.0,0.19999999999999998,3000.0,case_370,0,0,676.314208984375,672.399658203125,fno,4421,0.0,7934,0,0.0
4.0,200000.0,0.19999999999999998,5000.0,case_370,0,0,2676.31396484375,2672.3994140625,fno,4421,0.0,7934,0,0.0
4.0,200000.0,0.19999999999999998,10000.0,case_370,0,0,7676.314453125,7672.3994140625,fno,4421,0.0,7934,0,0.0
4.0,200000.0,0.19999999999999998,25000.0,case_370,0,0,22676.314453125,22672.400390625,fno,4421,0.0,7934,0,0.0
4.0,200000.0,0.19999999999999998,101325.0,case_370,0,0,99001.3125,98997.3984375,fno,4421,0.0,7934,0,0.0
4.0,500000.0,0.5,2500.0,case_371,0,0,34.1337890625,26.00341796875,fno,4421,0.0,7934,0,0.0
4.0,500000.0,0.5,3000.0,case_371,0,0,534.1337890625,526.00341796875,fno,4421,0.0,7934,0,0.0
4.0,500000.0,0.5,5000.0,case_371,0,0,2534.1337890625,2526.00341796875,fno,4421,0.0,7934,0,0.0
4.0,500000.0,0.5,10000.0,case_371,0,0,7534.1337890625,7526.00390625,fno,4421,0.0,7934,0,0.0
4.0,500000.0,0.5,25000.0,case_371,0,0,22534.134765625,22526.00390625,fno,4421,0.0,7934,0,0.0
4.0,500000.0,0.5,101325.0,case_371,0,0,98859.1328125,98851.0,fno,4421,0.0,7934,0,0.0
4.0,1000000.0,1.0,2500.0,case_372,11,100,-607.646240234375,-497.9439697265625,fno,4421,0.062011595664229896,7431,392,0.05079405092009075
4.0,1000000.0,1.0,3000.0,case_372,0,8,-107.646240234375,2.05615234375,fno,4421,0.001008318628686665,7926,0,0.0
4.0,1000000.0,1.0,5000.0,case_372,0,0,1892.353515625,2002.05615234375,fno,4421,0.0,7934,0,0.0
4.0,1000000.0,1.0,10000.0,case_372,0,0,6892.353515625,7002.0556640625,fno,4421,0.0,7934,0,0.0
4.0,1000000.0,1.0,25000.0,case_372,0,0,21892.353515625,22002.056640625,fno,4421,0.0,7934,0,0.0
4.0,1000000.0,1.0,101325.0,case_372,0,0,98217.3515625,98327.0546875,fno,4421,0.0,7934,0,0.0
6.0,100000.0,0.09999999999999999,2500.0,case_373,0,0,193.187255859375,191.972900390625,fno,4421,0.0,7934,0,0.0
6.0,100000.0,0.09999999999999999,3000.0,case_373,0,0,693.187255859375,691.972900390625,fno,4421,0.0,7934,0,0.0
6.0,100000.0,0.09999999999999999,5000.0,case_373,0,0,2693.1875,2691.97314453125,fno,4421,0.0,7934,0,0.0
6.0,100000.0,0.09999999999999999,10000.0,case_373,0,0,7693.1875,7691.97265625,fno,4421,0.0,7934,0,0.0
6.0,100000.0,0.09999999999999999,25000.0,case_373,0,0,22693.1875,22691.97265625,fno,4421,0.0,7934,0,0.0
6.0,100000.0,0.09999999999999999,101325.0,case_373,0,0,99018.1875,99016.9765625,fno,4421,0.0,7934,0,0.0
6.0,200000.0,0.19999999999999998,2500.0,case_374,0,0,171.7216796875,167.510498046875,fno,4421,0.0,7934,0,0.0
6.0,200000.0,0.19999999999999998,3000.0,case_374,0,0,671.7216796875,667.510498046875,fno,4421,0.0,7934,0,0.0
6.0,200000.0,0.19999999999999998,5000.0,case_374,0,0,2671.7216796875,2667.5107421875,fno,4421,0.0,7934,0,0.0
6.0,200000.0,0.19999999999999998,10000.0,case_374,0,0,7671.7216796875,7667.5107421875,fno,4421,0.0,7934,0,0.0
6.0,200000.0,0.19999999999999998,25000.0,case_374,0,0,22671.72265625,22667.509765625,fno,4421,0.0,7934,0,0.0
6.0,200000.0,0.19999999999999998,101325.0,case_374,0,0,98996.71875,98992.5078125,fno,4421,0.0,7934,0,0.0
6.0,500000.0,0.5,2500.0,case_375,1,0,0.55908203125,-1.529052734375,fno,4421,0.0,7933,0,0.00012603982858583313
6.0,500000.0,0.5,3000.0,case_375,0,0,500.55908203125,498.470947265625,fno,4421,0.0,7934,0,0.0
6.0,500000.0,0.5,5000.0,case_375,0,0,2500.55908203125,2498.47119140625,fno,4421,0.0,7934,0,0.0
6.0,500000.0,0.5,10000.0,case_375,0,0,7500.55859375,7498.470703125,fno,4421,0.0,7934,0,0.0
6.0,500000.0,0.5,25000.0,case_375,0,0,22500.55859375,22498.470703125,fno,4421,0.0,7934,0,0.0
6.0,500000.0,0.5,101325.0,case_375,0,0,98825.5625,98823.46875,fno,4421,0.0,7934,0,0.0
6.0,1000000.0,1.0,2500.0,case_376,8,129,-755.261962890625,-608.5853271484375,fno,4421,0.08129568943786236,7281,516,0.06604487017897656
6.0,1000000.0,1.0,3000.0,case_376,0,11,-255.261962890625,-108.58544921875,fno,4421,0.0026468364003024956,7913,10,0.0012603982858583312
6.0,1000000.0,1.0,5000.0,case_376,0,0,1744.738037109375,1891.41455078125,fno,4421,0.0,7934,0,0.0
6.0,1000000.0,1.0,10000.0,case_376,0,0,6744.73828125,6891.4150390625,fno,4421,0.0,7934,0,0.0
6.0,1000000.0,1.0,25000.0,case_376,0,0,21744.73828125,21891.4140625,fno,4421,0.0,7934,0,0.0
6.0,1000000.0,1.0,101325.0,case_376,0,0,98069.734375,98216.4140625,fno,4421,0.0,7934,0,0.0
8.0,100000.0,0.09999999999999999,2500.0,case_377,0,0,191.745361328125,190.576416015625,fno,4421,0.0,7934,0,0.0
8.0,100000.0,0.09999999999999999,3000.0,case_377,0,0,691.745361328125,690.576416015625,fno,4421,0.0,7934,0,0.0
8.0,100000.0,0.09999999999999999,5000.0,case_377,0,0,2691.7451171875,2690.57666015625,fno,4421,0.0,7934,0,0.0
8.0,100000.0,0.09999999999999999,10000.0,case_377,0,0,7691.7451171875,7690.576171875,fno,4421,0.0,7934,0,0.0
8.0,100000.0,0.09999999999999999,25000.0,case_377,0,0,22691.74609375,22690.576171875,fno,4421,0.0,7934,0,0.0
8.0,100000.0,0.09999999999999999,101325.0,case_377,0,0,99016.7421875,99015.578125,fno,4421,0.0,7934,0,0.0
8.0,200000.0,0.19999999999999998,2500.0,case_378,0,0,165.486328125,161.784912109375,fno,4421,0.0,7934,0,0.0
8.0,200000.0,0.19999999999999998,3000.0,case_378,0,0,665.486328125,661.784912109375,fno,4421,0.0,7934,0,0.0
8.0,200000.0,0.19999999999999998,5000.0,case_378,0,0,2665.486328125,2661.78466796875,fno,4421,0.0,7934,0,0.0
8.0,200000.0,0.19999999999999998,10000.0,case_378,0,0,7665.486328125,7661.78515625,fno,4421,0.0,7934,0,0.0
8.0,200000.0,0.19999999999999998,25000.0,case_378,0,0,22665.486328125,22661.78515625,fno,4421,0.0,7934,0,0.0
8.0,200000.0,0.19999999999999998,101325.0,case_378,0,0,98990.484375,98986.78125,fno,4421,0.0,7934,0,0.0
8.0,500000.0,0.5,2500.0,case_379,5,3,-38.38818359375,-34.330810546875,fno,4421,0.001134358457272498,7920,6,0.0013864381144441643
8.0,500000.0,0.5,3000.0,case_379,0,0,461.61181640625,465.669189453125,fno,4421,0.0,7934,0,0.0
8.0,500000.0,0.5,5000.0,case_379,0,0,2461.61181640625,2465.66943359375,fno,4421,0.0,7934,0,0.0
8.0,500000.0,0.5,10000.0,case_379,0,0,7461.611328125,7465.6689453125,fno,4421,0.0,7934,0,0.0
8.0,500000.0,0.5,25000.0,case_379,0,0,22461.611328125,22465.669921875,fno,4421,0.0,7934,0,0.0
8.0,500000.0,0.5,101325.0,case_379,0,0,98786.609375,98790.671875,fno,4421,0.0,7934,0,0.0
8.0,1000000.0,1.0,2500.0,case_380,20,69,-805.68408203125,-740.7806396484375,fno,4421,0.08822788001008319,7214,631,0.08205192840937736
8.0,1000000.0,1.0,3000.0,case_380,8,2,-305.68408203125,-240.78076171875,fno,4421,0.0026468364003024956,7905,19,0.0034030753718174945
8.0,1000000.0,1.0,5000.0,case_380,0,0,1694.31591796875,1759.21923828125,fno,4421,0.0,7934,0,0.0
8.0,1000000.0,1.0,10000.0,case_380,0,0,6694.3154296875,6759.2197265625,fno,4421,0.0,7934,0,0.0
8.0,1000000.0,1.0,25000.0,case_380,0,0,21694.31640625,21759.21875,fno,4421,0.0,7934,0,0.0
8.0,1000000.0,1.0,101325.0,case_380,0,0,98019.3125,98084.21875,fno,4421,0.0,7934,0,0.0
10.0,100000.0,0.09999999999999999,2500.0,case_381,0,0,190.41162109375,188.969970703125,fno,4421,0.0,7934,0,0.0
10.0,100000.0,0.09999999999999999,3000.0,case_381,0,0,690.41162109375,688.969970703125,fno,4421,0.0,7934,0,0.0
10.0,100000.0,0.09999999999999999,5000.0,case_381,0,0,2690.41162109375,2688.97021484375,fno,4421,0.0,7934,0,0.0
10.0,100000.0,0.09999999999999999,10000.0,case_381,0,0,7690.4111328125,7688.9697265625,fno,4421,0.0,7934,0,0.0
10.0,100000.0,0.09999999999999999,25000.0,case_381,0,0,22690.412109375,22688.970703125,fno,4421,0.0,7934,0,0.0
10.0,100000.0,0.09999999999999999,101325.0,case_381,0,0,99015.4140625,99013.96875,fno,4421,0.0,7934,0,0.0
10.0,200000.0,0.19999999999999998,2500.0,case_382,0,0,160.74072265625,155.2451171875,fno,4421,0.0,7934,0,0.0
10.0,200000.0,0.19999999999999998,3000.0,case_382,0,0,660.74072265625,655.2451171875,fno,4421,0.0,7934,0,0.0
10.0,200000.0,0.19999999999999998,5000.0,case_382,0,0,2660.74072265625,2655.2451171875,fno,4421,0.0,7934,0,0.0
10.0,200000.0,0.19999999999999998,10000.0,case_382,0,0,7660.740234375,7655.2451171875,fno,4421,0.0,7934,0,0.0
10.0,200000.0,0.19999999999999998,25000.0,case_382,0,0,22660.740234375,22655.244140625,fno,4421,0.0,7934,0,0.0
10.0,200000.0,0.19999999999999998,101325.0,case_382,0,0,98985.7421875,98980.2421875,fno,4421,0.0,7934,0,0.0
10.0,500000.0,0.5,2500.0,case_383,17,1,-51.11083984375,-73.640380859375,fno,4421,0.001134358457272498,7908,8,0.003150995714645828
10.0,500000.0,0.5,3000.0,case_383,0,0,448.88916015625,426.359619140625,fno,4421,0.0,7934,0,0.0
10.0,500000.0,0.5,5000.0,case_383,0,0,2448.88916015625,2426.35986328125,fno,4421,0.0,7934,0,0.0
10.0,500000.0,0.5,10000.0,case_383,0,0,7448.8896484375,7426.359375,fno,4421,0.0,7934,0,0.0
10.0,500000.0,0.5,25000.0,case_383,0,0,22448.888671875,22426.359375,fno,4421,0.0,7934,0,0.0
10.0,500000.0,0.5,101325.0,case_383,0,0,98773.890625,98751.359375,fno,4421,0.0,7934,0,0.0
10.0,1000000.0,1.0,2500.0,case_384,19,63,-902.863525390625,-898.7900390625,fno,4421,0.10486513738341316,7083,769,0.0993193849256365
10.0,1000000.0,1.0,3000.0,case_384,13,4,-402.863525390625,-398.7900390625,fno,4421,0.004537433829089992,7885,32,0.00567179228636249
10.0,1000000.0,1.0,5000.0,case_384,0,0,1597.136474609375,1601.2099609375,fno,4421,0.0,7934,0,0.0
10.0,1000000.0,1.0,10000.0,case_384,0,0,6597.13671875,6601.2099609375,fno,4421,0.0,7934,0,0.0
10.0,1000000.0,1.0,25000.0,case_384,0,0,21597.13671875,21601.2109375,fno,4421,0.0,7934,0,0.0
10.0,1000000.0,1.0,101325.0,case_384,0,0,97922.1328125,97926.2109375,fno,4421,0.0,7934,0,0.0
