AoA,Re,U_inf,ambient_pressure_Pa,case,fn,fp,min_pred_margin_Pa,min_truth_margin_Pa,model,naca,pred_risky_fraction,tn,tp,truth_risky_fraction
-4.0,100000.0,0.09999999999999999,2500.0,case_161,0,0,196.46240234375,193.923583984375,unet,0018,0.0,7970,0,0.0
-4.0,100000.0,0.09999999999999999,3000.0,case_161,0,0,696.46240234375,693.923583984375,unet,0018,0.0,7970,0,0.0
-4.0,100000.0,0.09999999999999999,5000.0,case_161,0,0,2696.46240234375,2693.923828125,unet,0018,0.0,7970,0,0.0
-4.0,100000.0,0.09999999999999999,10000.0,case_161,0,0,7696.462890625,7693.923828125,unet,0018,0.0,7970,0,0.0
-4.0,100000.0,0.09999999999999999,25000.0,case_161,0,0,22696.462890625,22693.923828125,unet,0018,0.0,7970,0,0.0
-4.0,100000.0,0.09999999999999999,101325.0,case_161,0,0,99021.4609375,99018.921875,unet,0018,0.0,7970,0,0.0
-4.0,200000.0,0.19999999999999998,2500.0,case_162,0,0,185.85693359375,175.363525390625,unet,0018,0.0,7970,0,0.0
-4.0,200000.0,0.19999999999999998,3000.0,case_162,0,0,685.85693359375,675.363525390625,unet,0018,0.0,7970,0,0.0
-4.0,200000.0,0.19999999999999998,5000.0,case_162,0,0,2685.85693359375,2675.36376953125,unet,0018,0.0,7970,0,0.0
-4.0,200000.0,0.19999999999999998,10000.0,case_162,0,0,7685.8564453125,7675.36328125,unet,0018,0.0,7970,0,0.0
-4.0,200000.0,0.19999999999999998,25000.0,case_162,0,0,22685.857421875,22675.36328125,unet,0018,0.0,7970,0,0.0
-4.0,200000.0,0.19999999999999998,101325.0,case_162,0,0,99010.859375,99000.3671875,unet,0018,0.0,7970,0,0.0
-4.0,500000.0,0.5,2500.0,case_163,0,0,112.010986328125,46.363525390625,unet,0018,0.0,7970,0,0.0
-4.0,500000.0,0.5,3000.0,case_163,0,0,612.010986328125,546.363525390625,unet,0018,0.0,7970,0,0.0
-4.0,500000.0,0.5,5000.0,case_163,0,0,2612.01123046875,2546.36376953125,unet,0018,0.0,7970,0,0.0
-4.0,500000.0,0.5,10000.0,case_163,0,0,7612.0107421875,7546.36328125,unet,0018,0.0,7970,0,0.0
-4.0,500000.0,0.5,25000.0,case_163,0,0,22612.01171875,22546.36328125,unet,0018,0.0,7970,0,0.0
-4.0,500000.0,0.5,101325.0,case_163,0,0,98937.0078125,98871.3671875,unet,0018,0.0,7970,0,0.0
-4.0,1000000.0,1.0,2500.0,case_164,163,0,-144.41064453125,-416.660400390625,unet,0018,0.004893350062735257,7768,39,0.02534504391468005
-4.0,1000000.0,1.0,3000.0,case_164,0,0,355.58935546875,83.339599609375,unet,0018,0.0,7970,0,0.0
-4.0,1000000.0,1.0,5000.0,case_164,0,0,2355.58935546875,2083.33935546875,unet,0018,0.0,7970,0,0.0
-4.0,1000000.0,1.0,10000.0,case_164,0,0,7355.5888671875,7083.33984375,unet,0018,0.0,7970,0,0.0
-4.0,1000000.0,1.0,25000.0,case_164,0,0,22355.58984375,22083.33984375,unet,0018,0.0,7970,0,0.0
-4.0,1000000.0,1.0,101325.0,case_164,0,0,98680.5859375,98408.3359375,unet,0018,0.0,7970,0,0.0
-2.0,100000.0,0.09999999999999999,2500.0,case_165,0,0,196.561767578125,195.628173828125,unet,0018,0.0,7970,0,0.0
-2.0,100000.0,0.09999999999999999,3000.0,case_165,0,0,696.561767578125,695.628173828125,unet,0018,0.0,7970,0,0.0
-2.0,100000.0,0.09999999999999999,5000.0,case_165,0,0,2696.5615234375,2695.62841796875,unet,0018,0.0,7970,0,0.0
-2.0,100000.0,0.09999999999999999,10000.0,case_165,0,0,7696.5615234375,7695.6279296875,unet,0018,0.0,7970,0,0.0
-2.0,100000.0,0.09999999999999999,25000.0,case_165,0,0,22696.5625,22695.62890625,unet,0018,0.0,7970,0,0.0
-2.0,100000.0,0.09999999999999999,101325.0,case_165,0,0,99021.5625,99020.625,unet,0018,0.0,7970,0,0.0
-2.0,200000.0,0.19999999999999998,2500.0,case_166,0,0,186.34375,182.422119140625,unet,0018,0.0,7970,0,0.0
-2.0,200000.0,0.19999999999999998,3000.0,case_166,0,0,686.34375,682.422119140625,unet,0018,0.0,7970,0,0.0
-2.0,200000.0,0.19999999999999998,5000.0,case_166,0,0,2686.34375,2682.42236328125,unet,0018,0.0,7970,0,0.0
-2.0,200000.0,0.19999999999999998,10000.0,case_166,0,0,7686.34375,7682.421875,unet,0018,0.0,7970,0,0.0
-2.0,200000.0,0.19999999999999998,25000.0,case_166,0,0,22686.34375,22682.421875,unet,0018,0.0,7970,0,0.0
-2.0,200000.0,0.19999999999999998,101325.0,case_166,0,0,99011.34375,99007.421875,unet,0018,0.0,7970,0,0.0
-2.0,500000.0,0.5,2500.0,case_167,0,0,117.01708984375,89.1865234375,unet,0018,0.0,7970,0,0.0
-2.0,500000.0,0.5,3000.0,case_167,0,0,617.01708984375,589.1865234375,unet,0018,0.0,7970,0,0.0
-2.0,500000.0,0.5,5000.0,case_167,0,0,2617.01708984375,2589.1865234375,unet,0018,0.0,7970,0,0.0
-2.0,500000.0,0.5,10000.0,case_167,0,0,7617.017578125,7589.1865234375,unet,0018,0.0,7970,0,0.0
-2.0,500000.0,0.5,25000.0,case_167,0,0,22617.017578125,22589.1875,unet,0018,0.0,7970,0,0.0
-2.0,500000.0,0.5,101325.0,case_167,0,0,98942.015625,98914.1875,unet,0018,0.0,7970,0,0.0
-2.0,1000000.0,1.0,2500.0,case_168,97,10,-113.83251953125,-244.521240234375,unet,0018,0.0038895859473023838,7842,21,0.014805520702634882
-2.0,1000000.0,1.0,3000.0,case_168,0,0,386.16748046875,255.478759765625,unet,0018,0.0,7970,0,0.0
-2.0,1000000.0,1.0,5000.0,case_168,0,0,2386.16748046875,2255.47900390625,unet,0018,0.0,7970,0,0.0
-2.0,1000000.0,1.0,10000.0,case_168,0,0,7386.1669921875,7255.478515625,unet,0018,0.0,7970,0,0.0
-2.0,1000000.0,1.0,25000.0,case_168,0,0,22386.16796875,22255.478515625,unet,0018,0.0,7970,0,0.0
-2.0,1000000.0,1.0,101325.0,case_168,0,0,98711.1640625,98580.4765625,unet,0018,0.0,7970,0,0.0
0.0,100000.0,0.09999999999999999,2500.0,case_169,0,0,196.85888671875,196.777587890625,unet,0018,0.0,7970,0,0.0
0.0,100000.0,0.09999999999999999,3000.0,case_169,0,0,696.85888671875,696.777587890625,unet,0018,0.0,7970,0,0.0
0.0,100000.0,0.09999999999999999,5000.0,case_169,0,0,2696.85888671875,2696.77734375,unet,0018,0.0,7970,0,0.0
0.0,100000.0,0.09999999999999999,10000.0,case_169,0,0,7696.859375,7696.77734375,unet,0018,0.0,7970,0,0.0
0.0,100000.0,0.09999999999999999,25000.0,case_169,0,0,22696.859375,22696.77734375,unet,0018,0.0,7970,0,0.0
0.0,100000.0,0.09999999999999999,101325.0,case_169,0,0,99021.859375,99021.78125,unet,0018,0.0,7970,0,0.0
0.0,200000.0,0.19999999999999998,2500.0,case_170,0,0,187.398681640625,187.0283203125,unet,0018,0.0,7970,0,0.0
0.0,200000.0,0.19999999999999998,3000.0,case_170,0,0,687.398681640625,687.0283203125,unet,0018,0.0,7970,0,0.0
0.0,200000.0,0.19999999999999998,5000.0,case_170,0,0,2687.39892578125,2687.0283203125,unet,0018,0.0,7970,0,0.0
0.0,200000.0,0.19999999999999998,10000.0,case_170,0,0,7687.3984375,7687.0283203125,unet,0018,0.0,7970,0,0.0
0.0,200000.0,0.19999999999999998,25000.0,case_170,0,0,22687.3984375,22687.029296875,unet,0018,0.0,7970,0,0.0
0.0,200000.0,0.19999999999999998,101325.0,case_170,0,0,99012.3984375,99012.03125,unet,0018,0.0,7970,0,0.0
0.0,500000.0,0.5,2500.0,case_171,0,0,126.893798828125,118.266845703125,unet,0018,0.0,7970,0,0.0
0.0,500000.0,0.5,3000.0,case_171,0,0,626.893798828125,618.266845703125,unet,0018,0.0,7970,0,0.0
0.0,500000.0,0.5,5000.0,case_171,0,0,2626.89404296875,2618.2666015625,unet,0018,0.0,7970,0,0.0
0.0,500000.0,0.5,10000.0,case_171,0,0,7626.8935546875,7618.2666015625,unet,0018,0.0,7970,0,0.0
0.0,500000.0,0.5,25000.0,case_171,0,0,22626.89453125,22618.267578125,unet,0018,0.0,7970,0,0.0
0.0,500000.0,0.5,101325.0,case_171,0,0,98951.890625,98943.265625,unet,0018,0.0,7970,0,0.0
0.0,1000000.0,1.0,2500.0,case_172,50,44,-98.174072265625,-127.8173828125,unet,0018,0.007904642409033878,7857,19,0.008657465495608531
0.0,1000000.0,1.0,3000.0,case_172,0,0,401.825927734375,372.1826171875,unet,0018,0.0,7970,0,0.0
0.0,1000000.0,1.0,5000.0,case_172,0,0,2401.826171875,2372.1826171875,unet,0018,0.0,7970,0,0.0
0.0,1000000.0,1.0,10000.0,case_172,0,0,7401.826171875,7372.1826171875,unet,0018,0.0,7970,0,0.0
0.0,1000000.0,1.0,25000.0,case_172,0,0,22401.826171875,22372.18359375,unet,0018,0.0,7970,0,0.0
0.0,1000000.0,1.0,101325.0,case_172,0,0,98726.828125,98697.1796875,unet,0018,0.0,7970,0,0.0
2.0,100000.0,0.09999999999999999,2500.0,case_173,0,0,197.00732421875,196.198974609375,unet,0018,0.0,7970,0,0.0
2.0,100000.0,0.09999999999999999,3000.0,case_173,0,0,697.00732421875,696.198974609375,unet,0018,0.0,7970,0,0.0
2.0,100000.0,0.09999999999999999,5000.0,case_173,0,0,2697.00732421875,2696.19921875,unet,0018,0.0,7970,0,0.0
2.0,100000.0,0.09999999999999999,10000.0,case_173,0,0,7697.0078125,7696.19921875,unet,0018,0.0,7970,0,0.0
2.0,100000.0,0.09999999999999999,25000.0,case_173,0,0,22697.0078125,22696.19921875,unet,0018,0.0,7970,0,0.0
2.0,100000.0,0.09999999999999999,101325.0,case_173,0,0,99022.0078125,99021.1953125,unet,0018,0.0,7970,0,0.0
2.0,200000.0,0.19999999999999998,2500.0,case_174,0,0,187.501708984375,184.7294921875,unet,0018,0.0,7970,0,0.0
2.0,200000.0,0.19999999999999998,3000.0,case_174,0,0,687.501708984375,684.7294921875,unet,0018,0.0,7970,0,0.0
2.0,200000.0,0.19999999999999998,5000.0,case_174,0,0,2687.50146484375,2684.7294921875,unet,0018,0.0,7970,0,0.0
2.0,200000.0,0.19999999999999998,10000.0,case_174,0,0,7687.501953125,7684.7294921875,unet,0018,0.0,7970,0,0.0
2.0,200000.0,0.19999999999999998,25000.0,case_174,0,0,22687.501953125,22684.728515625,unet,0018,0.0,7970,0,0.0
2.0,200000.0,0.19999999999999998,101325.0,case_174,0,0,99012.5,99009.7265625,unet,0018,0.0,7970,0,0.0
2.0,500000.0,0.5,2500.0,case_175,0,0,111.296875,104.596435546875,unet,0018,0.0,7970,0,0.0
2.0,500000.0,0.5,3000.0,case_175,0,0,611.296875,604.596435546875,unet,0018,0.0,7970,0,0.0
2.0,500000.0,0.5,5000.0,case_175,0,0,2611.296875,2604.5966796875,unet,0018,0.0,7970,0,0.0
2.0,500000.0,0.5,10000.0,case_175,0,0,7611.296875,7604.5966796875,unet,0018,0.0,7970,0,0.0
2.0,500000.0,0.5,25000.0,case_175,0,0,22611.296875,22604.595703125,unet,0018,0.0,7970,0,0.0
2.0,500000.0,0.5,101325.0,case_175,0,0,98936.296875,98929.59375,unet,0018,0.0,7970,0,0.0
2.0,1000000.0,1.0,2500.0,case_176,6,67,-237.0908203125,-181.80224609375,unet,0018,0.017189460476787956,7827,70,0.009535759096612296
2.0,1000000.0,1.0,3000.0,case_176,0,0,262.9091796875,318.19775390625,unet,0018,0.0,7970,0,0.0
2.0,1000000.0,1.0,5000.0,case_176,0,0,2262.9091796875,2318.19775390625,unet,0018,0.0,7970,0,0.0
2.0,1000000.0,1.0,10000.0,case_176,0,0,7262.9091796875,7318.1982421875,unet,0018,0.0,7970,0,0.0
2.0,1000000.0,1.0,25000.0,case_176,0,0,22262.91015625,22318.197265625,unet,0018,0.0,7970,0,0.0
2.0,1000000.0,1.0,101325.0,case_176,0,0,98587.90625,98643.1953125,unet,0018,0.0,7970,0,0.0
4.0,100000.0,0.09999999999999999,2500.0,case_177,0,0,195.6328125,194.564697265625,unet,0018,0.0,7970,0,0.0
4.0,100000.0,0.09999999999999999,3000.0,case_177,0,0,695.6328125,694.564697265625,unet,0018,0.0,7970,0,0.0
4.0,100000.0,0.09999999999999999,5000.0,case_177,0,0,2695.6328125,2694.56494140625,unet,0018,0.0,7970,0,0.0
4.0,100000.0,0.09999999999999999,10000.0,case_177,0,0,7695.6328125,7694.564453125,unet,0018,0.0,7970,0,0.0
4.0,100000.0,0.09999999999999999,25000.0,case_177,0,0,22695.6328125,22694.564453125,unet,0018,0.0,7970,0,0.0
4.0,100000.0,0.09999999999999999,101325.0,case_177,0,0,99020.6328125,99019.5625,unet,0018,0.0,7970,0,0.0
4.0,200000.0,0.19999999999999998,2500.0,case_178,0,0,181.95361328125,178.11181640625,unet,0018,0.0,7970,0,0.0
4.0,200000.0,0.19999999999999998,3000.0,case_178,0,0,681.95361328125,678.11181640625,unet,0018,0.0,7970,0,0.0
4.0,200000.0,0.19999999999999998,5000.0,case_178,0,0,2681.95361328125,2678.11181640625,unet,0018,0.0,7970,0,0.0
4.0,200000.0,0.19999999999999998,10000.0,case_178,0,0,7681.9541015625,7678.1123046875,unet,0018,0.0,7970,0,0.0
4.0,200000.0,0.19999999999999998,25000.0,case_178,0,0,22681.953125,22678.111328125,unet,0018,0.0,7970,0,0.0
4.0,200000.0,0.19999999999999998,101325.0,case_178,0,0,99006.953125,99003.109375,unet,0018,0.0,7970,0,0.0
4.0,500000.0,0.5,2500.0,case_179,0,0,76.89013671875,62.71044921875,unet,0018,0.0,7970,0,0.0
4.0,500000.0,0.5,3000.0,case_179,0,0,576.89013671875,562.71044921875,unet,0018,0.0,7970,0,0.0
4.0,500000.0,0.5,5000.0,case_179,0,0,2576.89013671875,2562.71044921875,unet,0018,0.0,7970,0,0.0
4.0,500000.0,0.5,10000.0,case_179,0,0,7576.890625,7562.7109375,unet,0018,0.0,7970,0,0.0
4.0,500000.0,0.5,25000.0,case_179,0,0,22576.890625,22562.7109375,unet,0018,0.0,7970,0,0.0
4.0,500000.0,0.5,101325.0,case_179,0,0,98901.890625,98887.7109375,unet,0018,0.0,7970,0,0.0
4.0,1000000.0,1.0,2500.0,case_180,0,76,-357.1634521484375,-349.804931640625,unet,0018,0.027101631116687577,7754,140,0.01756587202007528
4.0,1000000.0,1.0,3000.0,case_180,0,0,142.83642578125,150.195068359375,unet,0018,0.0,7970,0,0.0
4.0,1000000.0,1.0,5000.0,case_180,0,0,2142.83642578125,2150.19482421875,unet,0018,0.0,7970,0,0.0
4.0,1000000.0,1.0,10000.0,case_180,0,0,7142.8369140625,7150.1953125,unet,0018,0.0,7970,0,0.0
4.0,1000000.0,1.0,25000.0,case_180,0,0,22142.8359375,22150.1953125,unet,0018,0.0,7970,0,0.0
4.0,1000000.0,1.0,101325.0,case_180,0,0,98467.8359375,98475.1953125,unet,0018,0.0,7970,0,0.0
6.0,100000.0,0.09999999999999999,2500.0,case_181,0,0,194.441162109375,192.713623046875,unet,0018,0.0,7970,0,0.0
6.0,100000.0,0.09999999999999999,3000.0,case_181,0,0,694.441162109375,692.713623046875,unet,0018,0.0,7970,0,0.0
6.0,100000.0,0.09999999999999999,5000.0,case_181,0,0,2694.44091796875,2692.7138671875,unet,0018,0.0,7970,0,0.0
6.0,100000.0,0.09999999999999999,10000.0,case_181,0,0,7694.44140625,7692.7138671875,unet,0018,0.0,7970,0,0.0
6.0,100000.0,0.09999999999999999,25000.0,case_181,0,0,22694.44140625,22692.712890625,unet,0018,0.0,7970,0,0.0
6.0,100000.0,0.09999999999999999,101325.0,case_181,0,0,99019.4375,99017.7109375,unet,0018,0.0,7970,0,0.0
6.0,200000.0,0.19999999999999998,2500.0,case_182,0,0,177.263671875,170.652587890625,unet,0018,0.0,7970,0,0.0
6.0,200000.0,0.19999999999999998,3000.0,case_182,0,0,677.263671875,670.652587890625,unet,0018,0.0,7970,0,0.0
6.0,200000.0,0.19999999999999998,5000.0,case_182,0,0,2677.263671875,2670.65283203125,unet,0018,0.0,7970,0,0.0
6.0,200000.0,0.19999999999999998,10000.0,case_182,0,0,7677.263671875,7670.65234375,unet,0018,0.0,7970,0,0.0
6.0,200000.0,0.19999999999999998,25000.0,case_182,0,0,22677.263671875,22670.65234375,unet,0018,0.0,7970,0,0.0
6.0,200000.0,0.19999999999999998,101325.0,case_182,0,0,99002.265625,98995.65625,unet,0018,0.0,7970,0,0.0
6.0,500000.0,0.5,2500.0,case_183,0,0,48.539306640625,15.696533203125,unet,0018,0.0,7970,0,0.0
6.0,500000.0,0.5,3000.0,case_183,0,0,548.539306640625,515.696533203125,unet,0018,0.0,7970,0,0.0
6.0,500000.0,0.5,5000.0,case_183,0,0,2548.5390625,2515.6962890625,unet,0018,0.0,7970,0,0.0
6.0,500000.0,0.5,10000.0,case_183,0,0,7548.5390625,7515.6962890625,unet,0018,0.0,7970,0,0.0
6.0,500000.0,0.5,25000.0,case_183,0,0,22548.5390625,22515.697265625,unet,0018,0.0,7970,0,0.0
6.0,500000.0,0.5,101325.0,case_183,0,0,98873.5390625,98840.6953125,unet,0018,0.0,7970,0,0.0
6.0,1000000.0,1.0,2500.0,case_184,0,85,-469.759521484375,-538.44677734375,unet,0018,0.03939774153074028,7656,229,0.028732747804265997
6.0,1000000.0,1.0,3000.0,case_184,1,0,30.240478515625,-38.44677734375,unet,0018,0.0,7969,0,0.00012547051442910915
6.0,1000000.0,1.0,5000.0,case_184,0,0,2030.240234375,1961.55322265625,unet,0018,0.0,7970,0,0.0
6.0,1000000.0,1.0,10000.0,case_184,0,0,7030.240234375,6961.552734375,unet,0018,0.0,7970,0,0.0
6.0,1000000.0,1.0,25000.0,case_184,0,0,22030.240234375,21961.552734375,unet,0018,0.0,7970,0,0.0
6.0,1000000.0,1.0,101325.0,case_184,0,0,98355.2421875,98286.5546875,unet,0018,0.0,7970,0,0.0
8.0,100000.0,0.09999999999999999,2500.0,case_185,0,0,193.3173828125,190.0263671875,unet,0018,0.0,7970,0,0.0
8.0,100000.0,0.09999999999999999,3000.0,case_185,0,0,693.3173828125,690.0263671875,unet,0018,0.0,7970,0,0.0
8.0,100000.0,0.09999999999999999,5000.0,case_185,0,0,2693.3173828125,2690.0263671875,unet,0018,0.0,7970,0,0.0
8.0,100000.0,0.09999999999999999,10000.0,case_185,0,0,7693.3173828125,7690.0263671875,unet,0018,0.0,7970,0,0.0
8.0,100000.0,0.09999999999999999,25000.0,case_185,0,0,22693.31640625,22690.02734375,unet,0018,0.0,7970,0,0.0
8.0,100000.0,0.09999999999999999,101325.0,case_185,0,0,99018.3203125,99015.0234375,unet,0018,0.0,7970,0,0.0
8.0,200000.0,0.19999999999999998,2500.0,case_186,0,0,172.7431640625,161.822265625,unet,0018,0.0,7970,0,0.0
8.0,200000.0,0.19999999999999998,3000.0,case_186,0,0,672.7431640625,661.822265625,unet,0018,0.0,7970,0,0.0
8.0,200000.0,0.19999999999999998,5000.0,case_186,0,0,2672.7431640625,2661.822265625,unet,0018,0.0,7970,0,0.0
8.0,200000.0,0.19999999999999998,10000.0,case_186,0,0,7672.7431640625,7661.822265625,unet,0018,0.0,7970,0,0.0
8.0,200000.0,0.19999999999999998,25000.0,case_186,0,0,22672.7421875,22661.822265625,unet,0018,0.0,7970,0,0.0
8.0,200000.0,0.19999999999999998,101325.0,case_186,0,0,98997.7421875,98986.8203125,unet,0018,0.0,7970,0,0.0
8.0,500000.0,0.5,2500.0,case_187,3,0,19.50634765625,-40.1259765625,unet,0018,0.0,7967,0,0.0003764115432873275
8.0,500000.0,0.5,3000.0,case_187,0,0,519.50634765625,459.8740234375,unet,0018,0.0,7970,0,0.0
8.0,500000.0,0.5,5000.0,case_187,0,0,2519.50634765625,2459.8740234375,unet,0018,0.0,7970,0,0.0
8.0,500000.0,0.5,10000.0,case_187,0,0,7519.505859375,7459.8740234375,unet,0018,0.0,7970,0,0.0
8.0,500000.0,0.5,25000.0,case_187,0,0,22519.505859375,22459.873046875,unet,0018,0.0,7970,0,0.0
8.0,500000.0,0.5,101325.0,case_187,0,0,98844.5078125,98784.875,unet,0018,0.0,7970,0,0.0
8.0,1000000.0,1.0,2500.0,case_188,0,119,-594.5909423828125,-763.091796875,unet,0018,0.055332496863237136,7529,322,0.04040150564617315
8.0,1000000.0,1.0,3000.0,case_188,2,2,-94.5908203125,-263.091796875,unet,0018,0.0008782936010037642,7961,5,0.0008782936010037642
8.0,1000000.0,1.0,5000.0,case_188,0,0,1905.4091796875,1736.908203125,unet,0018,0.0,7970,0,0.0
8.0,1000000.0,1.0,10000.0,case_188,0,0,6905.4091796875,6736.908203125,unet,0018,0.0,7970,0,0.0
8.0,1000000.0,1.0,25000.0,case_188,0,0,21905.408203125,21736.908203125,unet,0018,0.0,7970,0,0.0
8.0,1000000.0,1.0,101325.0,case_188,0,0,98230.40625,98061.90625,unet,0018,0.0,7970,0,0.0
10.0,100000.0,0.09999999999999999,2500.0,case_189,0,0,192.074462890625,186.980712890625,unet,0018,0.0,7970,0,0.0
10.0,100000.0,0.09999999999999999,3000.0,case_189,0,0,692.074462890625,686.980712890625,unet,0018,0.0,7970,0,0.0
10.0,100000.0,0.09999999999999999,5000.0,case_189,0,0,2692.07470703125,2686.98095703125,unet,0018,0.0,7970,0,0.0
10.0,100000.0,0.09999999999999999,10000.0,case_189,0,0,7692.07421875,7686.98046875,unet,0018,0.0,7970,0,0.0
10.0,100000.0,0.09999999999999999,25000.0,case_189,0,0,22692.07421875,22686.98046875,unet,0018,0.0,7970,0,0.0
10.0,100000.0,0.09999999999999999,101325.0,case_189,0,0,99017.078125,99011.984375,unet,0018,0.0,7970,0,0.0
10.0,200000.0,0.19999999999999998,2500.0,case_190,0,0,167.592529296875,147.224365234375,unet,0018,0.0,7970,0,0.0
10.0,200000.0,0.19999999999999998,3000.0,case_190,0,0,667.592529296875,647.224365234375,unet,0018,0.0,7970,0,0.0
10.0,200000.0,0.19999999999999998,5000.0,case_190,0,0,2667.5927734375,2647.224609375,unet,0018,0.0,7970,0,0.0
10.0,200000.0,0.19999999999999998,10000.0,case_190,0,0,7667.5927734375,7647.224609375,unet,0018,0.0,7970,0,0.0
10.0,200000.0,0.19999999999999998,25000.0,case_190,0,0,22667.591796875,22647.224609375,unet,0018,0.0,7970,0,0.0
10.0,200000.0,0.19999999999999998,101325.0,case_190,0,0,98992.59375,98972.2265625,unet,0018,0.0,7970,0,0.0
10.0,500000.0,0.5,2500.0,case_191,3,0,-15.658203125,-119.437744140625,unet,0018,0.0005018820577164366,7963,4,0.0008782936010037642
10.0,500000.0,0.5,3000.0,case_191,0,0,484.341796875,380.562255859375,unet,0018,0.0,7970,0,0.0
10.0,500000.0,0.5,5000.0,case_191,0,0,2484.341796875,2380.56201171875,unet,0018,0.0,7970,0,0.0
10.0,500000.0,0.5,10000.0,case_191,0,0,7484.341796875,7380.5625,unet,0018,0.0,7970,0,0.0
10.0,500000.0,0.5,25000.0,case_191,0,0,22484.341796875,22380.5625,unet,0018,0.0,7970,0,0.0
10.0,500000.0,0.5,101325.0,case_191,0,0,98809.34375,98705.5625,unet,0018,0.0,7970,0,0.0
10.0,1000000.0,1.0,2500.0,case_192,0,203,-745.673583984375,-1081.6754150390625,unet,0018,0.07904642409033877,7340,427,0.05357590966122961
10.0,1000000.0,1.0,3000.0,case_192,0,9,-245.673583984375,-581.6754150390625,unet,0018,0.00301129234629862,7946,15,0.0018820577164366374
10.0,1000000.0,1.0,5000.0,case_192,0,0,1754.326416015625,1418.32470703125,unet,0018,0.0,7970,0,0.0
10.0,1000000.0,1.0,10000.0,case_192,0,0,6754.326171875,6418.32421875,unet,0018,0.0,7970,0,0.0
10.0,1000000.0,1.0,25000.0,case_192,0,0,21754.326171875,21418.32421875,unet,0018,0.0,7970,0,0.0
10.0,1000000.0,1.0,101325.0,case_192,0,0,98079.328125,97743.328125,unet,0018,0.0,7970,0,0.0
-4.0,100000.0,0.09999999999999999,2500.0,case_321,0,0,196.03125,195.163818359375,unet,4418,0.0,7975,0,0.0
-4.0,100000.0,0.09999999999999999,3000.0,case_321,0,0,696.03125,695.163818359375,unet,4418,0.0,7975,0,0.0
-4.0,100000.0,0.09999999999999999,5000.0,case_321,0,0,2696.03125,2695.1640625,unet,4418,0.0,7975,0,0.0
-4.0,100000.0,0.09999999999999999,10000.0,case_321,0,0,7696.03125,7695.1640625,unet,4418,0.0,7975,0,0.0
-4.0,100000.0,0.09999999999999999,25000.0,case_321,0,0,22696.03125,22695.1640625,unet,4418,0.0,7975,0,0.0
-4.0,100000.0,0.09999999999999999,101325.0,case_321,0,0,99021.03125,99020.1640625,unet,4418,0.0,7975,0,0.0
-4.0,200000.0,0.19999999999999998,2500.0,case_322,0,0,184.109130859375,180.60693359375,unet,4418,0.0,7975,0,0.0
-4.0,200000.0,0.19999999999999998,3000.0,case_322,0,0,684.109130859375,680.60693359375,unet,4418,0.0,7975,0,0.0
-4.0,200000.0,0.19999999999999998,5000.0,case_322,0,0,2684.10888671875,2680.60693359375,unet,4418,0.0,7975,0,0.0
-4.0,200000.0,0.19999999999999998,10000.0,case_322,0,0,7684.109375,7680.6064453125,unet,4418,0.0,7975,0,0.0
-4.0,200000.0,0.19999999999999998,25000.0,case_322,0,0,22684.109375,22680.607421875,unet,4418,0.0,7975,0,0.0
-4.0,200000.0,0.19999999999999998,101325.0,case_322,0,0,99009.109375,99005.609375,unet,4418,0.0,7975,0,0.0
-4.0,500000.0,0.5,2500.0,case_323,0,0,100.7734375,78.342529296875,unet,4418,0.0,7975,0,0.0
-4.0,500000.0,0.5,3000.0,case_323,0,0,600.7734375,578.342529296875,unet,4418,0.0,7975,0,0.0
-4.0,500000.0,0.5,5000.0,case_323,0,0,2600.7734375,2578.34228515625,unet,4418,0.0,7975,0,0.0
-4.0,500000.0,0.5,10000.0,case_323,0,0,7600.7734375,7578.3427734375,unet,4418,0.0,7975,0,0.0
-4.0,500000.0,0.5,25000.0,case_323,0,0,22600.7734375,22578.341796875,unet,4418,0.0,7975,0,0.0
-4.0,500000.0,0.5,101325.0,case_323,0,0,98925.7734375,98903.34375,unet,4418,0.0,7975,0,0.0
-4.0,1000000.0,1.0,2500.0,case_324,25,28,-187.6884765625,-287.235107421875,unet,4418,0.012789968652037617,7848,74,0.012413793103448275
-4.0,1000000.0,1.0,3000.0,case_324,0,0,312.3115234375,212.764892578125,unet,4418,0.0,7975,0,0.0
-4.0,1000000.0,1.0,5000.0,case_324,0,0,2312.3115234375,2212.76513671875,unet,4418,0.0,7975,0,0.0
-4.0,1000000.0,1.0,10000.0,case_324,0,0,7312.3115234375,7212.7646484375,unet,4418,0.0,7975,0,0.0
-4.0,1000000.0,1.0,25000.0,case_324,0,0,22312.310546875,22212.765625,unet,4418,0.0,7975,0,0.0
-4.0,1000000.0,1.0,101325.0,case_324,0,0,98637.3125,98537.765625,unet,4418,0.0,7975,0,0.0
-2.0,100000.0,0.09999999999999999,2500.0,case_325,0,0,196.132568359375,196.4130859375,unet,4418,0.0,7975,0,0.0
-2.0,100000.0,0.09999999999999999,3000.0,case_325,0,0,696.132568359375,696.4130859375,unet,4418,0.0,7975,0,0.0
-2.0,100000.0,0.09999999999999999,5000.0,case_325,0,0,2696.1328125,2696.4130859375,unet,4418,0.0,7975,0,0.0
-2.0,100000.0,0.09999999999999999,10000.0,case_325,0,0,7696.1328125,7696.4130859375,unet,4418,0.0,7975,0,0.0
-2.0,100000.0,0.09999999999999999,25000.0,case_325,0,0,22696.1328125,22696.4140625,unet,4418,0.0,7975,0,0.0
-2.0,100000.0,0.09999999999999999,101325.0,case_325,0,0,99021.1328125,99021.4140625,unet,4418,0.0,7975,0,0.0
-2.0,200000.0,0.19999999999999998,2500.0,case_326,0,0,184.694091796875,185.549072265625,unet,4418,0.0,7975,0,0.0
-2.0,200000.0,0.19999999999999998,3000.0,case_326,0,0,684.694091796875,685.549072265625,unet,4418,0.0,7975,0,0.0
-2.0,200000.0,0.19999999999999998,5000.0,case_326,0,0,2684.6943359375,2685.548828125,unet,4418,0.0,7975,0,0.0
-2.0,200000.0,0.19999999999999998,10000.0,case_326,0,0,7684.6943359375,7685.548828125,unet,4418,0.0,7975,0,0.0
-2.0,200000.0,0.19999999999999998,25000.0,case_326,0,0,22684.693359375,22685.548828125,unet,4418,0.0,7975,0,0.0
-2.0,200000.0,0.19999999999999998,101325.0,case_326,0,0,99009.6953125,99010.546875,unet,4418,0.0,7975,0,0.0
-2.0,500000.0,0.5,2500.0,case_327,0,0,109.21728515625,109.31884765625,unet,4418,0.0,7975,0,0.0
-2.0,500000.0,0.5,3000.0,case_327,0,0,609.21728515625,609.31884765625,unet,4418,0.0,7975,0,0.0
-2.0,500000.0,0.5,5000.0,case_327,0,0,2609.21728515625,2609.31884765625,unet,4418,0.0,7975,0,0.0
-2.0,500000.0,0.5,10000.0,case_327,0,0,7609.2177734375,7609.3193359375,unet,4418,0.0,7975,0,0.0
-2.0,500000.0,0.5,25000.0,case_327,0,0,22609.216796875,22609.318359375,unet,4418,0.0,7975,0,0.0
-2.0,500000.0,0.5,101325.0,case_327,0,0,98934.21875,98934.3203125,unet,4418,0.0,7975,0,0.0
-2.0,1000000.0,1.0,2500.0,case_328,13,26,-171.1142578125,-163.20556640625,unet,4418,0.01592476489028213,7835,101,0.014294670846394984
-2.0,1000000.0,1.0,3000.0,case_328,0,0,328.8857421875,336.79443359375,unet,4418,0.0,7975,0,0.0
-2.0,1000000.0,1.0,5000.0,case_328,0,0,2328.8857421875,2336.79443359375,unet,4418,0.0,7975,0,0.0
-2.0,1000000.0,1.0,10000.0,case_328,0,0,7328.8857421875,7336.794921875,unet,4418,0.0,7975,0,0.0
-2.0,1000000.0,1.0,25000.0,case_328,0,0,22328.88671875,22336.794921875,unet,4418,0.0,7975,0,0.0
-2.0,1000000.0,1.0,101325.0,case_328,0,0,98653.8828125,98661.796875,unet,4418,0.0,7975,0,0.0
0.0,100000.0,0.09999999999999999,2500.0,case_329,0,0,196.27490234375,195.641357421875,unet,4418,0.0,7975,0,0.0
0.0,100000.0,0.09999999999999999,3000.0,case_329,0,0,696.27490234375,695.641357421875,unet,4418,0.0,7975,0,0.0
0.0,100000.0,0.09999999999999999,5000.0,case_329,0,0,2696.27490234375,2695.6416015625,unet,4418,0.0,7975,0,0.0
0.0,100000.0,0.09999999999999999,10000.0,case_329,0,0,7696.2744140625,7695.6416015625,unet,4418,0.0,7975,0,0.0
0.0,100000.0,0.09999999999999999,25000.0,case_329,0,0,22696.275390625,22695.640625,unet,4418,0.0,7975,0,0.0
0.0,100000.0,0.09999999999999999,101325.0,case_329,0,0,99021.2734375,99020.640625,unet,4418,0.0,7975,0,0.0
0.0,200000.0,0.19999999999999998,2500.0,case_330,0,0,184.5625,182.413818359375,unet,4418,0.0,7975,0,0.0
0.0,200000.0,0.19999999999999998,3000.0,case_330,0,0,684.5625,682.413818359375,unet,4418,0.0,7975,0,0.0
0.0,200000.0,0.19999999999999998,5000.0,case_330,0,0,2684.5625,2682.4140625,unet,4418,0.0,7975,0,0.0
0.0,200000.0,0.19999999999999998,10000.0,case_330,0,0,7684.5625,7682.4140625,unet,4418,0.0,7975,0,0.0
0.0,200000.0,0.19999999999999998,25000.0,case_330,0,0,22684.5625,22682.4140625,unet,4418,0.0,7975,0,0.0
0.0,200000.0,0.19999999999999998,101325.0,case_330,0,0,99009.5625,99007.4140625,unet,4418,0.0,7975,0,0.0
0.0,500000.0,0.5,2500.0,case_331,0,0,96.522216796875,89.517578125,unet,4418,0.0,7975,0,0.0
0.0,500000.0,0.5,3000.0,case_331,0,0,596.522216796875,589.517578125,unet,4418,0.0,7975,0,0.0
0.0,500000.0,0.5,5000.0,case_331,0,0,2596.5224609375,2589.517578125,unet,4418,0.0,7975,0,0.0
0.0,500000.0,0.5,10000.0,case_331,0,0,7596.5224609375,7589.517578125,unet,4418,0.0,7975,0,0.0
0.0,500000.0,0.5,25000.0,case_331,0,0,22596.521484375,22589.517578125,unet,4418,0.0,7975,0,0.0
0.0,500000.0,0.5,101325.0,case_331,0,0,98921.5234375,98914.515625,unet,4418,0.0,7975,0,0.0
0.0,1000000.0,1.0,2500.0,case_332,7,16,-250.794189453125,-244.50146484375,unet,4418,0.023072100313479622,7784,168,0.0219435736677116
0.0,1000000.0,1.0,3000.0,case_332,0,0,249.205810546875,255.49853515625,unet,4418,0.0,7975,0,0.0
0.0,1000000.0,1.0,5000.0,case_332,0,0,2249.2060546875,2255.49853515625,unet,4418,0.0,7975,0,0.0
0.0,1000000.0,1.0,10000.0,case_332,0,0,7249.2060546875,7255.4990234375,unet,4418,0.0,7975,0,0.0
0.0,1000000.0,1.0,25000.0,case_332,0,0,22249.205078125,22255.498046875,unet,4418,0.0,7975,0,0.0
0.0,1000000.0,1.0,101325.0,case_332,0,0,98574.203125,98580.5,unet,4418,0.0,7975,0,0.0
2.0,100000.0,0.09999999999999999,2500.0,case_333,0,0,195.494873046875,194.81201171875,unet,4418,0.0,7975,0,0.0
2.0,100000.0,0.09999999999999999,3000.0,case_333,0,0,695.494873046875,694.81201171875,unet,4418,0.0,7975,0,0.0
2.0,100000.0,0.09999999999999999,5000.0,case_333,0,0,2695.4951171875,2694.81201171875,unet,4418,0.0,7975,0,0.0
2.0,100000.0,0.09999999999999999,10000.0,case_333,0,0,7695.4951171875,7694.8115234375,unet,4418,0.0,7975,0,0.0
2.0,100000.0,0.09999999999999999,25000.0,case_333,0,0,22695.494140625,22694.8125,unet,4418,0.0,7975,0,0.0
2.0,100000.0,0.09999999999999999,101325.0,case_333,0,0,99020.4921875,99019.8125,unet,4418,0.0,7975,0,0.0
2.0,200000.0,0.19999999999999998,2500.0,case_334,0,0,181.662109375,179.06689453125,unet,4418,0.0,7975,0,0.0
2.0,200000.0,0.19999999999999998,3000.0,case_334,0,0,681.662109375,679.06689453125,unet,4418,0.0,7975,0,0.0
2.0,200000.0,0.19999999999999998,5000.0,case_334,0,0,2681.662109375,2679.06689453125,unet,4418,0.0,7975,0,0.0
2.0,200000.0,0.19999999999999998,10000.0,case_334,0,0,7681.662109375,7679.0673828125,unet,4418,0.0,7975,0,0.0
2.0,200000.0,0.19999999999999998,25000.0,case_334,0,0,22681.662109375,22679.06640625,unet,4418,0.0,7975,0,0.0
2.0,200000.0,0.19999999999999998,101325.0,case_334,0,0,99006.6640625,99004.0703125,unet,4418,0.0,7975,0,0.0
2.0,500000.0,0.5,2500.0,case_335,0,0,78.838623046875,68.273681640625,unet,4418,0.0,7975,0,0.0
2.0,500000.0,0.5,3000.0,case_335,0,0,578.838623046875,568.273681640625,unet,4418,0.0,7975,0,0.0
2.0,500000.0,0.5,5000.0,case_335,0,0,2578.83837890625,2568.2734375,unet,4418,0.0,7975,0,0.0
2.0,500000.0,0.5,10000.0,case_335,0,0,7578.8388671875,7568.2734375,unet,4418,0.0,7975,0,0.0
2.0,500000.0,0.5,25000.0,case_335,0,0,22578.837890625,22568.2734375,unet,4418,0.0,7975,0,0.0
2.0,500000.0,0.5,101325.0,case_335,0,0,98903.8359375,98893.2734375,unet,4418,0.0,7975,0,0.0
2.0,1000000.0,1.0,2500.0,case_336,3,14,-335.94921875,-328.09521484375,unet,4418,0.034858934169278995,7694,264,0.03347962382445141
2.0,1000000.0,1.0,3000.0,case_336,0,0,164.05078125,171.90478515625,unet,4418,0.0,7975,0,0.0
2.0,1000000.0,1.0,5000.0,case_336,0,0,2164.05078125,2171.90478515625,unet,4418,0.0,7975,0,0.0
2.0,1000000.0,1.0,10000.0,case_336,0,0,7164.05078125,7171.904296875,unet,4418,0.0,7975,0,0.0
2.0,1000000.0,1.0,25000.0,case_336,0,0,22164.05078125,22171.904296875,unet,4418,0.0,7975,0,0.0
2.0,1000000.0,1.0,101325.0,case_336,0,0,98489.0546875,98496.90625,unet,4418,0.0,7975,0,0.0
4.0,100000.0,0.09999999999999999,2500.0,case_337,0,0,194.6474609375,193.659423828125,unet,4418,0.0,7975,0,0.0
4.0,100000.0,0.09999999999999999,3000.0,case_337,0,0,694.6474609375,693.659423828125,unet,4418,0.0,7975,0,0.0
4.0,100000.0,0.09999999999999999,5000.0,case_337,0,0,2694.6474609375,2693.6591796875,unet,4418,0.0,7975,0,0.0
4.0,100000.0,0.09999999999999999,10000.0,case_337,0,0,7694.6474609375,7693.6591796875,unet,4418,0.0,7975,0,0.0
4.0,100000.0,0.09999999999999999,25000.0,case_337,0,0,22694.6484375,22693.66015625,unet,4418,0.0,7975,0,0.0
4.0,100000.0,0.09999999999999999,101325.0,case_337,0,0,99019.6484375,99018.65625,unet,4418,0.0,7975,0,0.0
4.0,200000.0,0.19999999999999998,2500.0,case_338,0,0,178.159912109375,174.443359375,unet,4418,0.0,7975,0,0.0
4.0,200000.0,0.19999999999999998,3000.0,case_338,0,0,678.159912109375,674.443359375,unet,4418,0.0,7975,0,0.0
4.0,200000.0,0.19999999999999998,5000.0,case_338,0,0,2678.15966796875,2674.443359375,unet,4418,0.0,7975,0,0.0
4.0,200000.0,0.19999999999999998,10000.0,case_338,0,0,7678.16015625,7674.443359375,unet,4418,0.0,7975,0,0.0
4.0,200000.0,0.19999999999999998,25000.0,case_338,0,0,22678.16015625,22674.443359375,unet,4418,0.0,7975,0,0.0
4.0,200000.0,0.19999999999999998,101325.0,case_338,0,0,99003.15625,98999.4453125,unet,4418,0.0,7975,0,0.0
4.0,500000.0,0.5,2500.0,case_339,0,0,55.50537109375,39.06787109375,unet,4418,0.0,7975,0,0.0
4.0,500000.0,0.5,3000.0,case_339,0,0,555.50537109375,539.06787109375,unet,4418,0.0,7975,0,0.0
4.0,500000.0,0.5,5000.0,case_339,0,0,2555.50537109375,2539.06787109375,unet,4418,0.0,7975,0,0.0
4.0,500000.0,0.5,10000.0,case_339,0,0,7555.505859375,7539.068359375,unet,4418,0.0,7975,0,0.0
4.0,500000.0,0.5,25000.0,case_339,0,0,22555.505859375,22539.068359375,unet,4418,0.0,7975,0,0.0
4.0,500000.0,0.5,101325.0,case_339,0,0,98880.5078125,98864.0703125,unet,4418,0.0,7975,0,0.0
4.0,1000000.0,1.0,2500.0,case_340,3,22,-431.1763916015625,-445.319091796875,unet,4418,0.050156739811912224,7572,378,0.047774294670846394
4.0,1000000.0,1.0,3000.0,case_340,0,0,68.82373046875,54.680908203125,unet,4418,0.0,7975,0,0.0
4.0,1000000.0,1.0,5000.0,case_340,0,0,2068.82373046875,2054.68115234375,unet,4418,0.0,7975,0,0.0
4.0,1000000.0,1.0,10000.0,case_340,0,0,7068.8232421875,7054.6806640625,unet,4418,0.0,7975,0,0.0
4.0,1000000.0,1.0,25000.0,case_340,0,0,22068.82421875,22054.681640625,unet,4418,0.0,7975,0,0.0
4.0,1000000.0,1.0,101325.0,case_340,0,0,98393.8203125,98379.6796875,unet,4418,0.0,7975,0,0.0
6.0,100000.0,0.09999999999999999,2500.0,case_341,0,0,193.698974609375,192.252197265625,unet,4418,0.0,7975,0,0.0
6.0,100000.0,0.09999999999999999,3000.0,case_341,0,0,693.698974609375,692.252197265625,unet,4418,0.0,7975,0,0.0
6.0,100000.0,0.09999999999999999,5000.0,case_341,0,0,2693.69873046875,2692.25244140625,unet,4418,0.0,7975,0,0.0
6.0,100000.0,0.09999999999999999,10000.0,case_341,0,0,7693.69921875,7692.251953125,unet,4418,0.0,7975,0,0.0
6.0,100000.0,0.09999999999999999,25000.0,case_341,0,0,22693.69921875,22692.251953125,unet,4418,0.0,7975,0,0.0
6.0,100000.0,0.09999999999999999,101325.0,case_341,0,0,99018.6953125,99017.25,unet,4418,0.0,7975,0,0.0
6.0,200000.0,0.19999999999999998,2500.0,case_342,0,0,174.310546875,168.659912109375,unet,4418,0.0,7975,0,0.0
6.0,200000.0,0.19999999999999998,3000.0,case_342,0,0,674.310546875,668.659912109375,unet,4418,0.0,7975,0,0.0
6.0,200000.0,0.19999999999999998,5000.0,case_342,0,0,2674.310546875,2668.66015625,unet,4418,0.0,7975,0,0.0
6.0,200000.0,0.19999999999999998,10000.0,case_342,0,0,7674.310546875,7668.66015625,unet,4418,0.0,7975,0,0.0
6.0,200000.0,0.19999999999999998,25000.0,case_342,0,0,22674.310546875,22668.66015625,unet,4418,0.0,7975,0,0.0
6.0,200000.0,0.19999999999999998,101325.0,case_342,0,0,98999.3125,98993.65625,unet,4418,0.0,7975,0,0.0
6.0,500000.0,0.5,2500.0,case_343,0,0,30.00390625,5.263671875,unet,4418,0.0,7975,0,0.0
6.0,500000.0,0.5,3000.0,case_343,0,0,530.00390625,505.263671875,unet,4418,0.0,7975,0,0.0
6.0,500000.0,0.5,5000.0,case_343,0,0,2530.00390625,2505.263671875,unet,4418,0.0,7975,0,0.0
6.0,500000.0,0.5,10000.0,case_343,0,0,7530.00390625,7505.263671875,unet,4418,0.0,7975,0,0.0
6.0,500000.0,0.5,25000.0,case_343,0,0,22530.00390625,22505.263671875,unet,4418,0.0,7975,0,0.0
6.0,500000.0,0.5,101325.0,case_343,0,0,98855.0,98830.265625,unet,4418,0.0,7975,0,0.0
6.0,1000000.0,1.0,2500.0,case_344,15,37,-553.069091796875,-589.191650390625,unet,4418,0.06796238244514106,7418,505,0.0652037617554859
6.0,1000000.0,1.0,3000.0,case_344,4,1,-53.069091796875,-89.191650390625,unet,4418,0.0005015673981191223,7967,3,0.0008777429467084639
6.0,1000000.0,1.0,5000.0,case_344,0,0,1946.9306640625,1910.80810546875,unet,4418,0.0,7975,0,0.0
6.0,1000000.0,1.0,10000.0,case_344,0,0,6946.9306640625,6910.80859375,unet,4418,0.0,7975,0,0.0
6.0,1000000.0,1.0,25000.0,case_344,0,0,21946.931640625,21910.80859375,unet,4418,0.0,7975,0,0.0
6.0,1000000.0,1.0,101325.0,case_344,0,0,98271.9296875,98235.8046875,unet,4418,0.0,7975,0,0.0
8.0,100000.0,0.09999999999999999,2500.0,case_345,0,0,192.48876953125,190.67626953125,unet,4418,0.0,7975,0,0.0
8.0,100000.0,0.09999999999999999,3000.0,case_345,0,0,692.48876953125,690.67626953125,unet,4418,0.0,7975,0,0.0
8.0,100000.0,0.09999999999999999,5000.0,case_345,0,0,2692.48876953125,2690.67626953125,unet,4418,0.0,7975,0,0.0
8.0,100000.0,0.09999999999999999,10000.0,case_345,0,0,7692.48828125,7690.6767578125,unet,4418,0.0,7975,0,0.0
8.0,100000.0,0.09999999999999999,25000.0,case_345,0,0,22692.48828125,22690.67578125,unet,4418,0.0,7975,0,0.0
8.0,100000.0,0.09999999999999999,101325.0,case_345,0,0,99017.4921875,99015.6796875,unet,4418,0.0,7975,0,0.0
8.0,200000.0,0.19999999999999998,2500.0,case_346,0,0,169.30615234375,163.216796875,unet,4418,0.0,7975,0,0.0
8.0,200000.0,0.19999999999999998,3000.0,case_346,0,0,669.30615234375,663.216796875,unet,4418,0.0,7975,0,0.0
8.0,200000.0,0.19999999999999998,5000.0,case_346,0,0,2669.30615234375,2663.216796875,unet,4418,0.0,7975,0,0.0
8.0,200000.0,0.19999999999999998,10000.0,case_346,0,0,7669.306640625,7663.216796875,unet,4418,0.0,7975,0,0.0
8.0,200000.0,0.19999999999999998,25000.0,case_346,0,0,22669.306640625,22663.216796875,unet,4418,0.0,7975,0,0.0
8.0,200000.0,0.19999999999999998,101325.0,case_346,0,0,98994.3046875,98988.21875,unet,4418,0.0,7975,0,0.0
8.0,500000.0,0.5,2500.0,case_347,4,0,-4.201416015625,-32.08056640625,unet,4418,0.00025078369905956113,7969,2,0.0007523510971786833
8.0,500000.0,0.5,3000.0,case_347,0,0,495.798583984375,467.91943359375,unet,4418,0.0,7975,0,0.0
8.0,500000.0,0.5,5000.0,case_347,0,0,2495.798828125,2467.91943359375,unet,4418,0.0,7975,0,0.0
8.0,500000.0,0.5,10000.0,case_347,0,0,7495.798828125,7467.919921875,unet,4418,0.0,7975,0,0.0
8.0,500000.0,0.5,25000.0,case_347,0,0,22495.798828125,22467.919921875,unet,4418,0.0,7975,0,0.0
8.0,500000.0,0.5,101325.0,case_347,0,0,98820.796875,98792.921875,unet,4418,0.0,7975,0,0.0
8.0,1000000.0,1.0,2500.0,case_348,19,62,-697.58056640625,-731.254150390625,unet,4418,0.0863949843260188,7267,627,0.08100313479623825
8.0,1000000.0,1.0,3000.0,case_348,7,6,-197.58056640625,-231.254150390625,unet,4418,0.002633228840125392,7947,15,0.002758620689655172
8.0,1000000.0,1.0,5000.0,case_348,0,0,1802.41943359375,1768.745849609375,unet,4418,0.0,7975,0,0.0
8.0,1000000.0,1.0,10000.0,case_348,0,0,6802.4189453125,6768.74609375,unet,4418,0.0,7975,0,0.0
8.0,1000000.0,1.0,25000.0,case_348,0,0,21802.419921875,21768.74609375,unet,4418,0.0,7975,0,0.0
8.0,1000000.0,1.0,101325.0,case_348,0,0,98127.421875,98093.7421875,unet,4418,0.0,7975,0,0.0
10.0,100000.0,0.09999999999999999,2500.0,case_349,0,0,191.0419921875,188.794677734375,unet,4418,0.0,7975,0,0.0
10.0,100000.0,0.09999999999999999,3000.0,case_349,0,0,691.0419921875,688.794677734375,unet,4418,0.0,7975,0,0.0
10.0,100000.0,0.09999999999999999,5000.0,case_349,0,0,2691.0419921875,2688.794921875,unet,4418,0.0,7975,0,0.0
10.0,100000.0,0.09999999999999999,10000.0,case_349,0,0,7691.0419921875,7688.794921875,unet,4418,0.0,7975,0,0.0
10.0,100000.0,0.09999999999999999,25000.0,case_349,0,0,22691.04296875,22688.794921875,unet,4418,0.0,7975,0,0.0
10.0,100000.0,0.09999999999999999,101325.0,case_349,0,0,99016.0390625,99013.796875,unet,4418,0.0,7975,0,0.0
10.0,200000.0,0.19999999999999998,2500.0,case_350,0,0,163.5615234375,155.97265625,unet,4418,0.0,7975,0,0.0
10.0,200000.0,0.19999999999999998,3000.0,case_350,0,0,663.5615234375,655.97265625,unet,4418,0.0,7975,0,0.0
10.0,200000.0,0.19999999999999998,5000.0,case_350,0,0,2663.5615234375,2655.97265625,unet,4418,0.0,7975,0,0.0
10.0,200000.0,0.19999999999999998,10000.0,case_350,0,0,7663.5615234375,7655.97265625,unet,4418,0.0,7975,0,0.0
10.0,200000.0,0.19999999999999998,25000.0,case_350,0,0,22663.5625,22655.97265625,unet,4418,0.0,7975,0,0.0
10.0,200000.0,0.19999999999999998,101325.0,case_350,0,0,98988.5625,98980.9765625,unet,4418,0.0,7975,0,0.0
10.0,500000.0,0.5,2500.0,case_351,8,0,-38.16064453125,-77.8056640625,unet,4418,0.0015047021943573667,7955,12,0.0025078369905956114
10.0,500000.0,0.5,3000.0,case_351,0,0,461.83935546875,422.1943359375,unet,4418,0.0,7975,0,0.0
10.0,500000.0,0.5,5000.0,case_351,0,0,2461.83935546875,2422.1943359375,unet,4418,0.0,7975,0,0.0
10.0,500000.0,0.5,10000.0,case_351,0,0,7461.83984375,7422.1943359375,unet,4418,0.0,7975,0,0.0
10.0,500000.0,0.5,25000.0,case_351,0,0,22461.83984375,22422.1953125,unet,4418,0.0,7975,0,0.0
10.0,500000.0,0.5,101325.0,case_351,0,0,98786.8359375,98747.1953125,unet,4418,0.0,7975,0,0.0
10.0,1000000.0,1.0,2500.0,case_352,5,105,-806.8223876953125,-914.831787109375,unet,4418,0.11134796238244514,7082,783,0.09880877742946709
10.0,1000000.0,1.0,3000.0,case_352,8,6,-306.8223876953125,-414.831787109375,unet,4418,0.004764890282131662,7929,32,0.005015673981191223
10.0,1000000.0,1.0,5000.0,case_352,0,0,1693.177734375,1585.168212890625,unet,4418,0.0,7975,0,0.0
10.0,1000000.0,1.0,10000.0,case_352,0,0,6693.177734375,6585.16796875,unet,4418,0.0,7975,0,0.0
10.0,1000000.0,1.0,25000.0,case_352,0,0,21693.177734375,21585.16796875,unet,4418,0.0,7975,0,0.0
10.0,1000000.0,1.0,101325.0,case_352,0,0,98018.1796875,97910.171875,unet,4418,0.0,7975,0,0.0
-4.0,100000.0,0.09999999999999999,2500.0,case_161,0,0,198.41064453125,193.923583984375,pinn,0018,0.0,7970,0,0.0
-4.0,100000.0,0.09999999999999999,3000.0,case_161,0,0,698.41064453125,693.923583984375,pinn,0018,0.0,7970,0,0.0
-4.0,100000.0,0.09999999999999999,5000.0,case_161,0,0,2698.41064453125,2693.923828125,pinn,0018,0.0,7970,0,0.0
-4.0,100000.0,0.09999999999999999,10000.0,case_161,0,0,7698.41015625,7693.923828125,pinn,0018,0.0,7970,0,0.0
-4.0,100000.0,0.09999999999999999,25000.0,case_161,0,0,22698.41015625,22693.923828125,pinn,0018,0.0,7970,0,0.0
-4.0,100000.0,0.09999999999999999,101325.0,case_161,0,0,99023.4140625,99018.921875,pinn,0018,0.0,7970,0,0.0
-4.0,200000.0,0.19999999999999998,2500.0,case_162,0,0,193.16455078125,175.363525390625,pinn,0018,0.0,7970,0,0.0
-4.0,200000.0,0.19999999999999998,3000.0,case_162,0,0,693.16455078125,675.363525390625,pinn,0018,0.0,7970,0,0.0
-4.0,200000.0,0.19999999999999998,5000.0,case_162,0,0,2693.16455078125,2675.36376953125,pinn,0018,0.0,7970,0,0.0
-4.0,200000.0,0.19999999999999998,10000.0,case_162,0,0,7693.1650390625,7675.36328125,pinn,0018,0.0,7970,0,0.0
-4.0,200000.0,0.19999999999999998,25000.0,case_162,0,0,22693.1640625,22675.36328125,pinn,0018,0.0,7970,0,0.0
-4.0,200000.0,0.19999999999999998,101325.0,case_162,0,0,99018.1640625,99000.3671875,pinn,0018,0.0,7970,0,0.0
-4.0,500000.0,0.5,2500.0,case_163,0,0,151.953369140625,46.363525390625,pinn,0018,0.0,7970,0,0.0
-4.0,500000.0,0.5,3000.0,case_163,0,0,651.953369140625,546.363525390625,pinn,0018,0.0,7970,0,0.0
-4.0,500000.0,0.5,5000.0,case_163,0,0,2651.953125,2546.36376953125,pinn,0018,0.0,7970,0,0.0
-4.0,500000.0,0.5,10000.0,case_163,0,0,7651.953125,7546.36328125,pinn,0018,0.0,7970,0,0.0
-4.0,500000.0,0.5,25000.0,case_163,0,0,22651.953125,22546.36328125,pinn,0018,0.0,7970,0,0.0
-4.0,500000.0,0.5,101325.0,case_163,0,0,98976.953125,98871.3671875,pinn,0018,0.0,7970,0,0.0
-4.0,1000000.0,1.0,2500.0,case_164,202,0,37.103759765625,-416.660400390625,pinn,0018,0.0,7768,0,0.02534504391468005
-4.0,1000000.0,1.0,3000.0,case_164,0,0,537.103759765625,83.339599609375,pinn,0018,0.0,7970,0,0.0
-4.0,1000000.0,1.0,5000.0,case_164,0,0,2537.10400390625,2083.33935546875,pinn,0018,0.0,7970,0,0.0
-4.0,1000000.0,1.0,10000.0,case_164,0,0,7537.103515625,7083.33984375,pinn,0018,0.0,7970,0,0.0
-4.0,1000000.0,1.0,25000.0,case_164,0,0,22537.103515625,22083.33984375,pinn,0018,0.0,7970,0,0.0
-4.0,1000000.0,1.0,101325.0,case_164,0,0,98862.1015625,98408.3359375,pinn,0018,0.0,7970,0,0.0
-2.0,100000.0,0.09999999999999999,2500.0,case_165,0,0,198.66357421875,195.628173828125,pinn,0018,0.0,7970,0,0.0
-2.0,100000.0,0.09999999999999999,3000.0,case_165,0,0,698.66357421875,695.628173828125,pinn,0018,0.0,7970,0,0.0
-2.0,100000.0,0.09999999999999999,5000.0,case_165,0,0,2698.66357421875,2695.62841796875,pinn,0018,0.0,7970,0,0.0
-2.0,100000.0,0.09999999999999999,10000.0,case_165,0,0,7698.6630859375,7695.6279296875,pinn,0018,0.0,7970,0,0.0
-2.0,100000.0,0.09999999999999999,25000.0,case_165,0,0,22698.6640625,22695.62890625,pinn,0018,0.0,7970,0,0.0
-2.0,100000.0,0.09999999999999999,101325.0,case_165,0,0,99023.6640625,99020.625,pinn,0018,0.0,7970,0,0.0
-2.0,200000.0,0.19999999999999998,2500.0,case_166,0,0,194.140380859375,182.422119140625,pinn,0018,0.0,7970,0,0.0
-2.0,200000.0,0.19999999999999998,3000.0,case_166,0,0,694.140380859375,682.422119140625,pinn,0018,0.0,7970,0,0.0
-2.0,200000.0,0.19999999999999998,5000.0,case_166,0,0,2694.140625,2682.42236328125,pinn,0018,0.0,7970,0,0.0
-2.0,200000.0,0.19999999999999998,10000.0,case_166,0,0,7694.140625,7682.421875,pinn,0018,0.0,7970,0,0.0
-2.0,200000.0,0.19999999999999998,25000.0,case_166,0,0,22694.140625,22682.421875,pinn,0018,0.0,7970,0,0.0
-2.0,200000.0,0.19999999999999998,101325.0,case_166,0,0,99019.140625,99007.421875,pinn,0018,0.0,7970,0,0.0
-2.0,500000.0,0.5,2500.0,case_167,0,0,157.070556640625,89.1865234375,pinn,0018,0.0,7970,0,0.0
-2.0,500000.0,0.5,3000.0,case_167,0,0,657.070556640625,589.1865234375,pinn,0018,0.0,7970,0,0.0
-2.0,500000.0,0.5,5000.0,case_167,0,0,2657.07080078125,2589.1865234375,pinn,0018,0.0,7970,0,0.0
-2.0,500000.0,0.5,10000.0,case_167,0,0,7657.0703125,7589.1865234375,pinn,0018,0.0,7970,0,0.0
-2.0,500000.0,0.5,25000.0,case_167,0,0,22657.0703125,22589.1875,pinn,0018,0.0,7970,0,0.0
-2.0,500000.0,0.5,101325.0,case_167,0,0,98982.0703125,98914.1875,pinn,0018,0.0,7970,0,0.0
-2.0,1000000.0,1.0,2500.0,case_168,118,0,45.8740234375,-244.521240234375,pinn,0018,0.0,7852,0,0.014805520702634882
-2.0,1000000.0,1.0,3000.0,case_168,0,0,545.8740234375,255.478759765625,pinn,0018,0.0,7970,0,0.0
-2.0,1000000.0,1.0,5000.0,case_168,0,0,2545.8740234375,2255.47900390625,pinn,0018,0.0,7970,0,0.0
-2.0,1000000.0,1.0,10000.0,case_168,0,0,7545.8740234375,7255.478515625,pinn,0018,0.0,7970,0,0.0
-2.0,1000000.0,1.0,25000.0,case_168,0,0,22545.875,22255.478515625,pinn,0018,0.0,7970,0,0.0
-2.0,1000000.0,1.0,101325.0,case_168,0,0,98870.875,98580.4765625,pinn,0018,0.0,7970,0,0.0
0.0,100000.0,0.09999999999999999,2500.0,case_169,0,0,198.3974609375,196.777587890625,pinn,0018,0.0,7970,0,0.0
0.0,100000.0,0.09999999999999999,3000.0,case_169,0,0,698.3974609375,696.777587890625,pinn,0018,0.0,7970,0,0.0
0.0,100000.0,0.09999999999999999,5000.0,case_169,0,0,2698.3974609375,2696.77734375,pinn,0018,0.0,7970,0,0.0
0.0,100000.0,0.09999999999999999,10000.0,case_169,0,0,7698.3974609375,7696.77734375,pinn,0018,0.0,7970,0,0.0
0.0,100000.0,0.09999999999999999,25000.0,case_169,0,0,22698.396484375,22696.77734375,pinn,0018,0.0,7970,0,0.0
0.0,100000.0,0.09999999999999999,101325.0,case_169,0,0,99023.3984375,99021.78125,pinn,0018,0.0,7970,0,0.0
0.0,200000.0,0.19999999999999998,2500.0,case_170,0,0,193.692626953125,187.0283203125,pinn,0018,0.0,7970,0,0.0
0.0,200000.0,0.19999999999999998,3000.0,case_170,0,0,693.692626953125,687.0283203125,pinn,0018,0.0,7970,0,0.0
0.0,200000.0,0.19999999999999998,5000.0,case_170,0,0,2693.6923828125,2687.0283203125,pinn,0018,0.0,7970,0,0.0
0.0,200000.0,0.19999999999999998,10000.0,case_170,0,0,7693.6923828125,7687.0283203125,pinn,0018,0.0,7970,0,0.0
0.0,200000.0,0.19999999999999998,25000.0,case_170,0,0,22693.693359375,22687.029296875,pinn,0018,0.0,7970,0,0.0
0.0,200000.0,0.19999999999999998,101325.0,case_170,0,0,99018.6953125,99012.03125,pinn,0018,0.0,7970,0,0.0
0.0,500000.0,0.5,2500.0,case_171,0,0,161.516845703125,118.266845703125,pinn,0018,0.0,7970,0,0.0
0.0,500000.0,0.5,3000.0,case_171,0,0,661.516845703125,618.266845703125,pinn,0018,0.0,7970,0,0.0
0.0,500000.0,0.5,5000.0,case_171,0,0,2661.51708984375,2618.2666015625,pinn,0018,0.0,7970,0,0.0
0.0,500000.0,0.5,10000.0,case_171,0,0,7661.5166015625,7618.2666015625,pinn,0018,0.0,7970,0,0.0
0.0,500000.0,0.5,25000.0,case_171,0,0,22661.517578125,22618.267578125,pinn,0018,0.0,7970,0,0.0
0.0,500000.0,0.5,101325.0,case_171,0,0,98986.515625,98943.265625,pinn,0018,0.0,7970,0,0.0
0.0,1000000.0,1.0,2500.0,case_172,69,0,56.24462890625,-127.8173828125,pinn,0018,0.0,7901,0,0.008657465495608531
0.0,1000000.0,1.0,3000.0,case_172,0,0,556.24462890625,372.1826171875,pinn,0018,0.0,7970,0,0.0
0.0,1000000.0,1.0,5000.0,case_172,0,0,2556.24462890625,2372.1826171875,pinn,0018,0.0,7970,0,0.0
0.0,1000000.0,1.0,10000.0,case_172,0,0,7556.2451171875,7372.1826171875,pinn,0018,0.0,7970,0,0.0
0.0,1000000.0,1.0,25000.0,case_172,0,0,22556.244140625,22372.18359375,pinn,0018,0.0,7970,0,0.0
0.0,1000000.0,1.0,101325.0,case_172,0,0,98881.2421875,98697.1796875,pinn,0018,0.0,7970,0,0.0
2.0,100000.0,0.09999999999999999,2500.0,case_173,0,0,197.400146484375,196.198974609375,pinn,0018,0.0,7970,0,0.0
2.0,100000.0,0.09999999999999999,3000.0,case_173,0,0,697.400146484375,696.198974609375,pinn,0018,0.0,7970,0,0.0
2.0,100000.0,0.09999999999999999,5000.0,case_173,0,0,2697.39990234375,2696.19921875,pinn,0018,0.0,7970,0,0.0
2.0,100000.0,0.09999999999999999,10000.0,case_173,0,0,7697.400390625,7696.19921875,pinn,0018,0.0,7970,0,0.0
2.0,100000.0,0.09999999999999999,25000.0,case_173,0,0,22697.400390625,22696.19921875,pinn,0018,0.0,7970,0,0.0
2.0,100000.0,0.09999999999999999,101325.0,case_173,0,0,99022.3984375,99021.1953125,pinn,0018,0.0,7970,0,0.0
2.0,200000.0,0.19999999999999998,2500.0,case_174,0,0,189.810302734375,184.7294921875,pinn,0018,0.0,7970,0,0.0
2.0,200000.0,0.19999999999999998,3000.0,case_174,0,0,689.810302734375,684.7294921875,pinn,0018,0.0,7970,0,0.0
2.0,200000.0,0.19999999999999998,5000.0,case_174,0,0,2689.810546875,2684.7294921875,pinn,0018,0.0,7970,0,0.0
2.0,200000.0,0.19999999999999998,10000.0,case_174,0,0,7689.810546875,7684.7294921875,pinn,0018,0.0,7970,0,0.0
2.0,200000.0,0.19999999999999998,25000.0,case_174,0,0,22689.810546875,22684.728515625,pinn,0018,0.0,7970,0,0.0
2.0,200000.0,0.19999999999999998,101325.0,case_174,0,0,99014.8125,99009.7265625,pinn,0018,0.0,7970,0,0.0
2.0,500000.0,0.5,2500.0,case_175,0,0,142.673583984375,104.596435546875,pinn,0018,0.0,7970,0,0.0
2.0,500000.0,0.5,3000.0,case_175,0,0,642.673583984375,604.596435546875,pinn,0018,0.0,7970,0,0.0
2.0,500000.0,0.5,5000.0,case_175,0,0,2642.673828125,2604.5966796875,pinn,0018,0.0,7970,0,0.0
2.0,500000.0,0.5,10000.0,case_175,0,0,7642.673828125,7604.5966796875,pinn,0018,0.0,7970,0,0.0
2.0,500000.0,0.5,25000.0,case_175,0,0,22642.673828125,22604.595703125,pinn,0018,0.0,7970,0,0.0
2.0,500000.0,0.5,101325.0,case_175,0,0,98967.671875,98929.59375,pinn,0018,0.0,7970,0,0.0
2.0,1000000.0,1.0,2500.0,case_176,66,0,-36.483154296875,-181.80224609375,pinn,0018,0.0012547051442910915,7894,10,0.009535759096612296
2.0,1000000.0,1.0,3000.0,case_176,0,0,463.516845703125,318.19775390625,pinn,0018,0.0,7970,0,0.0
2.0,1000000.0,1.0,5000.0,case_176,0,0,2463.5166015625,2318.19775390625,pinn,0018,0.0,7970,0,0.0
2.0,1000000.0,1.0,10000.0,case_176,0,0,7463.5166015625,7318.1982421875,pinn,0018,0.0,7970,0,0.0
2.0,1000000.0,1.0,25000.0,case_176,0,0,22463.517578125,22318.197265625,pinn,0018,0.0,7970,0,0.0
2.0,1000000.0,1.0,101325.0,case_176,0,0,98788.515625,98643.1953125,pinn,0018,0.0,7970,0,0.0
4.0,100000.0,0.09999999999999999,2500.0,case_177,0,0,196.152587890625,194.564697265625,pinn,0018,0.0,7970,0,0.0
4.0,100000.0,0.09999999999999999,3000.0,case_177,0,0,696.152587890625,694.564697265625,pinn,0018,0.0,7970,0,0.0
4.0,100000.0,0.09999999999999999,5000.0,case_177,0,0,2696.15234375,2694.56494140625,pinn,0018,0.0,7970,0,0.0
4.0,100000.0,0.09999999999999999,10000.0,case_177,0,0,7696.15234375,7694.564453125,pinn,0018,0.0,7970,0,0.0
4.0,100000.0,0.09999999999999999,25000.0,case_177,0,0,22696.15234375,22694.564453125,pinn,0018,0.0,7970,0,0.0
4.0,100000.0,0.09999999999999999,101325.0,case_177,0,0,99021.15625,99019.5625,pinn,0018,0.0,7970,0,0.0
4.0,200000.0,0.19999999999999998,2500.0,case_178,0,0,184.65771484375,178.11181640625,pinn,0018,0.0,7970,0,0.0
4.0,200000.0,0.19999999999999998,3000.0,case_178,0,0,684.65771484375,678.11181640625,pinn,0018,0.0,7970,0,0.0
4.0,200000.0,0.19999999999999998,5000.0,case_178,0,0,2684.65771484375,2678.11181640625,pinn,0018,0.0,7970,0,0.0
4.0,200000.0,0.19999999999999998,10000.0,case_178,0,0,7684.658203125,7678.1123046875,pinn,0018,0.0,7970,0,0.0
4.0,200000.0,0.19999999999999998,25000.0,case_178,0,0,22684.658203125,22678.111328125,pinn,0018,0.0,7970,0,0.0
4.0,200000.0,0.19999999999999998,101325.0,case_178,0,0,99009.65625,99003.109375,pinn,0018,0.0,7970,0,0.0
4.0,500000.0,0.5,2500.0,case_179,0,0,109.29736328125,62.71044921875,pinn,0018,0.0,7970,0,0.0
4.0,500000.0,0.5,3000.0,case_179,0,0,609.29736328125,562.71044921875,pinn,0018,0.0,7970,0,0.0
4.0,500000.0,0.5,5000.0,case_179,0,0,2609.29736328125,2562.71044921875,pinn,0018,0.0,7970,0,0.0
4.0,500000.0,0.5,10000.0,case_179,0,0,7609.296875,7562.7109375,pinn,0018,0.0,7970,0,0.0
4.0,500000.0,0.5,25000.0,case_179,0,0,22609.296875,22562.7109375,pinn,0018,0.0,7970,0,0.0
4.0,500000.0,0.5,101325.0,case_179,0,0,98934.296875,98887.7109375,pinn,0018,0.0,7970,0,0.0
4.0,1000000.0,1.0,2500.0,case_180,60,0,-180.754638671875,-349.804931640625,pinn,0018,0.010037641154328732,7830,80,0.01756587202007528
4.0,1000000.0,1.0,3000.0,case_180,0,0,319.245361328125,150.195068359375,pinn,0018,0.0,7970,0,0.0
4.0,1000000.0,1.0,5000.0,case_180,0,0,2319.2451171875,2150.19482421875,pinn,0018,0.0,7970,0,0.0
4.0,1000000.0,1.0,10000.0,case_180,0,0,7319.2451171875,7150.1953125,pinn,0018,0.0,7970,0,0.0
4.0,1000000.0,1.0,25000.0,case_180,0,0,22319.24609375,22150.1953125,pinn,0018,0.0,7970,0,0.0
4.0,1000000.0,1.0,101325.0,case_180,0,0,98644.2421875,98475.1953125,pinn,0018,0.0,7970,0,0.0
6.0,100000.0,0.09999999999999999,2500.0,case_181,0,0,194.94921875,192.713623046875,pinn,0018,0.0,7970,0,0.0
6.0,100000.0,0.09999999999999999,3000.0,case_181,0,0,694.94921875,692.713623046875,pinn,0018,0.0,7970,0,0.0
6.0,100000.0,0.09999999999999999,5000.0,case_181,0,0,2694.94921875,2692.7138671875,pinn,0018,0.0,7970,0,0.0
6.0,100000.0,0.09999999999999999,10000.0,case_181,0,0,7694.94921875,7692.7138671875,pinn,0018,0.0,7970,0,0.0
6.0,100000.0,0.09999999999999999,25000.0,case_181,0,0,22694.94921875,22692.712890625,pinn,0018,0.0,7970,0,0.0
6.0,100000.0,0.09999999999999999,101325.0,case_181,0,0,99019.9453125,99017.7109375,pinn,0018,0.0,7970,0,0.0
6.0,200000.0,0.19999999999999998,2500.0,case_182,0,0,179.63525390625,170.652587890625,pinn,0018,0.0,7970,0,0.0
6.0,200000.0,0.19999999999999998,3000.0,case_182,0,0,679.63525390625,670.652587890625,pinn,0018,0.0,7970,0,0.0
6.0,200000.0,0.19999999999999998,5000.0,case_182,0,0,2679.63525390625,2670.65283203125,pinn,0018,0.0,7970,0,0.0
6.0,200000.0,0.19999999999999998,10000.0,case_182,0,0,7679.6357421875,7670.65234375,pinn,0018,0.0,7970,0,0.0
6.0,200000.0,0.19999999999999998,25000.0,case_182,0,0,22679.634765625,22670.65234375,pinn,0018,0.0,7970,0,0.0
6.0,200000.0,0.19999999999999998,101325.0,case_182,0,0,99004.6328125,98995.65625,pinn,0018,0.0,7970,0,0.0
6.0,500000.0,0.5,2500.0,case_183,0,0,74.185302734375,15.696533203125,pinn,0018,0.0,7970,0,0.0
6.0,500000.0,0.5,3000.0,case_183,0,0,574.185302734375,515.696533203125,pinn,0018,0.0,7970,0,0.0
6.0,500000.0,0.5,5000.0,case_183,0,0,2574.18505859375,2515.6962890625,pinn,0018,0.0,7970,0,0.0
6.0,500000.0,0.5,10000.0,case_183,0,0,7574.185546875,7515.6962890625,pinn,0018,0.0,7970,0,0.0
6.0,500000.0,0.5,25000.0,case_183,0,0,22574.185546875,22515.697265625,pinn,0018,0.0,7970,0,0.0
6.0,500000.0,0.5,101325.0,case_183,0,0,98899.1875,98840.6953125,pinn,0018,0.0,7970,0,0.0
6.0,1000000.0,1.0,2500.0,case_184,36,5,-300.3067626953125,-538.44677734375,pinn,0018,0.024843161856963614,7736,193,0.028732747804265997
6.0,1000000.0,1.0,3000.0,case_184,1,0,199.693359375,-38.44677734375,pinn,0018,0.0,7969,0,0.00012547051442910915
6.0,1000000.0,1.0,5000.0,case_184,0,0,2199.693359375,1961.55322265625,pinn,0018,0.0,7970,0,0.0
6.0,1000000.0,1.0,10000.0,case_184,0,0,7199.693359375,6961.552734375,pinn,0018,0.0,7970,0,0.0
6.0,1000000.0,1.0,25000.0,case_184,0,0,22199.693359375,21961.552734375,pinn,0018,0.0,7970,0,0.0
6.0,1000000.0,1.0,101325.0,case_184,0,0,98524.6953125,98286.5546875,pinn,0018,0.0,7970,0,0.0
8.0,100000.0,0.09999999999999999,2500.0,case_185,0,0,194.025390625,190.0263671875,pinn,0018,0.0,7970,0,0.0
8.0,100000.0,0.09999999999999999,3000.0,case_185,0,0,694.025390625,690.0263671875,pinn,0018,0.0,7970,0,0.0
8.0,100000.0,0.09999999999999999,5000.0,case_185,0,0,2694.025390625,2690.0263671875,pinn,0018,0.0,7970,0,0.0
8.0,100000.0,0.09999999999999999,10000.0,case_185,0,0,7694.025390625,7690.0263671875,pinn,0018,0.0,7970,0,0.0
8.0,100000.0,0.09999999999999999,25000.0,case_185,0,0,22694.025390625,22690.02734375,pinn,0018,0.0,7970,0,0.0
8.0,100000.0,0.09999999999999999,101325.0,case_185,0,0,99019.0234375,99015.0234375,pinn,0018,0.0,7970,0,0.0
8.0,200000.0,0.19999999999999998,2500.0,case_186,0,0,175.66552734375,161.822265625,pinn,0018,0.0,7970,0,0.0
8.0,200000.0,0.19999999999999998,3000.0,case_186,0,0,675.66552734375,661.822265625,pinn,0018,0.0,7970,0,0.0
8.0,200000.0,0.19999999999999998,5000.0,case_186,0,0,2675.66552734375,2661.822265625,pinn,0018,0.0,7970,0,0.0
8.0,200000.0,0.19999999999999998,10000.0,case_186,0,0,7675.666015625,7661.822265625,pinn,0018,0.0,7970,0,0.0
8.0,200000.0,0.19999999999999998,25000.0,case_186,0,0,22675.666015625,22661.822265625,pinn,0018,0.0,7970,0,0.0
8.0,200000.0,0.19999999999999998,101325.0,case_186,0,0,99000.6640625,98986.8203125,pinn,0018,0.0,7970,0,0.0
8.0,500000.0,0.5,2500.0,case_187,3,0,44.240966796875,-40.1259765625,pinn,0018,0.0,7967,0,0.0003764115432873275
8.0,500000.0,0.5,3000.0,case_187,0,0,544.240966796875,459.8740234375,pinn,0018,0.0,7970,0,0.0
8.0,500000.0,0.5,5000.0,case_187,0,0,2544.24072265625,2459.8740234375,pinn,0018,0.0,7970,0,0.0
8.0,500000.0,0.5,10000.0,case_187,0,0,7544.2412109375,7459.8740234375,pinn,0018,0.0,7970,0,0.0
8.0,500000.0,0.5,25000.0,case_187,0,0,22544.240234375,22459.873046875,pinn,0018,0.0,7970,0,0.0
8.0,500000.0,0.5,101325.0,case_187,0,0,98869.2421875,98784.875,pinn,0018,0.0,7970,0,0.0
8.0,1000000.0,1.0,2500.0,case_188,21,28,-381.71826171875,-763.091796875,pinn,0018,0.04127979924717692,7620,301,0.04040150564617315
8.0,1000000.0,1.0,3000.0,case_188,7,0,118.28173828125,-263.091796875,pinn,0018,0.0,7963,0,0.0008782936010037642
8.0,1000000.0,1.0,5000.0,case_188,0,0,2118.28173828125,1736.908203125,pinn,0018,0.0,7970,0,0.0
8.0,1000000.0,1.0,10000.0,case_188,0,0,7118.28125,6736.908203125,pinn,0018,0.0,7970,0,0.0
8.0,1000000.0,1.0,25000.0,case_188,0,0,22118.28125,21736.908203125,pinn,0018,0.0,7970,0,0.0
8.0,1000000.0,1.0,101325.0,case_188,0,0,98443.28125,98061.90625,pinn,0018,0.0,7970,0,0.0
10.0,100000.0,0.09999999999999999,2500.0,case_189,0,0,193.485595703125,186.980712890625,pinn,0018,0.0,7970,0,0.0
10.0,100000.0,0.09999999999999999,3000.0,case_189,0,0,693.485595703125,686.980712890625,pinn,0018,0.0,7970,0,0.0
10.0,100000.0,0.09999999999999999,5000.0,case_189,0,0,2693.48583984375,2686.98095703125,pinn,0018,0.0,7970,0,0.0
10.0,100000.0,0.09999999999999999,10000.0,case_189,0,0,7693.4853515625,7686.98046875,pinn,0018,0.0,7970,0,0.0
10.0,100000.0,0.09999999999999999,25000.0,case_189,0,0,22693.486328125,22686.98046875,pinn,0018,0.0,7970,0,0.0
10.0,100000.0,0.09999999999999999,101325.0,case_189,0,0,99018.484375,99011.984375,pinn,0018,0.0,7970,0,0.0
10.0,200000.0,0.19999999999999998,2500.0,case_190,0,0,173.26806640625,147.224365234375,pinn,0018,0.0,7970,0,0.0
10.0,200000.0,0.19999999999999998,3000.0,case_190,0,0,673.26806640625,647.224365234375,pinn,0018,0.0,7970,0,0.0
10.0,200000.0,0.19999999999999998,5000.0,case_190,0,0,2673.26806640625,2647.224609375,pinn,0018,0.0,7970,0,0.0
10.0,200000.0,0.19999999999999998,10000.0,case_190,0,0,7673.267578125,7647.224609375,pinn,0018,0.0,7970,0,0.0
10.0,200000.0,0.19999999999999998,25000.0,case_190,0,0,22673.267578125,22647.224609375,pinn,0018,0.0,7970,0,0.0
10.0,200000.0,0.19999999999999998,101325.0,case_190,0,0,98998.265625,98972.2265625,pinn,0018,0.0,7970,0,0.0
10.0,500000.0,0.5,2500.0,case_191,7,0,26.499267578125,-119.437744140625,pinn,0018,0.0,7963,0,0.0008782936010037642
10.0,500000.0,0.5,3000.0,case_191,0,0,526.499267578125,380.562255859375,pinn,0018,0.0,7970,0,0.0
10.0,500000.0,0.5,5000.0,case_191,0,0,2526.4990234375,2380.56201171875,pinn,0018,0.0,7970,0,0.0
10.0,500000.0,0.5,10000.0,case_191,0,0,7526.4990234375,7380.5625,pinn,0018,0.0,7970,0,0.0
10.0,500000.0,0.5,25000.0,case_191,0,0,22526.5,22380.5625,pinn,0018,0.0,7970,0,0.0
10.0,500000.0,0.5,101325.0,case_191,0,0,98851.5,98705.5625,pinn,0018,0.0,7970,0,0.0
10.0,1000000.0,1.0,2500.0,case_192,16,28,-423.130126953125,-1081.6754150390625,pinn,0018,0.055081555834378924,7515,411,0.05357590966122961
10.0,1000000.0,1.0,3000.0,case_192,15,0,76.869873046875,-581.6754150390625,pinn,0018,0.0,7955,0,0.0018820577164366374
10.0,1000000.0,1.0,5000.0,case_192,0,0,2076.8701171875,1418.32470703125,pinn,0018,0.0,7970,0,0.0
10.0,1000000.0,1.0,10000.0,case_192,0,0,7076.8701171875,6418.32421875,pinn,0018,0.0,7970,0,0.0
10.0,1000000.0,1.0,25000.0,case_192,0,0,22076.869140625,21418.32421875,pinn,0018,0.0,7970,0,0.0
10.0,1000000.0,1.0,101325.0,case_192,0,0,98401.8671875,97743.328125,pinn,0018,0.0,7970,0,0.0
-4.0,100000.0,0.09999999999999999,2500.0,case_321,0,0,197.428955078125,195.163818359375,pinn,4418,0.0,7975,0,0.0
-4.0,100000.0,0.09999999999999999,3000.0,case_321,0,0,697.428955078125,695.163818359375,pinn,4418,0.0,7975,0,0.0
-4.0,100000.0,0.09999999999999999,5000.0,case_321,0,0,2697.4287109375,2695.1640625,pinn,4418,0.0,7975,0,0.0
-4.0,100000.0,0.09999999999999999,10000.0,case_321,0,0,7697.4287109375,7695.1640625,pinn,4418,0.0,7975,0,0.0
-4.0,100000.0,0.09999999999999999,25000.0,case_321,0,0,22697.4296875,22695.1640625,pinn,4418,0.0,7975,0,0.0
-4.0,100000.0,0.09999999999999999,101325.0,case_321,0,0,99022.4296875,99020.1640625,pinn,4418,0.0,7975,0,0.0
-4.0,200000.0,0.19999999999999998,2500.0,case_322,0,0,189.90478515625,180.60693359375,pinn,4418,0.0,7975,0,0.0
-4.0,200000.0,0.19999999999999998,3000.0,case_322,0,0,689.90478515625,680.60693359375,pinn,4418,0.0,7975,0,0.0
-4.0,200000.0,0.19999999999999998,5000.0,case_322,0,0,2689.90478515625,2680.60693359375,pinn,4418,0.0,7975,0,0.0
-4.0,200000.0,0.19999999999999998,10000.0,case_322,0,0,7689.904296875,7680.6064453125,pinn,4418,0.0,7975,0,0.0
-4.0,200000.0,0.19999999999999998,25000.0,case_322,0,0,22689.904296875,22680.607421875,pinn,4418,0.0,7975,0,0.0
-4.0,200000.0,0.19999999999999998,101325.0,case_322,0,0,99014.90625,99005.609375,pinn,4418,0.0,7975,0,0.0
-4.0,500000.0,0.5,2500.0,case_323,0,0,134.420654296875,78.342529296875,pinn,4418,0.0,7975,0,0.0
-4.0,500000.0,0.5,3000.0,case_323,0,0,634.420654296875,578.342529296875,pinn,4418,0.0,7975,0,0.0
-4.0,500000.0,0.5,5000.0,case_323,0,0,2634.4208984375,2578.34228515625,pinn,4418,0.0,7975,0,0.0
-4.0,500000.0,0.5,10000.0,case_323,0,0,7634.4208984375,7578.3427734375,pinn,4418,0.0,7975,0,0.0
-4.0,500000.0,0.5,25000.0,case_323,0,0,22634.419921875,22578.341796875,pinn,4418,0.0,7975,0,0.0
-4.0,500000.0,0.5,101325.0,case_323,0,0,98959.421875,98903.34375,pinn,4418,0.0,7975,0,0.0
-4.0,1000000.0,1.0,2500.0,case_324,65,5,-123.70166015625,-287.235107421875,pinn,4418,0.004890282131661442,7871,34,0.012413793103448275
-4.0,1000000.0,1.0,3000.0,case_324,0,0,376.29833984375,212.764892578125,pinn,4418,0.0,7975,0,0.0
-4.0,1000000.0,1.0,5000.0,case_324,0,0,2376.29833984375,2212.76513671875,pinn,4418,0.0,7975,0,0.0
-4.0,1000000.0,1.0,10000.0,case_324,0,0,7376.2978515625,7212.7646484375,pinn,4418,0.0,7975,0,0.0
-4.0,1000000.0,1.0,25000.0,case_324,0,0,22376.298828125,22212.765625,pinn,4418,0.0,7975,0,0.0
-4.0,1000000.0,1.0,101325.0,case_324,0,0,98701.296875,98537.765625,pinn,4418,0.0,7975,0,0.0
-2.0,100000.0,0.09999999999999999,2500.0,case_325,0,0,196.710205078125,196.4130859375,pinn,4418,0.0,7975,0,0.0
-2.0,100000.0,0.09999999999999999,3000.0,case_325,0,0,696.710205078125,696.4130859375,pinn,4418,0.0,7975,0,0.0
-2.0,100000.0,0.09999999999999999,5000.0,case_325,0,0,2696.7099609375,2696.4130859375,pinn,4418,0.0,7975,0,0.0
-2.0,100000.0,0.09999999999999999,10000.0,case_325,0,0,7696.7099609375,7696.4130859375,pinn,4418,0.0,7975,0,0.0
-2.0,100000.0,0.09999999999999999,25000.0,case_325,0,0,22696.7109375,22696.4140625,pinn,4418,0.0,7975,0,0.0
-2.0,100000.0,0.09999999999999999,101325.0,case_325,0,0,99021.7109375,99021.4140625,pinn,4418,0.0,7975,0,0.0
-2.0,200000.0,0.19999999999999998,2500.0,case_326,0,0,186.7958984375,185.549072265625,pinn,4418,0.0,7975,0,0.0
-2.0,200000.0,0.19999999999999998,3000.0,case_326,0,0,686.7958984375,685.549072265625,pinn,4418,0.0,7975,0,0.0
-2.0,200000.0,0.19999999999999998,5000.0,case_326,0,0,2686.7958984375,2685.548828125,pinn,4418,0.0,7975,0,0.0
-2.0,200000.0,0.19999999999999998,10000.0,case_326,0,0,7686.7958984375,7685.548828125,pinn,4418,0.0,7975,0,0.0
-2.0,200000.0,0.19999999999999998,25000.0,case_326,0,0,22686.796875,22685.548828125,pinn,4418,0.0,7975,0,0.0
-2.0,200000.0,0.19999999999999998,101325.0,case_326,0,0,99011.796875,99010.546875,pinn,4418,0.0,7975,0,0.0
-2.0,500000.0,0.5,2500.0,case_327,0,0,112.590087890625,109.31884765625,pinn,4418,0.0,7975,0,0.0
-2.0,500000.0,0.5,3000.0,case_327,0,0,612.590087890625,609.31884765625,pinn,4418,0.0,7975,0,0.0
-2.0,500000.0,0.5,5000.0,case_327,0,0,2612.59033203125,2609.31884765625,pinn,4418,0.0,7975,0,0.0
-2.0,500000.0,0.5,10000.0,case_327,0,0,7612.58984375,7609.3193359375,pinn,4418,0.0,7975,0,0.0
-2.0,500000.0,0.5,25000.0,case_327,0,0,22612.58984375,22609.318359375,pinn,4418,0.0,7975,0,0.0
-2.0,500000.0,0.5,101325.0,case_327,0,0,98937.59375,98934.3203125,pinn,4418,0.0,7975,0,0.0
-2.0,1000000.0,1.0,2500.0,case_328,31,7,-192.5947265625,-163.20556640625,pinn,4418,0.01128526645768025,7854,83,0.014294670846394984
-2.0,1000000.0,1.0,3000.0,case_328,0,0,307.4052734375,336.79443359375,pinn,4418,0.0,7975,0,0.0
-2.0,1000000.0,1.0,5000.0,case_328,0,0,2307.4052734375,2336.79443359375,pinn,4418,0.0,7975,0,0.0
-2.0,1000000.0,1.0,10000.0,case_328,0,0,7307.4052734375,7336.794921875,pinn,4418,0.0,7975,0,0.0
-2.0,1000000.0,1.0,25000.0,case_328,0,0,22307.404296875,22336.794921875,pinn,4418,0.0,7975,0,0.0
-2.0,1000000.0,1.0,101325.0,case_328,0,0,98632.40625,98661.796875,pinn,4418,0.0,7975,0,0.0
0.0,100000.0,0.09999999999999999,2500.0,case_329,0,0,195.97265625,195.641357421875,pinn,4418,0.0,7975,0,0.0
0.0,100000.0,0.09999999999999999,3000.0,case_329,0,0,695.97265625,695.641357421875,pinn,4418,0.0,7975,0,0.0
0.0,100000.0,0.09999999999999999,5000.0,case_329,0,0,2695.97265625,2695.6416015625,pinn,4418,0.0,7975,0,0.0
0.0,100000.0,0.09999999999999999,10000.0,case_329,0,0,7695.97265625,7695.6416015625,pinn,4418,0.0,7975,0,0.0
0.0,100000.0,0.09999999999999999,25000.0,case_329,0,0,22695.97265625,22695.640625,pinn,4418,0.0,7975,0,0.0
0.0,100000.0,0.09999999999999999,101325.0,case_329,0,0,99020.96875,99020.640625,pinn,4418,0.0,7975,0,0.0
0.0,200000.0,0.19999999999999998,2500.0,case_330,0,0,183.62646484375,182.413818359375,pinn,4418,0.0,7975,0,0.0
0.0,200000.0,0.19999999999999998,3000.0,case_330,0,0,683.62646484375,682.413818359375,pinn,4418,0.0,7975,0,0.0
0.0,200000.0,0.19999999999999998,5000.0,case_330,0,0,2683.62646484375,2682.4140625,pinn,4418,0.0,7975,0,0.0
0.0,200000.0,0.19999999999999998,10000.0,case_330,0,0,7683.6259765625,7682.4140625,pinn,4418,0.0,7975,0,0.0
0.0,200000.0,0.19999999999999998,25000.0,case_330,0,0,22683.626953125,22682.4140625,pinn,4418,0.0,7975,0,0.0
0.0,200000.0,0.19999999999999998,101325.0,case_330,0,0,99008.625,99007.4140625,pinn,4418,0.0,7975,0,0.0
0.0,500000.0,0.5,2500.0,case_331,0,0,91.223388671875,89.517578125,pinn,4418,0.0,7975,0,0.0
0.0,500000.0,0.5,3000.0,case_331,0,0,591.223388671875,589.517578125,pinn,4418,0.0,7975,0,0.0
0.0,500000.0,0.5,5000.0,case_331,0,0,2591.2236328125,2589.517578125,pinn,4418,0.0,7975,0,0.0
0.0,500000.0,0.5,10000.0,case_331,0,0,7591.2236328125,7589.517578125,pinn,4418,0.0,7975,0,0.0
0.0,500000.0,0.5,25000.0,case_331,0,0,22591.22265625,22589.517578125,pinn,4418,0.0,7975,0,0.0
0.0,500000.0,0.5,101325.0,case_331,0,0,98916.2265625,98914.515625,pinn,4418,0.0,7975,0,0.0
0.0,1000000.0,1.0,2500.0,case_332,4,35,-255.098388671875,-244.50146484375,pinn,4418,0.025830721003134795,7765,171,0.0219435736677116
0.0,1000000.0,1.0,3000.0,case_332,0,0,244.901611328125,255.49853515625,pinn,4418,0.0,7975,0,0.0
0.0,1000000.0,1.0,5000.0,case_332,0,0,2244.9013671875,2255.49853515625,pinn,4418,0.0,7975,0,0.0
0.0,1000000.0,1.0,10000.0,case_332,0,0,7244.9013671875,7255.4990234375,pinn,4418,0.0,7975,0,0.0
0.0,1000000.0,1.0,25000.0,case_332,0,0,22244.90234375,22255.498046875,pinn,4418,0.0,7975,0,0.0
0.0,1000000.0,1.0,101325.0,case_332,0,0,98569.8984375,98580.5,pinn,4418,0.0,7975,0,0.0
2.0,100000.0,0.09999999999999999,2500.0,case_333,0,0,195.141357421875,194.81201171875,pinn,4418,0.0,7975,0,0.0
2.0,100000.0,0.09999999999999999,3000.0,case_333,0,0,695.141357421875,694.81201171875,pinn,4418,0.0,7975,0,0.0
2.0,100000.0,0.09999999999999999,5000.0,case_333,0,0,2695.14111328125,2694.81201171875,pinn,4418,0.0,7975,0,0.0
2.0,100000.0,0.09999999999999999,10000.0,case_333,0,0,7695.1416015625,7694.8115234375,pinn,4418,0.0,7975,0,0.0
2.0,100000.0,0.09999999999999999,25000.0,case_333,0,0,22695.140625,22694.8125,pinn,4418,0.0,7975,0,0.0
2.0,100000.0,0.09999999999999999,101325.0,case_333,0,0,99020.140625,99019.8125,pinn,4418,0.0,7975,0,0.0
2.0,200000.0,0.19999999999999998,2500.0,case_334,0,0,180.2080078125,179.06689453125,pinn,4418,0.0,7975,0,0.0
2.0,200000.0,0.19999999999999998,3000.0,case_334,0,0,680.2080078125,679.06689453125,pinn,4418,0.0,7975,0,0.0
2.0,200000.0,0.19999999999999998,5000.0,case_334,0,0,2680.2080078125,2679.06689453125,pinn,4418,0.0,7975,0,0.0
2.0,200000.0,0.19999999999999998,10000.0,case_334,0,0,7680.2080078125,7679.0673828125,pinn,4418,0.0,7975,0,0.0
2.0,200000.0,0.19999999999999998,25000.0,case_334,0,0,22680.20703125,22679.06640625,pinn,4418,0.0,7975,0,0.0
2.0,200000.0,0.19999999999999998,101325.0,case_334,0,0,99005.2109375,99004.0703125,pinn,4418,0.0,7975,0,0.0
2.0,500000.0,0.5,2500.0,case_335,0,0,70.30224609375,68.273681640625,pinn,4418,0.0,7975,0,0.0
2.0,500000.0,0.5,3000.0,case_335,0,0,570.30224609375,568.273681640625,pinn,4418,0.0,7975,0,0.0
2.0,500000.0,0.5,5000.0,case_335,0,0,2570.30224609375,2568.2734375,pinn,4418,0.0,7975,0,0.0
2.0,500000.0,0.5,10000.0,case_335,0,0,7570.302734375,7568.2734375,pinn,4418,0.0,7975,0,0.0
2.0,500000.0,0.5,25000.0,case_335,0,0,22570.302734375,22568.2734375,pinn,4418,0.0,7975,0,0.0
2.0,500000.0,0.5,101325.0,case_335,0,0,98895.3046875,98893.2734375,pinn,4418,0.0,7975,0,0.0
2.0,1000000.0,1.0,2500.0,case_336,0,32,-324.700439453125,-328.09521484375,pinn,4418,0.03749216300940439,7676,267,0.03347962382445141
2.0,1000000.0,1.0,3000.0,case_336,0,0,175.299560546875,171.90478515625,pinn,4418,0.0,7975,0,0.0
2.0,1000000.0,1.0,5000.0,case_336,0,0,2175.2998046875,2171.90478515625,pinn,4418,0.0,7975,0,0.0
2.0,1000000.0,1.0,10000.0,case_336,0,0,7175.2998046875,7171.904296875,pinn,4418,0.0,7975,0,0.0
2.0,1000000.0,1.0,25000.0,case_336,0,0,22175.298828125,22171.904296875,pinn,4418,0.0,7975,0,0.0
2.0,1000000.0,1.0,101325.0,case_336,0,0,98500.296875,98496.90625,pinn,4418,0.0,7975,0,0.0
4.0,100000.0,0.09999999999999999,2500.0,case_337,0,0,194.384765625,193.659423828125,pinn,4418,0.0,7975,0,0.0
4.0,100000.0,0.09999999999999999,3000.0,case_337,0,0,694.384765625,693.659423828125,pinn,4418,0.0,7975,0,0.0
4.0,100000.0,0.09999999999999999,5000.0,case_337,0,0,2694.384765625,2693.6591796875,pinn,4418,0.0,7975,0,0.0
4.0,100000.0,0.09999999999999999,10000.0,case_337,0,0,7694.384765625,7693.6591796875,pinn,4418,0.0,7975,0,0.0
4.0,100000.0,0.09999999999999999,25000.0,case_337,0,0,22694.384765625,22693.66015625,pinn,4418,0.0,7975,0,0.0
4.0,100000.0,0.09999999999999999,101325.0,case_337,0,0,99019.3828125,99018.65625,pinn,4418,0.0,7975,0,0.0
4.0,200000.0,0.19999999999999998,2500.0,case_338,0,0,177.137451171875,174.443359375,pinn,4418,0.0,7975,0,0.0
4.0,200000.0,0.19999999999999998,3000.0,case_338,0,0,677.137451171875,674.443359375,pinn,4418,0.0,7975,0,0.0
4.0,200000.0,0.19999999999999998,5000.0,case_338,0,0,2677.1376953125,2674.443359375,pinn,4418,0.0,7975,0,0.0
4.0,200000.0,0.19999999999999998,10000.0,case_338,0,0,7677.1376953125,7674.443359375,pinn,4418,0.0,7975,0,0.0
4.0,200000.0,0.19999999999999998,25000.0,case_338,0,0,22677.13671875,22674.443359375,pinn,4418,0.0,7975,0,0.0
4.0,200000.0,0.19999999999999998,101325.0,case_338,0,0,99002.140625,98999.4453125,pinn,4418,0.0,7975,0,0.0
4.0,500000.0,0.5,2500.0,case_339,0,0,52.989013671875,39.06787109375,pinn,4418,0.0,7975,0,0.0
4.0,500000.0,0.5,3000.0,case_339,0,0,552.989013671875,539.06787109375,pinn,4418,0.0,7975,0,0.0
4.0,500000.0,0.5,5000.0,case_339,0,0,2552.98876953125,2539.06787109375,pinn,4418,0.0,7975,0,0.0
4.0,500000.0,0.5,10000.0,case_339,0,0,7552.9892578125,7539.068359375,pinn,4418,0.0,7975,0,0.0
4.0,500000.0,0.5,25000.0,case_339,0,0,22552.98828125,22539.068359375,pinn,4418,0.0,7975,0,0.0
4.0,500000.0,0.5,101325.0,case_339,0,0,98877.9921875,98864.0703125,pinn,4418,0.0,7975,0,0.0
4.0,1000000.0,1.0,2500.0,case_340,1,25,-380.2099609375,-445.319091796875,pinn,4418,0.05078369905956113,7569,380,0.047774294670846394
4.0,1000000.0,1.0,3000.0,case_340,0,0,119.7900390625,54.680908203125,pinn,4418,0.0,7975,0,0.0
4.0,1000000.0,1.0,5000.0,case_340,0,0,2119.7900390625,2054.68115234375,pinn,4418,0.0,7975,0,0.0
4.0,1000000.0,1.0,10000.0,case_340,0,0,7119.7900390625,7054.6806640625,pinn,4418,0.0,7975,0,0.0
4.0,1000000.0,1.0,25000.0,case_340,0,0,22119.791015625,22054.681640625,pinn,4418,0.0,7975,0,0.0
4.0,1000000.0,1.0,101325.0,case_340,0,0,98444.7890625,98379.6796875,pinn,4418,0.0,7975,0,0.0
6.0,100000.0,0.09999999999999999,2500.0,case_341,0,0,193.83740234375,192.252197265625,pinn,4418,0.0,7975,0,0.0
6.0,100000.0,0.09999999999999999,3000.0,case_341,0,0,693.83740234375,692.252197265625,pinn,4418,0.0,7975,0,0.0
6.0,100000.0,0.09999999999999999,5000.0,case_341,0,0,2693.83740234375,2692.25244140625,pinn,4418,0.0,7975,0,0.0
6.0,100000.0,0.09999999999999999,10000.0,case_341,0,0,7693.837890625,7692.251953125,pinn,4418,0.0,7975,0,0.0
6.0,100000.0,0.09999999999999999,25000.0,case_341,0,0,22693.837890625,22692.251953125,pinn,4418,0.0,7975,0,0.0
6.0,100000.0,0.09999999999999999,101325.0,case_341,0,0,99018.8359375,99017.25,pinn,4418,0.0,7975,0,0.0
6.0,200000.0,0.19999999999999998,2500.0,case_342,0,0,174.794677734375,168.659912109375,pinn,4418,0.0,7975,0,0.0
6.0,200000.0,0.19999999999999998,3000.0,case_342,0,0,674.794677734375,668.659912109375,pinn,4418,0.0,7975,0,0.0
6.0,200000.0,0.19999999999999998,5000.0,case_342,0,0,2674.794921875,2668.66015625,pinn,4418,0.0,7975,0,0.0
6.0,200000.0,0.19999999999999998,10000.0,case_342,0,0,7674.794921875,7668.66015625,pinn,4418,0.0,7975,0,0.0
6.0,200000.0,0.19999999999999998,25000.0,case_342,0,0,22674.794921875,22668.66015625,pinn,4418,0.0,7975,0,0.0
6.0,200000.0,0.19999999999999998,101325.0,case_342,0,0,98999.796875,98993.65625,pinn,4418,0.0,7975,0,0.0
6.0,500000.0,0.5,2500.0,case_343,0,0,37.46484375,5.263671875,pinn,4418,0.0,7975,0,0.0
6.0,500000.0,0.5,3000.0,case_343,0,0,537.46484375,505.263671875,pinn,4418,0.0,7975,0,0.0
6.0,500000.0,0.5,5000.0,case_343,0,0,2537.46484375,2505.263671875,pinn,4418,0.0,7975,0,0.0
6.0,500000.0,0.5,10000.0,case_343,0,0,7537.46484375,7505.263671875,pinn,4418,0.0,7975,0,0.0
6.0,500000.0,0.5,25000.0,case_343,0,0,22537.46484375,22505.263671875,pinn,4418,0.0,7975,0,0.0
6.0,500000.0,0.5,101325.0,case_343,0,0,98862.46875,98830.265625,pinn,4418,0.0,7975,0,0.0
6.0,1000000.0,1.0,2500.0,case_344,17,10,-426.4168701171875,-589.191650390625,pinn,4418,0.06432601880877743,7445,503,0.0652037617554859
6.0,1000000.0,1.0,3000.0,case_344,7,0,73.5830078125,-89.191650390625,pinn,4418,0.0,7968,0,0.0008777429467084639
6.0,1000000.0,1.0,5000.0,case_344,0,0,2073.5830078125,1910.80810546875,pinn,4418,0.0,7975,0,0.0
6.0,1000000.0,1.0,10000.0,case_344,0,0,7073.5830078125,6910.80859375,pinn,4418,0.0,7975,0,0.0
6.0,1000000.0,1.0,25000.0,case_344,0,0,22073.583984375,21910.80859375,pinn,4418,0.0,7975,0,0.0
6.0,1000000.0,1.0,101325.0,case_344,0,0,98398.5859375,98235.8046875,pinn,4418,0.0,7975,0,0.0
8.0,100000.0,0.09999999999999999,2500.0,case_345,0,0,193.499267578125,190.67626953125,pinn,4418,0.0,7975,0,0.0
8.0,100000.0,0.09999999999999999,3000.0,case_345,0,0,693.499267578125,690.67626953125,pinn,4418,0.0,7975,0,0.0
8.0,100000.0,0.09999999999999999,5000.0,case_345,0,0,2693.4990234375,2690.67626953125,pinn,4418,0.0,7975,0,0.0
8.0,100000.0,0.09999999999999999,10000.0,case_345,0,0,7693.4990234375,7690.6767578125,pinn,4418,0.0,7975,0,0.0
8.0,100000.0,0.09999999999999999,25000.0,case_345,0,0,22693.5,22690.67578125,pinn,4418,0.0,7975,0,0.0
8.0,100000.0,0.09999999999999999,101325.0,case_345,0,0,99018.5,99015.6796875,pinn,4418,0.0,7975,0,0.0
8.0,200000.0,0.19999999999999998,2500.0,case_346,0,0,173.23046875,163.216796875,pinn,4418,0.0,7975,0,0.0
8.0,200000.0,0.19999999999999998,3000.0,case_346,0,0,673.23046875,663.216796875,pinn,4418,0.0,7975,0,0.0
8.0,200000.0,0.19999999999999998,5000.0,case_346,0,0,2673.23046875,2663.216796875,pinn,4418,0.0,7975,0,0.0
8.0,200000.0,0.19999999999999998,10000.0,case_346,0,0,7673.23046875,7663.216796875,pinn,4418,0.0,7975,0,0.0
8.0,200000.0,0.19999999999999998,25000.0,case_346,0,0,22673.23046875,22663.216796875,pinn,4418,0.0,7975,0,0.0
8.0,200000.0,0.19999999999999998,101325.0,case_346,0,0,98998.2265625,98988.21875,pinn,4418,0.0,7975,0,0.0
8.0,500000.0,0.5,2500.0,case_347,6,0,25.015625,-32.08056640625,pinn,4418,0.0,7969,0,0.0007523510971786833
8.0,500000.0,0.5,3000.0,case_347,0,0,525.015625,467.91943359375,pinn,4418,0.0,7975,0,0.0
8.0,500000.0,0.5,5000.0,case_347,0,0,2525.015625,2467.91943359375,pinn,4418,0.0,7975,0,0.0
8.0,500000.0,0.5,10000.0,case_347,0,0,7525.015625,7467.919921875,pinn,4418,0.0,7975,0,0.0
8.0,500000.0,0.5,25000.0,case_347,0,0,22525.015625,22467.919921875,pinn,4418,0.0,7975,0,0.0
8.0,500000.0,0.5,101325.0,case_347,0,0,98850.015625,98792.921875,pinn,4418,0.0,7975,0,0.0
8.0,1000000.0,1.0,2500.0,case_348,20,5,-458.794677734375,-731.254150390625,pinn,4418,0.07912225705329154,7324,626,0.08100313479623825
8.0,1000000.0,1.0,3000.0,case_348,22,0,41.205322265625,-231.254150390625,pinn,4418,0.0,7953,0,0.002758620689655172
8.0,1000000.0,1.0,5000.0,case_348,0,0,2041.205078125,1768.745849609375,pinn,4418,0.0,7975,0,0.0
8.0,1000000.0,1.0,10000.0,case_348,0,0,7041.205078125,6768.74609375,pinn,4418,0.0,7975,0,0.0
8.0,1000000.0,1.0,25000.0,case_348,0,0,22041.205078125,21768.74609375,pinn,4418,0.0,7975,0,0.0
8.0,1000000.0,1.0,101325.0,case_348,0,0,98366.203125,98093.7421875,pinn,4418,0.0,7975,0,0.0
10.0,100000.0,0.09999999999999999,2500.0,case_349,0,0,193.28466796875,188.794677734375,pinn,4418,0.0,7975,0,0.0
10.0,100000.0,0.09999999999999999,3000.0,case_349,0,0,693.28466796875,688.794677734375,pinn,4418,0.0,7975,0,0.0
10.0,100000.0,0.09999999999999999,5000.0,case_349,0,0,2693.28466796875,2688.794921875,pinn,4418,0.0,7975,0,0.0
10.0,100000.0,0.09999999999999999,10000.0,case_349,0,0,7693.28515625,7688.794921875,pinn,4418,0.0,7975,0,0.0
10.0,100000.0,0.09999999999999999,25000.0,case_349,0,0,22693.28515625,22688.794921875,pinn,4418,0.0,7975,0,0.0
10.0,100000.0,0.09999999999999999,101325.0,case_349,0,0,99018.28125,99013.796875,pinn,4418,0.0,7975,0,0.0
10.0,200000.0,0.19999999999999998,2500.0,case_350,0,0,172.165771484375,155.97265625,pinn,4418,0.0,7975,0,0.0
10.0,200000.0,0.19999999999999998,3000.0,case_350,0,0,672.165771484375,655.97265625,pinn,4418,0.0,7975,0,0.0
10.0,200000.0,0.19999999999999998,5000.0,case_350,0,0,2672.166015625,2655.97265625,pinn,4418,0.0,7975,0,0.0
10.0,200000.0,0.19999999999999998,10000.0,case_350,0,0,7672.166015625,7655.97265625,pinn,4418,0.0,7975,0,0.0
10.0,200000.0,0.19999999999999998,25000.0,case_350,0,0,22672.166015625,22655.97265625,pinn,4418,0.0,7975,0,0.0
10.0,200000.0,0.19999999999999998,101325.0,case_350,0,0,98997.1640625,98980.9765625,pinn,4418,0.0,7975,0,0.0
10.0,500000.0,0.5,2500.0,case_351,20,0,17.89111328125,-77.8056640625,pinn,4418,0.0,7955,0,0.0025078369905956114
10.0,500000.0,0.5,3000.0,case_351,0,0,517.89111328125,422.1943359375,pinn,4418,0.0,7975,0,0.0
10.0,500000.0,0.5,5000.0,case_351,0,0,2517.89111328125,2422.1943359375,pinn,4418,0.0,7975,0,0.0
10.0,500000.0,0.5,10000.0,case_351,0,0,7517.8916015625,7422.1943359375,pinn,4418,0.0,7975,0,0.0
10.0,500000.0,0.5,25000.0,case_351,0,0,22517.890625,22422.1953125,pinn,4418,0.0,7975,0,0.0
10.0,500000.0,0.5,101325.0,case_351,0,0,98842.890625,98747.1953125,pinn,4418,0.0,7975,0,0.0
10.0,1000000.0,1.0,2500.0,case_352,54,2,-473.90185546875,-914.831787109375,pinn,4418,0.09228840125391849,7185,734,0.09880877742946709
10.0,1000000.0,1.0,3000.0,case_352,40,0,26.09814453125,-414.831787109375,pinn,4418,0.0,7935,0,0.005015673981191223
10.0,1000000.0,1.0,5000.0,case_352,0,0,2026.09814453125,1585.168212890625,pinn,4418,0.0,7975,0,0.0
10.0,1000000.0,1.0,10000.0,case_352,0,0,7026.0986328125,6585.16796875,pinn,4418,0.0,7975,0,0.0
10.0,1000000.0,1.0,25000.0,case_352,0,0,22026.09765625,21585.16796875,pinn,4418,0.0,7975,0,0.0
10.0,1000000.0,1.0,101325.0,case_352,0,0,98351.1015625,97910.171875,pinn,4418,0.0,7975,0,0.0
-4.0,100000.0,0.09999999999999999,2500.0,case_161,0,0,195.481201171875,193.923583984375,fno,0018,0.0,7970,0,0.0
-4.0,100000.0,0.09999999999999999,3000.0,case_161,0,0,695.481201171875,693.923583984375,fno,0018,0.0,7970,0,0.0
-4.0,100000.0,0.09999999999999999,5000.0,case_161,0,0,2695.48095703125,2693.923828125,fno,0018,0.0,7970,0,0.0
-4.0,100000.0,0.09999999999999999,10000.0,case_161,0,0,7695.4814453125,7693.923828125,fno,0018,0.0,7970,0,0.0
-4.0,100000.0,0.09999999999999999,25000.0,case_161,0,0,22695.48046875,22693.923828125,fno,0018,0.0,7970,0,0.0
-4.0,100000.0,0.09999999999999999,101325.0,case_161,0,0,99020.484375,99018.921875,fno,0018,0.0,7970,0,0.0
-4.0,200000.0,0.19999999999999998,2500.0,case_162,0,0,182.12158203125,175.363525390625,fno,0018,0.0,7970,0,0.0
-4.0,200000.0,0.19999999999999998,3000.0,case_162,0,0,682.12158203125,675.363525390625,fno,0018,0.0,7970,0,0.0
-4.0,200000.0,0.19999999999999998,5000.0,case_162,0,0,2682.12158203125,2675.36376953125,fno,0018,0.0,7970,0,0.0
-4.0,200000.0,0.19999999999999998,10000.0,case_162,0,0,7682.1220703125,7675.36328125,fno,0018,0.0,7970,0,0.0
-4.0,200000.0,0.19999999999999998,25000.0,case_162,0,0,22682.12109375,22675.36328125,fno,0018,0.0,7970,0,0.0
-4.0,200000.0,0.19999999999999998,101325.0,case_162,0,0,99007.125,99000.3671875,fno,0018,0.0,7970,0,0.0
-4.0,500000.0,0.5,2500.0,case_163,0,0,93.57861328125,46.363525390625,fno,0018,0.0,7970,0,0.0
-4.0,500000.0,0.5,3000.0,case_163,0,0,593.57861328125,546.363525390625,fno,0018,0.0,7970,0,0.0
-4.0,500000.0,0.5,5000.0,case_163,0,0,2593.57861328125,2546.36376953125,fno,0018,0.0,7970,0,0.0
-4.0,500000.0,0.5,10000.0,case_163,0,0,7593.578125,7546.36328125,fno,0018,0.0,7970,0,0.0
-4.0,500000.0,0.5,25000.0,case_163,0,0,22593.578125,22546.36328125,fno,0018,0.0,7970,0,0.0
-4.0,500000.0,0.5,101325.0,case_163,0,0,98918.578125,98871.3671875,fno,0018,0.0,7970,0,0.0
-4.0,1000000.0,1.0,2500.0,case_164,166,54,-168.0439453125,-416.660400390625,fno,0018,0.011292346298619825,7714,36,0.02534504391468005
-4.0,1000000.0,1.0,3000.0,case_164,0,0,331.9560546875,83.339599609375,fno,0018,0.0,7970,0,0.0
-4.0,1000000.0,1.0,5000.0,case_164,0,0,2331.9560546875,2083.33935546875,fno,0018,0.0,7970,0,0.0
-4.0,1000000.0,1.0,10000.0,case_164,0,0,7331.9560546875,7083.33984375,fno,0018,0.0,7970,0,0.0
-4.0,1000000.0,1.0,25000.0,case_164,0,0,22331.95703125,22083.33984375,fno,0018,0.0,7970,0,0.0
-4.0,1000000.0,1.0,101325.0,case_164,0,0,98656.953125,98408.3359375,fno,0018,0.0,7970,0,0.0
-2.0,100000.0,0.09999999999999999,2500.0,case_165,0,0,195.6494140625,195.628173828125,fno,0018,0.0,7970,0,0.0
-2.0,100000.0,0.09999999999999999,3000.0,case_165,0,0,695.6494140625,695.628173828125,fno,0018,0.0,7970,0,0.0
-2.0,100000.0,0.09999999999999999,5000.0,case_165,0,0,2695.6494140625,2695.62841796875,fno,0018,0.0,7970,0,0.0
-2.0,100000.0,0.09999999999999999,10000.0,case_165,0,0,7695.6494140625,7695.6279296875,fno,0018,0.0,7970,0,0.0
-2.0,100000.0,0.09999999999999999,25000.0,case_165,0,0,22695.6484375,22695.62890625,fno,0018,0.0,7970,0,0.0
-2.0,100000.0,0.09999999999999999,101325.0,case_165,0,0,99020.6484375,99020.625,fno,0018,0.0,7970,0,0.0
-2.0,200000.0,0.19999999999999998,2500.0,case_166,0,0,182.919677734375,182.422119140625,fno,0018,0.0,7970,0,0.0
-2.0,200000.0,0.19999999999999998,3000.0,case_166,0,0,682.919677734375,682.422119140625,fno,0018,0.0,7970,0,0.0
-2.0,200000.0,0.19999999999999998,5000.0,case_166,0,0,2682.919921875,2682.42236328125,fno,0018,0.0,7970,0,0.0
-2.0,200000.0,0.19999999999999998,10000.0,case_166,0,0,7682.919921875,7682.421875,fno,0018,0.0,7970,0,0.0
-2.0,200000.0,0.19999999999999998,25000.0,case_166,0,0,22682.919921875,22682.421875,fno,0018,0.0,7970,0,0.0
-2.0,200000.0,0.19999999999999998,101325.0,case_166,0,0,99007.921875,99007.421875,fno,0018,0.0,7970,0,0.0
-2.0,500000.0,0.5,2500.0,case_167,0,0,100.810302734375,89.1865234375,fno,0018,0.0,7970,0,0.0
-2.0,500000.0,0.5,3000.0,case_167,0,0,600.810302734375,589.1865234375,fno,0018,0.0,7970,0,0.0
-2.0,500000.0,0.5,5000.0,case_167,0,0,2600.81005859375,2589.1865234375,fno,0018,0.0,7970,0,0.0
-2.0,500000.0,0.5,10000.0,case_167,0,0,7600.810546875,7589.1865234375,fno,0018,0.0,7970,0,0.0
-2.0,500000.0,0.5,25000.0,case_167,0,0,22600.810546875,22589.1875,fno,0018,0.0,7970,0,0.0
-2.0,500000.0,0.5,101325.0,case_167,0,0,98925.8125,98914.1875,fno,0018,0.0,7970,0,0.0
-2.0,1000000.0,1.0,2500.0,case_168,103,115,-173.892333984375,-244.521240234375,fno,0018,0.01631116687578419,7737,15,0.014805520702634882
-2.0,1000000.0,1.0,3000.0,case_168,0,0,326.107666015625,255.478759765625,fno,0018,0.0,7970,0,0.0
-2.0,1000000.0,1.0,5000.0,case_168,0,0,2326.107421875,2255.47900390625,fno,0018,0.0,7970,0,0.0
-2.0,1000000.0,1.0,10000.0,case_168,0,0,7326.107421875,7255.478515625,fno,0018,0.0,7970,0,0.0
-2.0,1000000.0,1.0,25000.0,case_168,0,0,22326.107421875,22255.478515625,fno,0018,0.0,7970,0,0.0
-2.0,1000000.0,1.0,101325.0,case_168,0,0,98651.109375,98580.4765625,fno,0018,0.0,7970,0,0.0
0.0,100000.0,0.09999999999999999,2500.0,case_169,0,0,195.909912109375,196.777587890625,fno,0018,0.0,7970,0,0.0
0.0,100000.0,0.09999999999999999,3000.0,case_169,0,0,695.909912109375,696.777587890625,fno,0018,0.0,7970,0,0.0
0.0,100000.0,0.09999999999999999,5000.0,case_169,0,0,2695.90966796875,2696.77734375,fno,0018,0.0,7970,0,0.0
0.0,100000.0,0.09999999999999999,10000.0,case_169,0,0,7695.91015625,7696.77734375,fno,0018,0.0,7970,0,0.0
0.0,100000.0,0.09999999999999999,25000.0,case_169,0,0,22695.91015625,22696.77734375,fno,0018,0.0,7970,0,0.0
0.0,100000.0,0.09999999999999999,101325.0,case_169,0,0,99020.90625,99021.78125,fno,0018,0.0,7970,0,0.0
0.0,200000.0,0.19999999999999998,2500.0,case_170,0,0,184.064208984375,187.0283203125,fno,0018,0.0,7970,0,0.0
0.0,200000.0,0.19999999999999998,3000.0,case_170,0,0,684.064208984375,687.0283203125,fno,0018,0.0,7970,0,0.0
0.0,200000.0,0.19999999999999998,5000.0,case_170,0,0,2684.064453125,2687.0283203125,fno,0018,0.0,7970,0,0.0
0.0,200000.0,0.19999999999999998,10000.0,case_170,0,0,7684.064453125,7687.0283203125,fno,0018,0.0,7970,0,0.0
0.0,200000.0,0.19999999999999998,25000.0,case_170,0,0,22684.064453125,22687.029296875,fno,0018,0.0,7970,0,0.0
0.0,200000.0,0.19999999999999998,101325.0,case_170,0,0,99009.0625,99012.03125,fno,0018,0.0,7970,0,0.0
0.0,500000.0,0.5,2500.0,case_171,0,0,111.005126953125,118.266845703125,fno,0018,0.0,7970,0,0.0
0.0,500000.0,0.5,3000.0,case_171,0,0,611.005126953125,618.266845703125,fno,0018,0.0,7970,0,0.0
0.0,500000.0,0.5,5000.0,case_171,0,0,2611.0048828125,2618.2666015625,fno,0018,0.0,7970,0,0.0
0.0,500000.0,0.5,10000.0,case_171,0,0,7611.0048828125,7618.2666015625,fno,0018,0.0,7970,0,0.0
0.0,500000.0,0.5,25000.0,case_171,0,0,22611.005859375,22618.267578125,fno,0018,0.0,7970,0,0.0
0.0,500000.0,0.5,101325.0,case_171,0,0,98936.0078125,98943.265625,fno,0018,0.0,7970,0,0.0
0.0,1000000.0,1.0,2500.0,case_172,46,170,-271.4571533203125,-127.8173828125,fno,0018,0.024215809284818066,7731,23,0.008657465495608531
0.0,1000000.0,1.0,3000.0,case_172,0,0,228.542724609375,372.1826171875,fno,0018,0.0,7970,0,0.0
0.0,1000000.0,1.0,5000.0,case_172,0,0,2228.54296875,2372.1826171875,fno,0018,0.0,7970,0,0.0
0.0,1000000.0,1.0,10000.0,case_172,0,0,7228.54296875,7372.1826171875,fno,0018,0.0,7970,0,0.0
0.0,1000000.0,1.0,25000.0,case_172,0,0,22228.54296875,22372.18359375,fno,0018,0.0,7970,0,0.0
0.0,1000000.0,1.0,101325.0,case_172,0,0,98553.5390625,98697.1796875,fno,0018,0.0,7970,0,0.0
2.0,100000.0,0.09999999999999999,2500.0,case_173,0,0,196.2548828125,196.198974609375,fno,0018,0.0,7970,0,0.0
2.0,100000.0,0.09999999999999999,3000.0,case_173,0,0,696.2548828125,696.198974609375,fno,0018,0.0,7970,0,0.0
2.0,100000.0,0.09999999999999999,5000.0,case_173,0,0,2696.2548828125,2696.19921875,fno,0018,0.0,7970,0,0.0
2.0,100000.0,0.09999999999999999,10000.0,case_173,0,0,7696.2548828125,7696.19921875,fno,0018,0.0,7970,0,0.0
2.0,100000.0,0.09999999999999999,25000.0,case_173,0,0,22696.255859375,22696.19921875,fno,0018,0.0,7970,0,0.0
2.0,100000.0,0.09999999999999999,101325.0,case_173,0,0,99021.2578125,99021.1953125,fno,0018,0.0,7970,0,0.0
2.0,200000.0,0.19999999999999998,2500.0,case_174,0,0,185.6572265625,184.7294921875,fno,0018,0.0,7970,0,0.0
2.0,200000.0,0.19999999999999998,3000.0,case_174,0,0,685.6572265625,684.7294921875,fno,0018,0.0,7970,0,0.0
2.0,200000.0,0.19999999999999998,5000.0,case_174,0,0,2685.6572265625,2684.7294921875,fno,0018,0.0,7970,0,0.0
2.0,200000.0,0.19999999999999998,10000.0,case_174,0,0,7685.6572265625,7684.7294921875,fno,0018,0.0,7970,0,0.0
2.0,200000.0,0.19999999999999998,25000.0,case_174,0,0,22685.658203125,22684.728515625,fno,0018,0.0,7970,0,0.0
2.0,200000.0,0.19999999999999998,101325.0,case_174,0,0,99010.65625,99009.7265625,fno,0018,0.0,7970,0,0.0
2.0,500000.0,0.5,2500.0,case_175,0,0,102.37646484375,104.596435546875,fno,0018,0.0,7970,0,0.0
2.0,500000.0,0.5,3000.0,case_175,0,0,602.37646484375,604.596435546875,fno,0018,0.0,7970,0,0.0
2.0,500000.0,0.5,5000.0,case_175,0,0,2602.37646484375,2604.5966796875,fno,0018,0.0,7970,0,0.0
2.0,500000.0,0.5,10000.0,case_175,0,0,7602.376953125,7604.5966796875,fno,0018,0.0,7970,0,0.0
2.0,500000.0,0.5,25000.0,case_175,0,0,22602.376953125,22604.595703125,fno,0018,0.0,7970,0,0.0
2.0,500000.0,0.5,101325.0,case_175,0,0,98927.375,98929.59375,fno,0018,0.0,7970,0,0.0
2.0,1000000.0,1.0,2500.0,case_176,6,204,-395.001220703125,-181.80224609375,fno,0018,0.03437892095357591,7690,70,0.009535759096612296
2.0,1000000.0,1.0,3000.0,case_176,0,0,104.998779296875,318.19775390625,fno,0018,0.0,7970,0,0.0
2.0,1000000.0,1.0,5000.0,case_176,0,0,2104.9990234375,2318.19775390625,fno,0018,0.0,7970,0,0.0
2.0,1000000.0,1.0,10000.0,case_176,0,0,7104.9990234375,7318.1982421875,fno,0018,0.0,7970,0,0.0
2.0,1000000.0,1.0,25000.0,case_176,0,0,22104.998046875,22318.197265625,fno,0018,0.0,7970,0,0.0
2.0,1000000.0,1.0,101325.0,case_176,0,0,98430.0,98643.1953125,fno,0018,0.0,7970,0,0.0
4.0,100000.0,0.09999999999999999,2500.0,case_177,0,0,196.35791015625,194.564697265625,fno,0018,0.0,7970,0,0.0
4.0,100000.0,0.09999999999999999,3000.0,case_177,0,0,696.35791015625,694.564697265625,fno,0018,0.0,7970,0,0.0
4.0,100000.0,0.09999999999999999,5000.0,case_177,0,0,2696.35791015625,2694.56494140625,fno,0018,0.0,7970,0,0.0
4.0,100000.0,0.09999999999999999,10000.0,case_177,0,0,7696.3583984375,7694.564453125,fno,0018,0.0,7970,0,0.0
4.0,100000.0,0.09999999999999999,25000.0,case_177,0,0,22696.357421875,22694.564453125,fno,0018,0.0,7970,0,0.0
4.0,100000.0,0.09999999999999999,101325.0,case_177,0,0,99021.359375,99019.5625,fno,0018,0.0,7970,0,0.0
4.0,200000.0,0.19999999999999998,2500.0,case_178,0,0,184.51123046875,178.11181640625,fno,0018,0.0,7970,0,0.0
4.0,200000.0,0.19999999999999998,3000.0,case_178,0,0,684.51123046875,678.11181640625,fno,0018,0.0,7970,0,0.0
4.0,200000.0,0.19999999999999998,5000.0,case_178,0,0,2684.51123046875,2678.11181640625,fno,0018,0.0,7970,0,0.0
4.0,200000.0,0.19999999999999998,10000.0,case_178,0,0,7684.51171875,7678.1123046875,fno,0018,0.0,7970,0,0.0
4.0,200000.0,0.19999999999999998,25000.0,case_178,0,0,22684.51171875,22678.111328125,fno,0018,0.0,7970,0,0.0
4.0,200000.0,0.19999999999999998,101325.0,case_178,0,0,99009.5078125,99003.109375,fno,0018,0.0,7970,0,0.0
4.0,500000.0,0.5,2500.0,case_179,0,0,75.0576171875,62.71044921875,fno,0018,0.0,7970,0,0.0
4.0,500000.0,0.5,3000.0,case_179,0,0,575.0576171875,562.71044921875,fno,0018,0.0,7970,0,0.0
4.0,500000.0,0.5,5000.0,case_179,0,0,2575.0576171875,2562.71044921875,fno,0018,0.0,7970,0,0.0
4.0,500000.0,0.5,10000.0,case_179,0,0,7575.0576171875,7562.7109375,fno,0018,0.0,7970,0,0.0
4.0,500000.0,0.5,25000.0,case_179,0,0,22575.056640625,22562.7109375,fno,0018,0.0,7970,0,0.0
4.0,500000.0,0.5,101325.0,case_179,0,0,98900.0546875,98887.7109375,fno,0018,0.0,7970,0,0.0
4.0,1000000.0,1.0,2500.0,case_180,0,278,-528.169677734375,-349.804931640625,fno,0018,0.05244667503136763,7552,140,0.01756587202007528
4.0,1000000.0,1.0,3000.0,case_180,0,2,-28.169677734375,150.195068359375,fno,0018,0.0002509410288582183,7968,0,0.0
4.0,1000000.0,1.0,5000.0,case_180,0,0,1971.830078125,2150.19482421875,fno,0018,0.0,7970,0,0.0
4.0,1000000.0,1.0,10000.0,case_180,0,0,6971.830078125,7150.1953125,fno,0018,0.0,7970,0,0.0
4.0,1000000.0,1.0,25000.0,case_180,0,0,21971.830078125,22150.1953125,fno,0018,0.0,7970,0,0.0
4.0,1000000.0,1.0,101325.0,case_180,0,0,98296.828125,98475.1953125,fno,0018,0.0,7970,0,0.0
6.0,100000.0,0.09999999999999999,2500.0,case_181,0,0,195.45166015625,192.713623046875,fno,0018,0.0,7970,0,0.0
6.0,100000.0,0.09999999999999999,3000.0,case_181,0,0,695.45166015625,692.713623046875,fno,0018,0.0,7970,0,0.0
6.0,100000.0,0.09999999999999999,5000.0,case_181,0,0,2695.45166015625,2692.7138671875,fno,0018,0.0,7970,0,0.0
6.0,100000.0,0.09999999999999999,10000.0,case_181,0,0,7695.4521484375,7692.7138671875,fno,0018,0.0,7970,0,0.0
6.0,100000.0,0.09999999999999999,25000.0,case_181,0,0,22695.451171875,22692.712890625,fno,0018,0.0,7970,0,0.0
6.0,100000.0,0.09999999999999999,101325.0,case_181,0,0,99020.453125,99017.7109375,fno,0018,0.0,7970,0,0.0
6.0,200000.0,0.19999999999999998,2500.0,case_182,0,0,180.240478515625,170.652587890625,fno,0018,0.0,7970,0,0.0
6.0,200000.0,0.19999999999999998,3000.0,case_182,0,0,680.240478515625,670.652587890625,fno,0018,0.0,7970,0,0.0
6.0,200000.0,0.19999999999999998,5000.0,case_182,0,0,2680.240234375,2670.65283203125,fno,0018,0.0,7970,0,0.0
6.0,200000.0,0.19999999999999998,10000.0,case_182,0,0,7680.240234375,7670.65234375,fno,0018,0.0,7970,0,0.0
6.0,200000.0,0.19999999999999998,25000.0,case_182,0,0,22680.240234375,22670.65234375,fno,0018,0.0,7970,0,0.0
6.0,200000.0,0.19999999999999998,101325.0,case_182,0,0,99005.2421875,98995.65625,fno,0018,0.0,7970,0,0.0
6.0,500000.0,0.5,2500.0,case_183,0,0,42.87646484375,15.696533203125,fno,0018,0.0,7970,0,0.0
6.0,500000.0,0.5,3000.0,case_183,0,0,542.87646484375,515.696533203125,fno,0018,0.0,7970,0,0.0
6.0,500000.0,0.5,5000.0,case_183,0,0,2542.87646484375,2515.6962890625,fno,0018,0.0,7970,0,0.0
6.0,500000.0,0.5,10000.0,case_183,0,0,7542.876953125,7515.6962890625,fno,0018,0.0,7970,0,0.0
6.0,500000.0,0.5,25000.0,case_183,0,0,22542.876953125,22515.697265625,fno,0018,0.0,7970,0,0.0
6.0,500000.0,0.5,101325.0,case_183,0,0,98867.875,98840.6953125,fno,0018,0.0,7970,0,0.0
6.0,1000000.0,1.0,2500.0,case_184,0,307,-676.9072265625,-538.44677734375,fno,0018,0.06725219573400251,7434,229,0.028732747804265997
6.0,1000000.0,1.0,3000.0,case_184,0,8,-176.9072265625,-38.44677734375,fno,0018,0.0011292346298619825,7961,1,0.00012547051442910915
6.0,1000000.0,1.0,5000.0,case_184,0,0,1823.0927734375,1961.55322265625,fno,0018,0.0,7970,0,0.0
6.0,1000000.0,1.0,10000.0,case_184,0,0,6823.0927734375,6961.552734375,fno,0018,0.0,7970,0,0.0
6.0,1000000.0,1.0,25000.0,case_184,0,0,21823.091796875,21961.552734375,fno,0018,0.0,7970,0,0.0
6.0,1000000.0,1.0,101325.0,case_184,0,0,98148.09375,98286.5546875,fno,0018,0.0,7970,0,0.0
8.0,100000.0,0.09999999999999999,2500.0,case_185,0,0,194.244140625,190.0263671875,fno,0018,0.0,7970,0,0.0
8.0,100000.0,0.09999999999999999,3000.0,case_185,0,0,694.244140625,690.0263671875,fno,0018,0.0,7970,0,0.0
8.0,100000.0,0.09999999999999999,5000.0,case_185,0,0,2694.244140625,2690.0263671875,fno,0018,0.0,7970,0,0.0
8.0,100000.0,0.09999999999999999,10000.0,case_185,0,0,7694.244140625,7690.0263671875,fno,0018,0.0,7970,0,0.0
8.0,100000.0,0.09999999999999999,25000.0,case_185,0,0,22694.244140625,22690.02734375,fno,0018,0.0,7970,0,0.0
8.0,100000.0,0.09999999999999999,101325.0,case_185,0,0,99019.2421875,99015.0234375,fno,0018,0.0,7970,0,0.0
8.0,200000.0,0.19999999999999998,2500.0,case_186,0,0,175.126708984375,161.822265625,fno,0018,0.0,7970,0,0.0
8.0,200000.0,0.19999999999999998,3000.0,case_186,0,0,675.126708984375,661.822265625,fno,0018,0.0,7970,0,0.0
8.0,200000.0,0.19999999999999998,5000.0,case_186,0,0,2675.12646484375,2661.822265625,fno,0018,0.0,7970,0,0.0
8.0,200000.0,0.19999999999999998,10000.0,case_186,0,0,7675.126953125,7661.822265625,fno,0018,0.0,7970,0,0.0
8.0,200000.0,0.19999999999999998,25000.0,case_186,0,0,22675.126953125,22661.822265625,fno,0018,0.0,7970,0,0.0
8.0,200000.0,0.19999999999999998,101325.0,case_186,0,0,99000.125,98986.8203125,fno,0018,0.0,7970,0,0.0
8.0,500000.0,0.5,2500.0,case_187,3,0,8.574951171875,-40.1259765625,fno,0018,0.0,7967,0,0.0003764115432873275
8.0,500000.0,0.5,3000.0,case_187,0,0,508.574951171875,459.8740234375,fno,0018,0.0,7970,0,0.0
8.0,500000.0,0.5,5000.0,case_187,0,0,2508.5751953125,2459.8740234375,fno,0018,0.0,7970,0,0.0
8.0,500000.0,0.5,10000.0,case_187,0,0,7508.5751953125,7459.8740234375,fno,0018,0.0,7970,0,0.0
8.0,500000.0,0.5,25000.0,case_187,0,0,22508.57421875,22459.873046875,fno,0018,0.0,7970,0,0.0
8.0,500000.0,0.5,101325.0,case_187,0,0,98833.578125,98784.875,fno,0018,0.0,7970,0,0.0
8.0,1000000.0,1.0,2500.0,case_188,0,300,-771.9892578125,-763.091796875,fno,0018,0.07804265997490589,7348,322,0.04040150564617315
8.0,1000000.0,1.0,3000.0,case_188,0,14,-271.9892578125,-263.091796875,fno,0018,0.0026348808030112925,7949,7,0.0008782936010037642
8.0,1000000.0,1.0,5000.0,case_188,0,0,1728.0107421875,1736.908203125,fno,0018,0.0,7970,0,0.0
8.0,1000000.0,1.0,10000.0,case_188,0,0,6728.0107421875,6736.908203125,fno,0018,0.0,7970,0,0.0
8.0,1000000.0,1.0,25000.0,case_188,0,0,21728.01171875,21736.908203125,fno,0018,0.0,7970,0,0.0
8.0,1000000.0,1.0,101325.0,case_188,0,0,98053.0078125,98061.90625,fno,0018,0.0,7970,0,0.0
10.0,100000.0,0.09999999999999999,2500.0,case_189,0,0,192.913818359375,186.980712890625,fno,0018,0.0,7970,0,0.0
10.0,100000.0,0.09999999999999999,3000.0,case_189,0,0,692.913818359375,686.980712890625,fno,0018,0.0,7970,0,0.0
10.0,100000.0,0.09999999999999999,5000.0,case_189,0,0,2692.91357421875,2686.98095703125,fno,0018,0.0,7970,0,0.0
10.0,100000.0,0.09999999999999999,10000.0,case_189,0,0,7692.9140625,7686.98046875,fno,0018,0.0,7970,0,0.0
10.0,100000.0,0.09999999999999999,25000.0,case_189,0,0,22692.9140625,22686.98046875,fno,0018,0.0,7970,0,0.0
10.0,100000.0,0.09999999999999999,101325.0,case_189,0,0,99017.9140625,99011.984375,fno,0018,0.0,7970,0,0.0
10.0,200000.0,0.19999999999999998,2500.0,case_190,0,0,169.722900390625,147.224365234375,fno,0018,0.0,7970,0,0.0
10.0,200000.0,0.19999999999999998,3000.0,case_190,0,0,669.722900390625,647.224365234375,fno,0018,0.0,7970,0,0.0
10.0,200000.0,0.19999999999999998,5000.0,case_190,0,0,2669.72265625,2647.224609375,fno,0018,0.0,7970,0,0.0
10.0,200000.0,0.19999999999999998,10000.0,case_190,0,0,7669.72265625,7647.224609375,fno,0018,0.0,7970,0,0.0
10.0,200000.0,0.19999999999999998,25000.0,case_190,0,0,22669.72265625,22647.224609375,fno,0018,0.0,7970,0,0.0
10.0,200000.0,0.19999999999999998,101325.0,case_190,0,0,98994.7265625,98972.2265625,fno,0018,0.0,7970,0,0.0
10.0,500000.0,0.5,2500.0,case_191,4,1,-25.448486328125,-119.437744140625,fno,0018,0.0005018820577164366,7962,3,0.0008782936010037642
10.0,500000.0,0.5,3000.0,case_191,0,0,474.551513671875,380.562255859375,fno,0018,0.0,7970,0,0.0
10.0,500000.0,0.5,5000.0,case_191,0,0,2474.5517578125,2380.56201171875,fno,0018,0.0,7970,0,0.0
10.0,500000.0,0.5,10000.0,case_191,0,0,7474.5517578125,7380.5625,fno,0018,0.0,7970,0,0.0
10.0,500000.0,0.5,25000.0,case_191,0,0,22474.55078125,22380.5625,fno,0018,0.0,7970,0,0.0
10.0,500000.0,0.5,101325.0,case_191,0,0,98799.5546875,98705.5625,fno,0018,0.0,7970,0,0.0
10.0,1000000.0,1.0,2500.0,case_192,0,254,-848.6796875,-1081.6754150390625,fno,0018,0.08544542032622333,7289,427,0.05357590966122961
10.0,1000000.0,1.0,3000.0,case_192,0,17,-348.6796875,-581.6754150390625,fno,0018,0.004015056461731493,7938,15,0.0018820577164366374
10.0,1000000.0,1.0,5000.0,case_192,0,0,1651.3203125,1418.32470703125,fno,0018,0.0,7970,0,0.0
10.0,1000000.0,1.0,10000.0,case_192,0,0,6651.3203125,6418.32421875,fno,0018,0.0,7970,0,0.0
10.0,1000000.0,1.0,25000.0,case_192,0,0,21651.3203125,21418.32421875,fno,0018,0.0,7970,0,0.0
10.0,1000000.0,1.0,101325.0,case_192,0,0,97976.3203125,97743.328125,fno,0018,0.0,7970,0,0.0
-4.0,100000.0,0.09999999999999999,2500.0,case_321,0,0,195.554443359375,195.163818359375,fno,4418,0.0,7975,0,0.0
-4.0,100000.0,0.09999999999999999,3000.0,case_321,0,0,695.554443359375,695.163818359375,fno,4418,0.0,7975,0,0.0
-4.0,100000.0,0.09999999999999999,5000.0,case_321,0,0,2695.55419921875,2695.1640625,fno,4418,0.0,7975,0,0.0
-4.0,100000.0,0.09999999999999999,10000.0,case_321,0,0,7695.5546875,7695.1640625,fno,4418,0.0,7975,0,0.0
-4.0,100000.0,0.09999999999999999,25000.0,case_321,0,0,22695.5546875,22695.1640625,fno,4418,0.0,7975,0,0.0
-4.0,100000.0,0.09999999999999999,101325.0,case_321,0,0,99020.5546875,99020.1640625,fno,4418,0.0,7975,0,0.0
-4.0,200000.0,0.19999999999999998,2500.0,case_322,0,0,182.471923828125,180.60693359375,fno,4418,0.0,7975,0,0.0
-4.0,200000.0,0.19999999999999998,3000.0,case_322,0,0,682.471923828125,680.60693359375,fno,4418,0.0,7975,0,0.0
-4.0,200000.0,0.19999999999999998,5000.0,case_322,0,0,2682.4716796875,2680.60693359375,fno,4418,0.0,7975,0,0.0
-4.0,200000.0,0.19999999999999998,10000.0,case_322,0,0,7682.4716796875,7680.6064453125,fno,4418,0.0,7975,0,0.0
-4.0,200000.0,0.19999999999999998,25000.0,case_322,0,0,22682.47265625,22680.607421875,fno,4418,0.0,7975,0,0.0
-4.0,200000.0,0.19999999999999998,101325.0,case_322,0,0,99007.46875,99005.609375,fno,4418,0.0,7975,0,0.0
-4.0,500000.0,0.5,2500.0,case_323,0,0,97.138427734375,78.342529296875,fno,4418,0.0,7975,0,0.0
-4.0,500000.0,0.5,3000.0,case_323,0,0,597.138427734375,578.342529296875,fno,4418,0.0,7975,0,0.0
-4.0,500000.0,0.5,5000.0,case_323,0,0,2597.138671875,2578.34228515625,fno,4418,0.0,7975,0,0.0
-4.0,500000.0,0.5,10000.0,case_323,0,0,7597.138671875,7578.3427734375,fno,4418,0.0,7975,0,0.0
-4.0,500000.0,0.5,25000.0,case_323,0,0,22597.138671875,22578.341796875,fno,4418,0.0,7975,0,0.0
-4.0,500000.0,0.5,101325.0,case_323,0,0,98922.140625,98903.34375,fno,4418,0.0,7975,0,0.0
-4.0,1000000.0,1.0,2500.0,case_324,42,105,-225.552978515625,-287.235107421875,fno,4418,0.020313479623824453,7771,57,0.012413793103448275
-4.0,1000000.0,1.0,3000.0,case_324,0,0,274.447021484375,212.764892578125,fno,4418,0.0,7975,0,0.0
-4.0,1000000.0,1.0,5000.0,case_324,0,0,2274.44677734375,2212.76513671875,fno,4418,0.0,7975,0,0.0
-4.0,1000000.0,1.0,10000.0,case_324,0,0,7274.447265625,7212.7646484375,fno,4418,0.0,7975,0,0.0
-4.0,1000000.0,1.0,25000.0,case_324,0,0,22274.447265625,22212.765625,fno,4418,0.0,7975,0,0.0
-4.0,1000000.0,1.0,101325.0,case_324,0,0,98599.4453125,98537.765625,fno,4418,0.0,7975,0,0.0
-2.0,100000.0,0.09999999999999999,2500.0,case_325,0,0,195.767333984375,196.4130859375,fno,4418,0.0,7975,0,0.0
-2.0,100000.0,0.09999999999999999,3000.0,case_325,0,0,695.767333984375,696.4130859375,fno,4418,0.0,7975,0,0.0
-2.0,100000.0,0.09999999999999999,5000.0,case_325,0,0,2695.767578125,2696.4130859375,fno,4418,0.0,7975,0,0.0
-2.0,100000.0,0.09999999999999999,10000.0,case_325,0,0,7695.767578125,7696.4130859375,fno,4418,0.0,7975,0,0.0
-2.0,100000.0,0.09999999999999999,25000.0,case_325,0,0,22695.767578125,22696.4140625,fno,4418,0.0,7975,0,0.0
-2.0,100000.0,0.09999999999999999,101325.0,case_325,0,0,99020.765625,99021.4140625,fno,4418,0.0,7975,0,0.0
-2.0,200000.0,0.19999999999999998,2500.0,case_326,0,0,183.476318359375,185.549072265625,fno,4418,0.0,7975,0,0.0
-2.0,200000.0,0.19999999999999998,3000.0,case_326,0,0,683.476318359375,685.549072265625,fno,4418,0.0,7975,0,0.0
-2.0,200000.0,0.19999999999999998,5000.0,case_326,0,0,2683.4765625,2685.548828125,fno,4418,0.0,7975,0,0.0
-2.0,200000.0,0.19999999999999998,10000.0,case_326,0,0,7683.4765625,7685.548828125,fno,4418,0.0,7975,0,0.0
-2.0,200000.0,0.19999999999999998,25000.0,case_326,0,0,22683.4765625,22685.548828125,fno,4418,0.0,7975,0,0.0
-2.0,200000.0,0.19999999999999998,101325.0,case_326,0,0,99008.4765625,99010.546875,fno,4418,0.0,7975,0,0.0
-2.0,500000.0,0.5,2500.0,case_327,0,0,105.68115234375,109.31884765625,fno,4418,0.0,7975,0,0.0
-2.0,500000.0,0.5,3000.0,case_327,0,0,605.68115234375,609.31884765625,fno,4418,0.0,7975,0,0.0
-2.0,500000.0,0.5,5000.0,case_327,0,0,2605.68115234375,2609.31884765625,fno,4418,0.0,7975,0,0.0
-2.0,500000.0,0.5,10000.0,case_327,0,0,7605.6806640625,7609.3193359375,fno,4418,0.0,7975,0,0.0
-2.0,500000.0,0.5,25000.0,case_327,0,0,22605.681640625,22609.318359375,fno,4418,0.0,7975,0,0.0
-2.0,500000.0,0.5,101325.0,case_327,0,0,98930.6796875,98934.3203125,fno,4418,0.0,7975,0,0.0
-2.0,1000000.0,1.0,2500.0,case_328,17,120,-301.3897705078125,-163.20556640625,fno,4418,0.027210031347962384,7741,97,0.014294670846394984
-2.0,1000000.0,1.0,3000.0,case_328,0,0,198.6103515625,336.79443359375,fno,4418,0.0,7975,0,0.0
-2.0,1000000.0,1.0,5000.0,case_328,0,0,2198.6103515625,2336.79443359375,fno,4418,0.0,7975,0,0.0
-2.0,1000000.0,1.0,10000.0,case_328,0,0,7198.6103515625,7336.794921875,fno,4418,0.0,7975,0,0.0
-2.0,1000000.0,1.0,25000.0,case_328,0,0,22198.609375,22336.794921875,fno,4418,0.0,7975,0,0.0
-2.0,1000000.0,1.0,101325.0,case_328,0,0,98523.609375,98661.796875,fno,4418,0.0,7975,0,0.0
0.0,100000.0,0.09999999999999999,2500.0,case_329,0,0,196.115966796875,195.641357421875,fno,4418,0.0,7975,0,0.0
0.0,100000.0,0.09999999999999999,3000.0,case_329,0,0,696.115966796875,695.641357421875,fno,4418,0.0,7975,0,0.0
0.0,100000.0,0.09999999999999999,5000.0,case_329,0,0,2696.1162109375,2695.6416015625,fno,4418,0.0,7975,0,0.0
0.0,100000.0,0.09999999999999999,10000.0,case_329,0,0,7696.1162109375,7695.6416015625,fno,4418,0.0,7975,0,0.0
0.0,100000.0,0.09999999999999999,25000.0,case_329,0,0,22696.115234375,22695.640625,fno,4418,0.0,7975,0,0.0
0.0,100000.0,0.09999999999999999,101325.0,case_329,0,0,99021.1171875,99020.640625,fno,4418,0.0,7975,0,0.0
0.0,200000.0,0.19999999999999998,2500.0,case_330,0,0,185.02685546875,182.413818359375,fno,4418,0.0,7975,0,0.0
0.0,200000.0,0.19999999999999998,3000.0,case_330,0,0,685.02685546875,682.413818359375,fno,4418,0.0,7975,0,0.0
0.0,200000.0,0.19999999999999998,5000.0,case_330,0,0,2685.02685546875,2682.4140625,fno,4418,0.0,7975,0,0.0
0.0,200000.0,0.19999999999999998,10000.0,case_330,0,0,7685.0263671875,7682.4140625,fno,4418,0.0,7975,0,0.0
0.0,200000.0,0.19999999999999998,25000.0,case_330,0,0,22685.02734375,22682.4140625,fno,4418,0.0,7975,0,0.0
0.0,200000.0,0.19999999999999998,101325.0,case_330,0,0,99010.0234375,99007.4140625,fno,4418,0.0,7975,0,0.0
0.0,500000.0,0.5,2500.0,case_331,0,0,89.0341796875,89.517578125,fno,4418,0.0,7975,0,0.0
0.0,500000.0,0.5,3000.0,case_331,0,0,589.0341796875,589.517578125,fno,4418,0.0,7975,0,0.0
0.0,500000.0,0.5,5000.0,case_331,0,0,2589.0341796875,2589.517578125,fno,4418,0.0,7975,0,0.0
0.0,500000.0,0.5,10000.0,case_331,0,0,7589.0341796875,7589.517578125,fno,4418,0.0,7975,0,0.0
0.0,500000.0,0.5,25000.0,case_331,0,0,22589.033203125,22589.517578125,fno,4418,0.0,7975,0,0.0
0.0,500000.0,0.5,101325.0,case_331,0,0,98914.03125,98914.515625,fno,4418,0.0,7975,0,0.0
0.0,1000000.0,1.0,2500.0,case_332,3,119,-387.910400390625,-244.50146484375,fno,4418,0.036489028213166144,7681,172,0.0219435736677116
0.0,1000000.0,1.0,3000.0,case_332,0,0,112.089599609375,255.49853515625,fno,4418,0.0,7975,0,0.0
0.0,1000000.0,1.0,5000.0,case_332,0,0,2112.08935546875,2255.49853515625,fno,4418,0.0,7975,0,0.0
0.0,1000000.0,1.0,10000.0,case_332,0,0,7112.08984375,7255.4990234375,fno,4418,0.0,7975,0,0.0
0.0,1000000.0,1.0,25000.0,case_332,0,0,22112.08984375,22255.498046875,fno,4418,0.0,7975,0,0.0
0.0,1000000.0,1.0,101325.0,case_332,0,0,98437.0859375,98580.5,fno,4418,0.0,7975,0,0.0
2.0,100000.0,0.09999999999999999,2500.0,case_333,0,0,195.849609375,194.81201171875,fno,4418,0.0,7975,0,0.0
2.0,100000.0,0.09999999999999999,3000.0,case_333,0,0,695.849609375,694.81201171875,fno,4418,0.0,7975,0,0.0
2.0,100000.0,0.09999999999999999,5000.0,case_333,0,0,2695.849609375,2694.81201171875,fno,4418,0.0,7975,0,0.0
2.0,100000.0,0.09999999999999999,10000.0,case_333,0,0,7695.849609375,7694.8115234375,fno,4418,0.0,7975,0,0.0
2.0,100000.0,0.09999999999999999,25000.0,case_333,0,0,22695.849609375,22694.8125,fno,4418,0.0,7975,0,0.0
2.0,100000.0,0.09999999999999999,101325.0,case_333,0,0,99020.8515625,99019.8125,fno,4418,0.0,7975,0,0.0
2.0,200000.0,0.19999999999999998,2500.0,case_334,0,0,182.391845703125,179.06689453125,fno,4418,0.0,7975,0,0.0
2.0,200000.0,0.19999999999999998,3000.0,case_334,0,0,682.391845703125,679.06689453125,fno,4418,0.0,7975,0,0.0
2.0,200000.0,0.19999999999999998,5000.0,case_334,0,0,2682.39208984375,2679.06689453125,fno,4418,0.0,7975,0,0.0
2.0,200000.0,0.19999999999999998,10000.0,case_334,0,0,7682.3916015625,7679.0673828125,fno,4418,0.0,7975,0,0.0
2.0,200000.0,0.19999999999999998,25000.0,case_334,0,0,22682.392578125,22679.06640625,fno,4418,0.0,7975,0,0.0
2.0,200000.0,0.19999999999999998,101325.0,case_334,0,0,99007.390625,99004.0703125,fno,4418,0.0,7975,0,0.0
2.0,500000.0,0.5,2500.0,case_335,0,0,69.63427734375,68.273681640625,fno,4418,0.0,7975,0,0.0
2.0,500000.0,0.5,3000.0,case_335,0,0,569.63427734375,568.273681640625,fno,4418,0.0,7975,0,0.0
2.0,500000.0,0.5,5000.0,case_335,0,0,2569.63427734375,2568.2734375,fno,4418,0.0,7975,0,0.0
2.0,500000.0,0.5,10000.0,case_335,0,0,7569.634765625,7568.2734375,fno,4418,0.0,7975,0,0.0
2.0,500000.0,0.5,25000.0,case_335,0,0,22569.634765625,22568.2734375,fno,4418,0.0,7975,0,0.0
2.0,500000.0,0.5,101325.0,case_335,0,0,98894.6328125,98893.2734375,fno,4418,0.0,7975,0,0.0
2.0,1000000.0,1.0,2500.0,case_336,0,173,-554.300537109375,-328.09521484375,fno,4418,0.05517241379310345,7535,267,0.03347962382445141
2.0,1000000.0,1.0,3000.0,case_336,0,2,-54.300537109375,171.90478515625,fno,4418,0.00025078369905956113,7973,0,0.0
2.0,1000000.0,1.0,5000.0,case_336,0,0,1945.69921875,2171.90478515625,fno,4418,0.0,7975,0,0.0
2.0,1000000.0,1.0,10000.0,case_336,0,0,6945.69921875,7171.904296875,fno,4418,0.0,7975,0,0.0
2.0,1000000.0,1.0,25000.0,case_336,0,0,21945.69921875,22171.904296875,fno,4418,0.0,7975,0,0.0
2.0,1000000.0,1.0,101325.0,case_336,0,0,98270.703125,98496.90625,fno,4418,0.0,7975,0,0.0
4.0,100000.0,0.09999999999999999,2500.0,case_337,0,0,195.1025390625,193.659423828125,fno,4418,0.0,7975,0,0.0
4.0,100000.0,0.09999999999999999,3000.0,case_337,0,0,695.1025390625,693.659423828125,fno,4418,0.0,7975,0,0.0
4.0,100000.0,0.09999999999999999,5000.0,case_337,0,0,2695.1025390625,2693.6591796875,fno,4418,0.0,7975,0,0.0
4.0,100000.0,0.09999999999999999,10000.0,case_337,0,0,7695.1025390625,7693.6591796875,fno,4418,0.0,7975,0,0.0
4.0,100000.0,0.09999999999999999,25000.0,case_337,0,0,22695.103515625,22693.66015625,fno,4418,0.0,7975,0,0.0
4.0,100000.0,0.09999999999999999,101325.0,case_337,0,0,99020.1015625,99018.65625,fno,4418,0.0,7975,0,0.0
4.0,200000.0,0.19999999999999998,2500.0,case_338,0,0,179.30126953125,174.443359375,fno,4418,0.0,7975,0,0.0
4.0,200000.0,0.19999999999999998,3000.0,case_338,0,0,679.30126953125,674.443359375,fno,4418,0.0,7975,0,0.0
4.0,200000.0,0.19999999999999998,5000.0,case_338,0,0,2679.30126953125,2674.443359375,fno,4418,0.0,7975,0,0.0
4.0,200000.0,0.19999999999999998,10000.0,case_338,0,0,7679.30078125,7674.443359375,fno,4418,0.0,7975,0,0.0
4.0,200000.0,0.19999999999999998,25000.0,case_338,0,0,22679.30078125,22674.443359375,fno,4418,0.0,7975,0,0.0
4.0,200000.0,0.19999999999999998,101325.0,case_338,0,0,99004.3046875,98999.4453125,fno,4418,0.0,7975,0,0.0
4.0,500000.0,0.5,2500.0,case_339,0,0,45.294189453125,39.06787109375,fno,4418,0.0,7975,0,0.0
4.0,500000.0,0.5,3000.0,case_339,0,0,545.294189453125,539.06787109375,fno,4418,0.0,7975,0,0.0
4.0,500000.0,0.5,5000.0,case_339,0,0,2545.2939453125,2539.06787109375,fno,4418,0.0,7975,0,0.0
4.0,500000.0,0.5,10000.0,case_339,0,0,7545.2939453125,7539.068359375,fno,4418,0.0,7975,0,0.0
4.0,500000.0,0.5,25000.0,case_339,0,0,22545.294921875,22539.068359375,fno,4418,0.0,7975,0,0.0
4.0,500000.0,0.5,101325.0,case_339,0,0,98870.296875,98864.0703125,fno,4418,0.0,7975,0,0.0
4.0,1000000.0,1.0,2500.0,case_340,1,189,-740.465087890625,-445.319091796875,fno,4418,0.07134796238244515,7405,380,0.047774294670846394
4.0,1000000.0,1.0,3000.0,case_340,0,15,-240.465087890625,54.680908203125,fno,4418,0.0018808777429467085,7960,0,0.0
4.0,1000000.0,1.0,5000.0,case_340,0,0,1759.534912109375,2054.68115234375,fno,4418,0.0,7975,0,0.0
4.0,1000000.0,1.0,10000.0,case_340,0,0,6759.53515625,7054.6806640625,fno,4418,0.0,7975,0,0.0
4.0,1000000.0,1.0,25000.0,case_340,0,0,21759.53515625,22054.681640625,fno,4418,0.0,7975,0,0.0
4.0,1000000.0,1.0,101325.0,case_340,0,0,98084.53125,98379.6796875,fno,4418,0.0,7975,0,0.0
6.0,100000.0,0.09999999999999999,2500.0,case_341,0,0,194.287109375,192.252197265625,fno,4418,0.0,7975,0,0.0
6.0,100000.0,0.09999999999999999,3000.0,case_341,0,0,694.287109375,692.252197265625,fno,4418,0.0,7975,0,0.0
6.0,100000.0,0.09999999999999999,5000.0,case_341,0,0,2694.287109375,2692.25244140625,fno,4418,0.0,7975,0,0.0
6.0,100000.0,0.09999999999999999,10000.0,case_341,0,0,7694.287109375,7692.251953125,fno,4418,0.0,7975,0,0.0
6.0,100000.0,0.09999999999999999,25000.0,case_341,0,0,22694.287109375,22692.251953125,fno,4418,0.0,7975,0,0.0
6.0,100000.0,0.09999999999999999,101325.0,case_341,0,0,99019.2890625,99017.25,fno,4418,0.0,7975,0,0.0
6.0,200000.0,0.19999999999999998,2500.0,case_342,0,0,175.494140625,168.659912109375,fno,4418,0.0,7975,0,0.0
6.0,200000.0,0.19999999999999998,3000.0,case_342,0,0,675.494140625,668.659912109375,fno,4418,0.0,7975,0,0.0
6.0,200000.0,0.19999999999999998,5000.0,case_342,0,0,2675.494140625,2668.66015625,fno,4418,0.0,7975,0,0.0
6.0,200000.0,0.19999999999999998,10000.0,case_342,0,0,7675.494140625,7668.66015625,fno,4418,0.0,7975,0,0.0
6.0,200000.0,0.19999999999999998,25000.0,case_342,0,0,22675.494140625,22668.66015625,fno,4418,0.0,7975,0,0.0
6.0,200000.0,0.19999999999999998,101325.0,case_342,0,0,99000.4921875,98993.65625,fno,4418,0.0,7975,0,0.0
6.0,500000.0,0.5,2500.0,case_343,0,1,-0.237060546875,5.263671875,fno,4418,0.00012539184952978057,7974,0,0.0
6.0,500000.0,0.5,3000.0,case_343,0,0,499.762939453125,505.263671875,fno,4418,0.0,7975,0,0.0
6.0,500000.0,0.5,5000.0,case_343,0,0,2499.76318359375,2505.263671875,fno,4418,0.0,7975,0,0.0
6.0,500000.0,0.5,10000.0,case_343,0,0,7499.7626953125,7505.263671875,fno,4418,0.0,7975,0,0.0
6.0,500000.0,0.5,25000.0,case_343,0,0,22499.763671875,22505.263671875,fno,4418,0.0,7975,0,0.0
6.0,500000.0,0.5,101325.0,case_343,0,0,98824.765625,98830.265625,fno,4418,0.0,7975,0,0.0
6.0,1000000.0,1.0,2500.0,case_344,5,156,-840.2591552734375,-589.191650390625,fno,4418,0.08413793103448276,7299,515,0.0652037617554859
6.0,1000000.0,1.0,3000.0,case_344,0,21,-340.2591552734375,-89.191650390625,fno,4418,0.0035109717868338558,7947,7,0.0008777429467084639
6.0,1000000.0,1.0,5000.0,case_344,0,0,1659.74072265625,1910.80810546875,fno,4418,0.0,7975,0,0.0
6.0,1000000.0,1.0,10000.0,case_344,0,0,6659.7412109375,6910.80859375,fno,4418,0.0,7975,0,0.0
6.0,1000000.0,1.0,25000.0,case_344,0,0,21659.740234375,21910.80859375,fno,4418,0.0,7975,0,0.0
6.0,1000000.0,1.0,101325.0,case_344,0,0,97984.7421875,98235.8046875,fno,4418,0.0,7975,0,0.0
8.0,100000.0,0.09999999999999999,2500.0,case_345,0,0,192.749267578125,190.67626953125,fno,4418,0.0,7975,0,0.0
8.0,100000.0,0.09999999999999999,3000.0,case_345,0,0,692.749267578125,690.67626953125,fno,4418,0.0,7975,0,0.0
8.0,100000.0,0.09999999999999999,5000.0,case_345,0,0,2692.74951171875,2690.67626953125,fno,4418,0.0,7975,0,0.0
8.0,100000.0,0.09999999999999999,10000.0,case_345,0,0,7692.7490234375,7690.6767578125,fno,4418,0.0,7975,0,0.0
8.0,100000.0,0.09999999999999999,25000.0,case_345,0,0,22692.75,22690.67578125,fno,4418,0.0,7975,0,0.0
8.0,100000.0,0.09999999999999999,101325.0,case_345,0,0,99017.75,99015.6796875,fno,4418,0.0,7975,0,0.0
8.0,200000.0,0.19999999999999998,2500.0,case_346,0,0,168.321533203125,163.216796875,fno,4418,0.0,7975,0,0.0
8.0,200000.0,0.19999999999999998,3000.0,case_346,0,0,668.321533203125,663.216796875,fno,4418,0.0,7975,0,0.0
8.0,200000.0,0.19999999999999998,5000.0,case_346,0,0,2668.32177734375,2663.216796875,fno,4418,0.0,7975,0,0.0
8.0,200000.0,0.19999999999999998,10000.0,case_346,0,0,7668.3212890625,7663.216796875,fno,4418,0.0,7975,0,0.0
8.0,200000.0,0.19999999999999998,25000.0,case_346,0,0,22668.322265625,22663.216796875,fno,4418,0.0,7975,0,0.0
8.0,200000.0,0.19999999999999998,101325.0,case_346,0,0,98993.3203125,98988.21875,fno,4418,0.0,7975,0,0.0
8.0,500000.0,0.5,2500.0,case_347,0,4,-43.20361328125,-32.08056640625,fno,4418,0.0012539184952978057,7965,6,0.0007523510971786833
8.0,500000.0,0.5,3000.0,case_347,0,0,456.79638671875,467.91943359375,fno,4418,0.0,7975,0,0.0
8.0,500000.0,0.5,5000.0,case_347,0,0,2456.79638671875,2467.91943359375,fno,4418,0.0,7975,0,0.0
8.0,500000.0,0.5,10000.0,case_347,0,0,7456.796875,7467.919921875,fno,4418,0.0,7975,0,0.0
8.0,500000.0,0.5,25000.0,case_347,0,0,22456.796875,22467.919921875,fno,4418,0.0,7975,0,0.0
8.0,500000.0,0.5,101325.0,case_347,0,0,98781.796875,98792.921875,fno,4418,0.0,7975,0,0.0
8.0,1000000.0,1.0,2500.0,case_348,15,104,-910.595458984375,-731.254150390625,fno,4418,0.09216300940438872,7225,631,0.08100313479623825
8.0,1000000.0,1.0,3000.0,case_348,0,21,-410.595458984375,-231.254150390625,fno,4418,0.005391849529780565,7932,22,0.002758620689655172
8.0,1000000.0,1.0,5000.0,case_348,0,0,1589.404541015625,1768.745849609375,fno,4418,0.0,7975,0,0.0
8.0,1000000.0,1.0,10000.0,case_348,0,0,6589.404296875,6768.74609375,fno,4418,0.0,7975,0,0.0
8.0,1000000.0,1.0,25000.0,case_348,0,0,21589.404296875,21768.74609375,fno,4418,0.0,7975,0,0.0
8.0,1000000.0,1.0,101325.0,case_348,0,0,97914.40625,98093.7421875,fno,4418,0.0,7975,0,0.0
10.0,100000.0,0.09999999999999999,2500.0,case_349,0,0,190.87158203125,188.794677734375,fno,4418,0.0,7975,0,0.0
10.0,100000.0,0.09999999999999999,3000.0,case_349,0,0,690.87158203125,688.794677734375,fno,4418,0.0,7975,0,0.0
10.0,100000.0,0.09999999999999999,5000.0,case_349,0,0,2690.87158203125,2688.794921875,fno,4418,0.0,7975,0,0.0
10.0,100000.0,0.09999999999999999,10000.0,case_349,0,0,7690.8720703125,7688.794921875,fno,4418,0.0,7975,0,0.0
10.0,100000.0,0.09999999999999999,25000.0,case_349,0,0,22690.87109375,22688.794921875,fno,4418,0.0,7975,0,0.0
10.0,100000.0,0.09999999999999999,101325.0,case_349,0,0,99015.875,99013.796875,fno,4418,0.0,7975,0,0.0
10.0,200000.0,0.19999999999999998,2500.0,case_350,0,0,161.272216796875,155.97265625,fno,4418,0.0,7975,0,0.0
10.0,200000.0,0.19999999999999998,3000.0,case_350,0,0,661.272216796875,655.97265625,fno,4418,0.0,7975,0,0.0
10.0,200000.0,0.19999999999999998,5000.0,case_350,0,0,2661.27197265625,2655.97265625,fno,4418,0.0,7975,0,0.0
10.0,200000.0,0.19999999999999998,10000.0,case_350,0,0,7661.2724609375,7655.97265625,fno,4418,0.0,7975,0,0.0
10.0,200000.0,0.19999999999999998,25000.0,case_350,0,0,22661.271484375,22655.97265625,fno,4418,0.0,7975,0,0.0
10.0,200000.0,0.19999999999999998,101325.0,case_350,0,0,98986.2734375,98980.9765625,fno,4418,0.0,7975,0,0.0
10.0,500000.0,0.5,2500.0,case_351,6,1,-64.5908203125,-77.8056640625,fno,4418,0.0018808777429467085,7954,14,0.0025078369905956114
10.0,500000.0,0.5,3000.0,case_351,0,0,435.4091796875,422.1943359375,fno,4418,0.0,7975,0,0.0
10.0,500000.0,0.5,5000.0,case_351,0,0,2435.4091796875,2422.1943359375,fno,4418,0.0,7975,0,0.0
10.0,500000.0,0.5,10000.0,case_351,0,0,7435.4091796875,7422.1943359375,fno,4418,0.0,7975,0,0.0
10.0,500000.0,0.5,25000.0,case_351,0,0,22435.408203125,22422.1953125,fno,4418,0.0,7975,0,0.0
10.0,500000.0,0.5,101325.0,case_351,0,0,98760.40625,98747.1953125,fno,4418,0.0,7975,0,0.0
10.0,1000000.0,1.0,2500.0,case_352,17,94,-977.1920166015625,-914.831787109375,fno,4418,0.10846394984326019,7093,771,0.09880877742946709
10.0,1000000.0,1.0,3000.0,case_352,5,15,-477.1920166015625,-414.831787109375,fno,4418,0.006269592476489028,7920,35,0.005015673981191223
10.0,1000000.0,1.0,5000.0,case_352,0,0,1522.80810546875,1585.168212890625,fno,4418,0.0,7975,0,0.0
10.0,1000000.0,1.0,10000.0,case_352,0,0,6522.8076171875,6585.16796875,fno,4418,0.0,7975,0,0.0
10.0,1000000.0,1.0,25000.0,case_352,0,0,21522.80859375,21585.16796875,fno,4418,0.0,7975,0,0.0
10.0,1000000.0,1.0,101325.0,case_352,0,0,97847.8046875,97910.171875,fno,4418,0.0,7975,0,0.0
-4.0,100000.0,0.09999999999999999,2500.0,case_161,0,0,196.3984375,193.923583984375,deeponet,0018,0.0,7970,0,0.0
-4.0,100000.0,0.09999999999999999,3000.0,case_161,0,0,696.3984375,693.923583984375,deeponet,0018,0.0,7970,0,0.0
-4.0,100000.0,0.09999999999999999,5000.0,case_161,0,0,2696.3984375,2693.923828125,deeponet,0018,0.0,7970,0,0.0
-4.0,100000.0,0.09999999999999999,10000.0,case_161,0,0,7696.3984375,7693.923828125,deeponet,0018,0.0,7970,0,0.0
-4.0,100000.0,0.09999999999999999,25000.0,case_161,0,0,22696.3984375,22693.923828125,deeponet,0018,0.0,7970,0,0.0
-4.0,100000.0,0.09999999999999999,101325.0,case_161,0,0,99021.3984375,99018.921875,deeponet,0018,0.0,7970,0,0.0
-4.0,200000.0,0.19999999999999998,2500.0,case_162,0,0,185.205322265625,175.363525390625,deeponet,0018,0.0,7970,0,0.0
-4.0,200000.0,0.19999999999999998,3000.0,case_162,0,0,685.205322265625,675.363525390625,deeponet,0018,0.0,7970,0,0.0
-4.0,200000.0,0.19999999999999998,5000.0,case_162,0,0,2685.20556640625,2675.36376953125,deeponet,0018,0.0,7970,0,0.0
-4.0,200000.0,0.19999999999999998,10000.0,case_162,0,0,7685.205078125,7675.36328125,deeponet,0018,0.0,7970,0,0.0
-4.0,200000.0,0.19999999999999998,25000.0,case_162,0,0,22685.205078125,22675.36328125,deeponet,0018,0.0,7970,0,0.0
-4.0,200000.0,0.19999999999999998,101325.0,case_162,0,0,99010.203125,99000.3671875,deeponet,0018,0.0,7970,0,0.0
-4.0,500000.0,0.5,2500.0,case_163,0,0,98.137451171875,46.363525390625,deeponet,0018,0.0,7970,0,0.0
-4.0,500000.0,0.5,3000.0,case_163,0,0,598.137451171875,546.363525390625,deeponet,0018,0.0,7970,0,0.0
-4.0,500000.0,0.5,5000.0,case_163,0,0,2598.1376953125,2546.36376953125,deeponet,0018,0.0,7970,0,0.0
-4.0,500000.0,0.5,10000.0,case_163,0,0,7598.1376953125,7546.36328125,deeponet,0018,0.0,7970,0,0.0
-4.0,500000.0,0.5,25000.0,case_163,0,0,22598.13671875,22546.36328125,deeponet,0018,0.0,7970,0,0.0
-4.0,500000.0,0.5,101325.0,case_163,0,0,98923.140625,98871.3671875,deeponet,0018,0.0,7970,0,0.0
-4.0,1000000.0,1.0,2500.0,case_164,93,0,-238.18603515625,-416.660400390625,deeponet,0018,0.013676286072772898,7768,109,0.02534504391468005
-4.0,1000000.0,1.0,3000.0,case_164,0,0,261.81396484375,83.339599609375,deeponet,0018,0.0,7970,0,0.0
-4.0,1000000.0,1.0,5000.0,case_164,0,0,2261.81396484375,2083.33935546875,deeponet,0018,0.0,7970,0,0.0
-4.0,1000000.0,1.0,10000.0,case_164,0,0,7261.814453125,7083.33984375,deeponet,0018,0.0,7970,0,0.0
-4.0,1000000.0,1.0,25000.0,case_164,0,0,22261.814453125,22083.33984375,deeponet,0018,0.0,7970,0,0.0
-4.0,1000000.0,1.0,101325.0,case_164,0,0,98586.8125,98408.3359375,deeponet,0018,0.0,7970,0,0.0
-2.0,100000.0,0.09999999999999999,2500.0,case_165,0,0,197.28173828125,195.628173828125,deeponet,0018,0.0,7970,0,0.0
-2.0,100000.0,0.09999999999999999,3000.0,case_165,0,0,697.28173828125,695.628173828125,deeponet,0018,0.0,7970,0,0.0
-2.0,100000.0,0.09999999999999999,5000.0,case_165,0,0,2697.28173828125,2695.62841796875,deeponet,0018,0.0,7970,0,0.0
-2.0,100000.0,0.09999999999999999,10000.0,case_165,0,0,7697.28125,7695.6279296875,deeponet,0018,0.0,7970,0,0.0
-2.0,100000.0,0.09999999999999999,25000.0,case_165,0,0,22697.28125,22695.62890625,deeponet,0018,0.0,7970,0,0.0
-2.0,100000.0,0.09999999999999999,101325.0,case_165,0,0,99022.28125,99020.625,deeponet,0018,0.0,7970,0,0.0
-2.0,200000.0,0.19999999999999998,2500.0,case_166,0,0,188.74609375,182.422119140625,deeponet,0018,0.0,7970,0,0.0
-2.0,200000.0,0.19999999999999998,3000.0,case_166,0,0,688.74609375,682.422119140625,deeponet,0018,0.0,7970,0,0.0
-2.0,200000.0,0.19999999999999998,5000.0,case_166,0,0,2688.74609375,2682.42236328125,deeponet,0018,0.0,7970,0,0.0
-2.0,200000.0,0.19999999999999998,10000.0,case_166,0,0,7688.74609375,7682.421875,deeponet,0018,0.0,7970,0,0.0
-2.0,200000.0,0.19999999999999998,25000.0,case_166,0,0,22688.74609375,22682.421875,deeponet,0018,0.0,7970,0,0.0
-2.0,200000.0,0.19999999999999998,101325.0,case_166,0,0,99013.75,99007.421875,deeponet,0018,0.0,7970,0,0.0
-2.0,500000.0,0.5,2500.0,case_167,0,0,122.601318359375,89.1865234375,deeponet,0018,0.0,7970,0,0.0
-2.0,500000.0,0.5,3000.0,case_167,0,0,622.601318359375,589.1865234375,deeponet,0018,0.0,7970,0,0.0
-2.0,500000.0,0.5,5000.0,case_167,0,0,2622.6015625,2589.1865234375,deeponet,0018,0.0,7970,0,0.0
-2.0,500000.0,0.5,10000.0,case_167,0,0,7622.6015625,7589.1865234375,deeponet,0018,0.0,7970,0,0.0
-2.0,500000.0,0.5,25000.0,case_167,0,0,22622.6015625,22589.1875,deeponet,0018,0.0,7970,0,0.0
-2.0,500000.0,0.5,101325.0,case_167,0,0,98947.6015625,98914.1875,deeponet,0018,0.0,7970,0,0.0
-2.0,1000000.0,1.0,2500.0,case_168,72,20,-130.973388671875,-244.521240234375,deeponet,0018,0.008281053952321205,7832,46,0.014805520702634882
-2.0,1000000.0,1.0,3000.0,case_168,0,0,369.026611328125,255.478759765625,deeponet,0018,0.0,7970,0,0.0
-2.0,1000000.0,1.0,5000.0,case_168,0,0,2369.02685546875,2255.47900390625,deeponet,0018,0.0,7970,0,0.0
-2.0,1000000.0,1.0,10000.0,case_168,0,0,7369.0263671875,7255.478515625,deeponet,0018,0.0,7970,0,0.0
-2.0,1000000.0,1.0,25000.0,case_168,0,0,22369.02734375,22255.478515625,deeponet,0018,0.0,7970,0,0.0
-2.0,1000000.0,1.0,101325.0,case_168,0,0,98694.0234375,98580.4765625,deeponet,0018,0.0,7970,0,0.0
0.0,100000.0,0.09999999999999999,2500.0,case_169,0,0,197.560302734375,196.777587890625,deeponet,0018,0.0,7970,0,0.0
0.0,100000.0,0.09999999999999999,3000.0,case_169,0,0,697.560302734375,696.777587890625,deeponet,0018,0.0,7970,0,0.0
0.0,100000.0,0.09999999999999999,5000.0,case_169,0,0,2697.56005859375,2696.77734375,deeponet,0018,0.0,7970,0,0.0
0.0,100000.0,0.09999999999999999,10000.0,case_169,0,0,7697.560546875,7696.77734375,deeponet,0018,0.0,7970,0,0.0
0.0,100000.0,0.09999999999999999,25000.0,case_169,0,0,22697.560546875,22696.77734375,deeponet,0018,0.0,7970,0,0.0
0.0,100000.0,0.09999999999999999,101325.0,case_169,0,0,99022.5625,99021.78125,deeponet,0018,0.0,7970,0,0.0
0.0,200000.0,0.19999999999999998,2500.0,case_170,0,0,190.394287109375,187.0283203125,deeponet,0018,0.0,7970,0,0.0
0.0,200000.0,0.19999999999999998,3000.0,case_170,0,0,690.394287109375,687.0283203125,deeponet,0018,0.0,7970,0,0.0
0.0,200000.0,0.19999999999999998,5000.0,case_170,0,0,2690.39453125,2687.0283203125,deeponet,0018,0.0,7970,0,0.0
0.0,200000.0,0.19999999999999998,10000.0,case_170,0,0,7690.39453125,7687.0283203125,deeponet,0018,0.0,7970,0,0.0
0.0,200000.0,0.19999999999999998,25000.0,case_170,0,0,22690.39453125,22687.029296875,deeponet,0018,0.0,7970,0,0.0
0.0,200000.0,0.19999999999999998,101325.0,case_170,0,0,99015.390625,99012.03125,deeponet,0018,0.0,7970,0,0.0
0.0,500000.0,0.5,2500.0,case_171,0,0,136.31494140625,118.266845703125,deeponet,0018,0.0,7970,0,0.0
0.0,500000.0,0.5,3000.0,case_171,0,0,636.31494140625,618.266845703125,deeponet,0018,0.0,7970,0,0.0
0.0,500000.0,0.5,5000.0,case_171,0,0,2636.31494140625,2618.2666015625,deeponet,0018,0.0,7970,0,0.0
0.0,500000.0,0.5,10000.0,case_171,0,0,7636.314453125,7618.2666015625,deeponet,0018,0.0,7970,0,0.0
0.0,500000.0,0.5,25000.0,case_171,0,0,22636.314453125,22618.267578125,deeponet,0018,0.0,7970,0,0.0
0.0,500000.0,0.5,101325.0,case_171,0,0,98961.3125,98943.265625,deeponet,0018,0.0,7970,0,0.0
0.0,1000000.0,1.0,2500.0,case_172,44,48,-130.823974609375,-127.8173828125,deeponet,0018,0.00915934755332497,7853,25,0.008657465495608531
0.0,1000000.0,1.0,3000.0,case_172,0,0,369.176025390625,372.1826171875,deeponet,0018,0.0,7970,0,0.0
0.0,1000000.0,1.0,5000.0,case_172,0,0,2369.17578125,2372.1826171875,deeponet,0018,0.0,7970,0,0.0
0.0,1000000.0,1.0,10000.0,case_172,0,0,7369.17578125,7372.1826171875,deeponet,0018,0.0,7970,0,0.0
0.0,1000000.0,1.0,25000.0,case_172,0,0,22369.17578125,22372.18359375,deeponet,0018,0.0,7970,0,0.0
0.0,1000000.0,1.0,101325.0,case_172,0,0,98694.1796875,98697.1796875,deeponet,0018,0.0,7970,0,0.0
2.0,100000.0,0.09999999999999999,2500.0,case_173,0,0,197.0029296875,196.198974609375,deeponet,0018,0.0,7970,0,0.0
2.0,100000.0,0.09999999999999999,3000.0,case_173,0,0,697.0029296875,696.198974609375,deeponet,0018,0.0,7970,0,0.0
2.0,100000.0,0.09999999999999999,5000.0,case_173,0,0,2697.0029296875,2696.19921875,deeponet,0018,0.0,7970,0,0.0
2.0,100000.0,0.09999999999999999,10000.0,case_173,0,0,7697.0029296875,7696.19921875,deeponet,0018,0.0,7970,0,0.0
2.0,100000.0,0.09999999999999999,25000.0,case_173,0,0,22697.001953125,22696.19921875,deeponet,0018,0.0,7970,0,0.0
2.0,100000.0,0.09999999999999999,101325.0,case_173,0,0,99022.0,99021.1953125,deeponet,0018,0.0,7970,0,0.0
2.0,200000.0,0.19999999999999998,2500.0,case_174,0,0,188.355712890625,184.7294921875,deeponet,0018,0.0,7970,0,0.0
2.0,200000.0,0.19999999999999998,3000.0,case_174,0,0,688.355712890625,684.7294921875,deeponet,0018,0.0,7970,0,0.0
2.0,200000.0,0.19999999999999998,5000.0,case_174,0,0,2688.35595703125,2684.7294921875,deeponet,0018,0.0,7970,0,0.0
2.0,200000.0,0.19999999999999998,10000.0,case_174,0,0,7688.35546875,7684.7294921875,deeponet,0018,0.0,7970,0,0.0
2.0,200000.0,0.19999999999999998,25000.0,case_174,0,0,22688.35546875,22684.728515625,deeponet,0018,0.0,7970,0,0.0
2.0,200000.0,0.19999999999999998,101325.0,case_174,0,0,99013.359375,99009.7265625,deeponet,0018,0.0,7970,0,0.0
2.0,500000.0,0.5,2500.0,case_175,0,0,125.228271484375,104.596435546875,deeponet,0018,0.0,7970,0,0.0
2.0,500000.0,0.5,3000.0,case_175,0,0,625.228271484375,604.596435546875,deeponet,0018,0.0,7970,0,0.0
2.0,500000.0,0.5,5000.0,case_175,0,0,2625.228515625,2604.5966796875,deeponet,0018,0.0,7970,0,0.0
2.0,500000.0,0.5,10000.0,case_175,0,0,7625.228515625,7604.5966796875,deeponet,0018,0.0,7970,0,0.0
2.0,500000.0,0.5,25000.0,case_175,0,0,22625.228515625,22604.595703125,deeponet,0018,0.0,7970,0,0.0
2.0,500000.0,0.5,101325.0,case_175,0,0,98950.2265625,98929.59375,deeponet,0018,0.0,7970,0,0.0
2.0,1000000.0,1.0,2500.0,case_176,18,14,-133.2431640625,-181.80224609375,deeponet,0018,0.00903387703889586,7880,58,0.009535759096612296
2.0,1000000.0,1.0,3000.0,case_176,0,0,366.7568359375,318.19775390625,deeponet,0018,0.0,7970,0,0.0
2.0,1000000.0,1.0,5000.0,case_176,0,0,2366.7568359375,2318.19775390625,deeponet,0018,0.0,7970,0,0.0
2.0,1000000.0,1.0,10000.0,case_176,0,0,7366.7568359375,7318.1982421875,deeponet,0018,0.0,7970,0,0.0
2.0,1000000.0,1.0,25000.0,case_176,0,0,22366.755859375,22318.197265625,deeponet,0018,0.0,7970,0,0.0
2.0,1000000.0,1.0,101325.0,case_176,0,0,98691.7578125,98643.1953125,deeponet,0018,0.0,7970,0,0.0
4.0,100000.0,0.09999999999999999,2500.0,case_177,0,0,196.3466796875,194.564697265625,deeponet,0018,0.0,7970,0,0.0
4.0,100000.0,0.09999999999999999,3000.0,case_177,0,0,696.3466796875,694.564697265625,deeponet,0018,0.0,7970,0,0.0
4.0,100000.0,0.09999999999999999,5000.0,case_177,0,0,2696.3466796875,2694.56494140625,deeponet,0018,0.0,7970,0,0.0
4.0,100000.0,0.09999999999999999,10000.0,case_177,0,0,7696.3466796875,7694.564453125,deeponet,0018,0.0,7970,0,0.0
4.0,100000.0,0.09999999999999999,25000.0,case_177,0,0,22696.34765625,22694.564453125,deeponet,0018,0.0,7970,0,0.0
4.0,100000.0,0.09999999999999999,101325.0,case_177,0,0,99021.34375,99019.5625,deeponet,0018,0.0,7970,0,0.0
4.0,200000.0,0.19999999999999998,2500.0,case_178,0,0,185.710205078125,178.11181640625,deeponet,0018,0.0,7970,0,0.0
4.0,200000.0,0.19999999999999998,3000.0,case_178,0,0,685.710205078125,678.11181640625,deeponet,0018,0.0,7970,0,0.0
4.0,200000.0,0.19999999999999998,5000.0,case_178,0,0,2685.71044921875,2678.11181640625,deeponet,0018,0.0,7970,0,0.0
4.0,200000.0,0.19999999999999998,10000.0,case_178,0,0,7685.7099609375,7678.1123046875,deeponet,0018,0.0,7970,0,0.0
4.0,200000.0,0.19999999999999998,25000.0,case_178,0,0,22685.7109375,22678.111328125,deeponet,0018,0.0,7970,0,0.0
4.0,200000.0,0.19999999999999998,101325.0,case_178,0,0,99010.7109375,99003.109375,deeponet,0018,0.0,7970,0,0.0
4.0,500000.0,0.5,2500.0,case_179,0,0,108.260498046875,62.71044921875,deeponet,0018,0.0,7970,0,0.0
4.0,500000.0,0.5,3000.0,case_179,0,0,608.260498046875,562.71044921875,deeponet,0018,0.0,7970,0,0.0
4.0,500000.0,0.5,5000.0,case_179,0,0,2608.2607421875,2562.71044921875,deeponet,0018,0.0,7970,0,0.0
4.0,500000.0,0.5,10000.0,case_179,0,0,7608.2607421875,7562.7109375,deeponet,0018,0.0,7970,0,0.0
4.0,500000.0,0.5,25000.0,case_179,0,0,22608.259765625,22562.7109375,deeponet,0018,0.0,7970,0,0.0
4.0,500000.0,0.5,101325.0,case_179,0,0,98933.2578125,98887.7109375,deeponet,0018,0.0,7970,0,0.0
4.0,1000000.0,1.0,2500.0,case_180,7,14,-221.205078125,-349.804931640625,deeponet,0018,0.018444165621079048,7816,133,0.01756587202007528
4.0,1000000.0,1.0,3000.0,case_180,0,0,278.794921875,150.195068359375,deeponet,0018,0.0,7970,0,0.0
4.0,1000000.0,1.0,5000.0,case_180,0,0,2278.794921875,2150.19482421875,deeponet,0018,0.0,7970,0,0.0
4.0,1000000.0,1.0,10000.0,case_180,0,0,7278.794921875,7150.1953125,deeponet,0018,0.0,7970,0,0.0
4.0,1000000.0,1.0,25000.0,case_180,0,0,22278.794921875,22150.1953125,deeponet,0018,0.0,7970,0,0.0
4.0,1000000.0,1.0,101325.0,case_180,0,0,98603.796875,98475.1953125,deeponet,0018,0.0,7970,0,0.0
6.0,100000.0,0.09999999999999999,2500.0,case_181,0,0,195.49853515625,192.713623046875,deeponet,0018,0.0,7970,0,0.0
6.0,100000.0,0.09999999999999999,3000.0,case_181,0,0,695.49853515625,692.713623046875,deeponet,0018,0.0,7970,0,0.0
6.0,100000.0,0.09999999999999999,5000.0,case_181,0,0,2695.49853515625,2692.7138671875,deeponet,0018,0.0,7970,0,0.0
6.0,100000.0,0.09999999999999999,10000.0,case_181,0,0,7695.4990234375,7692.7138671875,deeponet,0018,0.0,7970,0,0.0
6.0,100000.0,0.09999999999999999,25000.0,case_181,0,0,22695.498046875,22692.712890625,deeponet,0018,0.0,7970,0,0.0
6.0,100000.0,0.09999999999999999,101325.0,case_181,0,0,99020.5,99017.7109375,deeponet,0018,0.0,7970,0,0.0
6.0,200000.0,0.19999999999999998,2500.0,case_182,0,0,182.18505859375,170.652587890625,deeponet,0018,0.0,7970,0,0.0
6.0,200000.0,0.19999999999999998,3000.0,case_182,0,0,682.18505859375,670.652587890625,deeponet,0018,0.0,7970,0,0.0
6.0,200000.0,0.19999999999999998,5000.0,case_182,0,0,2682.18505859375,2670.65283203125,deeponet,0018,0.0,7970,0,0.0
6.0,200000.0,0.19999999999999998,10000.0,case_182,0,0,7682.185546875,7670.65234375,deeponet,0018,0.0,7970,0,0.0
6.0,200000.0,0.19999999999999998,25000.0,case_182,0,0,22682.185546875,22670.65234375,deeponet,0018,0.0,7970,0,0.0
6.0,200000.0,0.19999999999999998,101325.0,case_182,0,0,99007.1875,98995.65625,deeponet,0018,0.0,7970,0,0.0
6.0,500000.0,0.5,2500.0,case_183,0,0,85.30810546875,15.696533203125,deeponet,0018,0.0,7970,0,0.0
6.0,500000.0,0.5,3000.0,case_183,0,0,585.30810546875,515.696533203125,deeponet,0018,0.0,7970,0,0.0
6.0,500000.0,0.5,5000.0,case_183,0,0,2585.30810546875,2515.6962890625,deeponet,0018,0.0,7970,0,0.0
6.0,500000.0,0.5,10000.0,case_183,0,0,7585.3076171875,7515.6962890625,deeponet,0018,0.0,7970,0,0.0
6.0,500000.0,0.5,25000.0,case_183,0,0,22585.30859375,22515.697265625,deeponet,0018,0.0,7970,0,0.0
6.0,500000.0,0.5,101325.0,case_183,0,0,98910.3046875,98840.6953125,deeponet,0018,0.0,7970,0,0.0
6.0,1000000.0,1.0,2500.0,case_184,9,29,-340.385986328125,-538.44677734375,deeponet,0018,0.03124215809284818,7712,220,0.028732747804265997
6.0,1000000.0,1.0,3000.0,case_184,1,0,159.614013671875,-38.44677734375,deeponet,0018,0.0,7969,0,0.00012547051442910915
6.0,1000000.0,1.0,5000.0,case_184,0,0,2159.61376953125,1961.55322265625,deeponet,0018,0.0,7970,0,0.0
6.0,1000000.0,1.0,10000.0,case_184,0,0,7159.6142578125,6961.552734375,deeponet,0018,0.0,7970,0,0.0
6.0,1000000.0,1.0,25000.0,case_184,0,0,22159.61328125,21961.552734375,deeponet,0018,0.0,7970,0,0.0
6.0,1000000.0,1.0,101325.0,case_184,0,0,98484.6171875,98286.5546875,deeponet,0018,0.0,7970,0,0.0
8.0,100000.0,0.09999999999999999,2500.0,case_185,0,0,194.544189453125,190.0263671875,deeponet,0018,0.0,7970,0,0.0
8.0,100000.0,0.09999999999999999,3000.0,case_185,0,0,694.544189453125,690.0263671875,deeponet,0018,0.0,7970,0,0.0
8.0,100000.0,0.09999999999999999,5000.0,case_185,0,0,2694.5439453125,2690.0263671875,deeponet,0018,0.0,7970,0,0.0
8.0,100000.0,0.09999999999999999,10000.0,case_185,0,0,7694.5439453125,7690.0263671875,deeponet,0018,0.0,7970,0,0.0
8.0,100000.0,0.09999999999999999,25000.0,case_185,0,0,22694.544921875,22690.02734375,deeponet,0018,0.0,7970,0,0.0
8.0,100000.0,0.09999999999999999,101325.0,case_185,0,0,99019.546875,99015.0234375,deeponet,0018,0.0,7970,0,0.0
8.0,200000.0,0.19999999999999998,2500.0,case_186,0,0,178.154296875,161.822265625,deeponet,0018,0.0,7970,0,0.0
8.0,200000.0,0.19999999999999998,3000.0,case_186,0,0,678.154296875,661.822265625,deeponet,0018,0.0,7970,0,0.0
8.0,200000.0,0.19999999999999998,5000.0,case_186,0,0,2678.154296875,2661.822265625,deeponet,0018,0.0,7970,0,0.0
8.0,200000.0,0.19999999999999998,10000.0,case_186,0,0,7678.154296875,7661.822265625,deeponet,0018,0.0,7970,0,0.0
8.0,200000.0,0.19999999999999998,25000.0,case_186,0,0,22678.154296875,22661.822265625,deeponet,0018,0.0,7970,0,0.0
8.0,200000.0,0.19999999999999998,101325.0,case_186,0,0,99003.15625,98986.8203125,deeponet,0018,0.0,7970,0,0.0
8.0,500000.0,0.5,2500.0,case_187,3,0,59.845458984375,-40.1259765625,deeponet,0018,0.0,7967,0,0.0003764115432873275
8.0,500000.0,0.5,3000.0,case_187,0,0,559.845458984375,459.8740234375,deeponet,0018,0.0,7970,0,0.0
8.0,500000.0,0.5,5000.0,case_187,0,0,2559.84521484375,2459.8740234375,deeponet,0018,0.0,7970,0,0.0
8.0,500000.0,0.5,10000.0,case_187,0,0,7559.845703125,7459.8740234375,deeponet,0018,0.0,7970,0,0.0
8.0,500000.0,0.5,25000.0,case_187,0,0,22559.845703125,22459.873046875,deeponet,0018,0.0,7970,0,0.0
8.0,500000.0,0.5,101325.0,case_187,0,0,98884.84375,98784.875,deeponet,0018,0.0,7970,0,0.0
8.0,1000000.0,1.0,2500.0,case_188,6,25,-448.1727294921875,-763.091796875,deeponet,0018,0.042785445420326224,7623,316,0.04040150564617315
8.0,1000000.0,1.0,3000.0,case_188,7,0,51.8271484375,-263.091796875,deeponet,0018,0.0,7963,0,0.0008782936010037642
8.0,1000000.0,1.0,5000.0,case_188,0,0,2051.8271484375,1736.908203125,deeponet,0018,0.0,7970,0,0.0
8.0,1000000.0,1.0,10000.0,case_188,0,0,7051.8271484375,6736.908203125,deeponet,0018,0.0,7970,0,0.0
8.0,1000000.0,1.0,25000.0,case_188,0,0,22051.828125,21736.908203125,deeponet,0018,0.0,7970,0,0.0
8.0,1000000.0,1.0,101325.0,case_188,0,0,98376.828125,98061.90625,deeponet,0018,0.0,7970,0,0.0
10.0,100000.0,0.09999999999999999,2500.0,case_189,0,0,193.62646484375,186.980712890625,deeponet,0018,0.0,7970,0,0.0
10.0,100000.0,0.09999999999999999,3000.0,case_189,0,0,693.62646484375,686.980712890625,deeponet,0018,0.0,7970,0,0.0
10.0,100000.0,0.09999999999999999,5000.0,case_189,0,0,2693.62646484375,2686.98095703125,deeponet,0018,0.0,7970,0,0.0
10.0,100000.0,0.09999999999999999,10000.0,case_189,0,0,7693.626953125,7686.98046875,deeponet,0018,0.0,7970,0,0.0
10.0,100000.0,0.09999999999999999,25000.0,case_189,0,0,22693.626953125,22686.98046875,deeponet,0018,0.0,7970,0,0.0
10.0,100000.0,0.09999999999999999,101325.0,case_189,0,0,99018.625,99011.984375,deeponet,0018,0.0,7970,0,0.0
10.0,200000.0,0.19999999999999998,2500.0,case_190,0,0,174.26416015625,147.224365234375,deeponet,0018,0.0,7970,0,0.0
10.0,200000.0,0.19999999999999998,3000.0,case_190,0,0,674.26416015625,647.224365234375,deeponet,0018,0.0,7970,0,0.0
10.0,200000.0,0.19999999999999998,5000.0,case_190,0,0,2674.26416015625,2647.224609375,deeponet,0018,0.0,7970,0,0.0
10.0,200000.0,0.19999999999999998,10000.0,case_190,0,0,7674.263671875,7647.224609375,deeponet,0018,0.0,7970,0,0.0
10.0,200000.0,0.19999999999999998,25000.0,case_190,0,0,22674.263671875,22647.224609375,deeponet,0018,0.0,7970,0,0.0
10.0,200000.0,0.19999999999999998,101325.0,case_190,0,0,98999.265625,98972.2265625,deeponet,0018,0.0,7970,0,0.0
10.0,500000.0,0.5,2500.0,case_191,7,0,34.109619140625,-119.437744140625,deeponet,0018,0.0,7963,0,0.0008782936010037642
10.0,500000.0,0.5,3000.0,case_191,0,0,534.109619140625,380.562255859375,deeponet,0018,0.0,7970,0,0.0
10.0,500000.0,0.5,5000.0,case_191,0,0,2534.109375,2380.56201171875,deeponet,0018,0.0,7970,0,0.0
10.0,500000.0,0.5,10000.0,case_191,0,0,7534.109375,7380.5625,deeponet,0018,0.0,7970,0,0.0
10.0,500000.0,0.5,25000.0,case_191,0,0,22534.109375,22380.5625,deeponet,0018,0.0,7970,0,0.0
10.0,500000.0,0.5,101325.0,case_191,0,0,98859.109375,98705.5625,deeponet,0018,0.0,7970,0,0.0
10.0,1000000.0,1.0,2500.0,case_192,27,13,-536.07275390625,-1081.6754150390625,deeponet,0018,0.051819322459222085,7530,400,0.05357590966122961
10.0,1000000.0,1.0,3000.0,case_192,12,0,-36.07275390625,-581.6754150390625,deeponet,0018,0.0003764115432873275,7955,3,0.0018820577164366374
10.0,1000000.0,1.0,5000.0,case_192,0,0,1963.92724609375,1418.32470703125,deeponet,0018,0.0,7970,0,0.0
10.0,1000000.0,1.0,10000.0,case_192,0,0,6963.927734375,6418.32421875,deeponet,0018,0.0,7970,0,0.0
10.0,1000000.0,1.0,25000.0,case_192,0,0,21963.927734375,21418.32421875,deeponet,0018,0.0,7970,0,0.0
10.0,1000000.0,1.0,101325.0,case_192,0,0,98288.9296875,97743.328125,deeponet,0018,0.0,7970,0,0.0
-4.0,100000.0,0.09999999999999999,2500.0,case_321,0,0,196.718505859375,195.163818359375,deeponet,4418,0.0,7975,0,0.0
-4.0,100000.0,0.09999999999999999,3000.0,case_321,0,0,696.718505859375,695.163818359375,deeponet,4418,0.0,7975,0,0.0
-4.0,100000.0,0.09999999999999999,5000.0,case_321,0,0,2696.71826171875,2695.1640625,deeponet,4418,0.0,7975,0,0.0
-4.0,100000.0,0.09999999999999999,10000.0,case_321,0,0,7696.71875,7695.1640625,deeponet,4418,0.0,7975,0,0.0
-4.0,100000.0,0.09999999999999999,25000.0,case_321,0,0,22696.71875,22695.1640625,deeponet,4418,0.0,7975,0,0.0
-4.0,100000.0,0.09999999999999999,101325.0,case_321,0,0,99021.71875,99020.1640625,deeponet,4418,0.0,7975,0,0.0
-4.0,200000.0,0.19999999999999998,2500.0,case_322,0,0,186.439208984375,180.60693359375,deeponet,4418,0.0,7975,0,0.0
-4.0,200000.0,0.19999999999999998,3000.0,case_322,0,0,686.439208984375,680.60693359375,deeponet,4418,0.0,7975,0,0.0
-4.0,200000.0,0.19999999999999998,5000.0,case_322,0,0,2686.43896484375,2680.60693359375,deeponet,4418,0.0,7975,0,0.0
-4.0,200000.0,0.19999999999999998,10000.0,case_322,0,0,7686.439453125,7680.6064453125,deeponet,4418,0.0,7975,0,0.0
-4.0,200000.0,0.19999999999999998,25000.0,case_322,0,0,22686.439453125,22680.607421875,deeponet,4418,0.0,7975,0,0.0
-4.0,200000.0,0.19999999999999998,101325.0,case_322,0,0,99011.4375,99005.609375,deeponet,4418,0.0,7975,0,0.0
-4.0,500000.0,0.5,2500.0,case_323,0,0,111.5205078125,78.342529296875,deeponet,4418,0.0,7975,0,0.0
-4.0,500000.0,0.5,3000.0,case_323,0,0,611.5205078125,578.342529296875,deeponet,4418,0.0,7975,0,0.0
-4.0,500000.0,0.5,5000.0,case_323,0,0,2611.5205078125,2578.34228515625,deeponet,4418,0.0,7975,0,0.0
-4.0,500000.0,0.5,10000.0,case_323,0,0,7611.5205078125,7578.3427734375,deeponet,4418,0.0,7975,0,0.0
-4.0,500000.0,0.5,25000.0,case_323,0,0,22611.51953125,22578.341796875,deeponet,4418,0.0,7975,0,0.0
-4.0,500000.0,0.5,101325.0,case_323,0,0,98936.5234375,98903.34375,deeponet,4418,0.0,7975,0,0.0
-4.0,1000000.0,1.0,2500.0,case_324,50,8,-152.785888671875,-287.235107421875,deeponet,4418,0.007147335423197492,7868,49,0.012413793103448275
-4.0,1000000.0,1.0,3000.0,case_324,0,0,347.214111328125,212.764892578125,deeponet,4418,0.0,7975,0,0.0
-4.0,1000000.0,1.0,5000.0,case_324,0,0,2347.21435546875,2212.76513671875,deeponet,4418,0.0,7975,0,0.0
-4.0,1000000.0,1.0,10000.0,case_324,0,0,7347.2138671875,7212.7646484375,deeponet,4418,0.0,7975,0,0.0
-4.0,1000000.0,1.0,25000.0,case_324,0,0,22347.21484375,22212.765625,deeponet,4418,0.0,7975,0,0.0
-4.0,1000000.0,1.0,101325.0,case_324,0,0,98672.2109375,98537.765625,deeponet,4418,0.0,7975,0,0.0
-2.0,100000.0,0.09999999999999999,2500.0,case_325,0,0,196.580322265625,196.4130859375,deeponet,4418,0.0,7975,0,0.0
-2.0,100000.0,0.09999999999999999,3000.0,case_325,0,0,696.580322265625,696.4130859375,deeponet,4418,0.0,7975,0,0.0
-2.0,100000.0,0.09999999999999999,5000.0,case_325,0,0,2696.580078125,2696.4130859375,deeponet,4418,0.0,7975,0,0.0
-2.0,100000.0,0.09999999999999999,10000.0,case_325,0,0,7696.580078125,7696.4130859375,deeponet,4418,0.0,7975,0,0.0
-2.0,100000.0,0.09999999999999999,25000.0,case_325,0,0,22696.580078125,22696.4140625,deeponet,4418,0.0,7975,0,0.0
-2.0,100000.0,0.09999999999999999,101325.0,case_325,0,0,99021.578125,99021.4140625,deeponet,4418,0.0,7975,0,0.0
-2.0,200000.0,0.19999999999999998,2500.0,case_326,0,0,186.154052734375,185.549072265625,deeponet,4418,0.0,7975,0,0.0
-2.0,200000.0,0.19999999999999998,3000.0,case_326,0,0,686.154052734375,685.549072265625,deeponet,4418,0.0,7975,0,0.0
-2.0,200000.0,0.19999999999999998,5000.0,case_326,0,0,2686.15380859375,2685.548828125,deeponet,4418,0.0,7975,0,0.0
-2.0,200000.0,0.19999999999999998,10000.0,case_326,0,0,7686.154296875,7685.548828125,deeponet,4418,0.0,7975,0,0.0
-2.0,200000.0,0.19999999999999998,25000.0,case_326,0,0,22686.154296875,22685.548828125,deeponet,4418,0.0,7975,0,0.0
-2.0,200000.0,0.19999999999999998,101325.0,case_326,0,0,99011.15625,99010.546875,deeponet,4418,0.0,7975,0,0.0
-2.0,500000.0,0.5,2500.0,case_327,0,0,114.9267578125,109.31884765625,deeponet,4418,0.0,7975,0,0.0
-2.0,500000.0,0.5,3000.0,case_327,0,0,614.9267578125,609.31884765625,deeponet,4418,0.0,7975,0,0.0
-2.0,500000.0,0.5,5000.0,case_327,0,0,2614.9267578125,2609.31884765625,deeponet,4418,0.0,7975,0,0.0
-2.0,500000.0,0.5,10000.0,case_327,0,0,7614.9267578125,7609.3193359375,deeponet,4418,0.0,7975,0,0.0
-2.0,500000.0,0.5,25000.0,case_327,0,0,22614.927734375,22609.318359375,deeponet,4418,0.0,7975,0,0.0
-2.0,500000.0,0.5,101325.0,case_327,0,0,98939.9296875,98934.3203125,deeponet,4418,0.0,7975,0,0.0
-2.0,1000000.0,1.0,2500.0,case_328,15,8,-141.75439453125,-163.20556640625,deeponet,4418,0.01341692789968652,7853,99,0.014294670846394984
-2.0,1000000.0,1.0,3000.0,case_328,0,0,358.24560546875,336.79443359375,deeponet,4418,0.0,7975,0,0.0
-2.0,1000000.0,1.0,5000.0,case_328,0,0,2358.24560546875,2336.79443359375,deeponet,4418,0.0,7975,0,0.0
-2.0,1000000.0,1.0,10000.0,case_328,0,0,7358.2451171875,7336.794921875,deeponet,4418,0.0,7975,0,0.0
-2.0,1000000.0,1.0,25000.0,case_328,0,0,22358.24609375,22336.794921875,deeponet,4418,0.0,7975,0,0.0
-2.0,1000000.0,1.0,101325.0,case_328,0,0,98683.2421875,98661.796875,deeponet,4418,0.0,7975,0,0.0
0.0,100000.0,0.09999999999999999,2500.0,case_329,0,0,195.98583984375,195.641357421875,deeponet,4418,0.0,7975,0,0.0
0.0,100000.0,0.09999999999999999,3000.0,case_329,0,0,695.98583984375,695.641357421875,deeponet,4418,0.0,7975,0,0.0
0.0,100000.0,0.09999999999999999,5000.0,case_329,0,0,2695.98583984375,2695.6416015625,deeponet,4418,0.0,7975,0,0.0
0.0,100000.0,0.09999999999999999,10000.0,case_329,0,0,7695.9853515625,7695.6416015625,deeponet,4418,0.0,7975,0,0.0
0.0,100000.0,0.09999999999999999,25000.0,case_329,0,0,22695.986328125,22695.640625,deeponet,4418,0.0,7975,0,0.0
0.0,100000.0,0.09999999999999999,101325.0,case_329,0,0,99020.984375,99020.640625,deeponet,4418,0.0,7975,0,0.0
0.0,200000.0,0.19999999999999998,2500.0,case_330,0,0,183.997802734375,182.413818359375,deeponet,4418,0.0,7975,0,0.0
0.0,200000.0,0.19999999999999998,3000.0,case_330,0,0,683.997802734375,682.413818359375,deeponet,4418,0.0,7975,0,0.0
0.0,200000.0,0.19999999999999998,5000.0,case_330,0,0,2683.99755859375,2682.4140625,deeponet,4418,0.0,7975,0,0.0
0.0,200000.0,0.19999999999999998,10000.0,case_330,0,0,7683.998046875,7682.4140625,deeponet,4418,0.0,7975,0,0.0
0.0,200000.0,0.19999999999999998,25000.0,case_330,0,0,22683.998046875,22682.4140625,deeponet,4418,0.0,7975,0,0.0
0.0,200000.0,0.19999999999999998,101325.0,case_330,0,0,99009.0,99007.4140625,deeponet,4418,0.0,7975,0,0.0
0.0,500000.0,0.5,2500.0,case_331,0,0,104.18408203125,89.517578125,deeponet,4418,0.0,7975,0,0.0
0.0,500000.0,0.5,3000.0,case_331,0,0,604.18408203125,589.517578125,deeponet,4418,0.0,7975,0,0.0
0.0,500000.0,0.5,5000.0,case_331,0,0,2604.18408203125,2589.517578125,deeponet,4418,0.0,7975,0,0.0
0.0,500000.0,0.5,10000.0,case_331,0,0,7604.1845703125,7589.517578125,deeponet,4418,0.0,7975,0,0.0
0.0,500000.0,0.5,25000.0,case_331,0,0,22604.18359375,22589.517578125,deeponet,4418,0.0,7975,0,0.0
0.0,500000.0,0.5,101325.0,case_331,0,0,98929.1875,98914.515625,deeponet,4418,0.0,7975,0,0.0
0.0,1000000.0,1.0,2500.0,case_332,12,0,-197.778076171875,-244.50146484375,deeponet,4418,0.02043887147335423,7800,163,0.0219435736677116
0.0,1000000.0,1.0,3000.0,case_332,0,0,302.221923828125,255.49853515625,deeponet,4418,0.0,7975,0,0.0
0.0,1000000.0,1.0,5000.0,case_332,0,0,2302.22216796875,2255.49853515625,deeponet,4418,0.0,7975,0,0.0
0.0,1000000.0,1.0,10000.0,case_332,0,0,7302.2216796875,7255.4990234375,deeponet,4418,0.0,7975,0,0.0
0.0,1000000.0,1.0,25000.0,case_332,0,0,22302.22265625,22255.498046875,deeponet,4418,0.0,7975,0,0.0
0.0,1000000.0,1.0,101325.0,case_332,0,0,98627.21875,98580.5,deeponet,4418,0.0,7975,0,0.0
2.0,100000.0,0.09999999999999999,2500.0,case_333,0,0,195.262939453125,194.81201171875,deeponet,4418,0.0,7975,0,0.0
2.0,100000.0,0.09999999999999999,3000.0,case_333,0,0,695.262939453125,694.81201171875,deeponet,4418,0.0,7975,0,0.0
2.0,100000.0,0.09999999999999999,5000.0,case_333,0,0,2695.2626953125,2694.81201171875,deeponet,4418,0.0,7975,0,0.0
2.0,100000.0,0.09999999999999999,10000.0,case_333,0,0,7695.2626953125,7694.8115234375,deeponet,4418,0.0,7975,0,0.0
2.0,100000.0,0.09999999999999999,25000.0,case_333,0,0,22695.263671875,22694.8125,deeponet,4418,0.0,7975,0,0.0
2.0,100000.0,0.09999999999999999,101325.0,case_333,0,0,99020.265625,99019.8125,deeponet,4418,0.0,7975,0,0.0
2.0,200000.0,0.19999999999999998,2500.0,case_334,0,0,181.244140625,179.06689453125,deeponet,4418,0.0,7975,0,0.0
2.0,200000.0,0.19999999999999998,3000.0,case_334,0,0,681.244140625,679.06689453125,deeponet,4418,0.0,7975,0,0.0
2.0,200000.0,0.19999999999999998,5000.0,case_334,0,0,2681.244140625,2679.06689453125,deeponet,4418,0.0,7975,0,0.0
2.0,200000.0,0.19999999999999998,10000.0,case_334,0,0,7681.244140625,7679.0673828125,deeponet,4418,0.0,7975,0,0.0
2.0,200000.0,0.19999999999999998,25000.0,case_334,0,0,22681.244140625,22679.06640625,deeponet,4418,0.0,7975,0,0.0
2.0,200000.0,0.19999999999999998,101325.0,case_334,0,0,99006.2421875,99004.0703125,deeponet,4418,0.0,7975,0,0.0
2.0,500000.0,0.5,2500.0,case_335,0,0,87.809814453125,68.273681640625,deeponet,4418,0.0,7975,0,0.0
2.0,500000.0,0.5,3000.0,case_335,0,0,587.809814453125,568.273681640625,deeponet,4418,0.0,7975,0,0.0
2.0,500000.0,0.5,5000.0,case_335,0,0,2587.81005859375,2568.2734375,deeponet,4418,0.0,7975,0,0.0
2.0,500000.0,0.5,10000.0,case_335,0,0,7587.8095703125,7568.2734375,deeponet,4418,0.0,7975,0,0.0
2.0,500000.0,0.5,25000.0,case_335,0,0,22587.810546875,22568.2734375,deeponet,4418,0.0,7975,0,0.0
2.0,500000.0,0.5,101325.0,case_335,0,0,98912.8125,98893.2734375,deeponet,4418,0.0,7975,0,0.0
2.0,1000000.0,1.0,2500.0,case_336,12,1,-267.2591552734375,-328.09521484375,deeponet,4418,0.032100313479623825,7707,255,0.03347962382445141
2.0,1000000.0,1.0,3000.0,case_336,0,0,232.74072265625,171.90478515625,deeponet,4418,0.0,7975,0,0.0
2.0,1000000.0,1.0,5000.0,case_336,0,0,2232.74072265625,2171.90478515625,deeponet,4418,0.0,7975,0,0.0
2.0,1000000.0,1.0,10000.0,case_336,0,0,7232.7412109375,7171.904296875,deeponet,4418,0.0,7975,0,0.0
2.0,1000000.0,1.0,25000.0,case_336,0,0,22232.740234375,22171.904296875,deeponet,4418,0.0,7975,0,0.0
2.0,1000000.0,1.0,101325.0,case_336,0,0,98557.7421875,98496.90625,deeponet,4418,0.0,7975,0,0.0
4.0,100000.0,0.09999999999999999,2500.0,case_337,0,0,194.4072265625,193.659423828125,deeponet,4418,0.0,7975,0,0.0
4.0,100000.0,0.09999999999999999,3000.0,case_337,0,0,694.4072265625,693.659423828125,deeponet,4418,0.0,7975,0,0.0
4.0,100000.0,0.09999999999999999,5000.0,case_337,0,0,2694.4072265625,2693.6591796875,deeponet,4418,0.0,7975,0,0.0
4.0,100000.0,0.09999999999999999,10000.0,case_337,0,0,7694.4072265625,7693.6591796875,deeponet,4418,0.0,7975,0,0.0
4.0,100000.0,0.09999999999999999,25000.0,case_337,0,0,22694.408203125,22693.66015625,deeponet,4418,0.0,7975,0,0.0
4.0,100000.0,0.09999999999999999,101325.0,case_337,0,0,99019.40625,99018.65625,deeponet,4418,0.0,7975,0,0.0
4.0,200000.0,0.19999999999999998,2500.0,case_338,0,0,177.85693359375,174.443359375,deeponet,4418,0.0,7975,0,0.0
4.0,200000.0,0.19999999999999998,3000.0,case_338,0,0,677.85693359375,674.443359375,deeponet,4418,0.0,7975,0,0.0
4.0,200000.0,0.19999999999999998,5000.0,case_338,0,0,2677.85693359375,2674.443359375,deeponet,4418,0.0,7975,0,0.0
4.0,200000.0,0.19999999999999998,10000.0,case_338,0,0,7677.857421875,7674.443359375,deeponet,4418,0.0,7975,0,0.0
4.0,200000.0,0.19999999999999998,25000.0,case_338,0,0,22677.857421875,22674.443359375,deeponet,4418,0.0,7975,0,0.0
4.0,200000.0,0.19999999999999998,101325.0,case_338,0,0,99002.859375,98999.4453125,deeponet,4418,0.0,7975,0,0.0
4.0,500000.0,0.5,2500.0,case_339,0,0,63.91015625,39.06787109375,deeponet,4418,0.0,7975,0,0.0
4.0,500000.0,0.5,3000.0,case_339,0,0,563.91015625,539.06787109375,deeponet,4418,0.0,7975,0,0.0
4.0,500000.0,0.5,5000.0,case_339,0,0,2563.91015625,2539.06787109375,deeponet,4418,0.0,7975,0,0.0
4.0,500000.0,0.5,10000.0,case_339,0,0,7563.91015625,7539.068359375,deeponet,4418,0.0,7975,0,0.0
4.0,500000.0,0.5,25000.0,case_339,0,0,22563.91015625,22539.068359375,deeponet,4418,0.0,7975,0,0.0
4.0,500000.0,0.5,101325.0,case_339,0,0,98888.90625,98864.0703125,deeponet,4418,0.0,7975,0,0.0
4.0,1000000.0,1.0,2500.0,case_340,21,0,-356.22314453125,-445.319091796875,deeponet,4418,0.045141065830721,7594,360,0.047774294670846394
4.0,1000000.0,1.0,3000.0,case_340,0,0,143.77685546875,54.680908203125,deeponet,4418,0.0,7975,0,0.0
4.0,1000000.0,1.0,5000.0,case_340,0,0,2143.77685546875,2054.68115234375,deeponet,4418,0.0,7975,0,0.0
4.0,1000000.0,1.0,10000.0,case_340,0,0,7143.77734375,7054.6806640625,deeponet,4418,0.0,7975,0,0.0
4.0,1000000.0,1.0,25000.0,case_340,0,0,22143.77734375,22054.681640625,deeponet,4418,0.0,7975,0,0.0
4.0,1000000.0,1.0,101325.0,case_340,0,0,98468.7734375,98379.6796875,deeponet,4418,0.0,7975,0,0.0
6.0,100000.0,0.09999999999999999,2500.0,case_341,0,0,193.255126953125,192.252197265625,deeponet,4418,0.0,7975,0,0.0
6.0,100000.0,0.09999999999999999,3000.0,case_341,0,0,693.255126953125,692.252197265625,deeponet,4418,0.0,7975,0,0.0
6.0,100000.0,0.09999999999999999,5000.0,case_341,0,0,2693.25537109375,2692.25244140625,deeponet,4418,0.0,7975,0,0.0
6.0,100000.0,0.09999999999999999,10000.0,case_341,0,0,7693.2548828125,7692.251953125,deeponet,4418,0.0,7975,0,0.0
6.0,100000.0,0.09999999999999999,25000.0,case_341,0,0,22693.255859375,22692.251953125,deeponet,4418,0.0,7975,0,0.0
6.0,100000.0,0.09999999999999999,101325.0,case_341,0,0,99018.2578125,99017.25,deeponet,4418,0.0,7975,0,0.0
6.0,200000.0,0.19999999999999998,2500.0,case_342,0,0,173.070556640625,168.659912109375,deeponet,4418,0.0,7975,0,0.0
6.0,200000.0,0.19999999999999998,3000.0,case_342,0,0,673.070556640625,668.659912109375,deeponet,4418,0.0,7975,0,0.0
6.0,200000.0,0.19999999999999998,5000.0,case_342,0,0,2673.0703125,2668.66015625,deeponet,4418,0.0,7975,0,0.0
6.0,200000.0,0.19999999999999998,10000.0,case_342,0,0,7673.0703125,7668.66015625,deeponet,4418,0.0,7975,0,0.0
6.0,200000.0,0.19999999999999998,25000.0,case_342,0,0,22673.0703125,22668.66015625,deeponet,4418,0.0,7975,0,0.0
6.0,200000.0,0.19999999999999998,101325.0,case_342,0,0,98998.0703125,98993.65625,deeponet,4418,0.0,7975,0,0.0
6.0,500000.0,0.5,2500.0,case_343,0,0,30.9970703125,5.263671875,deeponet,4418,0.0,7975,0,0.0
6.0,500000.0,0.5,3000.0,case_343,0,0,530.9970703125,505.263671875,deeponet,4418,0.0,7975,0,0.0
6.0,500000.0,0.5,5000.0,case_343,0,0,2530.9970703125,2505.263671875,deeponet,4418,0.0,7975,0,0.0
6.0,500000.0,0.5,10000.0,case_343,0,0,7530.9970703125,7505.263671875,deeponet,4418,0.0,7975,0,0.0
6.0,500000.0,0.5,25000.0,case_343,0,0,22530.998046875,22505.263671875,deeponet,4418,0.0,7975,0,0.0
6.0,500000.0,0.5,101325.0,case_343,0,0,98856.0,98830.265625,deeponet,4418,0.0,7975,0,0.0
6.0,1000000.0,1.0,2500.0,case_344,55,1,-473.8021240234375,-589.191650390625,deeponet,4418,0.05843260188087774,7454,465,0.0652037617554859
6.0,1000000.0,1.0,3000.0,case_344,7,0,26.19775390625,-89.191650390625,deeponet,4418,0.0,7968,0,0.0008777429467084639
6.0,1000000.0,1.0,5000.0,case_344,0,0,2026.19775390625,1910.80810546875,deeponet,4418,0.0,7975,0,0.0
6.0,1000000.0,1.0,10000.0,case_344,0,0,7026.1982421875,6910.80859375,deeponet,4418,0.0,7975,0,0.0
6.0,1000000.0,1.0,25000.0,case_344,0,0,22026.197265625,21910.80859375,deeponet,4418,0.0,7975,0,0.0
6.0,1000000.0,1.0,101325.0,case_344,0,0,98351.1953125,98235.8046875,deeponet,4418,0.0,7975,0,0.0
8.0,100000.0,0.09999999999999999,2500.0,case_345,0,0,192.159423828125,190.67626953125,deeponet,4418,0.0,7975,0,0.0
8.0,100000.0,0.09999999999999999,3000.0,case_345,0,0,692.159423828125,690.67626953125,deeponet,4418,0.0,7975,0,0.0
8.0,100000.0,0.09999999999999999,5000.0,case_345,0,0,2692.15966796875,2690.67626953125,deeponet,4418,0.0,7975,0,0.0
8.0,100000.0,0.09999999999999999,10000.0,case_345,0,0,7692.1591796875,7690.6767578125,deeponet,4418,0.0,7975,0,0.0
8.0,100000.0,0.09999999999999999,25000.0,case_345,0,0,22692.16015625,22690.67578125,deeponet,4418,0.0,7975,0,0.0
8.0,100000.0,0.09999999999999999,101325.0,case_345,0,0,99017.15625,99015.6796875,deeponet,4418,0.0,7975,0,0.0
8.0,200000.0,0.19999999999999998,2500.0,case_346,0,0,168.49365234375,163.216796875,deeponet,4418,0.0,7975,0,0.0
8.0,200000.0,0.19999999999999998,3000.0,case_346,0,0,668.49365234375,663.216796875,deeponet,4418,0.0,7975,0,0.0
8.0,200000.0,0.19999999999999998,5000.0,case_346,0,0,2668.49365234375,2663.216796875,deeponet,4418,0.0,7975,0,0.0
8.0,200000.0,0.19999999999999998,10000.0,case_346,0,0,7668.494140625,7663.216796875,deeponet,4418,0.0,7975,0,0.0
8.0,200000.0,0.19999999999999998,25000.0,case_346,0,0,22668.494140625,22663.216796875,deeponet,4418,0.0,7975,0,0.0
8.0,200000.0,0.19999999999999998,101325.0,case_346,0,0,98993.4921875,98988.21875,deeponet,4418,0.0,7975,0,0.0
8.0,500000.0,0.5,2500.0,case_347,5,0,-0.2744140625,-32.08056640625,deeponet,4418,0.00012539184952978057,7969,1,0.0007523510971786833
8.0,500000.0,0.5,3000.0,case_347,0,0,499.7255859375,467.91943359375,deeponet,4418,0.0,7975,0,0.0
8.0,500000.0,0.5,5000.0,case_347,0,0,2499.7255859375,2467.91943359375,deeponet,4418,0.0,7975,0,0.0
8.0,500000.0,0.5,10000.0,case_347,0,0,7499.7255859375,7467.919921875,deeponet,4418,0.0,7975,0,0.0
8.0,500000.0,0.5,25000.0,case_347,0,0,22499.7265625,22467.919921875,deeponet,4418,0.0,7975,0,0.0
8.0,500000.0,0.5,101325.0,case_347,0,0,98824.7265625,98792.921875,deeponet,4418,0.0,7975,0,0.0
8.0,1000000.0,1.0,2500.0,case_348,83,1,-589.875,-731.254150390625,deeponet,4418,0.07072100313479623,7328,563,0.08100313479623825
8.0,1000000.0,1.0,3000.0,case_348,15,0,-89.875,-231.254150390625,deeponet,4418,0.0008777429467084639,7953,7,0.002758620689655172
8.0,1000000.0,1.0,5000.0,case_348,0,0,1910.125,1768.745849609375,deeponet,4418,0.0,7975,0,0.0
8.0,1000000.0,1.0,10000.0,case_348,0,0,6910.125,6768.74609375,deeponet,4418,0.0,7975,0,0.0
8.0,1000000.0,1.0,25000.0,case_348,0,0,21910.125,21768.74609375,deeponet,4418,0.0,7975,0,0.0
8.0,1000000.0,1.0,101325.0,case_348,0,0,98235.125,98093.7421875,deeponet,4418,0.0,7975,0,0.0
10.0,100000.0,0.09999999999999999,2500.0,case_349,0,0,191.14013671875,188.794677734375,deeponet,4418,0.0,7975,0,0.0
10.0,100000.0,0.09999999999999999,3000.0,case_349,0,0,691.14013671875,688.794677734375,deeponet,4418,0.0,7975,0,0.0
10.0,100000.0,0.09999999999999999,5000.0,case_349,0,0,2691.14013671875,2688.794921875,deeponet,4418,0.0,7975,0,0.0
10.0,100000.0,0.09999999999999999,10000.0,case_349,0,0,7691.1396484375,7688.794921875,deeponet,4418,0.0,7975,0,0.0
10.0,100000.0,0.09999999999999999,25000.0,case_349,0,0,22691.140625,22688.794921875,deeponet,4418,0.0,7975,0,0.0
10.0,100000.0,0.09999999999999999,101325.0,case_349,0,0,99016.140625,99013.796875,deeponet,4418,0.0,7975,0,0.0
10.0,200000.0,0.19999999999999998,2500.0,case_350,0,0,164.249755859375,155.97265625,deeponet,4418,0.0,7975,0,0.0
10.0,200000.0,0.19999999999999998,3000.0,case_350,0,0,664.249755859375,655.97265625,deeponet,4418,0.0,7975,0,0.0
10.0,200000.0,0.19999999999999998,5000.0,case_350,0,0,2664.25,2655.97265625,deeponet,4418,0.0,7975,0,0.0
10.0,200000.0,0.19999999999999998,10000.0,case_350,0,0,7664.25,7655.97265625,deeponet,4418,0.0,7975,0,0.0
10.0,200000.0,0.19999999999999998,25000.0,case_350,0,0,22664.25,22655.97265625,deeponet,4418,0.0,7975,0,0.0
10.0,200000.0,0.19999999999999998,101325.0,case_350,0,0,98989.25,98980.9765625,deeponet,4418,0.0,7975,0,0.0
10.0,500000.0,0.5,2500.0,case_351,11,0,-29.00390625,-77.8056640625,deeponet,4418,0.0011285266457680251,7955,9,0.0025078369905956114
10.0,500000.0,0.5,3000.0,case_351,0,0,470.99609375,422.1943359375,deeponet,4418,0.0,7975,0,0.0
10.0,500000.0,0.5,5000.0,case_351,0,0,2470.99609375,2422.1943359375,deeponet,4418,0.0,7975,0,0.0
10.0,500000.0,0.5,10000.0,case_351,0,0,7470.99609375,7422.1943359375,deeponet,4418,0.0,7975,0,0.0
10.0,500000.0,0.5,25000.0,case_351,0,0,22470.99609375,22422.1953125,deeponet,4418,0.0,7975,0,0.0
10.0,500000.0,0.5,101325.0,case_351,0,0,98796.0,98747.1953125,deeponet,4418,0.0,7975,0,0.0
10.0,1000000.0,1.0,2500.0,case_352,125,1,-694.0894775390625,-914.831787109375,deeponet,4418,0.0832601880877743,7186,663,0.09880877742946709
10.0,1000000.0,1.0,3000.0,case_352,21,0,-194.08935546875,-414.831787109375,deeponet,4418,0.002382445141065831,7935,19,0.005015673981191223
10.0,1000000.0,1.0,5000.0,case_352,0,0,1805.91064453125,1585.168212890625,deeponet,4418,0.0,7975,0,0.0
10.0,1000000.0,1.0,10000.0,case_352,0,0,6805.91015625,6585.16796875,deeponet,4418,0.0,7975,0,0.0
10.0,1000000.0,1.0,25000.0,case_352,0,0,21805.91015625,21585.16796875,deeponet,4418,0.0,7975,0,0.0
10.0,1000000.0,1.0,101325.0,case_352,0,0,98130.9140625,97910.171875,deeponet,4418,0.0,7975,0,0.0
