AoA,CD_integrated_pressure,CD_surrogate,CL_integrated_pressure,CL_over_abs_CD,CL_surrogate,Re,candidate_id,evaluation,family,force_source,m,min_Cp,min_cavitation_margin,model,note,objective,p,risky_cell_fraction,start,t
4.0,0.009128360745550429,0.03444698825478554,0.1358908911756633,7.405740350920787,0.2551128566265106,500000.0,continuous_1,1,continuous_naca,direct OpenFOAM-coefficient surrogate,0.0,-0.66913241147995,98935.5859375,unet,surrogate estimate; validate top designs with OpenFOAM,7.405740350920787,0.4,0.0,0012,0.12
4.0,0.008242994804863412,0.03445000946521759,0.12508858724560104,7.410998419186194,0.2553163766860962,500000.0,continuous_2,2,continuous_naca,direct OpenFOAM-coefficient surrogate,0.00025,-0.6681582927703857,98935.6796875,unet,surrogate estimate; validate top designs with OpenFOAM,7.410998419186194,0.4,0.0,0012,0.12
4.0,0.009128360745550429,0.03444698825478554,0.1358908911756633,7.405740350920787,0.2551128566265106,500000.0,continuous_3,3,continuous_naca,direct OpenFOAM-coefficient surrogate,0.0,-0.66913241147995,98935.5859375,unet,surrogate estimate; validate top designs with OpenFOAM,7.405740350920787,0.42000000000000004,0.0,0012,0.12
4.0,0.005929527493160243,0.03465365618467331,0.10192146882021692,7.877377611330226,0.27298781275749207,500000.0,continuous_4,4,continuous_naca,direct OpenFOAM-coefficient surrogate,0.0,-0.6856064200401306,98932.1015625,unet,surrogate estimate; validate top designs with OpenFOAM,7.877377611330226,0.4,0.0,0012,0.126
4.2,0.009602652864051297,0.034447114914655685,0.13585819935649596,7.406008132825424,0.2551230192184448,500000.0,continuous_5,5,continuous_naca,direct OpenFOAM-coefficient surrogate,0.0,-0.6691386103630066,98935.5859375,unet,surrogate estimate; validate top designs with OpenFOAM,7.406008132825424,0.4,0.0,0012,0.12
4.1,0.007119790571291416,0.03455788642168045,0.11273968940135605,7.664269439296385,0.2648686170578003,500000.0,continuous_6,6,continuous_naca,direct OpenFOAM-coefficient surrogate,0.000125,-0.6662325859069824,98935.4140625,unet,surrogate estimate; validate top designs with OpenFOAM,7.664269439296385,0.38,0.0,0012,0.123
4.15,0.006641710971969334,0.03460295870900154,0.09620769182785646,7.768928002030555,0.2688356637954712,500000.0,continuous_7,7,continuous_naca,direct OpenFOAM-coefficient surrogate,0.0001875,-0.6649599671363831,98935.3828125,unet,surrogate estimate; validate top designs with OpenFOAM,7.768928002030555,0.39,0.0,0012,0.1245
3.925,0.004382216853594278,0.034666966646909714,0.10148000872766526,7.908250025849152,0.2741629481315613,500000.0,continuous_8,8,continuous_naca,direct OpenFOAM-coefficient surrogate,0.00028125000000000003,-0.6857131719589233,98932.0078125,unet,surrogate estimate; validate top designs with OpenFOAM,7.908250025849152,0.3849999999999999,0.0,0012,0.12675
3.7874999999999996,0.004282696299706237,0.034731414169073105,0.09450545872722875,8.062020701366132,0.28001344203948975,500000.0,continuous_9,9,continuous_naca,direct OpenFOAM-coefficient surrogate,0.00042187500000000005,-0.6864800453186035,98931.65625,unet,surrogate estimate; validate top designs with OpenFOAM,8.062020701366132,0.3774999999999997,0.0,0012,0.130125
4.018750000000001,0.005648339634043541,0.034767262637615204,0.08001523630028233,8.147900934674368,0.2832883596420288,500000.0,continuous_10,10,continuous_naca,direct OpenFOAM-coefficient surrogate,0.00011718750000000005,-0.7147524356842041,98929.015625,unet,surrogate estimate; validate top designs with OpenFOAM,8.147900934674368,0.3737499999999999,0.0,0012,0.1318125
4.028125000000001,0.006167716805670147,0.03494687378406525,0.06309754005520887,8.562143999557737,0.2992287278175354,500000.0,continuous_11,11,continuous_naca,direct OpenFOAM-coefficient surrogate,5.0781250000000045e-05,-0.7304789423942566,98925.359375,unet,surrogate estimate; validate top designs with OpenFOAM,8.562143999557737,0.360625,0.0,0012,0.13771875
3.882812500000001,0.006972602223797642,0.03490752726793289,0.06349889554492294,8.467768988594772,0.2955973446369171,500000.0,continuous_12,12,continuous_naca,direct OpenFOAM-coefficient surrogate,0.00020507812500000007,-0.7308265566825867,98925.4609375,unet,surrogate estimate; validate top designs with OpenFOAM,8.467768988594772,0.38406249999999986,0.0,0012,0.136171875
3.69921875,0.008275668331331358,0.03498254343867302,0.05344014830199878,8.646440065461332,0.30248311161994934,500000.0,continuous_13,13,continuous_naca,direct OpenFOAM-coefficient surrogate,0.00015136718750000008,-0.7607221007347107,98921.8515625,unet,surrogate estimate; validate top designs with OpenFOAM,8.646440065461332,0.37109374999999967,0.0,0012,0.1405078125
3.4738281250000007,0.013218237644278614,0.03510596975684166,0.11067431564480919,8.940025297978645,0.31385719776153564,500000.0,continuous_14,14,continuous_naca,direct OpenFOAM-coefficient surrogate,0.00013330078125000017,-0.7814185619354248,98918.4453125,unet,surrogate estimate; validate top designs with OpenFOAM,8.940025297978645,0.3616406249999995,0.0,0012,0.14851171875000002
3.5861328125000016,0.015597506038064979,0.035106368362903595,0.14210138365258568,8.94084908467852,0.31388968229293823,500000.0,continuous_15,15,continuous_naca,direct OpenFOAM-coefficient surrogate,0.00040551757812500017,-0.781430184841156,98918.4453125,unet,surrogate estimate; validate top designs with OpenFOAM,8.94084908467852,0.34191406249999945,0.0,0012,0.150263671875
3.379199218750003,0.019201305855840265,0.035297147929668427,0.21919649718237846,9.388092408926521,0.33138227462768555,500000.0,continuous_16,16,continuous_naca,direct OpenFOAM-coefficient surrogate,0.0006082763671875003,-0.825157105922699,98911.1171875,unet,surrogate estimate; validate top designs with OpenFOAM,9.388092408926521,0.3128710937499992,0.0,0012,0.1623955078125
3.5944824218750036,0.020052226972409583,0.03529699891805649,0.2130315556822933,9.3878703061049,0.33137303590774536,500000.0,continuous_17,17,continuous_naca,direct OpenFOAM-coefficient surrogate,7.684326171875024e-05,-0.8251546621322632,98911.1171875,unet,surrogate estimate; validate top designs with OpenFOAM,9.3878703061049,0.3320996093749995,0.0,0012,0.16227392578125005
3.355004882812503,0.01443815088650158,0.03545171022415161,0.15424268210001632,9.721186294716471,0.34464240074157715,500000.0,continuous_18,18,continuous_naca,direct OpenFOAM-coefficient surrogate,0.0002295227050781253,-0.8351134061813354,98909.3515625,unet,surrogate estimate; validate top designs with OpenFOAM,9.721186294716471,0.2995556640624992,0.0,0012,0.169278076171875
3.091101074218754,0.019595069311581167,0.03599312901496887,0.09889274891782007,10.921530851901124,0.393110990524292,500000.0,continuous_19,19,continuous_naca,direct OpenFOAM-coefficient surrogate,0.00024174499511718788,-0.8657086491584778,98903.421875,unet,surrogate estimate; validate top designs with OpenFOAM,10.921530851901124,0.25730224609374885,0.0,0012,0.18583117675781252
2.7411804199218794,0.015764144372352972,0.03603670373558998,0.09583262240542495,11.022581019650397,0.39722850918769836,500000.0,continuous_20,20,continuous_naca,direct OpenFOAM-coefficient surrogate,0.00047930145263671924,-0.8656929135322571,98903.28125,unet,surrogate estimate; validate top designs with OpenFOAM,11.022581019650397,0.27133178710937356,0.0,0012,0.1917874145507813
2.097708129882818,0.021842740686414584,0.03622373566031456,0.23740168078272025,11.424903409116313,0.4138641059398651,500000.0,continuous_21,21,continuous_naca,direct OpenFOAM-coefficient surrogate,0.0006935615539550788,-0.9256353378295898,98893.9375,unet,surrogate estimate; validate top designs with OpenFOAM,11.424903409116313,0.2266851806640604,0.0,0012,0.2
2.6074172973632885,0.023959652651658107,0.0362248532474041,0.23717774477350315,11.42677382884334,0.41394463181495667,500000.0,continuous_22,22,continuous_naca,direct OpenFOAM-coefficient surrogate,0.0006769123077392584,-0.9256489276885986,98893.9375,unet,surrogate estimate; validate top designs with OpenFOAM,11.42677382884334,0.2028384399414045,0.0,0012,0.2
2.174211883544933,0.027010033580968203,0.036214400082826614,0.24526520014835979,11.399900553983086,0.4128519594669342,500000.0,continuous_23,23,continuous_naca,direct OpenFOAM-coefficient surrogate,0.0009487180709838877,-0.9317313432693481,98893.0703125,unet,surrogate estimate; validate top designs with OpenFOAM,11.399900553983086,0.12343734741210699,0.0,0012,0.2
1.9932304382324286,0.02643501986223754,0.03621318191289902,0.24631814465385157,11.397898302027102,0.4127655625343323,500000.0,continuous_24,24,continuous_naca,direct OpenFOAM-coefficient surrogate,0.0010334043502807624,-0.9317137598991394,98893.078125,unet,surrogate estimate; validate top designs with OpenFOAM,11.397898302027102,0.167748870849607,0.0,0012,0.2
1.5155292510986413,0.02406193128983006,0.0362137146294117,0.23520495444769657,11.39854534427963,0.4127950668334961,500000.0,continuous_25,25,continuous_naca,direct OpenFOAM-coefficient surrogate,0.0007145352363586435,-0.9317230582237244,98893.0703125,unet,surrogate estimate; validate top designs with OpenFOAM,11.39854534427963,0.11441627502441115,0.0,0012,0.2
1.0158414840698349,0.019936501378532458,0.03621309995651245,0.2530742649647318,11.401695667534659,0.4129021465778351,500000.0,continuous_26,26,continuous_naca,direct OpenFOAM-coefficient surrogate,0.0013174617290496837,-0.9292806386947632,98893.4375,unet,surrogate estimate; validate top designs with OpenFOAM,11.401695667534659,0.1,0.0,0012,0.2
1.6250176429748628,0.020658108014530864,0.03622471168637276,0.23735528035889455,11.42623437600453,0.4139234721660614,500000.0,continuous_27,27,continuous_naca,direct OpenFOAM-coefficient surrogate,0.0006678310632705698,-0.9256503582000732,98893.9375,unet,surrogate estimate; validate top designs with OpenFOAM,11.42623437600453,0.15422107696533105,0.0,0012,0.2
2.157463026046761,0.02218744688687677,0.03622382506728172,0.2509160735732249,11.425089937006144,0.4138718843460083,500000.0,continuous_28,28,continuous_naca,direct OpenFOAM-coefficient surrogate,0.0009633480906486519,-0.9256362318992615,98893.9375,unet,surrogate estimate; validate top designs with OpenFOAM,11.425089937006144,0.2274560737609868,0.0,0012,0.2
3.2279615640640307,0.025478396489564317,0.036223459988832474,0.2233089530624037,11.42477480296424,0.41385629773139954,500000.0,continuous_29,29,continuous_naca,direct OpenFOAM-coefficient surrogate,0.0001833647787570958,-0.9256280660629272,98893.9375,unet,surrogate estimate; validate top designs with OpenFOAM,11.42477480296424,0.3056003856658914,0.0,0012,0.2
2.6749315440654815,0.02423437887084079,0.03622386232018471,0.23661250761122554,11.425330757664863,0.4138810336589813,500000.0,continuous_30,30,continuous_naca,direct OpenFOAM-coefficient surrogate,0.0004668890163302428,-0.9256351590156555,98893.9375,unet,surrogate estimate; validate top designs with OpenFOAM,11.425330757664863,0.25420028924941857,0.0,0012,0.2
2.434706625342379,0.023245514252532195,0.03622482717037201,0.2372459258042711,11.426680041844017,0.4139409363269806,500000.0,continuous_31,31,continuous_naca,direct OpenFOAM-coefficient surrogate,0.0006939286850392827,-0.9256494641304016,98893.9375,unet,surrogate estimate; validate top designs with OpenFOAM,11.426680041844017,0.19267275929451,0.0,0012,0.2
2.513573528826245,0.02327899043379865,0.03622525930404663,0.22664944375395754,11.427423994773118,0.4139728248119354,500000.0,continuous_32,32,continuous_naca,direct OpenFOAM-coefficient surrogate,0.0002894324455410247,-0.9256547093391418,98893.9375,unet,surrogate estimate; validate top designs with OpenFOAM,11.427423994773118,0.17451020896434527,0.0,0012,0.2
2.6916287802159875,0.022720357016783023,0.03611798956990242,0.21313180128948653,11.19764973429914,0.4044477939605713,500000.0,continuous_33,33,continuous_naca,direct OpenFOAM-coefficient surrogate,0.0,-0.8892642259597778,98899.890625,unet,surrogate estimate; validate top designs with OpenFOAM,11.19764973429914,0.1480372765660245,0.0,0012,0.2
1.915426003187906,0.025716692769461307,0.03621433675289154,0.23504842166349518,11.399694186063723,0.4128437638282776,500000.0,continuous_34,34,continuous_naca,direct OpenFOAM-coefficient surrogate,0.0006971632344648252,-0.9317313432693481,98893.0703125,unet,surrogate estimate; validate top designs with OpenFOAM,11.399694186063723,0.10792095333337681,0.0,0012,0.2
2.4850551588460874,0.023501824643160252,0.0362243615090847,0.2370228957910535,11.425836405442785,0.4139050543308258,500000.0,continuous_35,35,continuous_naca,direct OpenFOAM-coefficient surrogate,0.0005244575708638884,-0.9256424903869629,98893.9375,unet,surrogate estimate; validate top designs with OpenFOAM,11.425836405442785,0.21763045527040814,0.0,0012,0.2
2.1053023884073,0.02265479099233282,0.03622547537088394,0.23719770239878113,11.427681613882038,0.41398462653160095,500000.0,continuous_36,36,continuous_naca,direct OpenFOAM-coefficient surrogate,0.0006395946799311796,-0.9256588816642761,98893.9375,unet,surrogate estimate; validate top designs with OpenFOAM,11.427681613882038,0.14449078731238724,0.0,0012,0.2
1.915426003187907,0.02571669276946131,0.03621433675289154,0.23504842166349518,11.399694186063723,0.4128437638282776,500000.0,continuous_37,37,continuous_naca,direct OpenFOAM-coefficient surrogate,0.0006971632344648252,-0.9317313432693481,98893.0703125,unet,surrogate estimate; validate top designs with OpenFOAM,11.399694186063723,0.10792095333337681,0.0,0012,0.2
3.205482276994743,0.02643590974311918,0.036225564777851105,0.23632815091337542,11.428141250696163,0.41400229930877686,500000.0,continuous_38,38,continuous_naca,direct OpenFOAM-coefficient surrogate,0.0004821029958548028,-0.9256566166877747,98893.9375,unet,surrogate estimate; validate top designs with OpenFOAM,11.428141250696163,0.20303502079099245,0.0,0012,0.2
3.995714594004683,0.029077187382688535,0.036225903779268265,0.23130002698442995,11.42897460644176,0.414036363363266,500000.0,continuous_39,39,continuous_naca,direct OpenFOAM-coefficient surrogate,0.0003892389621469193,-0.9256592988967896,98893.9375,unet,surrogate estimate; validate top designs with OpenFOAM,11.42897460644176,0.22744199270382315,0.0,0012,0.2
3.17629727895838,0.02589526727542375,0.036225825548172,0.22636633573137807,11.42873850419281,0.4140269160270691,500000.0,continuous_40,40,continuous_naca,direct OpenFOAM-coefficient surrogate,0.00030366051263990836,-0.9256622195243835,98893.9375,unet,surrogate estimate; validate top designs with OpenFOAM,11.42873850419281,0.18196795516647007,0.0,0012,0.2
3.2880265977350165,0.025731304327461412,0.03622616082429886,0.22328914886450663,11.42938874976982,0.4140543043613434,500000.0,continuous_41,41,continuous_naca,direct OpenFOAM-coefficient surrogate,0.00013405099239025746,-0.9256682991981506,98893.9375,unet,surrogate estimate; validate top designs with OpenFOAM,11.42938874976982,0.16136703213210835,0.0,0012,0.2
3.6283312479208814,0.026200665463810738,0.036119043827056885,0.2127426062166138,11.199413682396488,0.4045233130455017,500000.0,continuous_42,42,continuous_naca,direct OpenFOAM-coefficient surrogate,0.0,-0.8892757892608643,98899.890625,unet,surrogate estimate; validate top designs with OpenFOAM,11.199413682396488,0.14063132822746027,0.0,0012,0.2
3.7690969007264448,0.028765481894770878,0.036226313561201096,0.23608665232646056,11.429761758373056,0.4140695631504059,500000.0,continuous_43,43,continuous_naca,direct OpenFOAM-coefficient surrogate,0.00044384012801310763,-0.9256683588027954,98893.9375,unet,surrogate estimate; validate top designs with OpenFOAM,11.429761758373056,0.1831236746930492,0.0,0012,0.2
4.3968585866765455,0.03139929854692585,0.036226894706487656,0.23612818745662945,11.43037636489999,0.41409847140312195,500000.0,continuous_44,44,continuous_naca,direct OpenFOAM-coefficient surrogate,0.0005210439692491492,-0.9256755113601685,98893.9375,unet,surrogate estimate; validate top designs with OpenFOAM,11.43037636489999,0.18743040755740115,0.0,0012,0.2
5.323146140280012,0.033048333018584966,0.03612525761127472,0.2161937056465904,11.210237774917866,0.4049839377403259,500000.0,continuous_45,45,continuous_naca,direct OpenFOAM-coefficient surrogate,3.440253828193747e-05,-0.8893624544143677,98899.875,unet,surrogate estimate; validate top designs with OpenFOAM,11.210237774917866,0.23461290646751415,0.0,0012,0.2
2.909763326375478,0.02522375063630737,0.036225784569978714,0.23648727728281277,11.428563042780851,0.4140200912952423,500000.0,continuous_46,46,continuous_naca,direct OpenFOAM-coefficient surrogate,0.0004882966445188691,-0.9256625175476074,98893.9375,unet,surrogate estimate; validate top designs with OpenFOAM,11.428563042780851,0.16702131710116896,0.0,0012,0.2
4.5186852023118345,0.03051411298328534,0.03622657060623169,0.2226701664948114,11.430070593251124,0.41408368945121765,500000.0,continuous_47,47,continuous_naca,direct OpenFOAM-coefficient surrogate,0.00018570057369424794,-0.9256706833839417,98893.9375,unet,surrogate estimate; validate top designs with OpenFOAM,11.430070593251124,0.21208237667873242,0.0,0012,0.2
4.92334521140566,0.032779792171724005,0.036227088421583176,0.22547809770230337,11.430819517930518,0.4141167402267456,500000.0,continuous_48,48,continuous_naca,direct OpenFOAM-coefficient surrogate,0.0003113567361003785,-0.9256760478019714,98893.9296875,unet,surrogate estimate; validate top designs with OpenFOAM,11.430819517930518,0.21219294936956246,0.0,0012,0.2
5.796869177629301,0.03621220827014796,0.03622782230377197,0.2249604058716662,11.43231874445797,0.4141794443130493,500000.0,continuous_49,49,continuous_naca,direct OpenFOAM-coefficient surrogate,0.0003152048478306136,-0.9256824254989624,98893.9296875,unet,surrogate estimate; validate top designs with OpenFOAM,11.43231874445797,0.22730544647110862,0.0,0012,0.2
5.004505188171665,0.032401734948368364,0.036228060722351074,0.22241489347591006,11.432548697546702,0.41419050097465515,500000.0,continuous_50,50,continuous_naca,direct OpenFOAM-coefficient surrogate,0.00018876122943521471,-0.9256892800331116,98893.9296875,unet,surrogate estimate; validate top designs with OpenFOAM,11.432548697546702,0.16665063871585212,0.0,0012,0.2
5.508900485255156,0.03374893434182893,0.03612729161977768,0.2161005375517338,11.213770751395193,0.405134379863739,500000.0,continuous_51,51,continuous_naca,direct OpenFOAM-coefficient surrogate,8.852236307936242e-05,-0.8893918395042419,98899.875,unet,surrogate estimate; validate top designs with OpenFOAM,11.213770751395193,0.13625496172186657,0.0,0012,0.2
6.570432479659657,0.040259102221563134,0.03622853010892868,0.23443302445386635,11.433973384958977,0.4142474830150604,500000.0,continuous_52,52,continuous_naca,direct OpenFOAM-coefficient surrogate,0.00047130431771435523,-0.9256908893585205,98893.9296875,unet,surrogate estimate; validate top designs with OpenFOAM,11.433973384958977,0.23536740257943883,0.0,0012,0.2
8.211635420621977,0.04698589237144789,0.0362296961247921,0.23384803945890784,11.436022118126305,0.4143350422382355,500000.0,continuous_53,53,continuous_naca,direct OpenFOAM-coefficient surrogate,0.0006399309803764041,-0.9257013201713562,98893.9296875,unet,surrogate estimate; validate top designs with OpenFOAM,11.436022118126305,0.2723675878031041,0.0,0012,0.2
7.186248984237908,0.04281812905499023,0.03622971102595329,0.23456112383745356,11.435815062258397,0.4143277108669281,500000.0,continuous_54,54,continuous_naca,direct OpenFOAM-coefficient surrogate,0.0006467699397514428,-0.9257043600082397,98893.9296875,unet,surrogate estimate; validate top designs with OpenFOAM,11.435815062258397,0.21479466359500055,0.0,0012,0.2
8.70277079865388,0.047953718444872666,0.036230504512786865,0.2281953839319889,11.437644025841449,0.4144030511379242,500000.0,continuous_55,55,continuous_naca,direct OpenFOAM-coefficient surrogate,0.00037428952944768847,-0.9257127642631531,98893.9296875,unet,surrogate estimate; validate top designs with OpenFOAM,11.437644025841449,0.2531287607351316,0.0,0012,0.2
10.0,0.05259428247386984,0.036231402307748795,0.2217726309303665,11.439398850022135,0.4144769012928009,500000.0,continuous_56,56,continuous_naca,direct OpenFOAM-coefficient surrogate,0.00030091230954695813,-0.9257208704948425,98893.9296875,unet,surrogate estimate; validate top designs with OpenFOAM,11.439398850022135,0.2859779373239968,0.0,0012,0.2
9.404325618886475,0.05186514783288006,0.03623157739639282,0.2328016851446037,11.439564830924441,0.4144849181175232,500000.0,continuous_57,57,continuous_naca,direct OpenFOAM-coefficient surrogate,0.0005729823817243963,-0.925724983215332,98893.9296875,unet,surrogate estimate; validate top designs with OpenFOAM,11.439564830924441,0.2425899672478682,0.0,0012,0.2
10.0,0.05426503680749488,0.036232106387615204,0.23224575687853047,11.440532067153493,0.4145260155200958,500000.0,continuous_58,58,continuous_naca,direct OpenFOAM-coefficient surrogate,0.0007018711486712877,-0.9257311820983887,98893.921875,unet,surrogate estimate; validate top designs with OpenFOAM,11.440532067153493,0.250232227636248,0.0,0012,0.2
10.0,0.05624560641445396,0.03623038902878761,0.244087185488187,11.43770515887016,0.4144039452075958,500000.0,continuous_59,59,continuous_naca,direct OpenFOAM-coefficient surrogate,0.0009559809597378317,-0.9257065057754517,98893.9296875,unet,surrogate estimate; validate top designs with OpenFOAM,11.43770515887016,0.34503556946332253,0.0,0012,0.2
10.0,0.05419994838112895,0.036230120807886124,0.2323316586292607,11.437072559242484,0.41437795758247375,500000.0,continuous_60,60,continuous_naca,direct OpenFOAM-coefficient surrogate,0.0006525777594147981,-0.9257018566131592,98893.9296875,unet,surrogate estimate; validate top designs with OpenFOAM,11.437072559242484,0.36201199751833524,0.0,0012,0.2
10.0,0.05420607414724679,0.036230284720659256,0.2323279831773343,11.437499545739628,0.4143953025341034,500000.0,continuous_61,61,continuous_naca,direct OpenFOAM-coefficient surrogate,0.0006657401083090338,-0.9257049560546875,98893.9296875,unet,surrogate estimate; validate top designs with OpenFOAM,11.437499545739628,0.34926127816784713,0.0,0012,0.2
10.0,0.05426845378598647,0.03623201698064804,0.23225373289622403,11.440390858511117,0.41451987624168396,500000.0,continuous_62,62,continuous_naca,direct OpenFOAM-coefficient surrogate,0.0006596745037177577,-0.9257298111915588,98893.921875,unet,surrogate estimate; validate top designs with OpenFOAM,11.440390858511117,0.25324150877737195,0.0,0012,0.2
10.0,0.05427912076266355,0.03623269498348236,0.2322007694013408,11.441480453805628,0.41456711292266846,500000.0,continuous_63,63,continuous_naca,direct OpenFOAM-coefficient surrogate,0.0006434793525278838,-0.9257394671440125,98893.921875,unet,surrogate estimate; validate top designs with OpenFOAM,11.441480453805628,0.21798234343262246,0.0,0012,0.2
10.0,0.05501098492220702,0.03623386472463608,0.23189315817861805,11.444150148074156,0.414677232503891,500000.0,continuous_64,64,continuous_naca,direct OpenFOAM-coefficient surrogate,0.0006323489746373088,-0.9257583618164062,98893.921875,unet,surrogate estimate; validate top designs with OpenFOAM,11.444150148074156,0.15234287606501007,0.0,0012,0.2
10.0,0.05165995053246829,0.03623441606760025,0.2188165214470385,11.444980247110806,0.41471362113952637,500000.0,continuous_65,65,continuous_naca,direct OpenFOAM-coefficient surrogate,0.00019142250854882427,-0.9257650971412659,98893.921875,unet,surrogate estimate; validate top designs with OpenFOAM,11.444980247110806,0.12586170543799086,0.0,0012,0.2
10.0,0.04964911276393614,0.036125801503658295,0.20856820268037238,11.212963706420675,0.40508851408958435,500000.0,continuous_66,66,continuous_naca,direct OpenFOAM-coefficient surrogate,0.0,-0.8893554210662842,98899.875,unet,surrogate estimate; validate top designs with OpenFOAM,11.212963706420675,0.1,0.0,0012,0.2
4.0,0.015366594884778912,0.036248575896024704,0.27608288342337683,11.613657777841121,0.4209901690483093,500000.0,continuous_1,1,continuous_naca,direct OpenFOAM-coefficient surrogate,0.02,-0.9405066967010498,98890.25,unet,surrogate estimate; validate top designs with OpenFOAM,11.613657777841121,0.4,0.0,2412,0.12
4.0,0.015029561373250285,0.03682417795062065,0.3165075061399058,13.045016801355034,0.48038506507873535,500000.0,continuous_2,2,continuous_naca,direct OpenFOAM-coefficient surrogate,0.021,-0.9799289703369141,98883.203125,unet,surrogate estimate; validate top designs with OpenFOAM,13.045016801355034,0.4,0.0,2412,0.12
4.0,0.015402848672590466,0.03624819591641426,0.271391196295444,11.612961476668655,0.42096051573753357,500000.0,continuous_3,3,continuous_naca,direct OpenFOAM-coefficient surrogate,0.02,-0.9404991269111633,98890.25,unet,surrogate estimate; validate top designs with OpenFOAM,11.612961476668655,0.42000000000000004,0.0,2412,0.12
4.0,0.019033154255971855,0.036480698734521866,0.31567013935906213,12.178599621173136,0.4442960023880005,500000.0,continuous_4,4,continuous_naca,direct OpenFOAM-coefficient surrogate,0.02,-0.9957612156867981,98881.46875,unet,surrogate estimate; validate top designs with OpenFOAM,12.178599621173136,0.4,0.0,2412,0.126
4.2,0.016330675855152636,0.036248836666345596,0.2760328068177412,11.614202345178635,0.4210129380226135,500000.0,continuous_5,5,continuous_naca,direct OpenFOAM-coefficient surrogate,0.02,-0.940512478351593,98890.25,unet,surrogate estimate; validate top designs with OpenFOAM,11.614202345178635,0.4,0.0,2412,0.12
4.1,0.019492467750251655,0.036274634301662445,0.2945726638559587,11.680569339061947,0.4237200617790222,500000.0,continuous_6,6,continuous_naca,direct OpenFOAM-coefficient surrogate,0.0205,-0.9609519243240356,98887.328125,unet,surrogate estimate; validate top designs with OpenFOAM,11.680569339061947,0.38,0.0,2412,0.123
4.15,0.018995438889389198,0.03631873056292534,0.30490532822685595,11.771427822942474,0.4275350868701935,500000.0,continuous_7,7,continuous_naca,direct OpenFOAM-coefficient surrogate,0.02075,-0.9728533029556274,98885.375,unet,surrogate estimate; validate top designs with OpenFOAM,11.771427822942474,0.39,0.0,2412,0.1245
3.925,0.011787080451306223,0.0365530326962471,0.24122790985711656,12.284691535194288,0.449055016040802,500000.0,continuous_8,8,continuous_naca,direct OpenFOAM-coefficient surrogate,0.021125,-0.9922574758529663,98881.9296875,unet,surrogate estimate; validate top designs with OpenFOAM,12.284691535194288,0.3849999999999999,0.0,2412,0.12675
3.9375000000000018,0.019347152201253222,0.03648063540458679,0.3209555948940256,12.172369744182513,0.44406795501708984,500000.0,continuous_9,9,continuous_naca,direct OpenFOAM-coefficient surrogate,0.0209375,-0.9967527389526367,98881.3359375,unet,surrogate estimate; validate top designs with OpenFOAM,12.172369744182513,0.4075000000000001,0.0,2412,0.12562500000000001
3.781250000000001,0.018338823353275545,0.03648040443658829,0.3153783745433134,12.171879050733095,0.4440472424030304,500000.0,continuous_10,10,continuous_naca,direct OpenFOAM-coefficient surrogate,0.020781249999999998,-0.996747612953186,98881.3359375,unet,surrogate estimate; validate top designs with OpenFOAM,12.171879050733095,0.4062500000000001,0.0,2412,0.1246875
3.8734375000000005,0.01841402823562215,0.03648066520690918,0.3118927175585615,12.172403913689703,0.4440695643424988,500000.0,continuous_11,11,continuous_naca,direct OpenFOAM-coefficient surrogate,0.0207734375,-0.9967532753944397,98881.3359375,unet,surrogate estimate; validate top designs with OpenFOAM,12.172403913689703,0.4021875000000001,0.0,2412,0.124640625
3.9617187499999993,0.01864435356212109,0.03627432510256767,0.2947006962708484,11.680092987534321,0.42369917035102844,500000.0,continuous_12,12,continuous_naca,direct OpenFOAM-coefficient surrogate,0.02051171875,-0.9609443545341492,98887.3359375,unet,surrogate estimate; validate top designs with OpenFOAM,11.680092987534321,0.38609375,0.0,2412,0.1230703125
3.943554687500001,0.01868225192415596,0.03648076578974724,0.3163182609577915,12.172608891246126,0.444078266620636,500000.0,continuous_13,13,continuous_naca,direct OpenFOAM-coefficient surrogate,0.020831054687500003,-0.9967555999755859,98881.3359375,unet,surrogate estimate; validate top designs with OpenFOAM,12.172608891246126,0.40214843750000007,0.0,2412,0.12498632812500002
4.06083984375,0.01998898059976605,0.036274392157793045,0.30719668205031414,11.680214347844052,0.4237043559551239,500000.0,continuous_14,14,continuous_naca,direct OpenFOAM-coefficient surrogate,0.020704589843750003,-0.9609462022781372,98887.328125,unet,surrogate estimate; validate top designs with OpenFOAM,11.680214347844052,0.39138671875000003,0.0,2412,0.1242275390625
3.9202880859375004,0.018730030474230285,0.036480724811553955,0.3118658300915634,12.172526985573768,0.4440747797489166,500000.0,continuous_15,15,continuous_naca,direct OpenFOAM-coefficient surrogate,0.0207562255859375,-0.9967546463012695,98881.3359375,unet,surrogate estimate; validate top designs with OpenFOAM,12.172526985573768,0.39948730468750004,0.0,2412,0.124537353515625
4.013989257812501,0.018802779288014035,0.03631840646266937,0.3036355585032246,11.770903495582653,0.4275122284889221,500000.0,continuous_16,16,continuous_naca,direct OpenFOAM-coefficient surrogate,0.020721801757812502,-0.9728462100028992,98885.375,unet,surrogate estimate; validate top designs with OpenFOAM,11.770903495582653,0.39408691406250007,0.0,2412,0.124330810546875
3.94371337890625,0.018888364236829516,0.03648075461387634,0.31185651182151003,12.172583211447815,0.44407719373703003,500000.0,continuous_17,17,continuous_naca,direct OpenFOAM-coefficient surrogate,0.02074761962890625,-0.9967551827430725,98881.3359375,unet,surrogate estimate; validate top designs with OpenFOAM,12.172583211447815,0.39813720703125005,0.0,2412,0.1244857177734375
3.9905639648437505,0.0189319048921432,0.03648090735077858,0.31117063696702546,12.172866364055634,0.4440893828868866,500000.0,continuous_18,18,continuous_naca,direct OpenFOAM-coefficient surrogate,0.020730407714843753,-0.9967585802078247,98881.3359375,unet,surrogate estimate; validate top designs with OpenFOAM,12.172866364055634,0.39543701171875006,0.0,2412,0.1243824462890625
4.014227294921875,0.019617950843240167,0.03627440705895424,0.29905620767682356,11.680230088792236,0.4237051010131836,500000.0,continuous_19,19,continuous_naca,direct OpenFOAM-coefficient surrogate,0.020596649169921877,-0.9609463214874268,98887.328125,unet,surrogate estimate; validate top designs with OpenFOAM,11.680230088792236,0.38807006835937496,0.0,2412,0.12357989501953123
3.96122283935547,0.018332700570922313,0.03648078069090843,0.3129350562018417,12.172635778764972,0.4440794289112091,500000.0,continuous_20,20,continuous_naca,direct OpenFOAM-coefficient surrogate,0.02077245330810547,-0.9967559576034546,98881.3359375,unet,surrogate estimate; validate top designs with OpenFOAM,12.172635778764972,0.39862884521484376,0.0,2412,0.12463471984863282
3.9965591430664062,0.019137643328659033,0.03627430275082588,0.3040205558761032,11.680059106474658,0.42369768023490906,500000.0,continuous_21,21,continuous_naca,direct OpenFOAM-coefficient surrogate,0.02065525054931641,-0.9609440565109253,98887.3359375,unet,surrogate estimate; validate top designs with OpenFOAM,11.680059106474658,0.39158966064453127,0.0,2412,0.12393150329589843
3.970056915283204,0.018786513843095664,0.03648078814148903,0.31117367865689255,12.172650447880535,0.44408005475997925,500000.0,continuous_22,22,continuous_naca,direct OpenFOAM-coefficient surrogate,0.020743152618408207,-0.9967561364173889,98881.3359375,unet,surrogate estimate; validate top designs with OpenFOAM,12.172650447880535,0.3968690490722656,0.0,2412,0.12445891571044923
3.987725067138672,0.01955136798101292,0.036274250596761703,0.3072657120381855,11.67997320416675,0.4236939549446106,500000.0,continuous_23,23,continuous_naca,direct OpenFOAM-coefficient surrogate,0.020684551239013672,-0.9609429240226746,98887.3359375,unet,surrogate estimate; validate top designs with OpenFOAM,11.67997320416675,0.3933494567871094,0.0,2412,0.12410730743408202
3.974473953247071,0.018831307130953552,0.03648088499903679,0.3111860642070686,12.172824807689304,0.44408759474754333,500000.0,continuous_24,24,continuous_naca,direct OpenFOAM-coefficient surrogate,0.020728502273559574,-0.996757984161377,98881.3359375,unet,surrogate estimate; validate top designs with OpenFOAM,12.172824807689304,0.39598915100097654,0.0,2412,0.12437101364135743
3.983308029174805,0.019510502796288267,0.036274246871471405,0.30727467395113084,11.679967831156086,0.4236937165260315,500000.0,continuous_25,25,continuous_naca,direct OpenFOAM-coefficient surrogate,0.020699201583862306,-0.9609428644180298,98887.3359375,unet,surrogate estimate; validate top designs with OpenFOAM,11.679967831156086,0.3942293548583985,0.0,2412,0.12419520950317382
3.9766824722290046,0.01857239083803102,0.036318354308605194,0.3036650744127515,11.77081946916601,0.42750856280326843,500000.0,continuous_26,26,continuous_naca,direct OpenFOAM-coefficient surrogate,0.020721177101135257,-0.9728451371192932,98885.375,unet,surrogate estimate; validate top designs with OpenFOAM,11.77081946916601,0.39554920196533205,0.0,2412,0.12432706260681153
3.9625,0.019314117996979737,0.03627428039908409,0.3070608364568632,11.680016188212324,0.4236958622932434,500000.0,continuous_27,27,continuous_naca,direct OpenFOAM-coefficient surrogate,0.0210625,-0.9609435200691223,98887.3359375,unet,surrogate estimate; validate top designs with OpenFOAM,11.680016188212324,0.39249999999999996,0.0,2412,0.123375
4.0,0.019272741618347442,0.03627414628863335,0.2926489865316385,11.679800577246784,0.4236864745616913,500000.0,continuous_28,28,continuous_naca,direct OpenFOAM-coefficient surrogate,0.0205,-0.9609405994415283,98887.3359375,unet,surrogate estimate; validate top designs with OpenFOAM,11.679800577246784,0.4,0.0,2412,0.123
3.9952819824218753,0.01982847017537166,0.036274053156375885,0.2865430554879983,11.672734704974642,0.42342907190322876,500000.0,continuous_29,29,continuous_naca,direct OpenFOAM-coefficient surrogate,0.020865203857421875,-0.9630873799324036,98887.046875,unet,surrogate estimate; validate top designs with OpenFOAM,11.672734704974642,0.39771850585937507,0.0,2412,0.12219122314453125
3.9872369766235356,0.01978198658282278,0.03627404570579529,0.2865503226592166,11.672709990795221,0.42342808842658997,500000.0,continuous_30,30,continuous_naca,direct OpenFOAM-coefficient surrogate,0.02086425113677979,-0.9630871415138245,98887.046875,unet,surrogate estimate; validate top designs with OpenFOAM,11.672709990795221,0.3979945755004883,0.0,2412,0.12218550682067872
3.9916540145874024,0.01933993448793231,0.03627404943108559,0.2833278080757679,11.672716186146344,0.42342835664749146,500000.0,continuous_31,31,continuous_naca,direct OpenFOAM-coefficient surrogate,0.02084960079193115,-0.9630873799324036,98887.046875,unet,surrogate estimate; validate top designs with OpenFOAM,11.672716186146344,0.3971146774291992,0.0,2412,0.1220976047515869
3.9905497550964357,0.01932992284381953,0.03627404570579529,0.28333162799617684,11.672714920187614,0.4234282672405243,500000.0,continuous_32,32,continuous_naca,direct OpenFOAM-coefficient surrogate,0.02085326337814331,-0.963087260723114,98887.046875,unet,surrogate estimate; validate top designs with OpenFOAM,11.672714920187614,0.39733465194702144,0.0,2412,0.12211958026885984
3.98125,0.01924718219137721,0.03627413511276245,0.28304131637562935,11.672878396391926,0.423435240983963,500000.0,continuous_33,33,continuous_naca,direct OpenFOAM-coefficient surrogate,0.02103125,-0.9630890488624573,98887.046875,unet,surrogate estimate; validate top designs with OpenFOAM,11.672878396391926,0.39625,0.0,2412,0.1216875
4.0,0.019520567623745707,0.03627404198050499,0.2782537692411138,11.672708724835726,0.4234279990196228,500000.0,continuous_34,34,continuous_naca,direct OpenFOAM-coefficient surrogate,0.02075,-0.9630871415138245,98887.046875,unet,surrogate estimate; validate top designs with OpenFOAM,11.672708724835726,0.4,0.0,2412,0.1215
3.997640991210938,0.019474608673191906,0.03627404570579529,0.2779460930131964,11.672715741753013,0.4234282970428467,500000.0,continuous_35,35,continuous_naca,direct OpenFOAM-coefficient surrogate,0.020932601928710937,-0.9630873203277588,98887.046875,unet,surrogate estimate; validate top designs with OpenFOAM,11.672715741753013,0.39885925292968755,0.0,2412,0.12109561157226562
3.9936184883117676,0.01945114168365775,0.03627403825521469,0.2779517551653828,11.672706637310402,0.42342787981033325,500000.0,continuous_36,36,continuous_naca,direct OpenFOAM-coefficient surrogate,0.020932125568389894,-0.9630871415138245,98887.046875,unet,surrogate estimate; validate top designs with OpenFOAM,11.672706637310402,0.3989972877502441,0.0,2412,0.12109275341033936
3.995827007293702,0.019228627964569606,0.03627404198050499,0.27732394566305846,11.672708724835726,0.4234279990196228,500000.0,continuous_37,37,continuous_naca,direct OpenFOAM-coefficient surrogate,0.02092480039596558,-0.9630870819091797,98887.046875,unet,surrogate estimate; validate top designs with OpenFOAM,11.672708724835726,0.39855733871459975,0.0,2412,0.12104880237579345
3.9952748775482183,0.019223689738738083,0.03627403825521469,0.277319533182695,11.672709102007104,0.4234279692173004,500000.0,continuous_38,38,continuous_naca,direct OpenFOAM-coefficient surrogate,0.02092663168907166,-0.9630870223045349,98887.046875,unet,surrogate estimate; validate top designs with OpenFOAM,11.672709102007104,0.39866732597351084,0.0,2412,0.12105979013442991
3.987082934379579,0.015488908645292919,0.03682418167591095,0.3198313033167276,13.045020337453266,0.4803852438926697,500000.0,continuous_39,39,continuous_naca,direct OpenFOAM-coefficient surrogate,0.0211952418088913,-0.9799290895462036,98883.203125,unet,surrogate estimate; validate top designs with OpenFOAM,13.045020337453266,0.39688828945159915,0.0,2412,0.12042145085334777
3.9806244015693686,0.016031242040829785,0.03685382008552551,0.31987880475642116,13.156815558132779,0.4848920702934265,500000.0,continuous_40,40,continuous_naca,direct OpenFOAM-coefficient surrogate,0.021417862713336948,-0.9477109313011169,98888.015625,unet,surrogate estimate; validate top designs with OpenFOAM,13.156815558132779,0.3953324341773987,0.0,2412,0.11988217628002162
3.9844828188419346,0.016079645819295444,0.03685382008552551,0.31983369412756135,13.156813940850572,0.48489201068878174,500000.0,continuous_41,41,continuous_naca,direct OpenFOAM-coefficient surrogate,0.021264225631952283,-0.9477110505104065,98888.015625,unet,surrogate estimate; validate top designs with OpenFOAM,13.156813940850572,0.3965535175800323,0.0,2412,0.12027285379171371
3.9755376189947143,0.016001846538368957,0.036853816360235214,0.3198879668135483,13.156801523843123,0.48489150404930115,500000.0,continuous_42,42,continuous_naca,direct OpenFOAM-coefficient surrogate,0.021424067243933684,-0.9477109909057617,98888.015625,unet,surrogate estimate; validate top designs with OpenFOAM,13.156801523843123,0.39520872294902804,0.0,2412,0.11982565346360205
3.9890724197030085,0.015601230721134694,0.03686182573437691,0.301576391980822,13.17100069180483,0.48552030324935913,500000.0,continuous_43,43,continuous_naca,direct OpenFOAM-coefficient surrogate,0.02152182779461146,-0.9510895013809204,98887.53125,unet,surrogate estimate; validate top designs with OpenFOAM,13.17100069180483,0.3972973373532296,0.0,2412,0.1183028417676687
3.9929836295545122,0.01552242856972382,0.03688056394457817,0.28870377557451604,13.222363667498229,0.4876614511013031,500000.0,continuous_44,44,continuous_naca,direct OpenFOAM-coefficient surrogate,0.021767116691917193,-0.9576996564865112,98886.5625,unet,surrogate estimate; validate top designs with OpenFOAM,13.222363667498229,0.3978210060298444,0.0,2412,0.11661051265150302
3.966814234480265,0.014968320232911014,0.036871206015348434,0.3135246994945167,13.199369340325127,0.48668986558914185,500000.0,continuous_45,45,continuous_naca,direct OpenFOAM-coefficient surrogate,0.021936636140570055,-0.9539510607719421,98887.109375,unet,surrogate estimate; validate top designs with OpenFOAM,13.199369340325127,0.3924578403681517,0.0,2412,0.11829559809342022
3.9869149232283254,0.015547582692866298,0.03687116876244545,0.30108797572341467,13.199319631659153,0.4866875410079956,500000.0,continuous_46,46,continuous_naca,direct OpenFOAM-coefficient surrogate,0.02176885334495455,-0.9539505839347839,98887.109375,unet,surrogate estimate; validate top designs with OpenFOAM,13.199319631659153,0.39587367612868546,0.0,2412,0.11770491694472723
3.979185775574301,0.015721837715830585,0.03688065707683563,0.29139353712877103,13.222386034488565,0.48766350746154785,500000.0,continuous_47,47,continuous_naca,direct OpenFOAM-coefficient surrogate,0.022181008813437094,-0.9577009081840515,98886.5625,unet,surrogate estimate; validate top designs with OpenFOAM,13.222386034488565,0.3941889607720078,0.0,2412,0.11597374819312234
3.976537253940485,0.017048339908981077,0.03727900981903076,0.29407877985209546,14.25008861499507,0.5312434434890747,500000.0,continuous_48,48,continuous_naca,direct OpenFOAM-coefficient surrogate,0.022639400404179492,-0.9409379363059998,98888.1484375,unet,surrogate estimate; validate top designs with OpenFOAM,14.25008861499507,0.39300668236799563,0.0,2412,0.11382419539382665
3.981000619032425,0.0171357018711696,0.03727896511554718,0.28833071268223937,14.250067330563347,0.5312420129776001,500000.0,continuous_49,49,continuous_naca,direct OpenFOAM-coefficient surrogate,0.022638140577473702,-0.9409375190734863,98888.1484375,unet,surrogate estimate; validate top designs with OpenFOAM,14.250067330563347,0.3942471682699398,0.0,2412,0.11333543526171694
3.971752945275518,0.017768609597137587,0.03729216381907463,0.2916755240777689,14.303407284896759,0.5334193110466003,500000.0,continuous_50,50,continuous_naca,direct OpenFOAM-coefficient surrogate,0.02272179356211567,-0.9075481295585632,98892.9921875,unet,surrogate estimate; validate top designs with OpenFOAM,14.303407284896759,0.3928926723892802,0.0,2412,0.11332795375550617
3.964171956299113,0.010661865432966449,0.03722575679421425,0.29789938798493143,14.250915697163164,0.5305153727531433,500000.0,continuous_51,51,continuous_naca,direct OpenFOAM-coefficient surrogate,0.02319826367069623,-0.8417327404022217,98902.234375,unet,surrogate estimate; validate top designs with OpenFOAM,14.250915697163164,0.3914021705195777,0.0,2412,0.11113947216089565
3.994322989421206,0.012027724163798732,0.037180688232183456,0.2794791220681854,14.155521293646395,0.5263261795043945,500000.0,continuous_52,52,continuous_naca,direct OpenFOAM-coefficient surrogate,0.02294658947727297,-0.8357389569282532,98903.234375,unet,surrogate estimate; validate top designs with OpenFOAM,14.155521293646395,0.39652592416037835,0.0,2412,0.11025345043785617
3.9688232742803056,0.011651730028040512,0.037180788815021515,0.2816936206109959,14.155579184249543,0.526329755783081,500000.0,continuous_53,53,continuous_naca,direct OpenFOAM-coefficient surrogate,0.023705845318603723,-0.8357406258583069,98903.234375,unet,surrogate estimate; validate top designs with OpenFOAM,14.155579184249543,0.3905152175639526,0.0,2412,0.10876000477294995
3.9547340568431615,0.01662144351286742,0.037279095500707626,0.30706738773566705,14.250107026352005,0.5312453508377075,500000.0,continuous_54,54,continuous_naca,direct OpenFOAM-coefficient surrogate,0.022906000453913323,-0.9409386515617371,98888.1484375,unet,surrogate estimate; validate top designs with OpenFOAM,14.250107026352005,0.3888049461352058,0.0,2412,0.11437034415414368
3.9731891632654897,0.015026936734177059,0.036861903965473175,0.3140409722057343,13.171115838165614,0.48552557826042175,500000.0,continuous_55,55,continuous_naca,direct OpenFOAM-coefficient surrogate,0.021746822180237373,-0.9510906338691711,98887.53125,unet,surrogate estimate; validate top designs with OpenFOAM,13.171115838165614,0.3939605170172581,0.0,2412,0.11866895950964679
3.9699147465266016,0.010692525844106536,0.037225764244794846,0.2978877379180478,14.250925653966279,0.5305158495903015,500000.0,continuous_56,56,continuous_naca,direct OpenFOAM-coefficient surrogate,0.023216089534012135,-0.8417328596115112,98902.234375,unet,surrogate estimate; validate top designs with OpenFOAM,14.250925653966279,0.39137654242727893,0.0,2412,0.11123724345712416
3.9554688822604582,0.018624612767756267,0.037299901247024536,0.30300381672954135,14.336357213081389,0.5347590446472168,500000.0,continuous_57,57,continuous_naca,direct OpenFOAM-coefficient surrogate,0.023103501399636607,-0.9020028114318848,98893.7265625,unet,surrogate estimate; validate top designs with OpenFOAM,14.336357213081389,0.38879325338994053,0.0,2412,0.11304443311858339
3.9427030138744747,0.019807785320828303,0.037324465811252594,0.30838797612111307,14.425383210420774,0.5384341478347778,500000.0,continuous_58,58,continuous_naca,direct OpenFOAM-coefficient surrogate,0.02333618181071806,-0.8657575845718384,98898.96875,unet,surrogate estimate; validate top designs with OpenFOAM,14.425383210420774,0.386066295949941,0.0,2412,0.11289893204701662
3.943015127319393,0.019473796387091277,0.03746597468852997,0.31013177613410475,14.806028393701046,0.5547370910644531,500000.0,continuous_59,59,continuous_naca,direct OpenFOAM-coefficient surrogate,0.023450632276200103,-0.8265479803085327,98904.4921875,unet,surrogate estimate; validate top designs with OpenFOAM,14.806028393701046,0.38656354608285737,0.0,2412,0.11209304131306869
3.926254064008848,0.011248498606384943,0.03722592815756798,0.3122807966144043,14.251056641225114,0.5305230617523193,500000.0,continuous_60,60,continuous_naca,direct OpenFOAM-coefficient surrogate,0.023856248212210412,-0.8417350649833679,98902.234375,unet,surrogate estimate; validate top designs with OpenFOAM,14.251056641225114,0.38334197794028824,0.0,2412,0.1112274642726897
3.9589588596548317,0.01129441745723116,0.03722584620118141,0.29348052792713947,14.25099194829984,0.5305194854736328,500000.0,continuous_61,61,continuous_naca,direct OpenFOAM-coefficient surrogate,0.023456348137609658,-0.8417339324951172,98902.234375,unet,surrogate estimate; validate top designs with OpenFOAM,14.25099194829984,0.3896445822894731,0.0,2412,0.11040824113221412
3.9383002265355067,0.01926597754051782,0.03730940818786621,0.30638117172785506,14.374617115069851,0.536322832107544,500000.0,continuous_62,62,continuous_naca,direct OpenFOAM-coefficient surrogate,0.02326638835930961,-0.8902899622917175,98895.3515625,unet,surrogate estimate; validate top designs with OpenFOAM,14.374617115069851,0.3862070059284969,0.0,2412,0.11312684066677864
3.938926796847614,0.016992637004543842,0.03727049008011818,0.31536398125604154,14.21937733345702,0.5299773812294006,500000.0,continuous_63,63,continuous_naca,direct OpenFOAM-coefficient surrogate,0.02293114986656206,-0.9445405006408691,98887.6953125,unet,surrogate estimate; validate top designs with OpenFOAM,14.21937733345702,0.38622017788581475,0.0,2412,0.11531514275897095
3.9539508439530273,0.011561722891059842,0.03722584992647171,0.3089809325299261,14.250985718844035,0.5305193066596985,500000.0,continuous_64,64,continuous_naca,direct OpenFOAM-coefficient surrogate,0.02332504856984776,-0.841733992099762,98902.234375,unet,surrogate estimate; validate top designs with OpenFOAM,14.250985718844035,0.38878848118855847,0.0,2412,0.11163496653890333
3.942859070596934,0.01998276729896511,0.037327684462070465,0.30867411810155065,14.440546012479174,0.539046585559845,500000.0,continuous_65,65,continuous_naca,direct OpenFOAM-coefficient surrogate,0.02339340704345908,-0.8553078770637512,98900.4453125,unet,surrogate estimate; validate top designs with OpenFOAM,14.440546012479174,0.3863149210163992,0.0,2412,0.11249598668004265
3.94065767692745,0.020129503856157978,0.037327684462070465,0.3095231470869159,14.440544415727356,0.5390465259552002,500000.0,continuous_66,66,continuous_naca,direct OpenFOAM-coefficient surrogate,0.023358510317754856,-0.8553078770637512,98900.4453125,unet,surrogate estimate; validate top designs with OpenFOAM,14.440544415727356,0.3863852760056771,0.0,2412,0.11260994098992366
3.9573840362974555,0.018662358558929705,0.03730941191315651,0.301698225630993,14.37462846009433,0.5363233089447021,500000.0,continuous_67,67,continuous_naca,direct OpenFOAM-coefficient surrogate,0.023086212919157887,-0.8902899622917175,98895.3515625,unet,surrogate estimate; validate top designs with OpenFOAM,14.37462846009433,0.3897281092360688,0.0,2412,0.11271049753428743
3.9509869934871125,0.010892379306142433,0.03722584992647171,0.30383766080015173,14.250987319963789,0.5305193662643433,500000.0,continuous_68,68,continuous_naca,direct OpenFOAM-coefficient surrogate,0.023453490206904883,-0.8417339324951172,98902.234375,unet,surrogate estimate; validate top designs with OpenFOAM,14.250987319963789,0.3881040641861652,0.0,2412,0.1112506412226414
3.9409709620835036,0.017716745375888264,0.03729989752173424,0.3120977526339396,14.336350655165958,0.5347587466239929,500000.0,continuous_69,69,continuous_naca,direct OpenFOAM-coefficient surrogate,0.02319089107138108,-0.9020028710365295,98893.7265625,unet,surrogate estimate; validate top designs with OpenFOAM,14.336350655165958,0.3863918619843361,0.0,2412,0.11370409203601982
3.9434749699344054,0.019277523533572438,0.03730941191315651,0.30640045469160465,14.374626862560513,0.5363232493400574,500000.0,continuous_70,70,continuous_naca,direct OpenFOAM-coefficient surrogate,0.02325654085526203,-0.8902899622917175,98895.3515625,unet,surrogate estimate; validate top designs with OpenFOAM,14.374626862560513,0.3868199125347934,0.0,2412,0.11309072933267522
3.9484829856362107,0.011499530853504556,0.03722585365176201,0.30867967868397184,14.250987494987443,0.530519425868988,500000.0,continuous_71,71,continuous_naca,direct OpenFOAM-coefficient surrogate,0.023387840423023932,-0.8417339324951172,98902.234375,unet,surrogate estimate; validate top designs with OpenFOAM,14.250987494987443,0.3876760136357079,0.0,2412,0.111864003925986
3.944726973859857,0.01979534374143312,0.037324465811252594,0.3084407074264317,14.425380016641757,0.5384340286254883,500000.0,continuous_72,72,continuous_naca,direct OpenFOAM-coefficient surrogate,0.023289365747202508,-0.865757405757904,98898.9765625,unet,surrogate estimate; validate top designs with OpenFOAM,14.425380016641757,0.38703393781002204,0.0,2412,0.11278404798100292
3.928245388054362,0.02010654372969894,0.03746601939201355,0.31435576400050796,14.806087089106704,0.5547399520874023,500000.0,continuous_73,73,continuous_naca,direct OpenFOAM-coefficient surrogate,0.023659744773150384,-0.8265490531921387,98904.4921875,unet,surrogate estimate; validate top designs with OpenFOAM,14.806087089106704,0.3834207312214091,0.0,2412,0.11228101094773156
3.9136760639328143,0.019902525779478136,0.03746604174375534,0.31854580024846385,14.806110073335505,0.5547411441802979,500000.0,continuous_74,74,continuous_naca,direct OpenFOAM-coefficient surrogate,0.023946510700146632,-0.8265495300292969,98904.4921875,unet,surrogate estimate; validate top designs with OpenFOAM,14.806110073335505,0.38026704221407925,0.0,2412,0.11206626765445363
3.925376995528439,0.02005609515920858,0.03746601939201355,0.31385665230865234,14.80608549825038,0.5547398924827576,500000.0,continuous_75,75,continuous_naca,direct OpenFOAM-coefficient surrogate,0.023785164421577833,-0.8265490531921387,98904.4921875,unet,surrogate estimate; validate top designs with OpenFOAM,14.80608549825038,0.38273145484948445,0.0,2412,0.1118485703377414
3.92180595176134,0.02003453760758898,0.03746601939201355,0.31374098958072394,14.806087089106704,0.5547399520874023,500000.0,continuous_76,76,continuous_naca,direct OpenFOAM-coefficient surrogate,0.023929346902936972,-0.8265490531921387,98904.4921875,unet,surrogate estimate; validate top designs with OpenFOAM,14.806087089106704,0.381553206075733,0.0,2412,0.1116419920027295
3.909077998674059,0.01968857579273102,0.03746603801846504,0.3171153270225315,14.806108363773323,0.5547410249710083,500000.0,continuous_77,77,continuous_naca,direct OpenFOAM-coefficient surrogate,0.024162420106971685,-0.8265494108200073,98904.4921875,unet,surrogate estimate; validate top designs with OpenFOAM,14.806108363773323,0.3792427035946778,0.0,2412,0.11132894897395396
4.0,0.01018061012688165,0.03780500590801239,0.21406709775107402,15.243845316021574,0.5763089060783386,500000.0,continuous_1,1,continuous_naca,direct OpenFOAM-coefficient surrogate,0.04,-0.985824704170227,98881.0546875,unet,surrogate estimate; validate top designs with OpenFOAM,15.243845316021574,0.4,0.0,4415,0.15
4.0,0.0102900030653462,0.037789344787597656,0.19735634633505245,15.239382217023405,0.5759015083312988,500000.0,continuous_2,2,continuous_naca,direct OpenFOAM-coefficient surrogate,0.042,-0.9720860123634338,98883.046875,unet,surrogate estimate; validate top designs with OpenFOAM,15.239382217023405,0.4,0.0,4415,0.15
4.0,0.011677757177574544,0.03769440948963165,0.20685091002490327,14.931225876361044,0.5628386735916138,500000.0,continuous_3,3,continuous_naca,direct OpenFOAM-coefficient surrogate,0.04,-0.9951901435852051,98879.734375,unet,surrogate estimate; validate top designs with OpenFOAM,14.931225876361044,0.42000000000000004,0.0,4415,0.15
4.0,0.013186623969716772,0.03786918893456459,0.17019730760733065,15.152589811732005,0.5738314390182495,500000.0,continuous_4,4,continuous_naca,direct OpenFOAM-coefficient surrogate,0.04,-1.0438776016235352,98871.8203125,unet,surrogate estimate; validate top designs with OpenFOAM,15.152589811732005,0.4,0.0,4415,0.1575
4.2,0.01092769574175613,0.037805236876010895,0.21403126041829404,15.244110071647865,0.5763224363327026,500000.0,continuous_5,5,continuous_naca,direct OpenFOAM-coefficient surrogate,0.04,-0.985822856426239,98881.0546875,unet,surrogate estimate; validate top designs with OpenFOAM,15.244110071647865,0.4,0.0,4415,0.15
4.1,0.013970752071942752,0.03788791596889496,0.18637264091780598,15.358201429846421,0.5819056034088135,500000.0,continuous_6,6,continuous_naca,direct OpenFOAM-coefficient surrogate,0.041,-1.0002305507659912,98878.5625,unet,surrogate estimate; validate top designs with OpenFOAM,15.358201429846421,0.38,0.0,4415,0.15374999999999997
4.149999999999999,0.017576324394328085,0.03797216713428497,0.18369051514923718,15.446442823253467,0.5865503549575806,500000.0,continuous_7,7,continuous_naca,direct OpenFOAM-coefficient surrogate,0.041499999999999995,-1.0386546850204468,98872.8203125,unet,surrogate estimate; validate top designs with OpenFOAM,15.446442823253467,0.3600000000000001,0.0,4415,0.15562499999999996
4.174999999999999,0.009040554466592394,0.037816375494003296,0.21656133881586823,15.361025330871438,0.5809136629104614,500000.0,continuous_8,8,continuous_naca,direct OpenFOAM-coefficient surrogate,0.04175,-0.9353764057159424,98888.4921875,unet,surrogate estimate; validate top designs with OpenFOAM,15.361025330871438,0.38,0.0,4415,0.14531249999999998
4.262499999999999,0.007574344450416526,0.03787826746702194,0.20480329448747106,15.355133192873181,0.5816411972045898,500000.0,continuous_9,9,continuous_naca,direct OpenFOAM-coefficient surrogate,0.039625,-1.0125194787979126,98876.765625,unet,surrogate estimate; validate top designs with OpenFOAM,15.355133192873181,0.37,0.0,4415,0.15046875
4.393749999999999,0.013351858178853449,0.03790204972028732,0.16455618261307117,15.39892776235036,0.5836663246154785,500000.0,continuous_10,10,continuous_naca,direct OpenFOAM-coefficient surrogate,0.041437499999999995,-0.9969072341918945,98879.21875,unet,surrogate estimate; validate top designs with OpenFOAM,15.39892776235036,0.3550000000000001,0.0,4415,0.15070312500000002
4.290624999999998,0.014281565317526413,0.037964802235364914,0.17889145215110355,15.5586234138074,0.5906956195831299,500000.0,continuous_11,11,continuous_naca,direct OpenFOAM-coefficient surrogate,0.04215625,-0.9774227738380432,98881.84375,unet,surrogate estimate; validate top designs with OpenFOAM,15.5586234138074,0.33250000000000013,0.0,4415,0.15105468749999998
4.3359374999999964,0.009162991345396587,0.038112491369247437,0.1988541251188692,15.86660098637294,0.604731559753418,500000.0,continuous_12,12,continuous_naca,direct OpenFOAM-coefficient surrogate,0.043234375000000005,-0.9844774007797241,98879.8984375,unet,surrogate estimate; validate top designs with OpenFOAM,15.86660098637294,0.2987500000000003,0.0,4415,0.15158203124999997
4.264843749999997,0.01658188887324512,0.03797153756022453,0.19552583651611355,15.671847209098255,0.5950998067855835,500000.0,continuous_13,13,continuous_naca,direct OpenFOAM-coefficient surrogate,0.0443359375,-0.9386218786239624,98887.171875,unet,surrogate estimate; validate top designs with OpenFOAM,15.671847209098255,0.32687500000000014,0.0,4415,0.15114257812499995
4.3972656249999975,0.037224692067456024,0.03814708814024925,0.2795043829044817,15.7440771157314,0.6006064414978027,500000.0,continuous_14,14,continuous_naca,direct OpenFOAM-coefficient surrogate,0.043503906249999995,-1.065316915512085,98868.15625,unet,surrogate estimate; validate top designs with OpenFOAM,15.7440771157314,0.2903125000000003,0.0,4415,0.15921386718749994
4.180273437499997,0.03398772654904061,0.03816957399249077,0.3229366253599222,15.956535585810032,0.6090701222419739,500000.0,continuous_15,15,continuous_naca,direct OpenFOAM-coefficient surrogate,0.04484960937500001,-0.9894154071807861,98879.1953125,unet,surrogate estimate; validate top designs with OpenFOAM,15.956535585810032,0.2829687500000003,0.0,4415,0.15807861328124986
4.073535156249996,0.036872828677559234,0.03828154876828194,0.38511473414419956,16.10741910959689,0.6166330575942993,500000.0,continuous_16,16,continuous_naca,direct OpenFOAM-coefficient surrogate,0.046555664062500016,-1.023709774017334,98873.5625,unet,surrogate estimate; validate top designs with OpenFOAM,16.10741910959689,0.24695312500000044,0.0,4415,0.16176635742187478
4.385791015624996,0.035292282903358896,0.03817843645811081,0.35803213937252054,15.96526169506057,0.6095446944236755,500000.0,continuous_17,17,continuous_naca,direct OpenFOAM-coefficient surrogate,0.04731494140625002,-0.9965010285377502,98877.9609375,unet,surrogate estimate; validate top designs with OpenFOAM,15.96526169506057,0.22144531250000044,0.0,4415,0.1562274169921874
4.3314208984374964,0.043746881294337424,0.03823620453476906,0.4096356688856552,15.948218676824329,0.6098152995109558,500000.0,continuous_18,18,continuous_naca,direct OpenFOAM-coefficient surrogate,0.045968505859375015,-1.0507272481918335,98869.4765625,unet,surrogate estimate; validate top designs with OpenFOAM,15.948218676824329,0.2018554687500006,0.0,4415,0.16325225830078108
4.166076660156245,0.03896652467698675,0.0382707305252552,0.376315066596586,16.090778993696663,0.6158219575881958,500000.0,continuous_19,19,continuous_naca,direct OpenFOAM-coefficient surrogate,0.04803283691406252,-1.0158157348632812,98874.6640625,unet,surrogate estimate; validate top designs with OpenFOAM,16.090778993696663,0.19418945312500058,0.0,4415,0.15720016479492163
4.142474365234371,0.045918745530081975,0.03818483650684357,0.30193251693808265,15.707359959086197,0.5997986793518066,500000.0,continuous_20,20,continuous_naca,direct OpenFOAM-coefficient surrogate,0.050701599121093774,-1.0645886659622192,98868.875,unet,surrogate estimate; validate top designs with OpenFOAM,15.707359959086197,0.13347167968750073,0.0,4415,0.1676410675048825
4.28757171630859,0.029931832303732336,0.038170043379068375,0.29848134359056017,15.956831246564262,0.6090888977050781,500000.0,continuous_21,21,continuous_naca,direct OpenFOAM-coefficient surrogate,0.04510118103027345,-0.9894108176231384,98879.1953125,unet,surrogate estimate; validate top designs with OpenFOAM,15.956831246564262,0.25743041992187543,0.0,4415,0.1555967903137206
4.125066375732416,0.029625965510553607,0.038093142211437225,0.305425022274148,15.851911416494021,0.6038649678230286,500000.0,continuous_22,22,continuous_naca,direct OpenFOAM-coefficient surrogate,0.04753380584716798,-0.9620038866996765,98883.5234375,unet,surrogate estimate; validate top designs with OpenFOAM,15.851911416494021,0.25815368652343784,0.0,4415,0.15214310646057114
4.279832267761226,0.034992281494412,0.03826000913977623,0.40374029012920887,16.07533193496475,0.615058422088623,500000.0,continuous_23,23,continuous_naca,direct OpenFOAM-coefficient surrogate,0.04635983085632325,-1.0287036895751953,98872.8671875,unet,surrogate estimate; validate top designs with OpenFOAM,16.07533193496475,0.2159300231933599,0.0,4415,0.1604749703407286
4.165045833587642,0.042643712810746116,0.03830553591251373,0.4213777035223096,16.144529150118167,0.6184409856796265,500000.0,continuous_24,24,continuous_naca,direct OpenFOAM-coefficient surrogate,0.04903045558929447,-1.0069682598114014,98875.296875,unet,surrogate estimate; validate top designs with OpenFOAM,16.144529150118167,0.18182853698730528,0.0,4415,0.16223766446113563
4.1037828922271675,0.04185579182600932,0.038258109241724014,0.3202373626320858,15.896854089129162,0.6081994771957397,500000.0,continuous_25,25,continuous_naca,direct OpenFOAM-coefficient surrogate,0.05099509286880498,-1.0611281394958496,98869.5234375,unet,surrogate estimate; validate top designs with OpenFOAM,15.896854089129162,0.1440275955200202,0.0,4415,0.16555810153484318
3.9564539432525585,0.046372976466790394,0.03829579055309296,0.41240931795793295,16.088093965568714,0.6161223649978638,500000.0,continuous_26,26,continuous_naca,direct OpenFOAM-coefficient surrogate,0.047674452304840104,-1.031957983970642,98871.4453125,unet,surrogate estimate; validate top designs with OpenFOAM,16.088093965568714,0.19800525665283264,0.0,4415,0.16461216151714292
3.9007235288619944,0.044365788540736216,0.03830495849251747,0.4174315940226034,16.14410964867909,0.6184155941009521,500000.0,continuous_27,27,continuous_naca,direct OpenFOAM-coefficient surrogate,0.049286873579025295,-1.0069799423217773,98875.296875,unet,surrogate estimate; validate top designs with OpenFOAM,16.14410964867909,0.19455816268920956,0.0,4415,0.16243320375680886
4.196236646175379,0.038665308760962074,0.038193657994270325,0.3685817319484861,15.982413490984136,0.6104428172111511,500000.0,continuous_28,28,continuous_naca,direct OpenFOAM-coefficient surrogate,0.04877846276760103,-0.9806373715400696,98880.1640625,unet,surrogate estimate; validate top designs with OpenFOAM,15.982413490984136,0.2107593822479253,0.0,4415,0.15720653370022752
4.016399618983264,0.044046400496749884,0.038304880261421204,0.40273353803860307,16.14407104253681,0.6184128522872925,500000.0,continuous_29,29,continuous_naca,direct OpenFOAM-coefficient surrogate,0.047950454920530336,-1.006980299949646,98875.296875,unet,surrogate estimate; validate top designs with OpenFOAM,16.14407104253681,0.20119378805160582,0.0,4415,0.16276075456291406
3.9117754086852035,0.0338714403672771,0.03836595267057419,0.2930705697993977,16.09040921185301,0.6173399686813354,500000.0,continuous_30,30,continuous_naca,direct OpenFOAM-coefficient surrogate,0.04837888716161253,-1.0760654211044312,98866.8671875,unet,surrogate estimate; validate top designs with OpenFOAM,16.09040921185301,0.21807735323905997,0.0,4415,0.16739882530644504
4.102501347288484,0.03932618829180112,0.038275543600320816,0.3965240852076437,16.092684505133878,0.6159723401069641,500000.0,continuous_31,31,continuous_naca,direct OpenFOAM-coefficient surrogate,0.04811934947595002,-1.0132358074188232,98875.0390625,unet,surrogate estimate; validate top designs with OpenFOAM,16.092684505133878,0.20016142815351542,0.0,4415,0.15974982992280248
3.9753507215529638,0.04903077537539183,0.038304731249809265,0.4234817674481989,16.14394089694919,0.6184054613113403,500000.0,continuous_32,32,continuous_naca,direct OpenFOAM-coefficient surrogate,0.04829237459972503,-1.006983757019043,98875.296875,unet,surrogate estimate; validate top designs with OpenFOAM,16.14394089694919,0.21210537821054512,0.0,4415,0.16484916017856419
3.9552246952429364,0.0466977888821503,0.038253385573625565,0.3625738925493817,15.917695133277963,0.6089216470718384,500000.0,continuous_33,33,continuous_naca,direct OpenFOAM-coefficient surrogate,0.05072441528178755,-1.0512930154800415,98870.5859375,unet,surrogate estimate; validate top designs with OpenFOAM,15.917695133277963,0.14788980796933243,0.0,4415,0.16437403405783657
4.043957540998231,0.040117095661824795,0.03829125314950943,0.40417531632505066,16.12326424998116,0.6173961162567139,500000.0,continuous_34,34,continuous_naca,direct OpenFOAM-coefficient surrogate,0.0475978518673219,-1.01057767868042,98875.4140625,unet,surrogate estimate; validate top designs with OpenFOAM,16.12326424998116,0.22218729574233342,0.0,4415,0.16241827658086522
3.9848023104947012,0.040417118865125126,0.038305576890707016,0.4508539847735101,16.14451654759033,0.6184411644935608,500000.0,continuous_35,35,continuous_naca,direct OpenFOAM-coefficient surrogate,0.049682227476965664,-1.0069694519042969,98875.296875,unet,surrogate estimate; validate top designs with OpenFOAM,16.14451654759033,0.17265563722699945,0.0,4415,0.16372211489884614
4.058134924410837,0.03718974862535261,0.03830569237470627,0.41707890335905706,16.144679490354783,0.6184492707252502,500000.0,continuous_36,36,continuous_naca,direct OpenFOAM-coefficient surrogate,0.04968263118318285,-1.0069655179977417,98875.296875,unet,surrogate estimate; validate top designs with OpenFOAM,16.144679490354783,0.1630126842670149,0.0,4415,0.1607277086612882
4.099527025839773,0.041183106686422666,0.03819771111011505,0.4364005750232966,15.915863433396364,0.6079654693603516,500000.0,continuous_37,37,continuous_naca,direct OpenFOAM-coefficient surrogate,0.05037775947491177,-1.0210858583450317,98873.3125,unet,surrogate estimate; validate top designs with OpenFOAM,15.915863433396364,0.13846633729524976,0.0,4415,0.1586669829026502
4.037953679694323,0.042396399834299374,0.03822040557861328,0.45758402547582433,15.95191501870792,0.6097046136856079,500000.0,continuous_38,38,continuous_naca,direct OpenFOAM-coefficient surrogate,0.05089063899370379,-1.0158315896987915,98874.0625,unet,surrogate estimate; validate top designs with OpenFOAM,15.95191501870792,0.15483372253365874,0.0,4415,0.1617995913261253
4.021788134161028,0.04256423228415744,0.03830515220761299,0.4166884743881324,16.14426140860899,0.6184245347976685,500000.0,continuous_39,39,continuous_naca,direct OpenFOAM-coefficient surrogate,0.0486855009388237,-1.0069756507873535,98875.296875,unet,surrogate estimate; validate top designs with OpenFOAM,16.14426140860899,0.18960377167211906,0.0,4415,0.16252046375371687
4.2141620724651085,0.03662433677053318,0.038305968046188354,0.42455411783454217,16.144880725801084,0.6184614300727844,500000.0,continuous_40,40,continuous_naca,direct OpenFOAM-coefficient surrogate,0.04925353401510804,-1.0069597959518433,98875.296875,unet,surrogate estimate; validate top designs with OpenFOAM,16.144880725801084,0.15899215238750974,0.0,4415,0.16217077213068454
4.370881344266666,0.04359234372141249,0.03818158060312271,0.4476801432054366,15.840512254494671,0.6048316359519958,500000.0,continuous_41,41,continuous_naca,direct OpenFOAM-coefficient surrogate,0.04923686423314941,-1.0447509288787842,98869.65625,unet,surrogate estimate; validate top designs with OpenFOAM,15.840512254494671,0.1412091472366599,0.0,4415,0.16203955631762235
4.189284436318115,0.04037507730560917,0.03822068125009537,0.45501096617007397,15.952061953434056,0.6097146272659302,500000.0,continuous_42,42,continuous_naca,direct OpenFOAM-coefficient surrogate,0.050138923193451805,-1.0158262252807617,98874.0625,unet,surrogate estimate; validate top designs with OpenFOAM,15.952061953434056,0.14864073376229558,0.0,4415,0.16190866632226036
4.0636622097003,0.040560125107542096,0.038305461406707764,0.42434094720517235,16.144460967466642,0.6184371709823608,500000.0,continuous_43,43,continuous_naca,direct OpenFOAM-coefficient surrogate,0.049048856502480725,-1.0069701671600342,98875.296875,unet,surrogate estimate; validate top designs with OpenFOAM,16.144460967466642,0.1793630121946632,0.0,4415,0.16236751439585273
4.147410360778843,0.03533039373370009,0.03830592334270477,0.440923229665397,16.144841995479858,0.6184592247009277,500000.0,continuous_44,44,continuous_naca,direct OpenFOAM-coefficient surrogate,0.04977556762979478,-1.0069609880447388,98875.296875,unet,surrogate estimate; validate top designs with OpenFOAM,16.144841995479858,0.15888149323975145,0.0,4415,0.1620616156801245
4.307574285126514,0.05118416834923828,0.038197457790374756,0.4289318224791085,15.915775493365405,0.6079580783843994,500000.0,continuous_45,45,continuous_naca,direct OpenFOAM-coefficient surrogate,0.04918886673172441,-1.0210875272750854,98873.3125,unet,surrogate estimate; validate top designs with OpenFOAM,15.915775493365405,0.1587017962137912,0.0,4415,0.1598767655677703
4.0654953041526545,0.03966083826877224,0.03830565884709358,0.4327027471953328,16.144626713442744,0.6184467077255249,500000.0,continuous_46,46,continuous_naca,direct OpenFOAM-coefficient surrogate,0.04955888729065535,-1.0069667100906372,98875.296875,unet,surrogate estimate; validate top designs with OpenFOAM,16.144626713442744,0.16916717697369738,0.0,4415,0.16276077756607718
4.077555497316079,0.03826718494523301,0.03822063282132149,0.44357437490427853,15.952026025392545,0.6097124814987183,500000.0,continuous_47,47,continuous_naca,direct OpenFOAM-coefficient surrogate,0.050104854470076045,-1.0158277750015259,98874.0625,unet,surrogate estimate; validate top designs with OpenFOAM,15.952026025392545,0.1431982164466814,0.0,4415,0.1616227725579516
4.1431732495197515,0.0391770385316536,0.03830566257238388,0.43067967289612186,16.144659375091653,0.61844801902771,500000.0,continuous_48,48,continuous_naca,direct OpenFOAM-coefficient surrogate,0.04929905530948986,-1.0069655179977417,98875.296875,unet,surrogate estimate; validate top designs with OpenFOAM,16.144659375091653,0.1721709568521493,0.0,4415,0.1620839414853396
4.215944999434616,0.04603185163709989,0.038202837109565735,0.4299520991946203,15.918291432408223,0.6081398129463196,500000.0,continuous_49,49,continuous_naca,direct OpenFOAM-coefficient surrogate,0.049446506778132414,-1.018524408340454,98873.6875,unet,surrogate estimate; validate top designs with OpenFOAM,15.918291432408223,0.15736146639951532,0.0,4415,0.16076124141264128
4.1031077279731445,0.03956519863882819,0.03830575570464134,0.4301233877891707,16.144729042608823,0.6184521913528442,500000.0,continuous_50,50,continuous_naca,direct OpenFOAM-coefficient surrogate,0.049530792162524616,-1.006964087486267,98875.296875,unet,surrogate estimate; validate top designs with OpenFOAM,16.144729042608823,0.16621574933015187,0.0,4415,0.16226089352771822
4.118234293294215,0.03981074646154768,0.038220517337322235,0.4342055441545643,15.95197597795873,0.6097087264060974,500000.0,continuous_51,51,continuous_naca,direct OpenFOAM-coefficient surrogate,0.04982220718581529,-1.015829086303711,98874.0625,unet,surrogate estimate; validate top designs with OpenFOAM,15.95197597795873,0.15138008276006468,0.0,4415,0.16152655351456813
4.136938510463367,0.03859843757858586,0.03830573707818985,0.4233693434984975,16.1447228890492,0.6184516549110413,500000.0,continuous_52,52,continuous_naca,direct OpenFOAM-coefficient surrogate,0.049429843278571216,-1.0069639682769775,98875.296875,unet,surrogate estimate; validate top designs with OpenFOAM,16.1447228890492,0.16697323832912814,0.0,4415,0.16194459449264675
4.242674411429395,0.039662859522497734,0.03829700127243996,0.44738132253888574,16.08883355399496,0.6161701679229736,500000.0,continuous_53,53,continuous_naca,direct OpenFOAM-coefficient surrogate,0.04931223735981648,-1.0319366455078125,98871.4453125,unet,surrogate estimate; validate top designs with OpenFOAM,16.08883355399496,0.16251863237625572,0.0,4415,0.1634912292542988
4.104269796165476,0.0376243536867621,0.038305796682834625,0.4179900584144091,16.14475378348156,0.6184538006782532,500000.0,continuous_54,54,continuous_naca,direct OpenFOAM-coefficient surrogate,0.049590032727341256,-1.0069633722305298,98875.296875,unet,surrogate estimate; validate top designs with OpenFOAM,16.14475378348156,0.16288917129432512,0.0,4415,0.16141858880954085
4.147536468227918,0.041201186716967556,0.03822045028209686,0.43560193027973154,15.951947823509864,0.6097065806388855,500000.0,continuous_55,55,continuous_naca,direct OpenFOAM-coefficient surrogate,0.04964511998881314,-1.0158299207687378,98874.0625,unet,surrogate estimate; validate top designs with OpenFOAM,15.951947823509864,0.15651604479674097,0.0,4415,0.16201134058138733
4.139587999904505,0.03887755795606764,0.03830579295754433,0.42282665367771255,16.14475846550191,0.6184539198875427,500000.0,continuous_56,56,continuous_naca,direct OpenFOAM-coefficient surrogate,0.0494836624561317,-1.0069630146026611,98875.296875,unet,surrogate estimate; validate top designs with OpenFOAM,16.14475846550191,0.16435893994603135,0.0,4415,0.1619612810148319
4.199607386683821,0.04150494627865971,0.03822049871087074,0.4355146577689707,15.951975954555222,0.6097084283828735,500000.0,continuous_57,57,continuous_naca,direct OpenFOAM-coefficient surrogate,0.049520606251663275,-1.0158286094665527,98874.0625,unet,surrogate estimate; validate top designs with OpenFOAM,15.951975954555222,0.15634512910365694,0.0,4415,0.1615452352898727
4.127232642650814,0.03886946906461611,0.03830578550696373,0.42334890326243607,16.144752269731594,0.6184535622596741,500000.0,continuous_58,58,continuous_naca,direct OpenFOAM-coefficient surrogate,0.04952824568480928,-1.0069631338119507,98875.296875,unet,surrogate estimate; validate top designs with OpenFOAM,16.144752269731594,0.16374809427352816,0.0,4415,0.16208197896825682
4.175482472006152,0.03581357210615309,0.03830593451857567,0.42991216793513803,16.14485128907481,0.6184597611427307,500000.0,continuous_59,59,continuous_naca,direct OpenFOAM-coefficient surrogate,0.049523152729378614,-1.0069606304168701,98875.296875,unet,surrogate estimate; validate top designs with OpenFOAM,16.14485128907481,0.15881278416028066,0.0,4415,0.1617241498493341
4.234051656411828,0.03581189543420852,0.03829708322882652,0.4391707927552502,16.08887694127277,0.6161731481552124,500000.0,continuous_60,60,continuous_naca,direct OpenFOAM-coefficient surrogate,0.04942792568786531,-1.031935214996338,98871.4453125,unet,surrogate estimate; validate top designs with OpenFOAM,16.08887694127277,0.15763351357246147,0.0,4415,0.16254032052794665
4.136715261227064,0.036114527273052845,0.03830588608980179,0.4226906420509341,16.144815684722726,0.6184576153755188,500000.0,continuous_61,61,continuous_naca,direct OpenFOAM-coefficient surrogate,0.04954950596747227,-1.0069618225097656,98875.296875,unet,surrogate estimate; validate top designs with OpenFOAM,16.144815684722726,0.1615752568638592,0.0,4415,0.1616990217391423
4.197297083334078,0.04167796769253709,0.03822050616145134,0.43535474803419605,15.951982201728871,0.6097087860107422,500000.0,continuous_62,62,continuous_naca,direct OpenFOAM-coefficient surrogate,0.04956721771474515,-1.0158286094665527,98874.0625,unet,surrogate estimate; validate top designs with OpenFOAM,15.951982201728871,0.15477190337966917,0.0,4415,0.16186649868481082
4.154015270761898,0.03728554488346105,0.0383058600127697,0.42769516893254383,16.144803335477846,0.6184567213058472,500000.0,continuous_63,63,continuous_naca,direct OpenFOAM-coefficient surrogate,0.04950455127078506,-1.0069619417190552,98875.296875,unet,surrogate estimate; validate top designs with OpenFOAM,16.144803335477846,0.1619621808044408,0.0,4415,0.16193758543232661
4.182869812476685,0.04140438774371289,0.03822043910622597,0.43586465665654517,15.951949368915301,0.609706461429596,500000.0,continuous_64,64,continuous_naca,direct OpenFOAM-coefficient surrogate,0.049546328900091786,-1.0158298015594482,98874.0625,unet,surrogate estimate; validate top designs with OpenFOAM,15.951949368915301,0.15716866252125972,0.0,4415,0.1618901942673161
4.161228906190594,0.03550954620058522,0.038305915892124176,0.4302187658849717,16.144840467675117,0.6184590458869934,500000.0,continuous_65,65,continuous_naca,direct OpenFOAM-coefficient surrogate,0.04951499567811174,-1.0069609880447388,98875.296875,unet,surrogate estimate; validate top designs with OpenFOAM,16.144840467675117,0.16076380123364553,0.0,4415,0.16192573764107399
4.212426644493284,0.0416455249285959,0.03822052478790283,0.4357586483531768,15.951990022390834,0.6097093820571899,500000.0,continuous_66,66,continuous_naca,direct OpenFOAM-coefficient surrogate,0.04948411905872432,-1.0158283710479736,98874.0625,unet,surrogate estimate; validate top designs with OpenFOAM,15.951990022390834,0.15714985864673447,0.0,4415,0.16224211591146626
4.155643107043619,0.03549973714111011,0.03830590844154358,0.43018748222829784,16.144835827917014,0.6184587478637695,500000.0,continuous_67,67,continuous_naca,direct OpenFOAM-coefficient surrogate,0.049533159240285285,-1.0069612264633179,98875.296875,unet,surrogate estimate; validate top designs with OpenFOAM,16.144835827917014,0.16046890730957802,0.0,4415,0.16183479528222328
4.193498798676729,0.03521979244261884,0.03830600529909134,0.4291978477966754,16.144900812548887,0.6184628009796143,500000.0,continuous_68,68,continuous_naca,direct OpenFOAM-coefficient surrogate,0.0495004657859113,-1.0069591999053955,98875.296875,unet,surrogate estimate; validate top designs with OpenFOAM,16.144900812548887,0.15825620820101566,0.0,4415,0.16210634236838528
4.212426644493284,0.0416455249285959,0.03822052478790283,0.4357586483531768,15.951990022390834,0.6097093820571899,500000.0,continuous_69,69,continuous_naca,direct OpenFOAM-coefficient surrogate,0.049484119058724296,-1.0158283710479736,98874.0625,unet,surrogate estimate; validate top designs with OpenFOAM,15.951990022390834,0.15714985864673447,0.0,4415,0.1622421159114663
4.0,0.010210299009174155,0.02049914374947548,0.17930903739123893,16.540734094663165,0.33908742666244507,500000.0,continuous_1,1,continuous_naca,direct OpenFOAM-coefficient surrogate,0.0,-0.6309472918510437,98925.0234375,pinn,surrogate estimate; validate top designs with OpenFOAM,16.540734094663165,0.4,0.0,0012,0.12
4.0,0.004080277750330726,0.021983133628964424,0.1728776958760169,17.742617482624567,0.3900560736656189,500000.0,continuous_2,2,continuous_naca,direct OpenFOAM-coefficient surrogate,0.00025,-0.7205320000648499,98918.421875,pinn,surrogate estimate; validate top designs with OpenFOAM,17.742617482624567,0.4,0.0,0012,0.12
4.0,0.010210299009174155,0.02049914374947548,0.17930903739123893,16.540734094663165,0.33908742666244507,500000.0,continuous_3,3,continuous_naca,direct OpenFOAM-coefficient surrogate,0.0,-0.6309472918510437,98925.0234375,pinn,surrogate estimate; validate top designs with OpenFOAM,16.540734094663165,0.42000000000000004,0.0,0012,0.12
4.0,0.005645724974416693,0.0205061174929142,0.12042523223665111,16.542519387306232,0.3392393887042999,500000.0,continuous_4,4,continuous_naca,direct OpenFOAM-coefficient surrogate,0.0,-0.6555616855621338,98919.65625,pinn,surrogate estimate; validate top designs with OpenFOAM,16.542519387306232,0.4,0.0,0012,0.126
4.2,0.011268001504946274,0.021363306790590286,0.1887428272069001,16.815332527220885,0.35924792289733887,500000.0,continuous_5,5,continuous_naca,direct OpenFOAM-coefficient surrogate,0.0,-0.6493051052093506,98922.3359375,pinn,surrogate estimate; validate top designs with OpenFOAM,16.815332527220885,0.4,0.0,0012,0.12
4.1,0.0001281261361999506,0.022809840738773346,0.15723022216249746,17.673285981054725,0.403142511844635,500000.0,continuous_6,6,continuous_naca,direct OpenFOAM-coefficient surrogate,0.000125,-0.726360559463501,98919.0390625,pinn,surrogate estimate; validate top designs with OpenFOAM,17.673285981054725,0.38,0.0,0012,0.123
4.15,-0.0005350577508154765,0.022905094549059868,0.13037401054869957,17.74039734937832,0.40636321902275085,500000.0,continuous_7,7,continuous_naca,direct OpenFOAM-coefficient surrogate,0.0001875,-0.7351223230361938,98916.875,pinn,surrogate estimate; validate top designs with OpenFOAM,17.74039734937832,0.39,0.0,0012,0.1245
4.225,0.01025107054539348,0.023071374744176865,0.26059762853098667,17.907840954041752,0.41317641735076904,500000.0,continuous_8,8,continuous_naca,direct OpenFOAM-coefficient surrogate,0.00028125000000000003,-0.734796404838562,98917.859375,pinn,surrogate estimate; validate top designs with OpenFOAM,17.907840954041752,0.3849999999999999,0.0,0012,0.11775
4.337499999999999,0.010208212144576755,0.023716604337096214,0.2423604559035206,18.003695063622274,0.42700451612472534,500000.0,continuous_9,9,continuous_naca,direct OpenFOAM-coefficient surrogate,0.00042187500000000005,-0.7377617359161377,98919.0234375,pinn,surrogate estimate; validate top designs with OpenFOAM,18.003695063622274,0.3774999999999997,0.0,0012,0.11362499999999998
4.093749999999999,0.001211619443487816,0.02289843186736107,0.1689133210216105,17.786619539440142,0.40730348229408264,500000.0,continuous_10,10,continuous_naca,direct OpenFOAM-coefficient surrogate,0.0004921875,-0.7253537774085999,98919.921875,pinn,surrogate estimate; validate top designs with OpenFOAM,17.786619539440142,0.3737499999999999,0.0,0012,0.12056249999999999
4.190624999999999,0.010112196314319616,0.02287515625357628,0.25263778695878636,17.985626913631993,0.41144201159477234,500000.0,continuous_11,11,continuous_naca,direct OpenFOAM-coefficient surrogate,0.0005507812500000001,-0.7332589626312256,98917.8203125,pinn,surrogate estimate; validate top designs with OpenFOAM,17.985626913631993,0.3906249999999999,0.0,0012,0.11634375
4.1609374999999975,0.009594415385581886,0.022899817675352097,0.22354426264801042,18.017355355179863,0.4126121699810028,500000.0,continuous_12,12,continuous_naca,direct OpenFOAM-coefficient surrogate,0.0006699218749999999,-0.7224466800689697,98921.21875,pinn,surrogate estimate; validate top designs with OpenFOAM,18.017355355179863,0.3809374999999998,0.0,0012,0.11076562499999998
4.166406249999996,0.005245523088969899,0.022942157462239265,0.1851047364422942,18.11093004139502,0.41552191972732544,500000.0,continuous_13,13,continuous_naca,direct OpenFOAM-coefficient surrogate,0.0009111328124999999,-0.7139192223548889,98923.8515625,pinn,surrogate estimate; validate top designs with OpenFOAM,18.11093004139502,0.37640624999999983,0.0,0012,0.10389843749999994
4.394140624999997,0.00626579219606988,0.024271871894598007,0.21975267596736123,18.140102558571765,0.44031238555908203,500000.0,continuous_14,14,continuous_naca,direct OpenFOAM-coefficient surrogate,0.0009379882812499999,-0.7350250482559204,98921.9609375,pinn,surrogate estimate; validate top designs with OpenFOAM,18.140102558571765,0.35914062499999966,0.0,0012,0.10721484374999996
4.591210937499994,0.0034846556804842524,0.025412853807210922,0.16763176934997606,18.293753181280007,0.4649147689342499,500000.0,continuous_15,15,continuous_naca,direct OpenFOAM-coefficient surrogate,0.0012819824218749999,-0.7428655624389648,98923.6640625,pinn,surrogate estimate; validate top designs with OpenFOAM,18.293753181280007,0.3387109374999995,0.0,0012,0.10082226562499996
4.549121093749995,-0.0022771646098894674,0.024708695709705353,0.03713190972708432,18.2742903003985,0.451552152633667,500000.0,continuous_16,16,continuous_naca,direct OpenFOAM-coefficient surrogate,0.0010906982421874998,-0.7351102828979492,98922.5234375,pinn,surrogate estimate; validate top designs with OpenFOAM,18.2742903003985,0.3678710937499995,0.0,0012,0.09678222656249993
4.6314941406249925,-0.005011964245363341,0.02546343021094799,0.0596473871605831,18.337329279953902,0.4669496417045593,500000.0,continuous_17,17,continuous_naca,direct OpenFOAM-coefficient surrogate,0.0013020629882812497,-0.7345830798149109,98925.7265625,pinn,surrogate estimate; validate top designs with OpenFOAM,18.337329279953902,0.3396191406249993,0.0,0012,0.0912202148437499
4.851928710937489,-0.003183790570750858,0.02670896053314209,0.089980295322552,18.571600707525214,0.4960467219352722,500000.0,continuous_18,18,continuous_naca,direct OpenFOAM-coefficient surrogate,0.0016777038574218744,-0.7481417059898376,98929.140625,pinn,surrogate estimate; validate top designs with OpenFOAM,18.571600707525214,0.3141162109374991,0.0,0012,0.07865844726562482
4.74183349609374,-0.0021823062233508146,0.02620822750031948,0.08524625035845555,18.59046115647202,0.48724162578582764,500000.0,continuous_19,19,continuous_naca,direct OpenFOAM-coefficient surrogate,0.002058883666992187,-0.7429308891296387,98929.6640625,pinn,surrogate estimate; validate top designs with OpenFOAM,18.59046115647202,0.32105224609374916,0.0,0012,0.07645568847656237
4.944000244140611,0.003792564475905415,0.02750685252249241,0.21842439266706548,18.979936334009384,0.5220972895622253,500000.0,continuous_20,20,continuous_naca,direct OpenFOAM-coefficient surrogate,0.0028773880004882802,-0.7423137426376343,98935.7734375,pinn,surrogate estimate; validate top designs with OpenFOAM,18.979936334009384,0.29282836914062393,0.0,0012,0.06
5.301724243164049,0.004149692520553787,0.029157496988773346,0.24416312163500112,19.106317513835695,0.5571115016937256,500000.0,continuous_21,21,continuous_naca,direct OpenFOAM-coefficient surrogate,0.0025527534484863276,-0.7653898000717163,98933.015625,pinn,surrogate estimate; validate top designs with OpenFOAM,19.106317513835695,0.2803570556640611,0.0,0012,0.0642330322265624
5.869383239746075,0.0025998379502792557,0.03190380707383156,0.22024443022270637,19.925352611401298,0.6357145309448242,500000.0,continuous_22,22,continuous_naca,direct OpenFOAM-coefficient surrogate,0.0033735637664794914,-0.779157280921936,98937.3203125,pinn,surrogate estimate; validate top designs with OpenFOAM,19.925352611401298,0.23233245849609174,0.0,0012,0.06
5.57914047241209,0.0006966789782029318,0.030444154515862465,0.2090677625668643,20.373202728174615,0.6202653050422668,500000.0,continuous_23,23,continuous_naca,direct OpenFOAM-coefficient surrogate,0.0035146207809448227,-0.7476078867912292,98942.71875,pinn,surrogate estimate; validate top designs with OpenFOAM,20.373202728174615,0.22112289428710763,0.0,0012,0.06
6.094150161743137,-0.0056577416133002855,0.032907210290431976,0.15439666063234103,22.24690208014655,0.7321057319641113,500000.0,continuous_24,24,continuous_naca,direct OpenFOAM-coefficient surrogate,0.004726582050323484,-0.7165024280548096,98955.8671875,pinn,surrogate estimate; validate top designs with OpenFOAM,22.24690208014655,0.1477487945556617,0.0,0012,0.06
6.288520240783662,-0.004439486585474174,0.0337655246257782,0.16576268724873858,22.049887887581956,0.7445480823516846,500000.0,continuous_25,25,continuous_naca,direct OpenFOAM-coefficient surrogate,0.005045636415481565,-0.7430934906005859,98951.5703125,pinn,surrogate estimate; validate top designs with OpenFOAM,22.049887887581956,0.15480197906493876,0.0,0012,0.06
6.746098232269253,-0.0046964773297091846,0.036549270153045654,0.11891417275855737,23.099551454000363,0.8442948460578918,500000.0,continuous_26,26,continuous_naca,direct OpenFOAM-coefficient surrogate,0.006333881258964537,-0.7106288075447083,98961.453125,pinn,surrogate estimate; validate top designs with OpenFOAM,23.099551454000363,0.1,0.0,0012,0.06
7.693182992935135,-0.006922521757443967,0.04184434190392494,0.09753736640663242,22.59667903554541,0.9455657601356506,500000.0,continuous_27,27,continuous_naca,direct OpenFOAM-coefficient surrogate,0.00866196995973587,-0.7847262620925903,98950.796875,pinn,surrogate estimate; validate top designs with OpenFOAM,22.59667903554541,0.1,0.0,0012,0.06
7.555075693130453,-0.004299107396018102,0.04072882980108261,0.11705752452010515,22.50724108748998,0.9167160987854004,500000.0,continuous_28,28,continuous_naca,direct OpenFOAM-coefficient surrogate,0.0068624437451362584,-0.7616447806358337,98955.6796875,pinn,surrogate estimate; validate top designs with OpenFOAM,22.50724108748998,0.1,0.0,0012,0.06
7.472538924217178,-0.007239773639485837,0.0405118353664875,0.09451326459228339,22.758228107891153,0.9220003485679626,500000.0,continuous_29,29,continuous_naca,direct OpenFOAM-coefficient surrogate,0.008110707968473432,-0.7676035165786743,98953.46875,pinn,surrogate estimate; validate top designs with OpenFOAM,22.758228107891153,0.1,0.0,0012,0.06
7.6454112648963495,-0.006656399126084889,0.041460536420345306,0.09723774169523818,22.551149521288863,0.9350053071975708,500000.0,continuous_30,30,continuous_naca,direct OpenFOAM-coefficient surrogate,0.00797117109596729,-0.7761539220809937,98952.6796875,pinn,surrogate estimate; validate top designs with OpenFOAM,22.551149521288863,0.1,0.0,0012,0.06
8.615411895513478,-0.004571617973628273,0.04780510067939758,0.10273603494253787,21.601911608839405,1.032703161239624,500000.0,continuous_31,31,continuous_naca,direct OpenFOAM-coefficient surrogate,0.009912519983947276,-0.8440194725990295,98941.0546875,pinn,surrogate estimate; validate top designs with OpenFOAM,21.601911608839405,0.1,0.0,0012,0.06
6.724465595185722,-0.0030088572523266697,0.036007802933454514,0.128496796771595,22.719010145404,0.8180843591690063,500000.0,continuous_32,32,continuous_naca,direct OpenFOAM-coefficient surrogate,0.006023066533729432,-0.7395618557929993,98955.7421875,pinn,surrogate estimate; validate top designs with OpenFOAM,22.719010145404,0.12387439727783085,0.0,0012,0.06
6.7391813151537985,-0.007257564266470098,0.03648271784186363,0.10193920581008092,23.124568955448176,0.8436702489852905,500000.0,continuous_33,33,continuous_naca,direct OpenFOAM-coefficient surrogate,0.0073569696834310866,-0.7355653047561646,98956.3203125,pinn,surrogate estimate; validate top designs with OpenFOAM,23.124568955448176,0.11193719863891541,0.0,0012,0.06
6.331234126165473,-0.008071802687177622,0.03464094549417496,0.10000496222028459,23.30843628209808,0.8074495792388916,500000.0,continuous_34,34,continuous_naca,direct OpenFOAM-coefficient surrogate,0.007604232652578499,-0.7190765142440796,98957.0390625,pinn,surrogate estimate; validate top designs with OpenFOAM,23.30843628209808,0.11790579795837314,0.0,0012,0.06
5.991757174022464,-0.005230942258224714,0.032970309257507324,0.11698900154909016,23.077745312631468,0.7609034776687622,500000.0,continuous_35,35,continuous_naca,direct OpenFOAM-coefficient surrogate,0.006064773110905659,-0.6887184381484985,98961.109375,pinn,surrogate estimate; validate top designs with OpenFOAM,23.077745312631468,0.12089009761810199,0.0,0012,0.06
6.546348633151461,-0.008687877719937648,0.03589610010385513,0.08861109319020255,23.541369708883877,0.8450669050216675,500000.0,continuous_36,36,continuous_naca,direct OpenFOAM-coefficient surrogate,0.008033730961731631,-0.712679386138916,98959.140625,pinn,surrogate estimate; validate top designs with OpenFOAM,23.541369708883877,0.1,0.0,0012,0.06
6.457290152134329,-0.009174748797219388,0.03566974774003029,0.09035438363030376,23.764550458308054,0.8476992845535278,500000.0,continuous_37,37,continuous_naca,direct OpenFOAM-coefficient surrogate,0.009039063175732729,-0.7155202031135559,98957.546875,pinn,surrogate estimate; validate top designs with OpenFOAM,23.764550458308054,0.1,0.0,0012,0.06
5.2906509180785815,-0.007469490254060324,0.030390948057174683,0.1097600101433635,23.210139727193024,0.7054013609886169,500000.0,continuous_38,38,continuous_naca,direct OpenFOAM-coefficient surrogate,0.00641026713061728,-0.648559033870697,98964.1640625,pinn,surrogate estimate; validate top designs with OpenFOAM,23.210139727193024,0.11939794778823756,0.0,0012,0.06
6.420879540301353,-0.008481360915182638,0.035452134907245636,0.09995574848019645,23.71096799548305,0.8406281471252441,500000.0,continuous_39,39,continuous_naca,direct OpenFOAM-coefficient surrogate,0.008628948998040863,-0.7099753618240356,98958.6171875,pinn,surrogate estimate; validate top designs with OpenFOAM,23.71096799548305,0.1,0.0,0012,0.06
5.5039291360706155,-0.009196642962851371,0.03168095275759697,0.09502452420508829,23.903163184737053,0.7572988867759705,500000.0,continuous_40,40,continuous_naca,direct OpenFOAM-coefficient surrogate,0.009507374719520147,-0.682741641998291,98958.1953125,pinn,surrogate estimate; validate top designs with OpenFOAM,23.903163184737053,0.11865187287330534,0.0,0012,0.06
4.882844587971295,-0.010136667281644899,0.029502708464860916,0.09474297326027699,24.096603644819304,0.7109391689300537,500000.0,continuous_41,41,continuous_naca,direct OpenFOAM-coefficient surrogate,0.011094121449797954,-0.6708362698554993,98955.5390625,pinn,surrogate estimate; validate top designs with OpenFOAM,24.096603644819304,0.127977809309958,0.0,0012,0.06
6.755473285207643,-0.007001714888181512,0.03745255246758461,0.10501285368183429,23.968389215130497,0.8977013230323792,500000.0,continuous_42,42,continuous_naca,direct OpenFOAM-coefficient surrogate,0.011772916007457742,-0.7595168948173523,98948.7578125,pinn,surrogate estimate; validate top designs with OpenFOAM,23.968389215130497,0.10354385584592801,0.0,0012,0.06
5.927009656641838,-0.007702890580953084,0.03401755541563034,0.11019373375013387,24.67310614330514,0.8393434286117554,500000.0,continuous_43,43,continuous_naca,direct OpenFOAM-coefficient surrogate,0.012663292162936145,-0.7120686769485474,98952.265625,pinn,surrogate estimate; validate top designs with OpenFOAM,24.67310614330514,0.1,0.0,0012,0.06
5.724897421880019,-0.0058257863100530105,0.033623889088630676,0.1352246687595525,25.237173769871376,0.8485971689224243,500000.0,continuous_44,44,continuous_naca,direct OpenFOAM-coefficient surrogate,0.015192821918114968,-0.7121740579605103,98947.6875,pinn,surrogate estimate; validate top designs with OpenFOAM,25.237173769871376,0.1,0.0,0012,0.06
5.489373183295289,-0.005806944104822576,0.03247683867812157,0.12425280464046039,24.989093408165573,0.8115917444229126,500000.0,continuous_45,45,continuous_naca,direct OpenFOAM-coefficient surrogate,0.014920512277510834,-0.7157661318778992,98946.59375,pinn,surrogate estimate; validate top designs with OpenFOAM,24.989093408165573,0.11576083257794298,0.0,0012,0.06
4.969004087042794,-0.0011588274993835977,0.030813323333859444,0.1854101366024313,25.56747815464632,0.7878445386886597,500000.0,continuous_46,46,continuous_naca,direct OpenFOAM-coefficient surrogate,0.01745112265070802,-0.7096574306488037,98943.0390625,pinn,surrogate estimate; validate top designs with OpenFOAM,25.56747815464632,0.1236412488669145,0.0,0012,0.06
4.224861054497026,0.0076493373760722055,0.02854316309094429,0.3607173675105271,26.631062799752282,0.7601613998413086,500000.0,continuous_47,47,continuous_naca,direct OpenFOAM-coefficient surrogate,0.021657152388195672,-0.7123607993125916,98937.4765625,pinn,surrogate estimate; validate top designs with OpenFOAM,26.631062799752282,0.13546187330037174,0.0,0012,0.06
3.405514838614172,0.0003180627644459019,0.025562068447470665,0.28335349905368473,26.19044348810221,0.6695080995559692,500000.0,continuous_48,48,continuous_naca,direct OpenFOAM-coefficient surrogate,0.01965938800935197,-0.6429394483566284,98947.625,pinn,surrogate estimate; validate top designs with OpenFOAM,26.19044348810221,0.13605640174820835,0.0,0012,0.06
4.539478661171959,0.014849599646000106,0.03036278858780861,0.416916885996478,27.26382232726335,0.8278329372406006,500000.0,continuous_49,49,continuous_naca,direct OpenFOAM-coefficient surrogate,0.02462081584678877,-0.7369180917739868,98930.3671875,pinn,surrogate estimate; validate top designs with OpenFOAM,27.26382232726335,0.11566174450330352,0.0,0012,0.06
4.367795697772291,-0.005788880632301029,0.030869878828525543,0.13330699900426574,28.592014897532152,0.8826606273651123,500000.0,continuous_50,50,continuous_naca,direct OpenFOAM-coefficient surrogate,0.03138416304528417,-0.7688446640968323,98908.8125,pinn,surrogate estimate; validate top designs with OpenFOAM,28.592014897532152,0.10950371209997628,0.0,0012,0.06
3.372161323086466,-0.0012112424777372633,0.026886504143476486,0.3308974593919129,28.481851495416507,0.7658059000968933,500000.0,continuous_51,51,continuous_naca,direct OpenFOAM-coefficient surrogate,0.029026250402962552,-0.7087138295173645,98924.4296875,pinn,surrogate estimate; validate top designs with OpenFOAM,28.481851495416507,0.12475016099633521,0.0,0012,0.06
1.9602690351049583,-0.018303918287723115,0.023574164137244225,0.04569446101423593,29.34964610294585,0.6919227242469788,500000.0,continuous_52,52,continuous_naca,direct OpenFOAM-coefficient surrogate,0.03567065500478221,-0.7024297714233398,98911.46875,pinn,surrogate estimate; validate top designs with OpenFOAM,29.34964610294585,0.15288607407244578,0.0,0012,0.06
0.07795484171742828,-0.01288516016998697,0.021090105175971985,0.2201466121337713,28.586828379202707,0.6029278039932251,500000.0,continuous_53,53,continuous_naca,direct OpenFOAM-coefficient surrogate,0.04590957154811584,-0.7042984962463379,98901.625,pinn,surrogate estimate; validate top designs with OpenFOAM,28.586828379202707,0.17932911110866867,0.0,0012,0.06
3.5570287166161982,-0.015489267702505895,0.0289728082716465,0.030150699250355833,30.083628516610393,0.8716372847557068,500000.0,continuous_54,54,continuous_naca,direct OpenFOAM-coefficient surrogate,0.039209722411260334,-0.8137085437774658,98882.5234375,pinn,surrogate estimate; validate top designs with OpenFOAM,30.083628516610393,0.12524450848635613,0.0,0012,0.06
3.6327856556172122,0.009984284679382279,0.030889999121427536,0.3478170429424678,31.033114516651544,0.958643913269043,500000.0,continuous_55,55,continuous_naca,direct OpenFOAM-coefficient surrogate,0.04898488961221452,-0.9085878133773804,98838.5703125,pinn,surrogate estimate; validate top designs with OpenFOAM,31.033114516651544,0.11983856185543001,0.0,0012,0.06
2.441644801293437,0.00266906546287769,0.027660220861434937,0.39662701864801886,31.621876567968886,0.8746997117996216,500000.0,continuous_56,56,continuous_naca,direct OpenFOAM-coefficient surrogate,0.05087582664442605,-0.8351863026618958,98847.453125,pinn,surrogate estimate; validate top designs with OpenFOAM,31.621876567968886,0.1180273812117219,0.0,0012,0.06
1.5500366746916434,-0.020622859459446276,0.027579808607697487,0.07009206194040218,32.738449489026245,0.9029529094696045,500000.0,continuous_57,57,continuous_naca,direct OpenFOAM-coefficient surrogate,0.06548516377254124,-0.8981400728225708,98795.890625,pinn,surrogate estimate; validate top designs with OpenFOAM,32.738449489026245,0.10931013516739696,0.0,0012,0.06
2.3832822085065857,-0.02553187739317053,0.028882086277008057,0.1635199029891433,32.66981637282826,0.9436051249504089,500000.0,continuous_58,58,continuous_naca,direct OpenFOAM-coefficient surrogate,0.06173618531444852,-0.9443466663360596,98796.703125,pinn,surrogate estimate; validate top designs with OpenFOAM,32.66981637282826,0.1210190806012893,0.0,0012,0.06
0.39539108918790866,-0.02724892643966263,0.025004928931593895,0.5082022660316372,34.23598888662691,0.856102705001831,500000.0,continuous_59,59,continuous_naca,direct OpenFOAM-coefficient surrogate,0.07455428380670907,-0.923590362071991,98767.40625,pinn,surrogate estimate; validate top designs with OpenFOAM,34.23598888662691,0.14202321374830473,0.0,0012,0.06
-1.5908112151042824,-0.02376796618923733,0.022679489105939865,0.07180381835287358,34.908405128590466,0.7917397022247314,500000.0,continuous_60,60,continuous_naca,direct OpenFOAM-coefficient surrogate,0.09,-0.9084101915359497,98746.2109375,pinn,surrogate estimate; validate top designs with OpenFOAM,34.908405128590466,0.15828296457246893,0.0,0012,0.06
1.0273776267506212,-0.05598039364028495,0.02940371446311474,0.029360460229693075,34.96312075767092,1.0280805826187134,500000.0,continuous_61,61,continuous_naca,direct OpenFOAM-coefficient surrogate,0.09,-1.040055751800537,98702.8828125,pinn,surrogate estimate; validate top designs with OpenFOAM,34.96312075767092,0.10133929702584679,0.0,0012,0.06
0.5609319225734524,-0.06039433219875194,0.028206752613186836,0.03552992837623231,35.02989017785079,0.9881144762039185,500000.0,continuous_62,62,continuous_naca,direct OpenFOAM-coefficient surrogate,0.09,-1.0097743272781372,98711.1328125,pinn,surrogate estimate; validate top designs with OpenFOAM,35.02989017785079,0.1,0.0,0012,0.06
-2.1810658602835127,-0.01650964607436076,0.02386505715548992,0.09825392171473558,30.40311614372954,0.7256025075912476,500000.0,continuous_63,63,continuous_naca,direct OpenFOAM-coefficient surrogate,0.09,-0.8455333113670349,98757.515625,pinn,surrogate estimate; validate top designs with OpenFOAM,30.40311614372954,0.12446752831514757,0.0,0012,0.06
2.179322776642031,-0.031232630739944024,0.028402503579854965,0.17524062199681084,32.86768858466099,0.9335575103759766,500000.0,continuous_64,64,continuous_naca,direct OpenFOAM-coefficient surrogate,0.06289511344198098,-0.9394339323043823,98794.390625,pinn,surrogate estimate; validate top designs with OpenFOAM,32.86768858466099,0.1209958034703594,0.0,0012,0.06
-1.0335421291051634,-0.022356879045694264,0.02449318766593933,0.09447893372602384,34.4886710578292,0.8447719812393188,500000.0,continuous_65,65,continuous_naca,direct OpenFOAM-coefficient surrogate,0.09,-0.9196019172668457,98736.9921875,pinn,surrogate estimate; validate top designs with OpenFOAM,34.4886710578292,0.12327537100382335,0.0,0012,0.06
4.0,0.013494524995216674,0.026315584778785706,0.27235495242309826,22.85313514940257,0.6014164686203003,500000.0,continuous_1,1,continuous_naca,direct OpenFOAM-coefficient surrogate,0.02,-0.8538065552711487,98903.0234375,pinn,surrogate estimate; validate top designs with OpenFOAM,22.85313514940257,0.4,0.0,2412,0.12
4.0,0.013189336186981886,0.026528775691986084,0.29783628381830074,23.069412305426134,0.6120263338088989,500000.0,continuous_2,2,continuous_naca,direct OpenFOAM-coefficient surrogate,0.021,-0.8619493246078491,98901.7890625,pinn,surrogate estimate; validate top designs with OpenFOAM,23.069412305426134,0.4,0.0,2412,0.12
4.0,0.015104111882429192,0.025998029857873917,0.2652193492040193,22.798962506855144,0.5927509069442749,500000.0,continuous_3,3,continuous_naca,direct OpenFOAM-coefficient surrogate,0.02,-0.818632960319519,98906.359375,pinn,surrogate estimate; validate top designs with OpenFOAM,22.798962506855144,0.42000000000000004,0.0,2412,0.12
4.0,0.016133602284553968,0.026461809873580933,0.30542230339758997,22.797220726184666,0.6032785177230835,500000.0,continuous_4,4,continuous_naca,direct OpenFOAM-coefficient surrogate,0.02,-0.8790927529335022,98898.1171875,pinn,surrogate estimate; validate top designs with OpenFOAM,22.797220726184666,0.4,0.0,2412,0.126
4.2,0.014519153866614095,0.02719872258603573,0.2785823579082572,22.808734452872127,0.6203912496566772,500000.0,continuous_5,5,continuous_naca,direct OpenFOAM-coefficient surrogate,0.02,-0.8713361024856567,98900.4921875,pinn,surrogate estimate; validate top designs with OpenFOAM,22.808734452872127,0.4,0.0,2412,0.12
4.1,0.01024133524020163,0.026557177305221558,0.23054129682534008,22.932409672890397,0.6090430021286011,500000.0,continuous_6,6,continuous_naca,direct OpenFOAM-coefficient surrogate,0.0205,-0.8169569373130798,98908.359375,pinn,surrogate estimate; validate top designs with OpenFOAM,22.932409672890397,0.41000000000000003,0.0,2412,0.11399999999999999
4.15,0.012970104665978262,0.027284134179353714,0.2663148762741786,23.016496187597067,0.6280081868171692,500000.0,continuous_7,7,continuous_naca,direct OpenFOAM-coefficient surrogate,0.02075,-0.8799397349357605,98900.578125,pinn,surrogate estimate; validate top designs with OpenFOAM,23.016496187597067,0.3849999999999999,0.0,2412,0.11699999999999999
3.925,0.013541598136148287,0.026130829006433487,0.2497229962711279,23.147060543847733,0.6048750281333923,500000.0,continuous_8,8,continuous_naca,direct OpenFOAM-coefficient surrogate,0.021125,-0.8367375731468201,98906.3203125,pinn,surrogate estimate; validate top designs with OpenFOAM,23.147060543847733,0.39749999999999985,0.0,2412,0.11549999999999999
3.7874999999999996,0.00874001983776156,0.025689132511615753,0.24847356235718315,23.322109933967035,0.5991480946540833,500000.0,continuous_9,9,continuous_naca,direct OpenFOAM-coefficient surrogate,0.021687500000000005,-0.8268568515777588,98908.7109375,pinn,surrogate estimate; validate top designs with OpenFOAM,23.322109933967035,0.39624999999999977,0.0,2412,0.11324999999999996
4.018750000000001,0.010074986580950206,0.026742013171315193,0.2531178957672782,23.318061945271285,0.6235952377319336,500000.0,continuous_10,10,continuous_naca,direct OpenFOAM-coefficient surrogate,0.021968750000000006,-0.8442114591598511,98906.453125,pinn,surrogate estimate; validate top designs with OpenFOAM,23.318061945271285,0.3956249999999998,0.0,2412,0.11212499999999997
3.8781250000000007,0.01147131538200296,0.026534389704465866,0.2892985250518316,23.40880933074963,0.6211618781089783,500000.0,continuous_11,11,continuous_naca,direct OpenFOAM-coefficient surrogate,0.022203125000000008,-0.8801389336585999,98901.1484375,pinn,surrogate estimate; validate top designs with OpenFOAM,23.40880933074963,0.37843749999999965,0.0,2412,0.11718749999999997
3.767187500000002,0.01298197005250003,0.026590168476104736,0.3027955949829039,23.517800440659485,0.6253657937049866,500000.0,continuous_12,12,continuous_naca,direct OpenFOAM-coefficient surrogate,0.02305468750000001,-0.8998632431030273,98898.359375,pinn,surrogate estimate; validate top designs with OpenFOAM,23.517800440659485,0.36265624999999946,0.0,2412,0.11878124999999995
3.636718750000001,0.01298299164635262,0.025430602952837944,0.28286492397555507,23.659040023626062,0.6016873121261597,500000.0,continuous_13,13,continuous_naca,direct OpenFOAM-coefficient surrogate,0.023105468750000014,-0.8394365906715393,98906.7421875,pinn,surrogate estimate; validate top designs with OpenFOAM,23.659040023626062,0.3922656249999995,0.0,2412,0.11507812499999995
3.3800781250000007,0.01234637124707984,0.024543002247810364,0.2818718652814901,23.98065799053478,0.5885813236236572,500000.0,continuous_14,14,continuous_naca,direct OpenFOAM-coefficient surrogate,0.02428320312500002,-0.8189885020256042,98909.8984375,pinn,surrogate estimate; validate top designs with OpenFOAM,23.98065799053478,0.3958984374999994,0.0,2412,0.11411718749999994
3.4767578125000016,0.005312300097013152,0.025181375443935394,0.2617115484864649,24.126278320420408,0.6075569987297058,500000.0,continuous_15,15,continuous_naca,direct OpenFOAM-coefficient surrogate,0.024497070312500025,-0.8399627208709717,98909.2421875,pinn,surrogate estimate; validate top designs with OpenFOAM,24.126278320420408,0.37521484374999925,0.0,2412,0.10913671874999992
3.215136718750003,0.0037886075000607305,0.024506419897079468,0.25706033227800307,24.653201300054352,0.6041863560676575,500000.0,continuous_16,16,continuous_naca,direct OpenFOAM-coefficient surrogate,0.026245605468750037,-0.8304305076599121,98912.7265625,pinn,surrogate estimate; validate top designs with OpenFOAM,24.653201300054352,0.36282226562499886,0.0,2412,0.10370507812499985
3.056201171875002,0.010398977061184974,0.02407146617770195,0.278200899175955,24.426751896960432,0.588012158870697,500000.0,continuous_17,17,continuous_naca,direct OpenFOAM-coefficient surrogate,0.025666748046875024,-0.8461599946022034,98908.1640625,pinn,surrogate estimate; validate top designs with OpenFOAM,24.426751896960432,0.363188476562499,0.0,2412,0.11280175781249988
2.9218017578125046,0.004467294664738859,0.024234062060713768,0.2704974247387428,25.0919245289842,0.6081043481826782,500000.0,continuous_18,18,continuous_naca,direct OpenFOAM-coefficient surrogate,0.027937622070312536,-0.8691123723983765,98905.0546875,pinn,surrogate estimate; validate top designs with OpenFOAM,25.0919245289842,0.34603271484374865,0.0,2412,0.11145263671874983
2.488952636718757,-0.00593479072354025,0.023648560047149658,0.2066585090299031,26.06989572894305,0.6165415644645691,500000.0,continuous_19,19,continuous_naca,direct OpenFOAM-coefficient surrogate,0.031062683105468794,-0.871311604976654,98902.21875,pinn,surrogate estimate; validate top designs with OpenFOAM,26.06989572894305,0.32092407226562303,0.0,2412,0.11055395507812477
2.3029968261718796,-0.0016306018070242321,0.021941693499684334,0.27947999363889464,26.05206204164382,0.5716524124145508,500000.0,continuous_20,20,continuous_naca,direct OpenFOAM-coefficient surrogate,0.030574432373046932,-0.7971201539039612,98918.53125,pinn,surrogate estimate; validate top designs with OpenFOAM,26.05206204164382,0.35876037597656063,0.0,2412,0.10180773925781225
2.1515655517578196,0.00022664798507188296,0.022564508020877838,0.3038563741776862,26.81599217662272,0.6051164865493774,500000.0,continuous_21,21,continuous_naca,direct OpenFOAM-coefficient surrogate,0.03249153137207037,-0.8429486751556396,98909.0234375,pinn,surrogate estimate; validate top designs with OpenFOAM,26.81599217662272,0.3069491577148413,0.0,2412,0.10031707763671843
1.537309265136729,-0.005895197738578621,0.021931225433945656,0.3765675050743668,28.070305860948128,0.6156442761421204,500000.0,continuous_22,22,continuous_naca,direct OpenFOAM-coefficient surrogate,0.036595695495605554,-0.8143002986907959,98902.5078125,pinn,surrogate estimate; validate top designs with OpenFOAM,28.070305860948128,0.2624745178222623,0.0,2412,0.09341702270507768
1.7159965515136824,-0.0009137277771045889,0.021800082176923752,0.30692546692355815,28.258777911515345,0.6160719394683838,500000.0,continuous_23,23,continuous_naca,direct OpenFOAM-coefficient surrogate,0.036572460174560645,-0.8379375338554382,98907.3046875,pinn,surrogate estimate; validate top designs with OpenFOAM,28.258777911515345,0.28930213928222337,0.0,2412,0.09194013977050738
1.0458942413330226,-0.009372881529725891,0.021087568253278732,0.2909220457339876,29.705382300049344,0.6264439821243286,500000.0,continuous_24,24,continuous_naca,direct OpenFOAM-coefficient surrogate,0.04202531623840345,-0.8161433339118958,98897.921875,pinn,surrogate estimate; validate top designs with OpenFOAM,29.705382300049344,0.25235897064208557,0.0,2412,0.08150933074951111
0.4724397659301913,-0.0126618018482874,0.021548252552747726,0.10981814891203968,27.848037425239642,0.6001043915748596,500000.0,continuous_25,25,continuous_naca,direct OpenFOAM-coefficient surrogate,0.04388345813751233,-0.7806075215339661,98885.046875,pinn,surrogate estimate; validate top designs with OpenFOAM,27.848037425239642,0.2344367027282669,0.0,2412,0.08993894577026307
0.4693011283874702,-0.02699438796984524,0.023796644061803818,0.10012328067110093,26.60752768119383,0.6331964731216431,500000.0,continuous_26,26,continuous_naca,direct OpenFOAM-coefficient surrogate,0.04620914411544814,-0.7426438927650452,98867.0390625,pinn,surrogate estimate; validate top designs with OpenFOAM,26.60752768119383,0.17633675575255825,0.0,2412,0.08590188789367606
-0.7264804363250505,-0.01692052847223408,0.023421213030815125,0.2555170740974797,25.494427049463553,0.5971359014511108,500000.0,continuous_27,27,continuous_naca,direct OpenFOAM-coefficient surrogate,0.05329412388801594,-0.6775310635566711,98869.9453125,pinn,surrogate estimate; validate top designs with OpenFOAM,25.494427049463553,0.14187940120696346,0.0,2412,0.0648296384811392
1.6850943684578052,-0.009889472231371804,0.02227179706096649,0.217940651939578,27.953976750428026,0.622613251209259,500000.0,continuous_28,28,continuous_naca,direct OpenFOAM-coefficient surrogate,0.036620543301105576,-0.8429771661758423,98898.78125,pinn,surrogate estimate; validate top designs with OpenFOAM,27.953976750428026,0.27616290450095815,0.0,2412,0.09912287592887838
1.901067692041404,-0.004372392010712902,0.02120884880423546,0.2787812472656988,27.067522069260882,0.5740980505943298,500000.0,continuous_29,29,continuous_naca,direct OpenFOAM-coefficient surrogate,0.03335336247086532,-0.7994144558906555,98919.3046875,pinn,surrogate estimate; validate top designs with OpenFOAM,27.067522069260882,0.3363797920942282,0.0,2412,0.09609219968318905
1.5431260511279206,-0.0017980518643607322,0.021310169249773026,0.273518386457961,28.125368423022877,0.5993844866752625,500000.0,continuous_30,30,continuous_naca,direct OpenFOAM-coefficient surrogate,0.03656730788201103,-0.8261897563934326,98909.3671875,pinn,surrogate estimate; validate top designs with OpenFOAM,28.125368423022877,0.29636903300881073,0.0,2412,0.09354462173581081
2.4332721970975473,-0.0050207999250271125,0.023144066333770752,0.2814873352756269,26.81206760912588,0.6205670833587646,500000.0,continuous_31,31,continuous_naca,direct OpenFOAM-coefficient surrogate,0.03202097332105048,-0.8459697365760803,98911.71875,pinn,surrogate estimate; validate top designs with OpenFOAM,26.81206760912588,0.3092460102587915,0.0,2412,0.0938579797893759
0.9626478737220303,-0.015535285505257233,0.021328337490558624,0.2177545795637341,28.654393642929037,0.6111792325973511,500000.0,continuous_32,32,continuous_naca,direct OpenFOAM-coefficient surrogate,0.040917836933396866,-0.8110859990119934,98893.6484375,pinn,surrogate estimate; validate top designs with OpenFOAM,28.654393642929037,0.25313902961089807,0.0,2412,0.09091870427504128
0.859394347202046,-0.0130984188582966,0.02056521363556385,0.2732604083869213,29.340454028166036,0.6034220457077026,500000.0,continuous_33,33,continuous_naca,direct OpenFOAM-coefficient surrogate,0.04143253497360287,-0.7958968281745911,98904.5390625,pinn,surrogate estimate; validate top designs with OpenFOAM,29.340454028166036,0.25600787104107015,0.0,2412,0.08057196380384206
0.6682219915557805,-0.014804942701015025,0.020150743424892426,0.2230515665031286,30.041655852522442,0.6053917407989502,500000.0,continuous_34,34,continuous_naca,direct OpenFOAM-coefficient surrogate,0.04387580251810157,-0.8085078001022339,98900.6875,pinn,surrogate estimate; validate top designs with OpenFOAM,30.041655852522442,0.26646293432917,0.0,2412,0.07985528757702495
0.2336783547653063,-0.013840725417974067,0.01926766149699688,0.19480172358013897,31.001366099273252,0.5973548293113708,500000.0,continuous_35,35,continuous_naca,direct OpenFOAM-coefficient surrogate,0.047515856029349574,-0.7963227033615112,98899.5,pinn,surrogate estimate; validate top designs with OpenFOAM,31.001366099273252,0.2684571425826239,0.0,2412,0.07307442001299858
0.007681357383281906,-0.017934429472824358,0.020635664463043213,0.23735541095983026,29.566051038463645,0.6101446747779846,500000.0,continuous_36,36,continuous_naca,direct OpenFOAM-coefficient surrogate,0.04937846420536535,-0.7725009918212891,98882.5703125,pinn,surrogate estimate; validate top designs with OpenFOAM,29.566051038463645,0.21861247392952804,0.0,2412,0.06949258768488571
0.11067627661979795,-0.011185484117857684,0.01917097717523575,0.3069817237293418,31.713877868537732,0.6080177426338196,500000.0,continuous_37,37,continuous_naca,direct OpenFOAM-coefficient surrogate,0.049258248789963745,-0.7761819362640381,98899.8125,pinn,surrogate estimate; validate top designs with OpenFOAM,31.713877868537732,0.24457919948675572,0.0,2412,0.061405446850577444
-0.3153095219313182,-0.017107342058839296,0.01894111931324005,0.3710642699216353,32.00960405048086,0.6063297390937805,500000.0,continuous_38,38,continuous_naca,direct OpenFOAM-coefficient surrogate,0.053428454718247184,-0.7809521555900574,98886.046875,pinn,surrogate estimate; validate top designs with OpenFOAM,32.00960405048086,0.2402992844246845,0.0,2412,0.06
-0.37342213142689973,-0.018408984895329453,0.019255081191658974,0.22119912937142325,31.8748918425141,0.6137855052947998,500000.0,continuous_39,39,continuous_naca,direct OpenFOAM-coefficient surrogate,0.05474151062207991,-0.7888374924659729,98877.453125,pinn,surrogate estimate; validate top designs with OpenFOAM,31.8748918425141,0.23385606474839082,0.0,2412,0.06146620541985563
0.28773911398677354,-0.010878176785440041,0.018871203064918518,0.25659741227948135,32.39119115933252,0.6112931370735168,500000.0,continuous_40,40,continuous_naca,direct OpenFOAM-coefficient surrogate,0.049477104598674715,-0.7998043298721313,98900.5859375,pinn,surrogate estimate; validate top designs with OpenFOAM,32.39119115933252,0.27887325726936435,0.0,2412,0.06853239040629695
0.42776799228851936,-0.009470609261815005,0.018347833305597305,0.27749320413180845,32.989113873578624,0.6053117513656616,500000.0,continuous_41,41,continuous_naca,direct OpenFOAM-coefficient surrogate,0.0495264247953294,-0.7725152969360352,98912.53125,pinn,surrogate estimate; validate top designs with OpenFOAM,32.989113873578624,0.30900364893928256,0.0,2412,0.06805229176700259
-1.0595368944852188,-0.014646553741275754,0.01762053370475769,0.14214328494595943,32.76044485956067,0.5772892832756042,500000.0,continuous_42,42,continuous_naca,direct OpenFOAM-coefficient surrogate,0.06058080684409959,-0.7547628879547119,98887.265625,pinn,surrogate estimate; validate top designs with OpenFOAM,32.76044485956067,0.2734490997054053,0.0,2412,0.06
-0.893928632542765,-0.01660639354880995,0.018067358061671257,0.14071379362705996,33.600106669820896,0.6070987582206726,500000.0,continuous_43,43,continuous_naca,direct OpenFOAM-coefficient surrogate,0.06162274246052847,-0.7653995752334595,98880.5234375,pinn,surrogate estimate; validate top designs with OpenFOAM,33.600106669820896,0.25984690632625773,0.0,2412,0.06
-1.4577321261968006,-0.012684616485088717,0.018558571115136147,0.24500100127197647,32.56541941533318,0.6044002175331116,500000.0,continuous_44,44,continuous_naca,direct OpenFOAM-coefficient surrogate,0.06867618567611791,-0.7884135246276855,98853.4375,pinn,surrogate estimate; validate top designs with OpenFOAM,32.56541941533318,0.2555417881980746,0.0,2412,0.06
-0.5470813969084916,-0.008219115365361218,0.017047947272658348,0.14920412335870487,34.30551062662921,0.584872841835022,500000.0,continuous_45,45,continuous_naca,direct OpenFOAM-coefficient surrogate,0.05783770378702241,-0.737957239151001,98904.890625,pinn,surrogate estimate; validate top designs with OpenFOAM,34.30551062662921,0.30744340494942424,0.0,2412,0.06255994046364566
-0.6339110296492874,-0.006673832495778332,0.016580944880843163,0.13752409138293106,34.11907448452603,0.565760612487793,500000.0,continuous_46,46,continuous_naca,direct OpenFOAM-coefficient surrogate,0.059385800369493646,-0.6554117202758789,98924.7421875,pinn,surrogate estimate; validate top designs with OpenFOAM,34.11907448452603,0.34423707504994094,0.0,2412,0.06310680798554066
-0.7210799438926596,-0.005214365017292947,0.0169075820595026,0.11162811088681775,34.3250232966878,0.5803874731063843,500000.0,continuous_47,47,continuous_naca,direct OpenFOAM-coefficient surrogate,0.061355384225242754,-0.6772212982177734,98914.28125,pinn,surrogate estimate; validate top designs with OpenFOAM,34.3250232966878,0.33457224553550047,0.0,2412,0.06530611611532411
-0.9239651548733303,-0.004007540308729341,0.016551418229937553,0.16788506133846862,33.921855996920335,0.5614887475967407,500000.0,continuous_48,48,continuous_naca,direct OpenFOAM-coefficient surrogate,0.06531884897874055,-0.5766659379005432,98931.6953125,pinn,surrogate estimate; validate top designs with OpenFOAM,33.921855996920335,0.38170872609090845,0.0,2412,0.06795917417298616
0.19237590395752047,-0.00990509315261892,0.017794843763113022,0.2030245671638357,34.255176502449295,0.609599769115448,500000.0,continuous_49,49,continuous_naca,direct OpenFOAM-coefficient surrogate,0.054590320789961934,-0.7481393218040466,98910.5546875,pinn,surrogate estimate; validate top designs with OpenFOAM,34.255176502449295,0.3319840031698271,0.0,2412,0.06795917417298619
-1.4126250269817173,-0.01201258752738843,0.01716938614845276,0.20080247920331346,33.679914546722195,0.5782971382141113,500000.0,continuous_50,50,continuous_naca,direct OpenFOAM-coefficient surrogate,0.06817665083604837,-0.7201774716377258,98887.109375,pinn,surrogate estimate; validate top designs with OpenFOAM,33.679914546722195,0.3079196310512222,0.0,2412,0.06
-0.35027659936990896,-0.00489774443525462,0.016715032979846,0.11513115518038763,34.06911834948243,0.5695005059242249,500000.0,continuous_51,51,continuous_naca,direct OpenFOAM-coefficient surrogate,0.05935728735860926,-0.5759536027908325,98939.75,pinn,surrogate estimate; validate top designs with OpenFOAM,34.06911834948243,0.38111273602672935,0.0,2412,0.06791261537597798
0.6995940088749475,-0.0022485195358793956,0.01823319122195244,0.21677146399006766,31.69755104591866,0.5779792070388794,500000.0,continuous_52,52,continuous_naca,direct OpenFOAM-coefficient surrogate,0.0483936972443698,-0.6692415475845337,98934.0234375,pinn,surrogate estimate; validate top designs with OpenFOAM,31.69755104591866,0.36963656378951837,0.0,2412,0.07186892306396697
-0.8845702680175511,-0.006668175055283991,0.016890615224838257,0.10768505838347803,34.52104995240766,0.5831162929534912,500000.0,continuous_53,53,continuous_naca,direct OpenFOAM-coefficient surrogate,0.06323091243812873,-0.6918271780014038,98906.9296875,pinn,surrogate estimate; validate top designs with OpenFOAM,34.52104995240766,0.32334886423579623,0.0,2412,0.06296723076599174
-0.6299012530606819,-0.016474499141660638,0.018007628619670868,0.16346361984214666,33.9510808335436,0.6114124059677124,500000.0,continuous_54,54,continuous_naca,direct OpenFOAM-coefficient surrogate,0.05914987326156865,-0.7881544232368469,98879.421875,pinn,surrogate estimate; validate top designs with OpenFOAM,33.9510808335436,0.26756152291854474,0.0,2412,0.061483615382995876
-0.4201827627926022,-0.00814269846242356,0.016880376264452934,0.13884235770086997,34.39816447761811,0.5806883573532104,500000.0,continuous_55,55,continuous_naca,direct OpenFOAM-coefficient surrogate,0.05930543383434911,-0.6612995862960815,98923.46875,pinn,surrogate estimate; validate top designs with OpenFOAM,34.39816447761811,0.3527249327496832,0.0,2412,0.06630536537773246
-1.4788330897631727,-0.008924351580302975,0.01682465896010399,0.11349550418678508,32.50661123964207,0.5469451546669006,500000.0,continuous_56,56,continuous_naca,direct OpenFOAM-coefficient surrogate,0.06627439635240956,-0.6628538966178894,98907.53125,pinn,surrogate estimate; validate top designs with OpenFOAM,32.50661123964207,0.32706072056537505,0.0,2412,0.0606101521883608
-0.2254263444726528,-0.004961611086150836,0.01724683865904808,0.14203404791881308,34.629589279049206,0.5972855687141418,500000.0,continuous_57,57,continuous_naca,direct OpenFOAM-coefficient surrogate,0.05751133968057384,-0.721245527267456,98912.125,pinn,surrogate estimate; validate top designs with OpenFOAM,34.629589279049206,0.3307531825187141,0.0,2412,0.06612191867682984
-0.5785482626792413,-0.0034338946404599596,0.016890481114387512,0.10229199401930851,34.708887531627276,0.5862845182418823,500000.0,continuous_58,58,continuous_naca,direct OpenFOAM-coefficient surrogate,0.0628638313021248,-0.6329257488250732,98922.9375,pinn,surrogate estimate; validate top designs with OpenFOAM,34.708887531627276,0.36325620757042276,0.0,2412,0.06779037500429341
-0.5942816955646162,-0.0045291798530202355,0.016878601163625717,0.1962946867169158,34.92896351489771,0.5895869731903076,500000.0,continuous_59,59,continuous_naca,direct OpenFOAM-coefficient surrogate,0.065376895059676,-0.5855517387390137,98929.7890625,pinn,surrogate estimate; validate top designs with OpenFOAM,34.92896351489771,0.3911626088809219,0.0,2412,0.07040559227461729
-0.34115059153105154,-0.004555354403866758,0.017052574083209038,0.12288744756525635,34.940595330667804,0.5958620309829712,500000.0,continuous_60,60,continuous_naca,direct OpenFOAM-coefficient surrogate,0.06135690628112109,-0.6469431519508362,98923.625,pinn,surrogate estimate; validate top designs with OpenFOAM,34.940595330667804,0.36442254865705714,0.0,2412,0.06759393743226155
-0.1511859153502475,-0.007052275984439888,0.017212336882948875,0.1245744060731188,35.016072184353646,0.6027434468269348,500000.0,continuous_61,61,continuous_naca,direct OpenFOAM-coefficient surrogate,0.061357667309060254,-0.6078602075576782,98930.9765625,pinn,surrogate estimate; validate top designs with OpenFOAM,35.016072184353646,0.37934770021783537,0.0,2412,0.06873784809073027
-0.5075493489099316,-0.0065172597695968126,0.01712065003812313,0.17201786677968878,35.46905332554867,0.6072887182235718,500000.0,continuous_62,62,continuous_naca,direct OpenFOAM-coefficient surrogate,0.0644329734093703,-0.6649590134620667,98913.171875,pinn,surrogate estimate; validate top designs with OpenFOAM,35.46905332554867,0.35958124517695067,0.0,2412,0.06781092952635212
-0.5512326419685963,-0.009030102801362917,0.017207907512784004,0.26914712440063343,35.976350226802005,0.6191136837005615,500000.0,continuous_63,63,continuous_naca,direct OpenFOAM-coefficient surrogate,0.0669967431968809,-0.6713793873786926,98907.3984375,pinn,surrogate estimate; validate top designs with OpenFOAM,35.976350226802005,0.36300940139058446,0.0,2412,0.06856371160066194
0.12350696933949479,-0.0029452352177914737,0.017863288521766663,0.1704555300958845,34.83345417773907,0.6222748756408691,500000.0,continuous_64,64,continuous_naca,direct OpenFOAM-coefficient surrogate,0.06239041018496677,-0.5685610771179199,98936.359375,pinn,surrogate estimate; validate top designs with OpenFOAM,34.83345417773907,0.40878758226823164,0.0,2412,0.07394730455542793
-0.36117029729932976,-0.003285775589723983,0.017384082078933716,0.2578855257073217,36.04154655626893,0.6265852451324463,500000.0,continuous_65,65,continuous_naca,direct OpenFOAM-coefficient surrogate,0.07054951819471814,-0.4888628423213959,98945.40625,pinn,surrogate estimate; validate top designs with OpenFOAM,36.04154655626893,0.4404004638600726,0.0,2412,0.07470530958388888
-0.42904227371266823,-0.0004669018572169317,0.017886798828840256,0.155613242075956,36.88916572094107,0.6598659753799438,500000.0,continuous_66,66,continuous_naca,direct OpenFOAM-coefficient surrogate,0.07706860745179028,-0.35969963669776917,98961.578125,pinn,surrogate estimate; validate top designs with OpenFOAM,36.88916572094107,0.4952241045307517,0.0,2412,0.07899700503741841
-0.986378232637559,-0.006965922827211023,0.016699064522981644,0.27354639737190134,35.863419411691616,0.5989214181900024,500000.0,continuous_67,67,continuous_naca,direct OpenFOAM-coefficient surrogate,0.07300954632373696,-0.5528830289840698,98928.828125,pinn,surrogate estimate; validate top designs with OpenFOAM,35.863419411691616,0.4055843252418151,0.0,2412,0.06940477394628601
4.0,0.0008735276608184517,0.03135058656334877,0.20576077898620357,26.056457414189783,0.8169112801551819,500000.0,continuous_1,1,continuous_naca,direct OpenFOAM-coefficient surrogate,0.04,-1.081011176109314,98859.1484375,pinn,surrogate estimate; validate top designs with OpenFOAM,26.056457414189783,0.4,0.0,4415,0.15
4.0,0.0012170003092730121,0.03169861435890198,0.19368784654793778,26.392223626778684,0.8366233110427856,500000.0,continuous_2,2,continuous_naca,direct OpenFOAM-coefficient surrogate,0.042,-1.0783735513687134,98857.0234375,pinn,surrogate estimate; validate top designs with OpenFOAM,26.392223626778684,0.4,0.0,4415,0.15
4.0,0.004394309822524395,0.031020868569612503,0.18465861023737193,25.94869480390327,0.8049769997596741,500000.0,continuous_3,3,continuous_naca,direct OpenFOAM-coefficient surrogate,0.04,-1.0326870679855347,98867.796875,pinn,surrogate estimate; validate top designs with OpenFOAM,25.94869480390327,0.42000000000000004,0.0,4415,0.15
4.0,0.0020247182305476257,0.031644053757190704,0.15054946674800462,25.90551901458097,0.8197815418243408,500000.0,continuous_4,4,continuous_naca,direct OpenFOAM-coefficient surrogate,0.04,-1.0949785709381104,98854.78125,pinn,surrogate estimate; validate top designs with OpenFOAM,25.90551901458097,0.4,0.0,4415,0.1575
4.2,0.0011423074691872838,0.03227885439991951,0.2120155806673143,25.88709349832434,0.8356316089630127,500000.0,continuous_5,5,continuous_naca,direct OpenFOAM-coefficient surrogate,0.04,-1.098073959350586,98856.0078125,pinn,surrogate estimate; validate top designs with OpenFOAM,25.88709349832434,0.4,0.0,4415,0.15
3.8,0.005559326925605496,0.030532967299222946,0.15944424073698993,26.249444002118747,0.8014996647834778,500000.0,continuous_6,6,continuous_naca,direct OpenFOAM-coefficient surrogate,0.041,-1.040784239768982,98864.3671875,pinn,surrogate estimate; validate top designs with OpenFOAM,26.249444002118747,0.41000000000000003,0.0,4415,0.15374999999999997
3.9000000000000004,0.006187693964857079,0.030730217695236206,0.2103815532857019,26.38319592182061,0.8107877373695374,500000.0,continuous_7,7,continuous_naca,direct OpenFOAM-coefficient surrogate,0.0415,-1.0271855592727661,98869.4140625,pinn,surrogate estimate; validate top designs with OpenFOAM,26.38319592182061,0.4149999999999999,0.0,4415,0.144375
3.8499999999999996,-0.0017025255059639715,0.03112993761897087,0.19650062233592108,26.59327508028026,0.8278735876083374,500000.0,continuous_8,8,continuous_naca,direct OpenFOAM-coefficient surrogate,0.04225,-1.0758564472198486,98857.0,pinn,surrogate estimate; validate top designs with OpenFOAM,26.59327508028026,0.39249999999999996,0.0,4415,0.14906250000000001
3.7749999999999986,-0.00029423747689105994,0.031349558383226395,0.1882590026266296,26.839959298495575,0.8414477109909058,500000.0,continuous_9,9,continuous_naca,direct OpenFOAM-coefficient surrogate,0.04337500000000001,-1.1044751405715942,98848.765625,pinn,surrogate estimate; validate top designs with OpenFOAM,26.839959298495575,0.3787499999999999,0.0,4415,0.14859375000000002
3.737499999999999,0.001430550785358106,0.030712954699993134,0.2067202292533213,26.96935033235047,0.8283354043960571,500000.0,continuous_10,10,continuous_naca,direct OpenFOAM-coefficient surrogate,0.04393750000000001,-1.0541760921478271,98859.9375,pinn,surrogate estimate; validate top designs with OpenFOAM,26.96935033235047,0.40187499999999987,0.0,4415,0.148359375
3.6062499999999993,0.0020497212758240073,0.030410410836338997,0.18243267754829148,27.37099410738523,0.832390546798706,500000.0,continuous_11,11,continuous_naca,direct OpenFOAM-coefficient surrogate,0.04590625000000002,-1.044501781463623,98859.8359375,pinn,surrogate estimate; validate top designs with OpenFOAM,27.37099410738523,0.4028124999999998,0.0,4415,0.14753906249999998
3.8406249999999993,0.0038414656667847885,0.031473301351070404,0.2412587101237597,27.274092556299916,0.8584330081939697,500000.0,continuous_12,12,continuous_naca,direct OpenFOAM-coefficient surrogate,0.045390625000000025,-1.0802855491638184,98853.0234375,pinn,surrogate estimate; validate top designs with OpenFOAM,27.274092556299916,0.3882812499999998,0.0,4415,0.14150390625000006
3.7109374999999982,0.0011492671936199198,0.03184952586889267,0.20479832191913236,27.480332315399338,0.8752630352973938,500000.0,continuous_13,13,continuous_naca,direct OpenFOAM-coefficient surrogate,0.04683593750000003,-1.113659381866455,98840.3046875,pinn,surrogate estimate; validate top designs with OpenFOAM,27.480332315399338,0.36992187499999984,0.0,4415,0.149443359375
3.616406249999997,0.005228522318021543,0.032259657979011536,0.48645705457245997,28.0726201786543,0.9056411981582642,500000.0,continuous_14,14,continuous_naca,direct OpenFOAM-coefficient surrogate,0.04950390625000005,-1.1534814834594727,98823.609375,pinn,surrogate estimate; validate top designs with OpenFOAM,28.0726201786543,0.3473828124999998,0.0,4415,0.1519775390625
3.419140624999997,-6.627053101269116e-06,0.030986573547124863,0.3421796704997372,28.42121410987159,0.8807044625282288,500000.0,continuous_15,15,continuous_naca,direct OpenFOAM-coefficient surrogate,0.050087890625000055,-1.1081370115280151,98834.40625,pinn,surrogate estimate; validate top designs with OpenFOAM,28.42121410987159,0.3586132812499996,0.0,4415,0.14480712890625005
3.1287109374999957,-0.00012965833458254965,0.030478153377771378,0.4759359359136995,29.677100875544383,0.9045329093933105,500000.0,continuous_16,16,continuous_naca,direct OpenFOAM-coefficient surrogate,0.05413183593750008,-1.1354401111602783,98813.390625,pinn,surrogate estimate; validate top designs with OpenFOAM,29.677100875544383,0.3379199218749993,0.0,4415,0.14221069335937508
3.320996093749997,0.008317309168580072,0.031008441001176834,0.4388703865985689,29.18442866474285,0.9049928188323975,500000.0,continuous_17,17,continuous_naca,direct OpenFOAM-coefficient surrogate,0.05409130859375007,-1.1182374954223633,98826.5234375,pinn,surrogate estimate; validate top designs with OpenFOAM,29.18442866474285,0.3594482421874994,0.0,4415,0.14302185058593753
2.9955566406249954,0.008996717822813608,0.030672360211610794,0.45211791390275174,29.84906793556916,0.9155712127685547,500000.0,continuous_18,18,continuous_naca,direct OpenFOAM-coefficient surrogate,0.0564260253906251,-1.1611067056655884,98796.5234375,pinn,surrogate estimate; validate top designs with OpenFOAM,29.84906793556916,0.33550048828124934,0.0,4415,0.15087066650390626
2.5730224609374943,-0.01892259982256922,0.030528366565704346,0.3126642084481919,30.76297223631878,0.9391740560531616,500000.0,continuous_19,19,continuous_naca,direct OpenFOAM-coefficient surrogate,0.06194372558593762,-1.1541780233383179,98761.6328125,pinn,surrogate estimate; validate top designs with OpenFOAM,30.76297223631878,0.30911010742187406,0.0,4415,0.15555404663085937
2.713317871093743,-0.024250155348223418,0.0317237414419651,0.34904815329154554,30.974510176022285,0.982658326625824,500000.0,continuous_20,20,continuous_naca,direct OpenFOAM-coefficient surrogate,0.0639291381835939,-1.167275309562683,98739.7890625,pinn,surrogate estimate; validate top designs with OpenFOAM,30.974510176022285,0.2741180419921865,0.0,4415,0.148843002319336
2.2668518066406147,-0.0196442805996254,0.033039290457963943,0.538527581596546,31.0422879309034,1.0256462097167969,500000.0,continuous_21,21,continuous_naca,direct OpenFOAM-coefficient surrogate,0.07294058227539083,-1.1524462699890137,98698.4140625,pinn,surrogate estimate; validate top designs with OpenFOAM,31.0422879309034,0.20977081298827982,0.0,4415,0.149494972229004
2.028384399414054,-0.0015386982947215209,0.03023989126086235,0.19590981452115416,32.51088412346713,0.9831581115722656,500000.0,continuous_22,22,continuous_naca,direct OpenFOAM-coefficient surrogate,0.07204981994628924,-1.1611524820327759,98721.5390625,pinn,surrogate estimate; validate top designs with OpenFOAM,32.51088412346713,0.2607417297363265,0.0,4415,0.14316324234008798
1.2343734741210817,-0.040487085095971945,0.030457571148872375,0.7945644725446059,32.96497348941367,1.004065990447998,500000.0,continuous_23,23,continuous_naca,direct OpenFOAM-coefficient surrogate,0.08332277679443384,-1.148196816444397,98683.7578125,pinn,surrogate estimate; validate top designs with OpenFOAM,32.96497348941367,0.21742118835448987,0.0,4415,0.138756093978882
1.280483245849596,-0.014323747887830245,0.03335486352443695,0.5912873242937322,29.980372671836577,1.00002121925354,500000.0,continuous_24,24,continuous_naca,direct OpenFOAM-coefficient surrogate,0.08207815170288112,-1.1198982000350952,98679.9296875,pinn,surrogate estimate; validate top designs with OpenFOAM,29.980372671836577,0.17766277313232215,0.0,4415,0.1499860525131227
0.5486545562743976,-0.03934027453790197,0.03550391271710396,0.3023598041936204,27.48012045960331,0.9756792783737183,500000.0,continuous_25,25,continuous_naca,direct OpenFOAM-coefficient surrogate,0.09,-1.0871917009353638,98670.21875,pinn,surrogate estimate; validate top designs with OpenFOAM,27.48012045960331,0.11906251907348364,0.0,4415,0.15468488931655894
2.4836968421935963,-0.02043253338880147,0.030440010130405426,0.33849055655897475,31.50328917081551,0.9589919447898865,500000.0,continuous_26,26,continuous_naca,direct OpenFOAM-coefficient surrogate,0.06460157251358047,-1.154874324798584,98743.484375,pinn,surrogate estimate; validate top designs with OpenFOAM,31.50328917081551,0.2832055711746204,0.0,4415,0.14532924234867106
2.9984890460967977,-0.00395619305116318,0.030858173966407776,0.42112172272204906,30.424616590398553,0.9388785362243652,500000.0,continuous_27,27,continuous_naca,direct OpenFOAM-coefficient surrogate,0.059326176881790246,-1.168014645576477,98784.6875,pinn,surrogate estimate; validate top designs with OpenFOAM,30.424616590398553,0.33209106683730993,0.0,4415,0.14458112508058552
2.5689875960349973,-0.016112471019999724,0.030590612441301346,0.3184609754630825,31.55642595283256,0.9653619527816772,500000.0,continuous_28,28,continuous_naca,direct OpenFOAM-coefficient surrogate,0.06501417058706296,-1.1620062589645386,98745.0,pinn,surrogate estimate; validate top designs with OpenFOAM,31.55642595283256,0.293483993411063,0.0,4415,0.1459323569387198
1.7039323985576509,-0.031822675785521004,0.03189836069941521,0.5716267171501037,32.51928668708433,1.0373444557189941,500000.0,continuous_29,29,continuous_naca,direct OpenFOAM-coefficient surrogate,0.08099582549929642,-1.1512134075164795,98683.671875,pinn,surrogate estimate; validate top designs with OpenFOAM,32.51928668708433,0.19283067554235256,0.0,4415,0.1342022861167791
1.7286433488130486,-0.019330928234862564,0.02810433879494667,0.27252269767783693,33.784262522443946,0.9495181441307068,500000.0,continuous_30,30,continuous_naca,direct OpenFOAM-coefficient surrogate,0.07402659042179602,-1.134379506111145,98734.1328125,pinn,surrogate estimate; validate top designs with OpenFOAM,33.784262522443946,0.2836999012529831,0.0,4415,0.13261501746252202
1.459539119899265,-0.01442898182990391,0.026061469689011574,0.37431803176339934,34.566377457218934,0.9008851647377014,500000.0,continuous_31,31,continuous_naca,direct OpenFOAM-coefficient surrogate,0.07456959449499861,-1.0809299945831299,98759.6484375,pinn,surrogate estimate; validate top designs with OpenFOAM,34.566377457218934,0.3206644453853348,0.0,4415,0.12417504007928104
0.9997194521129011,-0.02026746375535672,0.028715696185827255,0.7410509657327645,34.91124379703307,1.0025355815887451,500000.0,continuous_32,32,continuous_naca,direct OpenFOAM-coefficient surrogate,0.08734961117431543,-1.1502145528793335,98682.6484375,pinn,surrogate estimate; validate top designs with OpenFOAM,34.91124379703307,0.2289945801719997,0.0,4415,0.12620364620815994
0.25773075707255355,-0.015548839144865085,0.027751706540584564,0.6005411096390846,34.6002962401851,0.9602518677711487,500000.0,continuous_33,33,continuous_naca,direct OpenFOAM-coefficient surrogate,0.09,-1.1017199754714966,98687.734375,pinn,surrogate estimate; validate top designs with OpenFOAM,34.6002962401851,0.20188908467068933,0.0,4415,0.11664084813790437
0.1297946263104519,-0.04107108410603313,0.028266403824090958,0.6149939424819059,33.73743176324334,0.9536696076393127,500000.0,continuous_34,34,continuous_naca,direct OpenFOAM-coefficient surrogate,0.09,-1.0844833850860596,98688.546875,pinn,surrogate estimate; validate top designs with OpenFOAM,33.73743176324334,0.18647145131602544,0.0,4415,0.11573617625283122
0.20778093766419903,0.0012714317109706389,0.02448485977947712,0.4327042811106965,35.76571802139833,0.8757543563842773,500000.0,continuous_35,35,continuous_naca,direct OpenFOAM-coefficient surrogate,0.08662516573257752,-1.062649130821228,98733.09375,pinn,surrogate estimate; validate top designs with OpenFOAM,35.76571802139833,0.2839451570715723,0.0,4415,0.11823319214279804
-0.540294792782527,-0.003189053417529765,0.021927684545516968,0.18371809802375327,36.37999226664727,0.7977653741836548,500000.0,continuous_36,36,continuous_naca,direct OpenFOAM-coefficient surrogate,0.08943983584921808,-0.9591207504272461,98778.375,pinn,surrogate estimate; validate top designs with OpenFOAM,36.37999226664727,0.3295023978361822,0.0,4415,0.11024864515580751
-0.2099942713510361,-0.029944962131050187,0.021659601479768753,0.31662259575462465,37.68830495702731,0.8163513541221619,500000.0,continuous_37,37,continuous_naca,direct OpenFOAM-coefficient surrogate,0.08735674396483223,-0.9663155674934387,98767.390625,pinn,surrogate estimate; validate top designs with OpenFOAM,37.68830495702731,0.31539524900028115,0.0,4415,0.09942565986915786
-0.9321781440870951,-0.020471592867887974,0.0186036117374897,0.45882098782335107,39.43629396374772,0.7336969375610352,500000.0,continuous_38,38,continuous_naca,direct OpenFOAM-coefficient surrogate,0.08937372755003142,-0.8081007599830627,98831.25,pinn,surrogate estimate; validate top designs with OpenFOAM,39.43629396374772,0.3643822793231768,0.0,4415,0.07976044281429578
0.36359819126082016,-0.004835717920748567,0.021051842719316483,0.36106442677537065,36.75644578367056,0.7738276720046997,500000.0,continuous_39,39,continuous_naca,direct OpenFOAM-coefficient surrogate,0.08036638453428177,-0.6816484332084656,98892.65625,pinn,surrogate estimate; validate top designs with OpenFOAM,36.75644578367056,0.43530040004232134,0.0,4415,0.10445771087594091
-1.5141167666472155,-0.01067831114742241,0.018888752907514572,0.32235390505533834,36.37681820511538,0.6871491074562073,500000.0,continuous_40,40,continuous_naca,direct OpenFOAM-coefficient surrogate,0.09,-0.8094993829727173,98828.890625,pinn,surrogate estimate; validate top designs with OpenFOAM,36.37681820511538,0.3584253833015052,0.0,4415,0.08616018244782103
-2.3112152082409096,-0.005266297910743844,0.015652481466531754,0.09981716680854986,37.17776103677624,0.5819613933563232,500000.0,continuous_41,41,continuous_naca,direct OpenFOAM-coefficient surrogate,0.08724036279245019,-0.2287532091140747,98980.3046875,pinn,surrogate estimate; validate top designs with OpenFOAM,37.17776103677624,0.514810650079593,0.0,4415,0.06410984443877268
-0.1959282102776403,-0.0029619756013823757,0.019402723759412766,0.30380687131609496,37.5398862032753,0.7284135818481445,500000.0,continuous_42,42,continuous_naca,direct OpenFOAM-coefficient surrogate,0.08321015536299073,-0.5173953771591187,98930.7734375,pinn,surrogate estimate; validate top designs with OpenFOAM,37.5398862032753,0.46357248033913145,0.0,4415,0.0931281391945874
-0.9975668928898855,-0.003867040585404179,0.017031528055667877,0.13296066108586424,37.7990565325019,0.6438134908676147,500000.0,continuous_43,43,continuous_naca,direct OpenFOAM-coefficient surrogate,0.080655479270659,-0.1356741338968277,98986.8359375,pinn,surrogate estimate; validate top designs with OpenFOAM,37.7990565325019,0.5595305070559291,0.0,4415,0.06047942350599089
-2.5820424190085856,-0.005973861426632379,0.015379635617136955,0.1302037370638604,37.79124763465914,0.5812534093856812,500000.0,continuous_44,44,continuous_naca,direct OpenFOAM-coefficient surrogate,0.08987347795378389,-0.2109566032886505,98982.859375,pinn,surrogate estimate; validate top designs with OpenFOAM,37.79124763465914,0.5158475583565938,0.0,4415,0.06
-0.04264262489069326,-0.008372482210838621,0.019226277247071266,0.28431262413031366,39.05364509574043,0.7508952617645264,500000.0,continuous_45,45,continuous_naca,direct OpenFOAM-coefficient surrogate,0.08431605727628232,-0.583141028881073,98912.2578125,pinn,surrogate estimate; validate top designs with OpenFOAM,39.05364509574043,0.43685576245782254,0.0,4415,0.08257415831866435
-2.081286830160489,-0.004282216642982252,0.015690436586737633,0.11008297270161752,38.88364970703863,0.610140323638916,500000.0,continuous_46,46,continuous_naca,direct OpenFOAM-coefficient surrogate,0.08889921566238759,-0.34502166509628296,98964.078125,pinn,surrogate estimate; validate top designs with OpenFOAM,38.88364970703863,0.4747355732576297,0.0,4415,0.06
0.555205172994504,-0.00919778799870533,0.020530182868242264,0.26411408426874544,39.05989297821098,0.8019458055496216,500000.0,continuous_47,47,continuous_naca,direct OpenFOAM-coefficient surrogate,0.08174876192589628,-0.7405124306678772,98870.765625,pinn,surrogate estimate; validate top designs with OpenFOAM,39.05989297821098,0.40190450269068523,0.0,4415,0.0814070123194755
-0.25288432018200124,0.00047373385779525914,0.02208462730050087,0.2661098526155824,38.17303907055436,0.8430755138397217,500000.0,continuous_48,48,continuous_naca,direct OpenFOAM-coefficient surrogate,0.09,-0.9974027276039124,98741.9609375,pinn,surrogate estimate; validate top designs with OpenFOAM,38.17303907055436,0.27940855180872803,0.0,4415,0.09139138322022694
-0.4390549633589723,-0.005506929312940914,0.0196150541305542,0.5082125908654206,39.797682993734504,0.7806735038757324,500000.0,continuous_49,49,continuous_naca,direct OpenFOAM-coefficient surrogate,0.08879892127014459,-0.8805033564567566,98805.328125,pinn,surrogate estimate; validate top designs with OpenFOAM,39.797682993734504,0.34943904062052833,0.0,4415,0.08366339329166793
1.651951550489361,-0.006197185128346745,0.026824455708265305,0.44185495352514964,35.98805543260134,0.965395987033844,500000.0,continuous_50,50,continuous_naca,direct OpenFOAM-coefficient surrogate,0.08321951834878974,-1.0938421487808228,98724.6328125,pinn,surrogate estimate; validate top designs with OpenFOAM,35.98805543260134,0.30155521928847673,0.0,4415,0.10370250337205178
-1.1479772349980266,-0.005828125370287393,0.01705619879066944,0.16600011665031472,39.693641431940236,0.6770623326301575,500000.0,continuous_51,51,continuous_naca,direct OpenFOAM-coefficient surrogate,0.08747929133398813,-0.5162991881370544,98925.3984375,pinn,surrogate estimate; validate top designs with OpenFOAM,39.693641431940236,0.43144048476534147,0.0,4415,0.07092562584301294
-0.9393599598341018,-0.024633423144296063,0.01865459233522415,0.48197793698856095,39.80773730885042,0.7426369190216064,500000.0,continuous_52,52,continuous_naca,direct OpenFOAM-coefficient surrogate,0.08938429376374792,-0.8545836210250854,98811.078125,pinn,surrogate estimate; validate top designs with OpenFOAM,39.80773730885042,0.3367273912420433,0.0,4415,0.07530407881556173
-1.387718627305806,-0.01935781597693252,0.019205879420042038,0.5071708939699436,37.86871609232858,0.7273398637771606,500000.0,continuous_53,53,continuous_naca,direct OpenFOAM-coefficient surrogate,0.09,-0.8976073265075684,98782.8046875,pinn,surrogate estimate; validate top designs with OpenFOAM,37.86871609232858,0.2866632056341538,0.0,4415,0.0716690390640104
-2.2844903241336016,-0.030448919793691336,0.018412448465824127,0.41522134052125215,33.37201976279011,0.6144939661026001,500000.0,continuous_54,54,continuous_naca,direct OpenFOAM-coefficient surrogate,0.09,-0.7653313875198364,98839.9296875,pinn,surrogate estimate; validate top designs with OpenFOAM,33.37201976279011,0.33909009528485967,0.0,4415,0.07341975806279369
-0.15471870128752246,-0.008748314151479976,0.019152048975229263,0.3397224967390158,39.99734361627032,0.766071081161499,500000.0,continuous_55,55,continuous_naca,direct OpenFOAM-coefficient surrogate,0.08525391020268715,-0.7537079453468323,98858.6640625,pinn,surrogate estimate; validate top designs with OpenFOAM,39.99734361627032,0.38620090083922887,0.0,4415,0.07941019875530506
-0.4083772856522163,-0.002046218721858338,0.01849277876317501,0.270213985650958,40.34084428643531,0.7460546493530273,500000.0,continuous_56,56,continuous_naca,direct OpenFOAM-coefficient surrogate,0.08608448073525246,-0.7220354676246643,98866.578125,pinn,surrogate estimate; validate top designs with OpenFOAM,40.34084428643531,0.38752162941039425,0.0,4415,0.07489120553847803
-0.14647685643477715,-0.0071181138857083544,0.01862669177353382,0.15499484726272666,40.38086315578231,0.7522022724151611,500000.0,continuous_57,57,continuous_naca,direct OpenFOAM-coefficient surrogate,0.08443985732786297,-0.6731648445129395,98884.421875,pinn,surrogate estimate; validate top designs with OpenFOAM,40.38086315578231,0.399091304454003,0.0,4415,0.07245658690056916
0.30817199454033983,-0.016930631789294617,0.021880200132727623,0.5900209728700514,39.03279378369179,0.8540843725204468,500000.0,continuous_58,58,continuous_naca,direct OpenFOAM-coefficient surrogate,0.08645919994823317,-0.9918726086616516,98758.390625,pinn,surrogate estimate; validate top designs with OpenFOAM,39.03279378369179,0.30428883381256033,0.0,4415,0.08449150303853899
-0.783939927613435,-0.012115986368985133,0.01785927079617977,0.2638041703290081,39.90676039733225,0.7127455472946167,500000.0,continuous_59,59,continuous_naca,direct OpenFOAM-coefficient surrogate,0.08722426848754938,-0.656691312789917,98884.765625,pinn,surrogate estimate; validate top designs with OpenFOAM,39.90676039733225,0.3996525720271462,0.0,4415,0.07431709514189445
-0.5731927592259459,-0.007043866460439798,0.017531223595142365,0.14451464865493677,40.273065179611905,0.7060763835906982,500000.0,continuous_60,60,continuous_naca,direct OpenFOAM-coefficient surrogate,0.0843522436207791,-0.5849598050117493,98910.078125,pinn,surrogate estimate; validate top designs with OpenFOAM,40.273065179611905,0.4113970436606824,0.0,4415,0.06708058651499728
0.11019583755326146,-0.00042006877483230813,0.018821297213435173,0.1544948483497073,39.07558893215075,0.7354923486709595,500000.0,continuous_61,61,continuous_naca,direct OpenFOAM-coefficient surrogate,0.08125084605569137,-0.47213438153266907,98942.3125,pinn,surrogate estimate; validate top designs with OpenFOAM,39.07558893215075,0.4614435192484869,0.0,4415,0.07132815484082125
-0.676971010487261,-0.013481480345841058,0.01834719441831112,0.3552893604362367,40.28932102907594,0.7392362952232361,500000.0,continuous_62,62,continuous_naca,direct OpenFOAM-coefficient surrogate,0.08735093183673379,-0.778190016746521,98844.953125,pinn,surrogate estimate; validate top designs with OpenFOAM,40.28932102907594,0.3679064232436542,0.0,4415,0.07431009782187661
0.008260263895681685,-0.009812593578740756,0.019039852544665337,0.17016985020641615,40.298949491914954,0.7673263549804688,500000.0,continuous_63,63,continuous_naca,direct OpenFOAM-coefficient surrogate,0.08347420300648212,-0.7408083081245422,98865.0,pinn,surrogate estimate; validate top designs with OpenFOAM,40.298949491914954,0.382645264071638,0.0,4415,0.07231163985447962
-0.5394714798386289,-0.006800196318190776,0.017514223232865334,0.1633279442274487,40.798374427264456,0.7145926356315613,500000.0,continuous_64,64,continuous_naca,direct OpenFOAM-coefficient surrogate,0.08455470769324185,-0.6434779167175293,98892.125,pinn,surrogate estimate; validate top designs with OpenFOAM,40.798374427264456,0.39431911687575993,0.0,4415,0.0636692567906563
-0.731847869114182,-0.010276937110991206,0.01697831228375435,0.16451783174443735,40.7712072615686,0.6922670602798462,500000.0,continuous_65,65,continuous_naca,direct OpenFOAM-coefficient surrogate,0.08420510643851917,-0.611032247543335,98901.6015625,pinn,surrogate estimate; validate top designs with OpenFOAM,40.7712072615686,0.3983782248940255,0.0,4415,0.06
4.0,0.002752805713898862,0.029729504138231277,0.05893637493403304,12.760215830560604,0.3793676495552063,500000.0,continuous_1,1,continuous_naca,direct OpenFOAM-coefficient surrogate,0.0,-0.9809825420379639,98932.5078125,fno,surrogate estimate; validate top designs with OpenFOAM,12.760215830560604,0.4,0.0,0012,0.12
4.0,0.0032246088806976154,0.03181810677051544,0.075847689437894,13.832104098534858,0.4401251971721649,500000.0,continuous_2,2,continuous_naca,direct OpenFOAM-coefficient surrogate,0.00025,-1.0862137079238892,98920.5234375,fno,surrogate estimate; validate top designs with OpenFOAM,13.832104098534858,0.4,0.0,0012,0.12
4.0,0.002752805713898862,0.029729504138231277,0.05893637493403304,12.760215830560604,0.3793676495552063,500000.0,continuous_3,3,continuous_naca,direct OpenFOAM-coefficient surrogate,0.0,-0.9809825420379639,98932.5078125,fno,surrogate estimate; validate top designs with OpenFOAM,12.760215830560604,0.42000000000000004,0.0,0012,0.12
4.0,0.004088391787804019,0.030327044427394867,0.05904936709560804,13.309588801673737,0.4036538004875183,500000.0,continuous_4,4,continuous_naca,direct OpenFOAM-coefficient surrogate,0.0,-0.9422167539596558,98948.484375,fno,surrogate estimate; validate top designs with OpenFOAM,13.309588801673737,0.4,0.0,0012,0.126
4.2,0.0034968776448412345,0.03034896031022072,0.06737942020645621,13.127875370567208,0.3984304964542389,500000.0,continuous_5,5,continuous_naca,direct OpenFOAM-coefficient surrogate,0.0,-1.0152921676635742,98928.6640625,fno,surrogate estimate; validate top designs with OpenFOAM,13.127875370567208,0.4,0.0,0012,0.12
4.1,0.005370391153880392,0.03298058360815048,0.09785945843301094,14.47151890107742,0.47729361057281494,500000.0,continuous_6,6,continuous_naca,direct OpenFOAM-coefficient surrogate,0.000125,-1.0779438018798828,98915.671875,fno,surrogate estimate; validate top designs with OpenFOAM,14.47151890107742,0.38,0.0,0012,0.123
4.149999999999999,0.006893936753245837,0.03369090333580971,0.0942378446786008,14.824187561010053,0.4994550943374634,500000.0,continuous_7,7,continuous_naca,direct OpenFOAM-coefficient surrogate,0.0001875,-1.066215991973877,98917.1796875,fno,surrogate estimate; validate top designs with OpenFOAM,14.824187561010053,0.3600000000000001,0.0,0012,0.1245
4.174999999999999,0.005831423579716515,0.03323841840028763,0.09056247372589635,14.666078082913181,0.4874919056892395,500000.0,continuous_8,8,continuous_naca,direct OpenFOAM-coefficient surrogate,0.00021875,-1.0392546653747559,98923.28125,fno,surrogate estimate; validate top designs with OpenFOAM,14.666078082913181,0.38,0.0,0012,0.12525
3.9624999999999977,0.007334763519946727,0.0331009179353714,0.08694930433171763,14.756577916199957,0.48847103118896484,500000.0,continuous_9,9,continuous_naca,direct OpenFOAM-coefficient surrogate,0.000328125,-1.051169753074646,98933.3125,fno,surrogate estimate; validate top designs with OpenFOAM,14.756577916199957,0.37,0.0,0012,0.12787500000000002
4.143749999999997,0.006173921918887611,0.03373245522379875,0.110297980655472,14.717036857755854,0.496456503868103,500000.0,continuous_10,10,continuous_naca,direct OpenFOAM-coefficient surrogate,0.0004921875,-1.1317497491836548,98907.6328125,fno,surrogate estimate; validate top designs with OpenFOAM,14.717036857755854,0.3550000000000001,0.0,0012,0.12281249999999999
4.215624999999996,0.007607893055345418,0.034897226840257645,0.10775168469887245,15.46778813190876,0.539798378944397,500000.0,continuous_11,11,continuous_naca,direct OpenFOAM-coefficient surrogate,0.00036328125,-1.1190946102142334,98923.0546875,fno,surrogate estimate; validate top designs with OpenFOAM,15.46778813190876,0.33250000000000013,0.0,0012,0.13021875
4.323437499999994,0.00603752962701796,0.03582199290394783,0.08354019522053541,15.872016399105133,0.5685831308364868,500000.0,continuous_12,12,continuous_naca,direct OpenFOAM-coefficient surrogate,0.00041992187499999994,-1.1575006246566772,98920.2421875,fno,surrogate estimate; validate top designs with OpenFOAM,15.872016399105133,0.2987500000000003,0.0,0012,0.13532812500000002
4.114843749999995,0.007454974193340078,0.03503965213894844,0.1097765135376712,15.51340035023848,0.5435996651649475,500000.0,continuous_13,13,continuous_naca,direct OpenFOAM-coefficient surrogate,0.0004951171875,-1.1238038539886475,98922.296875,fno,surrogate estimate; validate top designs with OpenFOAM,15.51340035023848,0.31187500000000024,0.0,0012,0.13000781250000001
4.131640624999996,0.005534558203470684,0.035056889057159424,0.07862800735457746,15.676603339311834,0.5495886206626892,500000.0,continuous_14,14,continuous_naca,direct OpenFOAM-coefficient surrogate,0.00022314453125000004,-1.1300345659255981,98925.5390625,fno,surrogate estimate; validate top designs with OpenFOAM,15.676603339311834,0.3153125000000002,0.0,0012,0.13604296875000005
4.397460937499994,0.006575192567287934,0.036729101091623306,0.09181456710838924,16.12822438589602,0.592391312122345,500000.0,continuous_15,15,continuous_naca,direct OpenFOAM-coefficient surrogate,0.00033471679687499994,-1.1895848512649536,98914.640625,fno,surrogate estimate; validate top designs with OpenFOAM,16.12822438589602,0.2729687500000004,0.0,0012,0.13506445312499998
4.614941406249992,0.00906427673273141,0.0387440025806427,0.08622776038550357,16.751945449065957,0.6490541696548462,500000.0,continuous_16,16,continuous_naca,direct OpenFOAM-coefficient surrogate,0.0003380126953124999,-1.2935422658920288,98898.9765625,fno,surrogate estimate; validate top designs with OpenFOAM,16.751945449065957,0.2244531250000006,0.0,0012,0.13865917968749997
4.442431640624989,0.006384442353158751,0.038210172206163406,0.08229640593908527,16.78011610860334,0.6411879062652588,500000.0,continuous_17,17,continuous_naca,direct OpenFOAM-coefficient surrogate,0.00055059814453125,-1.2574552297592163,98898.5859375,fno,surrogate estimate; validate top designs with OpenFOAM,16.78011610860334,0.21519531250000057,0.0,0012,0.14551904296875
4.588647460937484,0.02913720225461246,0.04022381082177162,0.34141737142877715,17.225015778660076,0.6928730010986328,500000.0,continuous_18,18,continuous_naca,direct OpenFOAM-coefficient surrogate,0.0007321472167968749,-1.3665193319320679,98886.8046875,fno,surrogate estimate; validate top designs with OpenFOAM,17.225015778660076,0.1427929687500008,0.0,0012,0.15602856445312502
4.7144897460937365,0.027216563136799106,0.03973427414894104,0.2837367431918921,17.134441841122168,0.6808417439460754,500000.0,continuous_19,19,continuous_naca,direct OpenFOAM-coefficient surrogate,0.00036149597167968743,-1.345438838005066,98890.1484375,fno,surrogate estimate; validate top designs with OpenFOAM,17.134441841122168,0.17877929687500071,0.0,0012,0.1530216064453125
4.989117431640608,0.03458400044167466,0.042677029967308044,0.3845346414470715,17.58207437585239,0.7503682971000671,500000.0,continuous_20,20,continuous_naca,direct OpenFOAM-coefficient surrogate,0.0007026443481445311,-1.4681620597839355,98868.53125,fno,surrogate estimate; validate top designs with OpenFOAM,17.58207437585239,0.10707519531250098,0.0,0012,0.15547576904296873
5.417855834960914,0.032686134301690234,0.044226668775081635,0.3838759875537792,17.92268542618365,0.7926785945892334,500000.0,continuous_21,21,continuous_naca,direct OpenFOAM-coefficient surrogate,0.0009423942565917967,-1.6503980159759521,98848.4609375,fno,surrogate estimate; validate top designs with OpenFOAM,17.92268542618365,0.1,0.0,0012,0.16519216918945306
5.34452972412107,0.022446850996432358,0.04459407925605774,0.3149884960246754,18.15921944820013,0.8098118305206299,500000.0,continuous_22,22,continuous_naca,direct OpenFOAM-coefficient surrogate,0.0007671031951904295,-1.6294809579849243,98835.0078125,fno,surrogate estimate; validate top designs with OpenFOAM,18.15921944820013,0.1,0.0,0012,0.17112263488769525
5.855075836181609,0.017983584729974134,0.047017477452754974,0.20681542861096922,18.895905404956984,0.8884567022323608,500000.0,continuous_23,23,continuous_naca,direct OpenFOAM-coefficient surrogate,0.0009406938552856442,-1.8407315015792847,98804.109375,fno,surrogate estimate; validate top designs with OpenFOAM,18.895905404956984,0.1,0.0,0012,0.18901988983154283
5.67309303283688,0.028870312574746492,0.04824788123369217,0.2887366472450767,19.072950189169568,0.9202485084533691,500000.0,continuous_24,24,continuous_naca,direct OpenFOAM-coefficient surrogate,0.0011503529548645016,-1.8595775365829468,98791.984375,fno,surrogate estimate; validate top designs with OpenFOAM,19.072950189169568,0.1,0.0,0012,0.19297193527221673
6.2021688461303235,0.05657846530196949,0.04999074712395668,0.539985194918016,19.129484503098812,0.956316351890564,500000.0,continuous_25,25,continuous_naca,direct OpenFOAM-coefficient surrogate,0.0015565230846405025,-1.9538339376449585,98773.7265625,fno,surrogate estimate; validate top designs with OpenFOAM,19.129484503098812,0.1,0.0,0012,0.2
6.317384243011428,0.05750572332894386,0.05043803155422211,0.5572614871229741,19.14718279194787,0.9657653570175171,500000.0,continuous_26,26,continuous_naca,direct OpenFOAM-coefficient surrogate,0.0017243832349777212,-1.9792637825012207,98769.8671875,fno,surrogate estimate; validate top designs with OpenFOAM,19.14718279194787,0.1,0.0,0012,0.2
7.118831491470274,0.06789011894211774,0.05174066126346588,0.6080912359389066,19.2291980548568,0.9949506521224976,500000.0,continuous_27,27,continuous_naca,direct OpenFOAM-coefficient surrogate,0.002405826866626738,-2.052593469619751,98758.4453125,fno,surrogate estimate; validate top designs with OpenFOAM,19.2291980548568,0.1,0.0,0012,0.2
7.708318543434077,0.07812734784267387,0.054046593606472015,0.6528777065865686,19.347761560797387,1.045699954032898,500000.0,continuous_28,28,continuous_naca,direct OpenFOAM-coefficient surrogate,0.0021905718147754655,-2.174586772918701,98731.203125,fno,surrogate estimate; validate top designs with OpenFOAM,19.347761560797387,0.1,0.0,0012,0.2
9.268154084682372,0.11439678733713055,0.06089342385530472,0.8020803193948758,19.628469468520933,1.1952643394470215,500000.0,continuous_29,29,continuous_naca,direct OpenFOAM-coefficient surrogate,0.0029197841137647606,-2.484421730041504,98636.40625,fno,surrogate estimate; validate top designs with OpenFOAM,19.628469468520933,0.1,0.0,0012,0.2
8.804259294271375,0.10320471325073786,0.0588703528046608,0.7481316006677009,19.587231834967564,1.153126835823059,500000.0,continuous_30,30,continuous_naca,direct OpenFOAM-coefficient surrogate,0.0029690197035670265,-2.390857219696045,98670.1953125,fno,surrogate estimate; validate top designs with OpenFOAM,19.587231834967564,0.1,0.0,0012,0.2
9.841631022095564,0.13291461763695597,0.0637274831533432,0.9030353598621658,19.620812146430932,1.2504045963287354,500000.0,continuous_31,31,continuous_naca,direct OpenFOAM-coefficient surrogate,0.003984883029013869,-2.6027004718780518,98585.8515625,fno,surrogate estimate; validate top designs with OpenFOAM,19.620812146430932,0.1,0.0,0012,0.2
10.0,0.13576679335439312,0.06458204239606857,0.969176513527981,19.505711718221693,1.2597382068634033,500000.0,continuous_32,32,continuous_naca,direct OpenFOAM-coefficient surrogate,0.004583233771845695,-2.6708250045776367,98559.6015625,fno,surrogate estimate; validate top designs with OpenFOAM,19.505711718221693,0.1,0.0,0012,0.2
10.0,0.1281074323319498,0.06463266164064407,0.9619424503423841,19.474918597507905,1.2587352991104126,500000.0,continuous_33,33,continuous_naca,direct OpenFOAM-coefficient surrogate,0.004822633442468937,-2.687593698501587,98558.0546875,fno,surrogate estimate; validate top designs with OpenFOAM,19.474918597507905,0.1,0.0,0012,0.2
10.0,0.13350935048249318,0.0645010694861412,0.9448152652687968,19.605075950334523,1.2645679712295532,500000.0,continuous_34,34,continuous_naca,direct OpenFOAM-coefficient surrogate,0.004218431798508388,-2.631016254425049,98572.1953125,fno,surrogate estimate; validate top designs with OpenFOAM,19.605075950334523,0.10000000000000002,0.0,0012,0.2
8.957022200524655,0.10196141877163101,0.059365902096033096,0.7879436347174493,19.45958166051254,1.1552550792694092,500000.0,continuous_35,35,continuous_naca,direct OpenFOAM-coefficient surrogate,0.002462825550581328,-2.4365346431732178,98651.84375,fno,surrogate estimate; validate top designs with OpenFOAM,19.45958166051254,0.1,0.0,0012,0.2
9.739255550131164,0.12784616186094658,0.06326720863580704,0.8877632994804234,19.62522714516897,1.2416529655456543,500000.0,continuous_36,36,continuous_naca,direct OpenFOAM-coefficient surrogate,0.004053131716529603,-2.584512948989868,98594.15625,fno,surrogate estimate; validate top designs with OpenFOAM,19.62522714516897,0.1,0.0,0012,0.2
10.0,0.13576118585209457,0.06458739936351776,0.9692092055198218,19.505452330687657,1.2598259449005127,500000.0,continuous_37,37,continuous_naca,direct OpenFOAM-coefficient surrogate,0.004619095625341284,-2.671043634414673,98559.5,fno,surrogate estimate; validate top designs with OpenFOAM,19.505452330687657,0.10000000000000003,0.0,0012,0.2
9.258259729249325,0.12457931482830274,0.06313075125217438,0.8736695283178931,19.625829032844845,1.2390129566192627,500000.0,continuous_38,38,continuous_naca,direct OpenFOAM-coefficient surrogate,0.003381538684010591,-2.5792043209075928,98596.65625,fno,surrogate estimate; validate top designs with OpenFOAM,19.625829032844845,0.1,0.0,0012,0.2
9.05365019307921,0.10903236149839321,0.05994891747832298,0.7762963049230643,19.608318604265058,1.1755170822143555,500000.0,continuous_39,39,continuous_naca,direct OpenFOAM-coefficient surrogate,0.0029512369731510245,-2.441758155822754,98652.5234375,fno,surrogate estimate; validate top designs with OpenFOAM,19.608318604265058,0.1,0.0,0012,0.2
9.290237644809409,0.11867755553952658,0.06104401499032974,0.8154066916960675,19.629731639538413,1.1982972621917725,500000.0,continuous_40,40,continuous_naca,direct OpenFOAM-coefficient surrogate,0.003268035679490365,-2.4911012649536133,98633.7890625,fno,surrogate estimate; validate top designs with OpenFOAM,19.629731639538413,0.1,0.0,0012,0.2
8.93632248234057,0.10639516025868537,0.05942050740122795,0.7551894643833964,19.593730428085475,1.1642889976501465,500000.0,continuous_41,41,continuous_naca,direct OpenFOAM-coefficient surrogate,0.0028263620678837904,-2.4169023036956787,98661.3125,fno,surrogate estimate; validate top designs with OpenFOAM,19.593730428085475,0.1,0.0,0012,0.2
9.615303887156816,0.12849440848867294,0.0626509040594101,0.8767949858327085,19.636181504266798,1.2302441596984863,500000.0,continuous_42,42,continuous_naca,direct OpenFOAM-coefficient surrogate,0.0036952527887313498,-2.559319019317627,98605.3203125,fno,surrogate estimate; validate top designs with OpenFOAM,19.636181504266798,0.1,0.0,0012,0.2
8.976722122817796,0.10268686882402506,0.0595998615026474,0.7419061240834239,19.599328023914207,1.1681368350982666,500000.0,continuous_43,43,continuous_naca,direct OpenFOAM-coefficient surrogate,0.002579173916468931,-2.4849777221679688,98646.875,fno,surrogate estimate; validate top designs with OpenFOAM,19.599328023914207,0.1,0.0,0012,0.2
9.548622193302823,0.12369903591036693,0.062345605343580246,0.8569548841186578,19.63604933337957,1.224241018295288,500000.0,continuous_44,44,continuous_naca,direct OpenFOAM-coefficient surrogate,0.0036846422665144348,-2.5467867851257324,98610.7578125,fno,surrogate estimate; validate top designs with OpenFOAM,19.63604933337957,0.1,0.0,0012,0.2
9.602899175726385,0.13380177711299562,0.0647309347987175,0.9154336753417961,19.599426914341596,1.2687088251113892,500000.0,continuous_45,45,continuous_naca,direct OpenFOAM-coefficient surrogate,0.003402318740239864,-2.637702703475952,98568.5859375,fno,surrogate estimate; validate top designs with OpenFOAM,19.599426914341596,0.1,0.0,0012,0.2
9.34441959086859,0.12681400912804838,0.06353043019771576,0.8839840092808015,19.624049286868345,1.24674391746521,500000.0,continuous_46,46,continuous_naca,direct OpenFOAM-coefficient surrogate,0.0033867336980679093,-2.594947576522827,98589.5390625,fno,surrogate estimate; validate top designs with OpenFOAM,19.624049286868345,0.1,0.0,0012,0.2
9.58196304022982,0.12457674645279396,0.062497466802597046,0.860942203504593,19.640324786979853,1.2274901866912842,500000.0,continuous_47,47,continuous_naca,direct OpenFOAM-coefficient surrogate,0.0036899475276228923,-2.5530717372894287,98608.046875,fno,surrogate estimate; validate top designs with OpenFOAM,19.640324786979853,0.1,0.0,0012,0.2
9.452770765983113,0.1279311642209385,0.06401913613080978,0.9072844775028521,19.614005308205368,1.2556912899017334,500000.0,continuous_48,48,continuous_naca,direct OpenFOAM-coefficient surrogate,0.0034816442341108573,-2.614752769470215,98580.4296875,fno,surrogate estimate; validate top designs with OpenFOAM,19.614005308205368,0.1,0.0,0012,0.2
9.441728985919594,0.12383800580089625,0.06172790378332138,0.8359361586829489,19.637276127002146,1.2121875286102295,500000.0,continuous_49,49,continuous_naca,direct OpenFOAM-coefficient surrogate,0.003307518451248055,-2.5207836627960205,98621.7421875,fno,surrogate estimate; validate top designs with OpenFOAM,19.637276127002146,0.1,0.0,0012,0.2
9.43678180820307,0.12746601404065902,0.06394349038600922,0.9051024569351689,19.615540178012296,1.2543057203292847,500000.0,continuous_50,50,continuous_naca,direct OpenFOAM-coefficient surrogate,0.0035383957363709704,-2.6118083000183105,98581.7890625,fno,surrogate estimate; validate top designs with OpenFOAM,19.615540178012296,0.1,0.0,0012,0.2
9.585118094771536,0.12470813141715714,0.06250494718551636,0.8622779170787398,19.63959542831878,1.2275915145874023,500000.0,continuous_51,51,continuous_naca,direct OpenFOAM-coefficient surrogate,0.003633913017875777,-2.5533037185668945,98607.9453125,fno,surrogate estimate; validate top designs with OpenFOAM,19.63959542831878,0.1,0.0,0012,0.2
9.67527519583581,0.1270833738560878,0.06291689723730087,0.8730690775498448,19.629643991498675,1.235055923461914,500000.0,continuous_52,52,continuous_naca,direct OpenFOAM-coefficient surrogate,0.0036249201563680667,-2.570014238357544,98600.625,fno,surrogate estimate; validate top designs with OpenFOAM,19.629643991498675,0.1,0.0,0012,0.2
9.615651848927627,0.1307076234011425,0.06478825211524963,0.9237843454042328,19.598307026913687,1.2697596549987793,500000.0,continuous_53,53,continuous_naca,direct OpenFOAM-coefficient surrogate,0.003603289051368792,-2.6394600868225098,98567.6015625,fno,surrogate estimate; validate top designs with OpenFOAM,19.598307026913687,0.10000000000000002,0.0,0012,0.2
9.583540567500677,0.12465811179336156,0.06250213831663132,0.8621051190801255,19.639841002320615,1.2275516986846924,500000.0,continuous_54,54,continuous_naca,direct OpenFOAM-coefficient surrogate,0.0036619302727493347,-2.5531880855560303,98607.9921875,fno,surrogate estimate; validate top designs with OpenFOAM,19.639841002320615,0.1,0.0,0012,0.2
9.511846013074706,0.1295215325421151,0.0643005222082138,0.914524407287985,19.608180999493182,1.260835886001587,500000.0,continuous_55,55,continuous_naca,direct OpenFOAM-coefficient surrogate,0.0034987329894354737,-2.624946355819702,98575.546875,fno,surrogate estimate; validate top designs with OpenFOAM,19.608180999493182,0.1,0.0,0012,0.2
9.598633463693318,0.12501540981017611,0.06257665157318115,0.8629402021679732,19.63666896350499,1.2288166284561157,500000.0,continuous_56,56,continuous_naca,direct OpenFOAM-coefficient surrogate,0.003692600158177121,-2.556199789047241,98606.6796875,fno,surrogate estimate; validate top designs with OpenFOAM,19.63666896350499,0.1,0.0,0012,0.2
9.509372424216444,0.12778166018882428,0.06428811699151993,0.9105824063868647,19.60862690720543,1.2606213092803955,500000.0,continuous_57,57,continuous_naca,direct OpenFOAM-coefficient surrogate,0.0036141716319969316,-2.6245672702789307,98575.734375,fno,surrogate estimate; validate top designs with OpenFOAM,19.60862690720543,0.1,0.0,0012,0.2
9.624908734745421,0.12872064048999368,0.06271505355834961,0.878039416928735,19.635811384464187,1.231480598449707,500000.0,continuous_58,58,continuous_naca,direct OpenFOAM-coefficient surrogate,0.003830591805837666,-2.561964273452759,98604.1640625,fno,surrogate estimate; validate top designs with OpenFOAM,19.635811384464187,0.1,0.0,0012,0.2
9.685150478868174,0.1303322630967156,0.06298547983169556,0.8852954514549927,19.629626618108496,1.236401081085205,500000.0,continuous_59,59,continuous_naca,direct OpenFOAM-coefficient surrogate,0.003823363250196575,-2.573101043701172,98599.2578125,fno,surrogate estimate; validate top designs with OpenFOAM,19.629626618108496,0.1,0.0,0012,0.2
9.641205965205241,0.1291696616693334,0.06278403103351593,0.8799603919893404,19.633206816355543,1.2326714992523193,500000.0,continuous_60,60,continuous_naca,direct OpenFOAM-coefficient surrogate,0.0037710653456466637,-2.5646145343780518,98603.0,fno,surrogate estimate; validate top designs with OpenFOAM,19.633206816355543,0.10000000000000002,0.0,0012,0.2
9.553316937879377,0.1238263439049353,0.0623675137758255,0.8575016770786449,19.634222565282833,1.2245572805404663,500000.0,continuous_61,61,continuous_naca,direct OpenFOAM-coefficient surrogate,0.003666469536546843,-2.5475525856018066,98610.4296875,fno,surrogate estimate; validate top designs with OpenFOAM,19.634222565282833,0.1,0.0,0012,0.2
9.575289194710843,0.12439935594165837,0.06246963143348694,0.8601441258422912,19.63757694395336,1.2267718315124512,500000.0,continuous_62,62,continuous_naca,direct OpenFOAM-coefficient surrogate,0.0036926184888217977,-2.551840305328369,98608.578125,fno,surrogate estimate; validate top designs with OpenFOAM,19.63757694395336,0.1,0.0,0012,0.2
9.544804398321908,0.1304043654071716,0.06445392221212387,0.9184657510487204,19.61157658201904,1.2640626430511475,500000.0,continuous_63,63,continuous_naca,direct OpenFOAM-coefficient surrogate,0.0035379564178479065,-2.6297781467437744,98572.984375,fno,surrogate estimate; validate top designs with OpenFOAM,19.61157658201904,0.1,0.0,0012,0.2
9.604882650639542,0.12820153009651186,0.06261470913887024,0.8755825556072593,19.634765127007892,1.2294447422027588,500000.0,continuous_64,64,continuous_naca,direct OpenFOAM-coefficient surrogate,0.003757432958840226,-2.5577762126922607,98605.9921875,fno,surrogate estimate; validate top designs with OpenFOAM,19.634765127007892,0.1,0.0,0012,0.2
9.582751803865248,0.1245995906412304,0.06249980255961418,0.8610236272287851,19.640082885610322,1.2275209426879883,500000.0,continuous_65,65,continuous_naca,direct OpenFOAM-coefficient surrogate,0.0036759389001861133,-2.5531301498413086,98608.015625,fno,surrogate estimate; validate top designs with OpenFOAM,19.640082885610322,0.1,0.0,0012,0.2
9.578626117470332,0.12448764725409914,0.06248198449611664,0.8605427359139621,19.639738665460452,1.227149486541748,500000.0,continuous_66,66,continuous_naca,direct OpenFOAM-coefficient surrogate,0.0036912830082223447,-2.5524563789367676,98608.3125,fno,surrogate estimate; validate top designs with OpenFOAM,19.639738665460452,0.1,0.0,0012,0.2
9.590298251961569,0.12479536062389705,0.06253865361213684,0.8619329093535705,19.638199952133743,1.2281662225723267,500000.0,continuous_67,67,continuous_naca,direct OpenFOAM-coefficient surrogate,0.003691273842900007,-2.554637908935547,98607.359375,fno,surrogate estimate; validate top designs with OpenFOAM,19.638199952133743,0.1,0.0,0012,0.2
9.60343588748762,0.12816259998066004,0.06260896474123001,0.8754092016096219,19.634380805342136,1.2293078899383545,500000.0,continuous_68,68,continuous_naca,direct OpenFOAM-coefficient surrogate,0.003760269666730279,-2.5575246810913086,98606.1015625,fno,surrogate estimate; validate top designs with OpenFOAM,19.634380805342136,0.1,0.0,0012,0.2
9.563383719275862,0.1292558096417004,0.06453878432512283,0.9172530701539511,19.604925311136533,1.2652976512908936,500000.0,continuous_69,69,continuous_naca,direct OpenFOAM-coefficient surrogate,0.0036139519727353994,-2.6323366165161133,98571.578125,fno,surrogate estimate; validate top designs with OpenFOAM,19.604925311136533,0.1,0.0,0012,0.2
9.59342284543468,0.12790182331961786,0.06255871057510376,0.8741788814792547,19.637191685469887,1.22849702835083,500000.0,continuous_70,70,continuous_naca,direct OpenFOAM-coefficient surrogate,0.003723690243231559,-2.555427074432373,98607.015625,fno,surrogate estimate; validate top designs with OpenFOAM,19.637191685469887,0.1,0.0,0012,0.2
9.573396761328802,0.1243945670397373,0.062452852725982666,0.8608828567841128,19.636924127642917,1.2264015674591064,500000.0,continuous_71,71,continuous_naca,direct OpenFOAM-coefficient surrogate,0.0036505313962341196,-2.5512170791625977,98608.8515625,fno,surrogate estimate; validate top designs with OpenFOAM,19.636924127642917,0.1,0.0,0012,0.2
9.588416324408211,0.12777141054090324,0.06253309547901154,0.8735645360068137,19.637922834084698,1.2280397415161133,500000.0,continuous_72,72,continuous_naca,direct OpenFOAM-coefficient surrogate,0.003705400531482199,-2.5543758869171143,98607.4765625,fno,surrogate estimate; validate top designs with OpenFOAM,19.637922834084698,0.1,0.0,0012,0.2
9.578403282355271,0.12448840943306434,0.06247826665639877,0.8605008059946458,19.639115736855302,1.2270375490188599,500000.0,continuous_73,73,continuous_naca,direct OpenFOAM-coefficient surrogate,0.0036688211079834794,-2.552271842956543,98608.390625,fno,surrogate estimate; validate top designs with OpenFOAM,19.639115736855302,0.1,0.0,0012,0.2
9.570573869998766,0.12427993587714059,0.062441885471343994,0.8595656953648536,19.63862245128555,1.2262922525405884,500000.0,continuous_74,74,continuous_naca,direct OpenFOAM-coefficient surrogate,0.0036717214291074078,-2.550823926925659,98609.015625,fno,surrogate estimate; validate top designs with OpenFOAM,19.63862245128555,0.1,0.0,0012,0.2
9.575504965489465,0.1244083358960925,0.06246837228536606,0.8601587686190568,19.637468976895473,1.2267403602600098,500000.0,continuous_75,75,continuous_naca,direct OpenFOAM-coefficient surrogate,0.0036766095325555578,-2.55177903175354,98608.6015625,fno,surrogate estimate; validate top designs with OpenFOAM,19.637468976895473,0.10000000000000002,0.0,0012,0.2
9.582357422047533,0.124587229870652,0.06249864026904106,0.8609816148460256,19.640200170694204,1.2275054454803467,500000.0,continuous_76,76,continuous_naca,direct OpenFOAM-coefficient surrogate,0.0036829432139045028,-2.553100824356079,98608.03125,fno,surrogate estimate; validate top designs with OpenFOAM,19.640200170694204,0.1,0.0,0012,0.2
9.580294578850076,0.12453247225473492,0.062489353120326996,0.8607368665883064,19.640082076799114,1.2273156642913818,500000.0,continuous_77,77,continuous_naca,direct OpenFOAM-coefficient surrogate,0.0036906152679226185,-2.5527641773223877,98608.1796875,fno,surrogate estimate; validate top designs with OpenFOAM,19.640082076799114,0.1,0.0,0012,0.2
9.580183161292545,0.12453110199472597,0.062486305832862854,0.8607189287996584,19.640089802363605,1.2272562980651855,500000.0,continuous_78,78,continuous_naca,direct OpenFOAM-coefficient surrogate,0.0036793843178031856,-2.5526721477508545,98608.21875,fno,surrogate estimate; validate top designs with OpenFOAM,19.640089802363605,0.1,0.0,0012,0.2
9.586130646095693,0.12468537357073405,0.06251968443393707,0.8614392539854293,19.6383904876922,1.2278056144714355,500000.0,continuous_79,79,continuous_naca,direct OpenFOAM-coefficient surrogate,0.0036906106852614496,-2.5538549423217773,98607.703125,fno,surrogate estimate; validate top designs with OpenFOAM,19.6383904876922,0.1,0.0,0012,0.2
9.576268455114292,0.1244275182208953,0.06247178837656975,0.8602569429930572,19.637870197914086,1.2268325090408325,500000.0,continuous_80,80,continuous_naca,direct OpenFOAM-coefficient surrogate,0.0036808344783651496,-2.5519485473632812,98608.53125,fno,surrogate estimate; validate top designs with OpenFOAM,19.637870197914086,0.1,0.0,0012,0.2
9.583665098350343,0.12462135921968095,0.06250668317079544,0.8611433979975807,19.639439041887762,1.2276158332824707,500000.0,continuous_81,81,continuous_naca,direct OpenFOAM-coefficient surrogate,0.0036881666335373746,-2.5533790588378906,98607.9140625,fno,surrogate estimate; validate top designs with OpenFOAM,19.639439041887762,0.1,0.0,0012,0.2
9.578734002859642,0.12449241985451238,0.06248137354850769,0.8605487988343248,19.63963307091567,1.2271308898925781,500000.0,continuous_82,82,continuous_naca,direct OpenFOAM-coefficient surrogate,0.0036832785300892246,-2.5524256229400635,98608.3203125,fno,surrogate estimate; validate top designs with OpenFOAM,19.63963307091567,0.1,0.0,0012,0.2
9.579966776732316,0.12452625313485055,0.062486156821250916,0.8607025955767493,19.640060327984617,1.2272515296936035,500000.0,continuous_83,83,continuous_naca,direct OpenFOAM-coefficient surrogate,0.003684500555951262,-2.552664279937744,98608.21875,fno,surrogate estimate; validate top designs with OpenFOAM,19.640060327984617,0.10000000000000002,0.0,0012,0.2
9.582432324477669,0.12458969719713549,0.0625002384185791,0.8609943874893633,19.64003747434535,1.2275266647338867,500000.0,continuous_84,84,continuous_naca,direct OpenFOAM-coefficient surrogate,0.0036869446076753373,-2.553140878677368,98608.015625,fno,surrogate estimate; validate top designs with OpenFOAM,19.64003747434535,0.1,0.0,0012,0.2
9.580583163668654,0.12453993840758008,0.06249005347490311,0.8607698574951514,19.64005081949773,1.2273274660110474,500000.0,continuous_85,85,continuous_naca,direct OpenFOAM-coefficient surrogate,0.0036851115688822807,-2.5527830123901367,98608.171875,fno,surrogate estimate; validate top designs with OpenFOAM,19.64005081949773,0.1,0.0,0012,0.2
9.582160231138676,0.12458165550562403,0.062498047947883606,0.8609588300407816,19.64026232687745,1.2274976968765259,500000.0,continuous_86,86,continuous_naca,direct OpenFOAM-coefficient surrogate,0.0036864453707636975,-2.553086280822754,98608.0390625,fno,surrogate estimate; validate top designs with OpenFOAM,19.64026232687745,0.1,0.0,0012,0.2
9.581073100761182,0.12455384566083391,0.06249234080314636,0.860829772265988,19.640226612849787,1.2273833751678467,500000.0,continuous_87,87,continuous_naca,direct OpenFOAM-coefficient surrogate,0.003684665922713039,-2.5528719425201416,98608.1328125,fno,surrogate estimate; validate top designs with OpenFOAM,19.640226612849787,0.1,0.0,0012,0.2
9.581128809539948,0.12455488825495184,0.062493257224559784,0.8608453860046037,19.64033537177094,1.2274081707000732,500000.0,continuous_88,88,continuous_naca,direct OpenFOAM-coefficient surrogate,0.0036902813977727554,-2.5529181957244873,98608.109375,fno,surrogate estimate; validate top designs with OpenFOAM,19.64033537177094,0.1,0.0,0012,0.2
9.580964908481068,0.12455119615940435,0.06249226629734039,0.8608206192446641,19.640219507480747,1.2273814678192139,500000.0,continuous_89,89,continuous_naca,direct OpenFOAM-coefficient surrogate,0.003687224041787077,-2.5528674125671387,98608.1328125,fno,surrogate estimate; validate top designs with OpenFOAM,19.640219507480747,0.1,0.0,0012,0.2
9.582197682353744,0.12458426888165214,0.06249886006116867,0.8609713782006432,19.640180693532933,1.227508544921875,500000.0,continuous_90,90,continuous_naca,direct OpenFOAM-coefficient surrogate,0.0036884460676491148,-2.5531063079833984,98608.03125,fno,surrogate estimate; validate top designs with OpenFOAM,19.640180693532933,0.1,0.0,0012,0.2
9.581273101949236,0.12455856368494253,0.06249344348907471,0.8608576694257133,19.64035694957122,1.2274131774902344,500000.0,continuous_91,91,continuous_naca,direct OpenFOAM-coefficient surrogate,0.0036875295482525867,-2.5529277324676514,98608.109375,fno,surrogate estimate; validate top designs with OpenFOAM,19.64035694957122,0.1,0.0,0012,0.2
4.0,0.018792154471080864,0.035997726023197174,0.263252809173072,16.25534964656199,0.5851718783378601,500000.0,continuous_1,1,continuous_naca,direct OpenFOAM-coefficient surrogate,0.02,-1.0691453218460083,98919.75,fno,surrogate estimate; validate top designs with OpenFOAM,16.25534964656199,0.4,0.0,2412,0.12
4.0,0.017646594562212937,0.03599652647972107,0.280700236267215,16.201044658245056,0.5831975340843201,500000.0,continuous_2,2,continuous_naca,direct OpenFOAM-coefficient surrogate,0.021,-1.0663014650344849,98921.28125,fno,surrogate estimate; validate top designs with OpenFOAM,16.201044658245056,0.4,0.0,2412,0.12
4.0,0.018112237870032494,0.03558402508497238,0.2518121152387599,16.105885586982826,0.573128342628479,500000.0,continuous_3,3,continuous_naca,direct OpenFOAM-coefficient surrogate,0.02,-1.0516440868377686,98922.7265625,fno,surrogate estimate; validate top designs with OpenFOAM,16.105885586982826,0.42000000000000004,0.0,2412,0.12
4.0,0.02075333355347474,0.03580754995346069,0.2752686499626144,16.1187190246363,0.5771879553794861,500000.0,continuous_4,4,continuous_naca,direct OpenFOAM-coefficient surrogate,0.02,-1.1007057428359985,98922.6328125,fno,surrogate estimate; validate top designs with OpenFOAM,16.1187190246363,0.4,0.0,2412,0.126
4.2,0.020294956524171875,0.036611467599868774,0.27357389360170425,16.448731292620337,0.6022286415100098,500000.0,continuous_5,5,continuous_naca,direct OpenFOAM-coefficient surrogate,0.02,-1.0948131084442139,98915.3828125,fno,surrogate estimate; validate top designs with OpenFOAM,16.448731292620337,0.4,0.0,2412,0.12
4.1,0.023926093771585822,0.03682582080364227,0.29407781884530987,16.465386184023263,0.606367826461792,500000.0,continuous_6,6,continuous_naca,direct OpenFOAM-coefficient surrogate,0.0205,-1.1488533020019531,98914.6328125,fno,surrogate estimate; validate top designs with OpenFOAM,16.465386184023263,0.38,0.0,2412,0.123
4.149999999999999,0.024622450997507685,0.03727852925658226,0.31838586859096724,16.57318482311764,0.6178405284881592,500000.0,continuous_7,7,continuous_naca,direct OpenFOAM-coefficient surrogate,0.020749999999999998,-1.16958487033844,98911.5,fno,surrogate estimate; validate top designs with OpenFOAM,16.57318482311764,0.3600000000000001,0.0,2412,0.1245
4.174999999999999,0.01927819829547435,0.03705393895506859,0.2617405786274252,16.370769593823553,0.6066178679466248,500000.0,continuous_8,8,continuous_naca,direct OpenFOAM-coefficient surrogate,0.020875,-1.150848150253296,98916.875,fno,surrogate estimate; validate top designs with OpenFOAM,16.370769593823553,0.38,0.0,2412,0.11624999999999999
4.262499999999999,0.019906860446499468,0.03736991062760353,0.2941184965071142,16.652918225774897,0.6223347187042236,500000.0,continuous_9,9,continuous_naca,direct OpenFOAM-coefficient surrogate,0.0198125,-1.1274139881134033,98909.6484375,fno,surrogate estimate; validate top designs with OpenFOAM,16.652918225774897,0.37,0.0,2412,0.12037500000000001
4.393749999999999,0.02199346325326279,0.03799819573760033,0.3061165619608752,16.755968478230066,0.6367133259773254,500000.0,continuous_10,10,continuous_naca,direct OpenFOAM-coefficient surrogate,0.01921875,-1.1733062267303467,98906.40625,fno,surrogate estimate; validate top designs with OpenFOAM,16.755968478230066,0.355,0.0,2412,0.12056250000000002
4.459374999999998,0.02720078089366531,0.038939960300922394,0.3135680912525154,16.883274303005866,0.6574509143829346,500000.0,continuous_11,11,continuous_naca,direct OpenFOAM-coefficient surrogate,0.020421875000000003,-1.2303128242492676,98902.0390625,fno,surrogate estimate; validate top designs with OpenFOAM,16.883274303005866,0.34750000000000003,0.0,2412,0.12065625000000002
4.689062499999997,0.031133102751200892,0.040328577160835266,0.3466582151386058,17.140462614806538,0.6912676095962524,500000.0,continuous_12,12,continuous_naca,direct OpenFOAM-coefficient surrogate,0.020632812500000007,-1.2857657670974731,98892.015625,fno,surrogate estimate; validate top designs with OpenFOAM,17.140462614806538,0.32125000000000004,0.0,2412,0.12098437500000003
4.541406249999998,0.030966553168246296,0.038924746215343475,0.35408331254824427,16.93439696678791,0.6591840386390686,500000.0,continuous_13,13,continuous_naca,direct OpenFOAM-coefficient surrogate,0.01942578125,-1.2502691745758057,98899.9375,fno,surrogate estimate; validate top designs with OpenFOAM,16.93439696678791,0.3381250000000001,0.0,2412,0.12677343750000003
4.687109374999996,0.032024774178854735,0.040649279952049255,0.4002366837561043,17.256409699360855,0.7014778852462769,500000.0,continuous_14,14,continuous_naca,direct OpenFOAM-coefficient surrogate,0.020013671875000003,-1.3228093385696411,98887.7734375,fno,surrogate estimate; validate top designs with OpenFOAM,17.256409699360855,0.28718750000000015,0.0,2412,0.12641015625000004
4.930664062499995,0.02784047744437269,0.0425003282725811,0.28069686028026314,17.525888107188848,0.7448735237121582,500000.0,continuous_15,15,continuous_naca,direct OpenFOAM-coefficient surrogate,0.020020507812500005,-1.3642743825912476,98867.46875,fno,surrogate estimate; validate top designs with OpenFOAM,17.525888107188848,0.23078125000000016,0.0,2412,0.12961523437500005
5.1274414062499964,0.03788136422068447,0.04280247539281845,0.4133810596134239,17.363715348157214,0.7432273626327515,500000.0,continuous_16,16,continuous_naca,direct OpenFOAM-coefficient surrogate,0.018898925781250013,-1.417886734008789,98878.4453125,fno,surrogate estimate; validate top designs with OpenFOAM,17.363715348157214,0.2625781250000001,0.0,2412,0.12446777343750007
5.250537109374994,0.02679768658438904,0.04396236315369606,0.300961675711037,17.7745648272511,0.781429648399353,500000.0,continuous_17,17,continuous_naca,direct OpenFOAM-coefficient surrogate,0.02027026367187501,-1.4607067108154297,98855.109375,fno,surrogate estimate; validate top designs with OpenFOAM,17.7745648272511,0.22136718750000028,0.0,2412,0.1303579101562501
5.6789306640624915,0.024296844066995914,0.04713834822177887,0.264417754223576,18.05840363616447,0.8512613773345947,500000.0,continuous_18,18,continuous_naca,direct OpenFOAM-coefficient surrogate,0.020796020507812513,-1.6083176136016846,98835.25,fno,surrogate estimate; validate top designs with OpenFOAM,18.05840363616447,0.15455078125000044,0.0,2412,0.13525561523437513
5.671643066406242,0.02649762809825996,0.04798435419797897,0.3975635105878219,18.00838726882678,0.8641388416290283,500000.0,continuous_19,19,continuous_naca,direct OpenFOAM-coefficient surrogate,0.02074835205078127,-1.5442183017730713,98833.3984375,fno,surrogate estimate; validate top designs with OpenFOAM,18.00838726882678,0.14645507812500025,0.0,2412,0.12838806152343762
6.015277099609365,0.02710286931812696,0.04981943219900131,0.3220576000574767,17.981012412546555,0.8958218097686768,500000.0,continuous_20,20,continuous_naca,direct OpenFOAM-coefficient surrogate,0.019599090576171894,-1.9242559671401978,98769.6796875,fno,surrogate estimate; validate top designs with OpenFOAM,17.981012412546555,0.1,0.0,2412,0.13787896728515642
6.020816040039051,0.022295636470771846,0.04994148761034012,0.28309759642448645,18.147380790126082,0.9063253402709961,500000.0,continuous_21,21,continuous_naca,direct OpenFOAM-coefficient surrogate,0.02168305969238283,-1.8789176940917969,98779.5390625,fno,surrogate estimate; validate top designs with OpenFOAM,18.147380790126082,0.1,0.0,2412,0.14110116577148454
6.467503356933577,0.02712273254657767,0.05171031132340431,0.18994833048680174,18.48290857993863,0.9557754397392273,500000.0,continuous_22,22,continuous_naca,direct OpenFOAM-coefficient surrogate,0.023075126647949237,-1.8906234502792358,98783.0625,fno,surrogate estimate; validate top designs with OpenFOAM,18.48290857993863,0.1,0.0,2412,0.14941786193847678
6.986013031005841,0.013834139028282736,0.05376536399126053,0.30233351323758717,18.415590932598132,0.990139365196228,500000.0,continuous_23,23,continuous_naca,direct OpenFOAM-coefficient surrogate,0.022088787078857447,-2.1295218467712402,98715.734375,fno,surrogate estimate; validate top designs with OpenFOAM,18.415590932598132,0.1,0.0,2412,0.14585501861572292
6.386767959594708,0.024111211431119127,0.050075605511665344,0.20291144968147215,18.557195410020842,0.9292813539505005,500000.0,continuous_24,24,continuous_naca,direct OpenFOAM-coefficient surrogate,0.023755052566528337,-1.8281649351119995,98795.0390625,fno,surrogate estimate; validate top designs with OpenFOAM,18.557195410020842,0.15050292968750031,0.0,2412,0.14157931137084984
6.572513389587382,0.018283040315864793,0.050550661981105804,0.23048594192642877,18.863600178110346,0.9535863399505615,500000.0,continuous_25,25,continuous_naca,direct OpenFOAM-coefficient surrogate,0.02583303356170656,-1.8315906524658203,98800.0859375,fno,surrogate estimate; validate top designs with OpenFOAM,18.863600178110346,0.17575439453125047,0.0,2412,0.14342948341369655
7.180837154388405,0.09144997843667108,0.05423098802566528,0.6298307127388922,18.648584240913667,1.0113497972488403,500000.0,continuous_26,26,continuous_naca,direct OpenFOAM-coefficient surrogate,0.02514813184738161,-2.0575153827667236,98741.4140625,fno,surrogate estimate; validate top designs with OpenFOAM,18.648584240913667,0.11869750976562521,0.0,2412,0.15859092807769803
7.924502801895109,0.06854852957783833,0.05819760262966156,0.6453213025192867,18.947263967697257,1.1027042865753174,500000.0,continuous_27,27,continuous_naca,direct OpenFOAM-coefficient surrogate,0.027276519060134917,-2.191352367401123,98681.5703125,fno,surrogate estimate; validate top designs with OpenFOAM,18.947263967697257,0.1,0.0,2412,0.163391030788422
9.047288870811418,0.0386775754517048,0.06335292756557465,0.5468237235533575,19.34214989012073,1.2254011631011963,500000.0,continuous_28,28,continuous_naca,direct OpenFOAM-coefficient surrogate,0.030516768336296116,-2.4552905559539795,98602.4921875,fno,surrogate estimate; validate top designs with OpenFOAM,19.34214989012073,0.1,0.0,2412,0.17745873856544542
7.64805835485455,0.05093955761366721,0.055061228573322296,0.4259720551800439,19.32314764865069,1.0639755725860596,500000.0,continuous_29,29,continuous_naca,direct OpenFOAM-coefficient surrogate,0.030197743117809317,-2.0745656490325928,98747.59375,fno,surrogate estimate; validate top designs with OpenFOAM,19.32314764865069,0.14722595214843784,0.0,2412,0.16859348738193547
8.7568455278873,0.051351740231441,0.05950051546096802,0.39256497234545024,19.77144099768671,1.1764307022094727,500000.0,continuous_30,30,continuous_naca,direct OpenFOAM-coefficient surrogate,0.032772711783647566,-2.336512565612793,98681.9921875,fno,surrogate estimate; validate top designs with OpenFOAM,19.77144099768671,0.17083892822265676,0.0,2412,0.17461845678091098
9.901516613364162,0.16896486459010443,0.06381762027740479,1.0243954517174334,19.787509289109703,1.262811541557312,500000.0,continuous_31,31,continuous_naca,direct OpenFOAM-coefficient surrogate,0.037621504351496735,-2.5786750316619873,98600.84375,fno,surrogate estimate; validate top designs with OpenFOAM,19.787509289109703,0.20625839233398513,0.0,2412,0.18721875420212808
9.403851459920348,0.14466696260894996,0.062092944979667664,0.9052599225235339,19.821865001536455,1.2308177947998047,500000.0,continuous_32,32,continuous_naca,direct OpenFOAM-coefficient surrogate,0.03693639283627276,-2.421781539916992,98647.0390625,fno,surrogate estimate; validate top designs with OpenFOAM,19.821865001536455,0.19592185974121146,0.0,2412,0.17975930370390475
10.0,0.07215831862205623,0.06411941349506378,0.5689637584174793,20.391896576579338,1.3075368404388428,500000.0,continuous_33,33,continuous_naca,direct OpenFOAM-coefficient surrogate,0.04283052333071833,-2.5254507064819336,98637.578125,fno,surrogate estimate; validate top designs with OpenFOAM,20.391896576579338,0.23453403472900458,0.0,2412,0.19034349151700813
10.0,0.08728344157876261,0.06639236211776733,0.5470570285256409,20.348068880060776,1.3509767055511475,500000.0,continuous_34,34,continuous_naca,direct OpenFOAM-coefficient surrogate,0.044750236006453684,-2.5679545402526855,98622.6015625,fno,surrogate estimate; validate top designs with OpenFOAM,20.348068880060776,0.16825479507446328,0.0,2412,0.2
10.0,0.1472965812938674,0.06542158126831055,0.7729658309892459,20.526741829767843,1.3429124355316162,500000.0,continuous_35,35,continuous_naca,direct OpenFOAM-coefficient surrogate,0.04766177289467313,-2.598822593688965,98628.1171875,fno,surrogate estimate; validate top designs with OpenFOAM,20.526741829767843,0.20729765892028865,0.0,2412,0.2
10.0,0.10936483225683405,0.06614922732114792,0.7310741692481257,20.637873791374883,1.3652000427246094,500000.0,continuous_36,36,continuous_naca,direct OpenFOAM-coefficient surrogate,0.05639378778310504,-2.60656476020813,98611.9296875,fno,surrogate estimate; validate top designs with OpenFOAM,20.637873791374883,0.23733351230621408,0.0,2412,0.2
10.0,0.04215534306271009,0.06380151212215424,0.6017472647358606,20.281843624314323,1.2940325736999512,500000.0,continuous_37,37,continuous_naca,direct OpenFOAM-coefficient surrogate,0.060281257399590796,-2.5536231994628906,98636.9296875,fno,surrogate estimate; validate top designs with OpenFOAM,20.281843624314323,0.3231903672218336,0.0,2412,0.2
10.0,0.07891183346181545,0.06523459404706955,0.5844659295505991,20.199116126250285,1.3177013397216797,500000.0,continuous_38,38,continuous_naca,direct OpenFOAM-coefficient surrogate,0.0645063979084372,-2.5181031227111816,98626.015625,fno,surrogate estimate; validate top designs with OpenFOAM,20.199116126250285,0.27539796233177266,0.0,2412,0.2
10.0,0.11402761866768854,0.06597712635993958,0.6113432193087311,20.607809793749553,1.3596646785736084,500000.0,continuous_39,39,continuous_naca,direct OpenFOAM-coefficient surrogate,0.05778517451920207,-2.604231595993042,98619.484375,fno,surrogate estimate; validate top designs with OpenFOAM,20.607809793749553,0.2581130698323258,0.0,2412,0.2
10.0,0.10293690776716796,0.06757006794214249,0.6811929732265957,19.949413115489254,1.3480031490325928,500000.0,continuous_40,40,continuous_naca,direct OpenFOAM-coefficient surrogate,0.040598603420148774,-2.5733249187469482,98576.6328125,fno,surrogate estimate; validate top designs with OpenFOAM,19.949413115489254,0.12592733874917028,0.0,2412,0.1951717457585041
10.0,0.12839490976431459,0.06480476260185242,0.9299994840971159,20.488038114515412,1.3277429342269897,500000.0,continuous_41,41,continuous_naca,direct OpenFOAM-coefficient surrogate,0.05536059390473029,-2.5341598987579346,98632.578125,fno,surrogate estimate; validate top designs with OpenFOAM,20.488038114515412,0.27387461010366776,0.0,2412,0.19879293643962603
10.0,0.0650805836099967,0.06346078217029572,0.5565970782844567,20.139716140963458,1.2781022787094116,500000.0,continuous_42,42,continuous_naca,direct OpenFOAM-coefficient surrogate,0.06143480376242419,-2.4803435802459717,98645.5703125,fno,surrogate estimate; validate top designs with OpenFOAM,20.139716140963458,0.3336728184111428,0.0,2412,0.19456821397831708
10.0,0.13621988257923057,0.06547778099775314,0.7508482373792631,20.516733969253895,1.3434107303619385,500000.0,continuous_43,43,continuous_naca,direct OpenFOAM-coefficient surrogate,0.04892137794544631,-2.5795185565948486,98628.5625,fno,surrogate estimate; validate top designs with OpenFOAM,20.516733969253895,0.20960930090863317,0.0,2412,0.19864205349457928
10.0,0.12810008138089626,0.06598003208637238,0.5604582932831621,20.183025724719705,1.33169686794281,500000.0,continuous_44,44,continuous_naca,direct OpenFOAM-coefficient surrogate,0.06639994374552355,-2.515423059463501,98627.0390625,fno,surrogate estimate; validate top designs with OpenFOAM,20.183025724719705,0.2549312118464158,0.0,2412,0.2
10.0,0.07466142567035601,0.06483714282512665,0.6003755065035825,20.666263196934906,1.339962124824524,500000.0,continuous_45,45,continuous_naca,direct OpenFOAM-coefficient surrogate,0.048722878434419636,-2.620213270187378,98630.7109375,fno,surrogate estimate; validate top designs with OpenFOAM,20.666263196934906,0.23963332900835738,0.0,2412,0.19485111950027972
10.0,0.14418673846998606,0.06632095575332642,0.8339204107250756,20.601511452062578,1.3663325309753418,500000.0,continuous_46,46,continuous_naca,direct OpenFOAM-coefficient surrogate,0.05055101543635625,-2.5992112159729004,98618.7890625,fno,surrogate estimate; validate top designs with OpenFOAM,20.601511452062578,0.19846999592409748,0.0,2412,0.19795365005780347
10.0,0.1160690520033863,0.06593114137649536,0.6744111194596425,20.567709660063596,1.3560731410980225,500000.0,continuous_47,47,continuous_naca,direct OpenFOAM-coefficient surrogate,0.0578050501410952,-2.5870795249938965,98612.75,fno,surrogate estimate; validate top designs with OpenFOAM,20.567709660063596,0.2571656526268642,0.0,2412,0.19776033128446227
10.0,0.15964877741000247,0.06576923280954361,0.9441305425864661,20.51103026816608,1.349015235900879,500000.0,continuous_48,48,continuous_naca,direct OpenFOAM-coefficient surrogate,0.05558413209218297,-2.5642967224121094,98622.7265625,fno,surrogate estimate; validate top designs with OpenFOAM,20.51103026816608,0.24527656469730647,0.0,2412,0.19798076183699148
10.0,0.13821068404400402,0.06550730019807816,0.925013335192533,20.70356411006746,1.356255292892456,500000.0,continuous_49,49,continuous_naca,direct OpenFOAM-coefficient surrogate,0.05255833310876234,-2.607985734939575,98622.5546875,fno,surrogate estimate; validate top designs with OpenFOAM,20.70356411006746,0.23848342065728573,0.0,2412,0.19742555975013987
10.0,0.14392710616595508,0.06520862132310867,0.9425190720564309,20.704847029350734,1.350155234336853,500000.0,continuous_50,50,continuous_naca,direct OpenFOAM-coefficient surrogate,0.05325402647681085,-2.600294589996338,98625.2890625,fno,surrogate estimate; validate top designs with OpenFOAM,20.704847029350734,0.24887319942034158,0.0,2412,0.19742555975013987
10.0,0.08200718296960209,0.06555258482694626,0.7939542734369478,20.627051086016305,1.3521771430969238,500000.0,continuous_51,51,continuous_naca,direct OpenFOAM-coefficient surrogate,0.04963694693538794,-2.6133317947387695,98626.9296875,fno,surrogate estimate; validate top designs with OpenFOAM,20.627051086016305,0.21905166246622743,0.0,2412,0.1964023847790416
10.0,0.10411729161632723,0.06531394273042679,0.8101106357204594,20.646068699259978,1.3484967947006226,500000.0,continuous_52,52,continuous_naca,direct OpenFOAM-coefficient surrogate,0.04882212818993297,-2.6262364387512207,98627.828125,fno,surrogate estimate; validate top designs with OpenFOAM,20.646068699259978,0.22462131495849527,0.0,2412,0.1967465864974295
10.0,0.10561585055465539,0.0646727979183197,0.8601659028548961,20.68032716316398,1.337475299835205,500000.0,continuous_53,53,continuous_naca,direct OpenFOAM-coefficient surrogate,0.05204173616957496,-2.572822093963623,98631.78125,fno,surrogate estimate; validate top designs with OpenFOAM,20.68032716316398,0.25675396955601254,0.0,2412,0.1968220279699529
10.0,0.11300251796937466,0.06497321277856827,0.9522362454720085,20.49112433160497,1.3313946723937988,500000.0,continuous_54,54,continuous_naca,direct OpenFOAM-coefficient surrogate,0.05446635890485093,-2.556485652923584,98631.515625,fno,surrogate estimate; validate top designs with OpenFOAM,20.49112433160497,0.26725064436250334,0.0,2412,0.1965155469878267
10.0,0.10634973225050749,0.06520403921604156,0.8367116194729122,20.691663432409886,1.34920072555542,500000.0,continuous_55,55,continuous_naca,direct OpenFOAM-coefficient surrogate,0.05023318586866246,-2.615187168121338,98627.9453125,fno,surrogate estimate; validate top designs with OpenFOAM,20.691663432409886,0.23527864730949727,0.0,2412,0.1966888266200288
10.0,0.14143166622663592,0.06548726558685303,0.8272985870130029,20.557952527992253,1.3463046550750732,500000.0,continuous_56,56,continuous_naca,direct OpenFOAM-coefficient surrogate,0.05532076237748568,-2.5633132457733154,98624.109375,fno,surrogate estimate; validate top designs with OpenFOAM,20.557952527992253,0.2500612894632112,0.0,2412,0.199329867544851
10.0,0.10486161959895106,0.06495700776576996,0.8176608365028348,20.629422198502265,1.3400461673736572,500000.0,continuous_57,57,continuous_naca,direct OpenFOAM-coefficient surrogate,0.05037234942018615,-2.5796706676483154,98630.734375,fno,surrogate estimate; validate top designs with OpenFOAM,20.629422198502265,0.24224031912207084,0.0,2412,0.19597080651142254
10.0,0.14454117223913332,0.06539461016654968,0.9243903022431251,20.70586339591031,1.3540725708007812,500000.0,continuous_58,58,continuous_naca,direct OpenFOAM-coefficient surrogate,0.0529061797927866,-2.6051523685455322,98623.5625,fno,surrogate estimate; validate top designs with OpenFOAM,20.70586339591031,0.24367831003881366,0.0,2412,0.19742555975013987
10.0,0.11450105995545269,0.0652688592672348,0.8911389067741975,20.68644704768031,1.3502014875411987,500000.0,continuous_59,59,continuous_naca,direct OpenFOAM-coefficient surrogate,0.051743606172736656,-2.5926215648651123,98625.8125,fno,surrogate estimate; validate top designs with OpenFOAM,20.68644704768031,0.24207592336491943,0.0,2412,0.19705719318508433
10.0,0.12553034416281325,0.06499538570642471,0.9332344195727429,20.68441304515912,1.344412088394165,500000.0,continuous_60,60,continuous_naca,direct OpenFOAM-coefficient surrogate,0.05264788132319291,-2.584686279296875,98628.2890625,fno,surrogate estimate; validate top designs with OpenFOAM,20.68441304515912,0.25281358448817703,0.0,2412,0.1971237938600464
10.0,0.11777053274477169,0.0652296394109726,0.8780620102978556,20.64540466033284,1.3467129468917847,500000.0,continuous_61,61,continuous_naca,direct OpenFOAM-coefficient surrogate,0.050988452455615244,-2.5958924293518066,98626.734375,fno,surrogate estimate; validate top designs with OpenFOAM,20.64540466033284,0.24425326421434948,0.0,2412,0.1961383396252098
10.0,0.1294914251545904,0.0654655396938324,0.9844222392125113,20.57925671427835,1.3472527265548706,500000.0,continuous_62,62,continuous_naca,direct OpenFOAM-coefficient surrogate,0.054287394427148264,-2.581043004989624,98625.34375,fno,surrogate estimate; validate top designs with OpenFOAM,20.57925671427835,0.2494672444417764,0.0,2412,0.19837771364749543
10.0,0.11012458831242487,0.06527971476316452,0.8780831985172859,20.685297042002492,1.3503509759902954,500000.0,continuous_63,63,continuous_naca,direct OpenFOAM-coefficient surrogate,0.0518131879484985,-2.5928633213043213,98625.7421875,fno,surrogate estimate; validate top designs with OpenFOAM,20.685297042002492,0.2455567592712062,0.0,2412,0.1966981831307812
10.0,0.12906767804130512,0.06545396149158478,0.8816231206282008,20.706655760266024,1.3553533554077148,500000.0,continuous_64,64,continuous_naca,direct OpenFOAM-coefficient surrogate,0.05221061887222338,-2.6067192554473877,98623.0078125,fno,surrogate estimate; validate top designs with OpenFOAM,20.706655760266024,0.23727851155946345,0.0,2412,0.1971794540480262
10.0,0.13454490254754423,0.06552398949861526,0.8685500581073121,20.654280318465887,1.353371500968933,500000.0,continuous_65,65,continuous_naca,direct OpenFOAM-coefficient surrogate,0.0519919876467386,-2.586543321609497,98623.6953125,fno,surrogate estimate; validate top designs with OpenFOAM,20.654280318465887,0.22951097509510665,0.0,2412,0.1972072841420161
10.0,0.14032677654565734,0.06560543924570084,0.9568875013095849,20.70463941558886,1.3583576679229736,500000.0,continuous_66,66,continuous_naca,direct OpenFOAM-coefficient surrogate,0.05324402770878024,-2.610471248626709,98621.6640625,fno,surrogate estimate; validate top designs with OpenFOAM,20.70463941558886,0.24039621292056287,0.0,2412,0.1978457002359139
10.0,0.14818644319090693,0.06565095484256744,0.974225375829602,20.605869715468376,1.3528156280517578,500000.0,continuous_67,67,continuous_naca,direct OpenFOAM-coefficient surrogate,0.05406382025256387,-2.6005566120147705,98621.609375,fno,surrogate estimate; validate top designs with OpenFOAM,20.605869715468376,0.24303719360467138,0.0,2412,0.19788094370702555
10.0,0.12904898997477895,0.06536144018173218,0.9704312879439545,20.682975203206226,1.351889729499817,500000.0,continuous_68,68,continuous_naca,direct OpenFOAM-coefficient surrogate,0.05232365969269346,-2.5950872898101807,98625.0390625,fno,surrogate estimate; validate top designs with OpenFOAM,20.682975203206226,0.24231624092485743,0.0,2412,0.19726313081556962
10.0,0.13763017274965356,0.06550569832324982,0.908615029958889,20.703464392399148,1.3562155961990356,500000.0,continuous_69,69,continuous_naca,direct OpenFOAM-coefficient surrogate,0.05255839933250499,-2.6079413890838623,98622.5703125,fno,surrogate estimate; validate top designs with OpenFOAM,20.703464392399148,0.24047841079913856,0.0,2412,0.19730250689908302
10.0,0.14091359679583756,0.06537076830863953,0.8936135869983745,20.706215657726712,1.3536019325256348,500000.0,continuous_70,70,continuous_naca,direct OpenFOAM-coefficient surrogate,0.052732322674517114,-2.604520320892334,98623.7890625,fno,surrogate estimate; validate top designs with OpenFOAM,20.706215657726712,0.24307585548990251,0.0,2412,0.19730250689908302
10.0,0.13342268498479154,0.06552979350090027,0.9340276373412824,20.705003947741385,1.3568153381347656,500000.0,continuous_71,71,continuous_naca,direct OpenFOAM-coefficient surrogate,0.05272732329050181,-2.6086037158966064,98622.328125,fno,surrogate estimate; validate top designs with OpenFOAM,20.705003947741385,0.23883736224001317,0.0,2412,0.19751257714197007
10.0,0.11663624281276676,0.06546741724014282,0.9361287552387285,20.683599460272347,1.354122519493103,500000.0,continuous_72,72,continuous_naca,direct OpenFOAM-coefficient surrogate,0.051977112522480017,-2.5983047485351562,98624.03125,fno,surrogate estimate; validate top designs with OpenFOAM,20.683599460272347,0.23967721746219145,0.0,2412,0.19711832361655526
10.0,0.13650715104397865,0.06558851897716522,0.9467981280569163,20.704424522424045,1.357993245124817,500000.0,continuous_73,73,continuous_naca,direct OpenFOAM-coefficient surrogate,0.053137219562393624,-2.610090494155884,98621.796875,fno,surrogate estimate; validate top designs with OpenFOAM,20.704424522424045,0.2401578525820674,0.0,2412,0.19753019887752585
10.0,0.13318424689531558,0.06554548442363739,0.9328468678752557,20.705179822893164,1.357151746749878,500000.0,continuous_74,74,continuous_naca,direct OpenFOAM-coefficient surrogate,0.052845342867312975,-2.6090354919433594,98622.1796875,fno,surrogate estimate; validate top designs with OpenFOAM,20.705179822893164,0.23919638013658473,0.0,2412,0.19745986158421952
10.0,0.12079620936326098,0.0654861256480217,0.9477517954363943,20.684930074932485,1.3545966148376465,500000.0,continuous_75,75,continuous_naca,direct OpenFOAM-coefficient surrogate,0.05212058428988401,-2.5989317893981934,98623.828125,fno,surrogate estimate; validate top designs with OpenFOAM,20.684930074932485,0.23903620213091453,0.0,2412,0.19719700095912354
10.0,0.13710024423315367,0.06555108726024628,0.9475779457363337,20.705850604387845,1.357311725616455,500000.0,continuous_76,76,continuous_naca,direct OpenFOAM-coefficient surrogate,0.05288306074426622,-2.6091578006744385,98622.1328125,fno,surrogate estimate; validate top designs with OpenFOAM,20.705850604387845,0.23987743996927918,0.0,2412,0.19744689939792526
10.0,0.13728918830139492,0.0654301717877388,0.9055032146844918,20.70582546774952,1.3548064231872559,500000.0,continuous_77,77,continuous_naca,direct OpenFOAM-coefficient surrogate,0.05260834928865804,-2.6061031818389893,98623.2265625,fno,surrogate estimate; validate top designs with OpenFOAM,20.70582546774952,0.24087673133760173,0.0,2412,0.1971817838226569
10.0,0.12936571614775666,0.06544721126556396,0.9726555871738713,20.681098401256993,1.3535408973693848,500000.0,continuous_78,78,continuous_naca,direct OpenFOAM-coefficient surrogate,0.0523718329225194,-2.5976250171661377,98624.2421875,fno,surrogate estimate; validate top designs with OpenFOAM,20.681098401256993,0.24135788904153865,0.0,2412,0.19709546049962617
10.0,0.13780215850232716,0.06552917510271072,0.924094114696439,20.704995592758767,1.356801986694336,500000.0,continuous_79,79,continuous_naca,direct OpenFOAM-coefficient surrogate,0.052726965381114585,-2.6085853576660156,98622.3359375,fno,surrogate estimate; validate top designs with OpenFOAM,20.704995592758767,0.2397367573628232,0.0,2412,0.19736876131307118
10.0,0.13772635605368772,0.0654943659901619,0.9086330059721862,20.703801338242048,1.3560030460357666,500000.0,continuous_80,80,continuous_naca,direct OpenFOAM-coefficient surrogate,0.05247147077337025,-2.6076292991638184,98622.6796875,fno,surrogate estimate; validate top designs with OpenFOAM,20.703801338242048,0.24017718352468298,0.0,2412,0.1972409804735546
10.0,0.1382258190401005,0.06550581008195877,0.9252169861835078,20.70348548479432,1.3562192916870117,500000.0,continuous_81,81,continuous_naca,direct OpenFOAM-coefficient surrogate,0.0525468398082448,-2.6079442501068115,98622.5703125,fno,surrogate estimate; validate top designs with OpenFOAM,20.70348548479432,0.23857797576437131,0.0,2412,0.1973131767229757
10.0,0.1379308081986845,0.06548617035150528,0.9083909466596777,20.703514426896017,1.3558145761489868,500000.0,continuous_82,82,continuous_naca,direct OpenFOAM-coefficient surrogate,0.05240948408044071,-2.607428550720215,98622.75,fno,surrogate estimate; validate top designs with OpenFOAM,20.703514426896017,0.2390776214485326,0.0,2412,0.19718061893534156
10.0,0.13828863129331245,0.06550347805023193,0.9251063873868535,20.703305339905327,1.3561592102050781,500000.0,continuous_83,83,continuous_naca,direct OpenFOAM-coefficient surrogate,0.052527980869768176,-2.6078803539276123,98622.59375,fno,surrogate estimate; validate top designs with OpenFOAM,20.703305339905327,0.2382374458480241,0.0,2412,0.19731965781612287
4.0,0.012995966401115399,0.03786458075046539,0.1700774090979203,17.297888847609723,0.6549946069717407,500000.0,continuous_1,1,continuous_naca,direct OpenFOAM-coefficient surrogate,0.04,-1.339924693107605,98886.3828125,fno,surrogate estimate; validate top designs with OpenFOAM,17.297888847609723,0.4,0.0,4415,0.15
4.0,0.01564355638419433,0.0380442775785923,0.15967710333574747,17.38801678696789,0.661531925201416,500000.0,continuous_2,2,continuous_naca,direct OpenFOAM-coefficient surrogate,0.042,-1.3643947839736938,98884.2109375,fno,surrogate estimate; validate top designs with OpenFOAM,17.38801678696789,0.4,0.0,4415,0.15
4.0,0.013842750994637856,0.03751736879348755,0.16877245028842103,17.240883116149718,0.6468498110771179,500000.0,continuous_3,3,continuous_naca,direct OpenFOAM-coefficient surrogate,0.04,-1.3382548093795776,98890.2734375,fno,surrogate estimate; validate top designs with OpenFOAM,17.240883116149718,0.42000000000000004,0.0,4415,0.15
4.0,0.01109552163859228,0.038447897881269455,0.15044197523713276,17.709507987735012,0.6809110641479492,500000.0,continuous_4,4,continuous_naca,direct OpenFOAM-coefficient surrogate,0.04,-1.4352926015853882,98879.921875,fno,surrogate estimate; validate top designs with OpenFOAM,17.709507987735012,0.4,0.0,4415,0.1575
4.2,0.013697968338161753,0.03843465819954872,0.1781985382950005,17.44451761718473,0.6704915165901184,500000.0,continuous_5,5,continuous_naca,direct OpenFOAM-coefficient surrogate,0.04,-1.3625470399856567,98881.75,fno,surrogate estimate; validate top designs with OpenFOAM,17.44451761718473,0.4,0.0,4415,0.15
4.1,0.01789829230139369,0.03876926749944687,0.15903062089269693,17.63935712123571,0.6838825941085815,500000.0,continuous_6,6,continuous_naca,direct OpenFOAM-coefficient surrogate,0.041,-1.420533537864685,98876.8828125,fno,surrogate estimate; validate top designs with OpenFOAM,17.63935712123571,0.38,0.0,4415,0.15375000000000003
4.15,0.01527247513563728,0.03886433318257332,0.1372912403640169,17.76055039566547,0.6902697086334229,500000.0,continuous_7,7,continuous_naca,direct OpenFOAM-coefficient surrogate,0.0415,-1.4475605487823486,98876.5703125,fno,surrogate estimate; validate top designs with OpenFOAM,17.76055039566547,0.39,0.0,4415,0.15562500000000004
4.225000000000001,0.009538139468601475,0.03921643644571304,0.14466114521084472,17.835073046266196,0.6994458436965942,500000.0,continuous_8,8,continuous_naca,direct OpenFOAM-coefficient surrogate,0.042249999999999996,-1.4607656002044678,98874.4921875,fno,surrogate estimate; validate top designs with OpenFOAM,17.835073046266196,0.385,0.0,4415,0.15843750000000006
4.262500000000001,0.013093217310880216,0.03964985907077789,0.15641780245543033,18.113773271262986,0.7182266712188721,500000.0,continuous_9,9,continuous_naca,direct OpenFOAM-coefficient surrogate,0.039625,-1.5182119607925415,98867.03125,fno,surrogate estimate; validate top designs with OpenFOAM,18.113773271262986,0.38249999999999995,0.0,4415,0.1598437500000001
4.393750000000001,0.01324832435481507,0.040194615721702576,0.17679206093239447,18.33351029001889,0.7369267344474792,500000.0,continuous_10,10,continuous_naca,direct OpenFOAM-coefficient surrogate,0.0384375,-1.552559494972229,98859.3671875,fno,surrogate estimate; validate top designs with OpenFOAM,18.33351029001889,0.37375,0.0,4415,0.16476562500000014
4.159375,0.016734104808042077,0.03967787325382233,0.3056882421671751,18.134900663271562,0.7195724248886108,500000.0,continuous_11,11,continuous_naca,direct OpenFOAM-coefficient surrogate,0.040843750000000005,-1.530684232711792,98866.4921875,fno,surrogate estimate; validate top designs with OpenFOAM,18.134900663271562,0.3693749999999999,0.0,4415,0.16722656250000015
4.289062500000002,0.021065250436523596,0.03954282030463219,0.2974288434266269,18.129783787779274,0.7169209122657776,500000.0,continuous_12,12,continuous_naca,direct OpenFOAM-coefficient surrogate,0.03976562499999999,-1.5355472564697266,98865.6875,fno,surrogate estimate; validate top designs with OpenFOAM,18.129783787779274,0.38406249999999986,0.0,4415,0.17021484375000015
4.533593750000001,0.03877674868391463,0.040871430188417435,0.34055356428705924,18.428558288503876,0.7532199621200562,500000.0,continuous_13,13,continuous_naca,direct OpenFOAM-coefficient surrogate,0.0406484375,-1.582165241241455,98854.5234375,fno,surrogate estimate; validate top designs with OpenFOAM,18.428558288503876,0.3560937499999999,0.0,4415,0.17282226562500022
4.800390625000002,0.034046072617434454,0.04184355586767197,0.3879785849029088,18.595986196405256,0.7781407833099365,500000.0,continuous_14,14,continuous_naca,direct OpenFOAM-coefficient surrogate,0.04097265625,-1.6320650577545166,98845.0625,fno,surrogate estimate; validate top designs with OpenFOAM,18.595986196405256,0.33414062499999986,0.0,4415,0.18048339843750033
4.596289062500002,0.03501829511225585,0.040440984070301056,0.3517419179740904,18.22362695279488,0.7369996309280396,500000.0,continuous_15,15,continuous_naca,direct OpenFOAM-coefficient surrogate,0.03775976562500001,-1.5813158750534058,98860.6171875,fno,surrogate estimate; validate top designs with OpenFOAM,18.22362695279488,0.3456640624999998,0.0,4415,0.18290771484375035
4.685839843750001,0.038087691036589245,0.041674599051475525,0.3771562146466591,18.59794936336317,0.775080680847168,500000.0,continuous_16,16,continuous_naca,direct OpenFOAM-coefficient surrogate,0.039241210937500014,-1.6206446886062622,98845.65625,fno,surrogate estimate; validate top designs with OpenFOAM,18.59794936336317,0.3274023437499999,0.0,4415,0.17747680664062535
4.884228515625001,0.04711869667111515,0.04243363440036774,0.41843366453237074,18.684873607102446,0.7928857803344727,500000.0,continuous_17,17,continuous_naca,direct OpenFOAM-coefficient surrogate,0.03897900390625002,-1.6293035745620728,98842.3984375,fno,surrogate estimate; validate top designs with OpenFOAM,18.684873607102446,0.2990722656249998,0.0,4415,0.18110778808593792
5.177954101562503,0.04207180371774518,0.04240647703409195,0.425671225469,18.513882424386757,0.7851270437240601,500000.0,continuous_18,18,continuous_naca,direct OpenFOAM-coefficient surrogate,0.03723071289062501,-1.6422345638275146,98850.21875,fno,surrogate estimate; validate top designs with OpenFOAM,18.513882424386757,0.30693847656249984,0.0,4415,0.18740570068359422
5.031872558593751,0.044828147740444996,0.043117232620716095,0.42551028533898194,18.882499746208694,0.8141800165176392,500000.0,continuous_19,19,continuous_naca,direct OpenFOAM-coefficient surrogate,0.0400501708984375,-1.7013951539993286,98834.046875,fno,surrogate estimate; validate top designs with OpenFOAM,18.882499746208694,0.31128662109374994,0.0,4415,0.17397354125976594
5.249664306640625,0.043875693272990346,0.04434622824192047,0.42975055442946924,19.108737874953583,0.8474195599555969,500000.0,continuous_20,20,continuous_naca,direct OpenFOAM-coefficient surrogate,0.041195373535156246,-1.7457201480865479,98821.6328125,fno,surrogate estimate; validate top designs with OpenFOAM,19.108737874953583,0.294097900390625,0.0,4415,0.1695064544677738
5.662368774414064,0.03508267084334426,0.046396780759096146,0.2850295260755118,19.350900328823535,0.897838830947876,500000.0,continuous_21,21,continuous_naca,direct OpenFOAM-coefficient surrogate,0.040751373291015636,-1.8554269075393677,98802.96875,fno,surrogate estimate; validate top designs with OpenFOAM,19.350900328823535,0.2433746337890622,0.0,4415,0.19448604583740298
6.296678161621095,0.04113000027167123,0.05044348165392876,0.2965059452222982,19.768084452294637,0.9971907734870911,500000.0,continuous_22,22,continuous_naca,direct OpenFOAM-coefficient surrogate,0.04190830993652345,-2.091984748840332,98763.0234375,fno,surrogate estimate; validate top designs with OpenFOAM,19.768084452294637,0.17818695068359336,0.0,4415,0.2
5.4375267028808585,0.04470353342479874,0.04660641402006149,0.3702203790185774,19.487713014266745,0.9082719087600708,500000.0,continuous_23,23,continuous_naca,direct OpenFOAM-coefficient surrogate,0.04429695892333985,-1.871679425239563,98800.0625,fno,surrogate estimate; validate top designs with OpenFOAM,19.487713014266745,0.24581039428710916,0.0,4415,0.17814311981201178
6.133658218383788,0.040576190115317115,0.05012146383523941,0.4612581493428994,19.648102480296835,0.9848113059997559,500000.0,continuous_24,24,continuous_naca,direct OpenFOAM-coefficient surrogate,0.042217166900634776,-1.9143989086151123,98774.1171875,fno,surrogate estimate; validate top designs with OpenFOAM,19.648102480296835,0.17444313049316373,0.0,4415,0.18389528274536143
6.674535179138182,0.05296719566042077,0.05356089770793915,0.34464758282559094,19.976334206328804,1.0699703693389893,500000.0,continuous_25,25,continuous_naca,direct OpenFOAM-coefficient surrogate,0.045829900741577154,-2.1076812744140625,98740.7421875,fno,surrogate estimate; validate top designs with OpenFOAM,19.976334206328804,0.14719692230224585,0.0,4415,0.1846646404266356
7.569688510894771,0.08021991442483481,0.0596134215593338,0.46954342946808325,20.264580057349782,1.2080612182617188,500000.0,continuous_26,26,continuous_naca,direct OpenFOAM-coefficient surrogate,0.04925534915924071,-2.3239312171936035,98688.25,fno,surrogate estimate; validate top designs with OpenFOAM,20.264580057349782,0.1,0.0,4415,0.1864430665969844
7.469111490249631,0.07343136361770908,0.058338016271591187,0.5749757687575853,20.20156237528039,1.1785392761230469,500000.0,continuous_27,27,continuous_naca,direct OpenFOAM-coefficient surrogate,0.04764351892471315,-2.3573732376098633,98694.3046875,fno,surrogate estimate; validate top designs with OpenFOAM,20.20156237528039,0.1,0.0,4415,0.2
8.297041487693782,0.06782908138921456,0.06166166067123413,0.4568422864421073,20.24658637621746,1.2484583854675293,500000.0,continuous_28,28,continuous_naca,direct OpenFOAM-coefficient surrogate,0.046215213537216186,-2.442713499069214,98666.171875,fno,surrogate estimate; validate top designs with OpenFOAM,20.24658637621746,0.1,0.0,4415,0.2
8.682601606845852,0.10287505487702579,0.06386560201644897,0.8679689047357666,20.381173136637173,1.3016762733459473,500000.0,continuous_29,29,continuous_naca,direct OpenFOAM-coefficient surrogate,0.05029402887821198,-2.454622983932495,98644.5234375,fno,surrogate estimate; validate top designs with OpenFOAM,20.381173136637173,0.1,0.0,4415,0.2
9.957073301076885,0.2103855660751874,0.07065923511981964,1.1250542840980255,20.25367525510803,1.4311294555664062,500000.0,continuous_30,30,continuous_naca,direct OpenFOAM-coefficient surrogate,0.05433245986700058,-2.5388126373291016,98582.078125,fno,surrogate estimate; validate top designs with OpenFOAM,20.25367525510803,0.1,0.0,4415,0.2
9.712543386220922,0.17405724117272137,0.07003793865442276,1.056823834815592,20.409082607956737,1.4294304847717285,500000.0,continuous_31,31,continuous_naca,direct OpenFOAM-coefficient surrogate,0.054795745313167554,-2.4988648891448975,98587.7265625,fno,surrogate estimate; validate top designs with OpenFOAM,20.409082607956737,0.1,0.0,4415,0.19322153329849218
10.0,0.20476830842147553,0.07238632440567017,1.2418691205068337,20.01073767727841,1.448523759841919,500000.0,continuous_32,32,continuous_naca,direct OpenFOAM-coefficient surrogate,0.06123946300148961,-2.640540599822998,98533.2578125,fno,surrogate estimate; validate top designs with OpenFOAM,20.01073767727841,0.1,0.0,4415,0.18983229994773831
9.661826005578032,0.10827927074020982,0.06972385942935944,0.7571174499387202,20.47706675536883,1.4277606010437012,500000.0,continuous_33,33,continuous_naca,direct OpenFOAM-coefficient surrogate,0.05263664951920506,-2.6037402153015137,98589.8203125,fno,surrogate estimate; validate top designs with OpenFOAM,20.47706675536883,0.1,0.0,4415,0.18983229994773826
10.0,0.10660578073108225,0.072508305311203,0.8444620487620343,20.17439680209388,1.4628314971923828,500000.0,continuous_34,34,continuous_naca,direct OpenFOAM-coefficient surrogate,0.05513321481645103,-2.5752787590026855,98565.2109375,fno,surrogate estimate; validate top designs with OpenFOAM,20.17439680209388,0.10000000000000003,0.0,4415,0.18474844992160733
9.516288267076007,0.1389938631558513,0.07038213312625885,1.056047086697673,20.12860705297009,1.4167144298553467,500000.0,continuous_35,35,continuous_naca,direct OpenFOAM-coefficient surrogate,0.057275672897696465,-2.6346044540405273,98560.2421875,fno,surrogate estimate; validate top designs with OpenFOAM,20.12860705297009,0.1,0.0,4415,0.18474844992160744
8.601853182539339,0.06933606828526902,0.0634816586971283,0.5840333671828836,20.378844002188025,1.2937031984329224,500000.0,continuous_36,36,continuous_naca,direct OpenFOAM-coefficient surrogate,0.048980328377336256,-2.477651596069336,98648.5859375,fno,surrogate estimate; validate top designs with OpenFOAM,20.378844002188025,0.1,0.0,4415,0.19618711248040188
10.0,0.2079758258223689,0.07082799077033997,1.116326401046426,20.237532022145952,1.4334039688110352,500000.0,continuous_37,37,continuous_naca,direct OpenFOAM-coefficient surrogate,0.05409802688471972,-2.5404722690582275,98580.3125,fno,surrogate estimate; validate top designs with OpenFOAM,20.237532022145952,0.1,0.0,4415,0.2
8.367197278095404,0.07889871034999521,0.06323759257793427,0.47366369209626863,20.448269568558786,1.2931197881698608,500000.0,continuous_38,38,continuous_naca,direct OpenFOAM-coefficient surrogate,0.050466018590610465,-2.4786620140075684,98650.640625,fno,surrogate estimate; validate top designs with OpenFOAM,20.448269568558786,0.1,0.0,4415,0.19062665151432123
9.610230955830767,0.16339077372967784,0.06986197829246521,1.0553934795559754,20.422410889954442,1.4267704486846924,500000.0,continuous_39,39,continuous_naca,direct OpenFOAM-coefficient surrogate,0.05511589277326127,-2.4934916496276855,98589.6796875,fno,surrogate estimate; validate top designs with OpenFOAM,20.422410889954442,0.1,0.0,4415,0.19065312989987393
9.993297206016711,0.08514780505280727,0.07271882891654968,0.8400283503489517,20.030771589649504,1.456634283065796,500000.0,continuous_40,40,continuous_naca,direct OpenFOAM-coefficient surrogate,0.05621312421991019,-2.643463373184204,98528.015625,fno,surrogate estimate; validate top designs with OpenFOAM,20.030771589649504,0.1,0.0,4415,0.1821668073302128
9.010275506638568,0.11743769224232907,0.06592269241809845,0.9001430849430061,20.419910240224123,1.3461558818817139,500000.0,continuous_41,41,continuous_naca,direct OpenFOAM-coefficient surrogate,0.05177380271363653,-2.5078744888305664,98626.3984375,fno,surrogate estimate; validate top designs with OpenFOAM,20.419910240224123,0.1,0.0,4415,0.1955417018325532
8.612221486850466,0.08052623598073508,0.06431147456169128,0.48891196097898376,20.451408297567337,1.3152806758880615,500000.0,continuous_42,42,continuous_naca,direct OpenFOAM-coefficient surrogate,0.0502004364851891,-2.508035182952881,98641.640625,fno,surrogate estimate; validate top designs with OpenFOAM,20.451408297567337,0.1,0.0,4415,0.19010535829875114
9.115462356538767,0.09390243487290624,0.06751620024442673,0.5734982774035385,20.316974397655464,1.371745228767395,500000.0,continuous_43,43,continuous_naca,direct OpenFOAM-coefficient surrogate,0.05243569597049641,-2.5192666053771973,98618.2734375,fno,surrogate estimate; validate top designs with OpenFOAM,20.316974397655464,0.1,0.0,4415,0.18506701799778907
9.036572219113618,0.11234349965148999,0.06650444120168686,0.8197110925149131,20.49212465653568,1.362837791442871,500000.0,continuous_44,44,continuous_naca,direct OpenFOAM-coefficient surrogate,0.051939276027851505,-2.5339465141296387,98621.015625,fno,surrogate estimate; validate top designs with OpenFOAM,20.49212465653568,0.1,0.0,4415,0.19292303087386217
8.228677538987993,0.0663610649627341,0.06187354028224945,0.5139273816376622,20.285103975763594,1.255131483078003,500000.0,continuous_45,45,continuous_naca,direct OpenFOAM-coefficient surrogate,0.047505297538166784,-2.4122743606567383,98668.890625,fno,surrogate estimate; validate top designs with OpenFOAM,20.285103975763594,0.1,0.0,4415,0.19109054041746248
9.264842601620074,0.11405956713871135,0.06793385744094849,0.8799224968809407,20.53349270155036,1.39493989944458,500000.0,continuous_46,46,continuous_naca,direct OpenFOAM-coefficient surrogate,0.05321324396448765,-2.5780444145202637,98606.421875,fno,surrogate estimate; validate top designs with OpenFOAM,20.53349270155036,0.1,0.0,4415,0.19076248252927108
9.920533878485692,0.14396413299089536,0.07099233567714691,1.0197530315700685,20.437338884455105,1.4509148597717285,500000.0,continuous_47,47,continuous_naca,direct OpenFOAM-coefficient surrogate,0.053528784407756186,-2.6133081912994385,98577.2890625,fno,surrogate estimate; validate top designs with OpenFOAM,20.437338884455105,0.1,0.0,4415,0.1911849343104901
8.755531428192976,0.07178145107239824,0.06504495441913605,0.5023459988807862,20.42992737400608,1.3288841247558594,500000.0,continuous_48,48,continuous_naca,direct OpenFOAM-coefficient surrogate,0.05123171004489689,-2.491456985473633,98636.296875,fno,surrogate estimate; validate top designs with OpenFOAM,20.42992737400608,0.1,0.0,4415,0.19076622221336345
9.150707410366845,0.11144181965263462,0.06729181110858917,0.856115055702278,20.547644913909735,1.3827087879180908,500000.0,continuous_49,49,continuous_naca,direct OpenFOAM-coefficient surrogate,0.05257625999616958,-2.566415548324585,98612.0078125,fno,surrogate estimate; validate top designs with OpenFOAM,20.547644913909735,0.1,0.0,4415,0.19184275670156664
9.463334303599053,0.11162123001779302,0.06884101778268814,0.8363219447348099,20.50217428892304,1.4114110469818115,500000.0,continuous_50,50,continuous_naca,direct OpenFOAM-coefficient surrogate,0.052924946741846356,-2.592041254043579,98598.3203125,fno,surrogate estimate; validate top designs with OpenFOAM,20.50217428892304,0.1,0.0,4415,0.19029739123850467
8.93853204423527,0.06618098686198394,0.06597486138343811,0.4818609101996938,20.51023841935091,1.3531806468963623,500000.0,continuous_51,51,continuous_naca,direct OpenFOAM-coefficient surrogate,0.051706840224838374,-2.522615909576416,98625.5703125,fno,surrogate estimate; validate top designs with OpenFOAM,20.51023841935091,0.1,0.0,4415,0.1904339204140111
8.816019939857739,0.08393607677308254,0.0654406026005745,0.5967601163951383,20.50531547158991,1.3419007062911987,500000.0,continuous_52,52,continuous_naca,direct OpenFOAM-coefficient surrogate,0.05183963127754906,-2.509800910949707,98630.4140625,fno,surrogate estimate; validate top designs with OpenFOAM,20.50531547158991,0.1,0.0,4415,0.19069456702179616
8.621716694440911,0.09701544777780828,0.06454136967658997,0.6585700020829158,20.508087812365737,1.3236405849456787,500000.0,continuous_53,53,continuous_naca,direct OpenFOAM-coefficient surrogate,0.05174304098967598,-2.486884832382202,98638.4765625,fno,surrogate estimate; validate top designs with OpenFOAM,20.508087812365737,0.1,0.0,4415,0.19156947209481787
9.171879435473812,0.11480146240006982,0.06742235273122787,0.8733714787603354,20.549082434652846,1.3854880332946777,500000.0,continuous_54,54,continuous_naca,direct OpenFOAM-coefficient surrogate,0.05278006131003673,-2.5689339637756348,98610.859375,fno,surrogate estimate; validate top designs with OpenFOAM,20.549082434652846,0.1,0.0,4415,0.19160974884803722
9.349809183281849,0.13456342074982994,0.06816128641366959,0.9595100887581505,20.56129143475721,1.401504635810852,500000.0,continuous_55,55,continuous_naca,direct OpenFOAM-coefficient surrogate,0.05325027632628056,-2.5757548809051514,98604.0703125,fno,surrogate estimate; validate top designs with OpenFOAM,20.56129143475721,0.10000000000000003,0.0,4415,0.19206733976115775
9.730228925311108,0.1527490368382988,0.07017901539802551,1.025850354386273,20.44140759140901,1.4345782995224,500000.0,continuous_56,56,continuous_naca,direct OpenFOAM-coefficient surrogate,0.053630269266212095,-2.5742886066436768,98586.6875,fno,surrogate estimate; validate top designs with OpenFOAM,20.44140759140901,0.1,0.0,4415,0.19098377760818544
8.89884475215846,0.09898572265130585,0.0658818930387497,0.7380878167884987,20.508373679610237,1.3511509895324707,500000.0,continuous_57,57,continuous_naca,direct OpenFOAM-coefficient surrogate,0.05221484805881001,-2.5204830169677734,98626.3984375,fno,surrogate estimate; validate top designs with OpenFOAM,20.508373679610237,0.1,0.0,4415,0.19142304847315977
9.453100867593559,0.11924058389918506,0.06883840262889862,0.9209124928777699,20.502482127329795,1.4113786220550537,500000.0,continuous_58,58,continuous_naca,direct OpenFOAM-coefficient surrogate,0.053158462197078066,-2.592012882232666,98598.34375,fno,surrogate estimate; validate top designs with OpenFOAM,20.502482127329795,0.1,0.0,4415,0.19113020122984353
9.037408781017234,0.10796955408623636,0.0667342096567154,0.795034168524187,20.557904738700575,1.3719360828399658,500000.0,continuous_59,59,continuous_naca,direct OpenFOAM-coefficient surrogate,0.05245075159337702,-2.555023670196533,98616.84375,fno,surrogate estimate; validate top designs with OpenFOAM,20.557904738700575,0.1,0.0,4415,0.1913498366623307
9.462851943907733,0.15848037558174474,0.06878792494535446,1.0164302814680304,20.46274424425112,1.4076101779937744,500000.0,continuous_60,60,continuous_naca,direct OpenFOAM-coefficient surrogate,0.05403842571531903,-2.4807260036468506,98599.9296875,fno,surrogate estimate; validate top designs with OpenFOAM,20.46274424425112,0.1,0.0,4415,0.19257728741315203
9.069612019153386,0.10155237057647452,0.06685464829206467,0.7490241323479968,20.557822880609915,1.3744065761566162,500000.0,continuous_61,61,continuous_naca,direct OpenFOAM-coefficient surrogate,0.05228973659745854,-2.557586431503296,98615.796875,fno,surrogate estimate; validate top designs with OpenFOAM,20.557822880609915,0.1,0.0,4415,0.19096976216379635
9.038926095289582,0.1105007227278769,0.06653475761413574,0.8042120253864152,20.489595904947333,1.363290786743164,500000.0,continuous_62,62,continuous_naca,direct OpenFOAM-coefficient surrogate,0.05207026829215519,-2.5345029830932617,98620.78125,fno,surrogate estimate; validate top designs with OpenFOAM,20.489595904947333,0.1,0.0,4415,0.19235236511515463
9.208363475037451,0.1117365899909049,0.06761345267295837,0.8619510813709375,20.546925377926954,1.3892691135406494,500000.0,continuous_63,63,continuous_naca,direct OpenFOAM-coefficient surrogate,0.052927500046404535,-2.5725224018096924,98609.171875,fno,surrogate estimate; validate top designs with OpenFOAM,20.546925377926954,0.1,0.0,4415,0.19115995317574197
9.095405221872205,0.1110319377546573,0.06683451682329178,0.8219969326537346,20.485346658597983,1.3691487312316895,500000.0,continuous_64,64,continuous_naca,direct OpenFOAM-coefficient surrogate,0.052356012210238306,-2.5407373905181885,98618.09375,fno,surrogate estimate; validate top designs with OpenFOAM,20.485346658597983,0.1,0.0,4415,0.19195489446868375
9.18012391174614,0.11148469669101488,0.06745968759059906,0.8583852451622743,20.548224129880904,1.3861973285675049,500000.0,continuous_65,65,continuous_naca,direct OpenFOAM-coefficient surrogate,0.05278462808736298,-2.5696370601654053,98610.5390625,fno,surrogate estimate; validate top designs with OpenFOAM,20.548224129880904,0.1,0.0,4415,0.19135868849897741
9.16776953723246,0.11124188569558789,0.06740312278270721,0.8571499594831905,20.549267823578496,1.3851053714752197,500000.0,continuous_66,66,continuous_naca,direct OpenFOAM-coefficient surrogate,0.052811436306069964,-2.5685503482818604,98611.0390625,fno,surrogate estimate; validate top designs with OpenFOAM,20.549267823578496,0.1,0.0,4415,0.1910300568415645
9.132175848596322,0.10919945990330654,0.06720753014087677,0.8361141967431003,20.547964512037012,1.3809984922409058,500000.0,continuous_67,67,continuous_naca,direct OpenFOAM-coefficient surrogate,0.05261647232423006,-2.564734697341919,98612.75,fno,surrogate estimate; validate top designs with OpenFOAM,20.547964512037012,0.1,0.0,4415,0.19134980921544725
9.168136895958686,0.11134927277816078,0.06739616394042969,0.8569411875741525,20.549300657938492,1.3849645853042603,500000.0,continuous_68,68,continuous_naca,direct OpenFOAM-coefficient surrogate,0.05274258914657975,-2.5684309005737305,98611.09375,fno,surrogate estimate; validate top designs with OpenFOAM,20.549300657938492,0.1,0.0,4415,0.19135646867809486
9.144713902473118,0.10872929081678723,0.06708593666553497,0.8447595036388682,20.48586929776904,1.3743342161178589,500000.0,continuous_69,69,continuous_naca,direct OpenFOAM-coefficient surrogate,0.052555240525777966,-2.545823812484741,98615.7890625,fno,surrogate estimate; validate top designs with OpenFOAM,20.48586929776904,0.1,0.0,4415,0.19184164679112536
9.162005628542623,0.11124338687374757,0.06736549735069275,0.8563076920552671,20.550693848658806,1.3844282627105713,500000.0,continuous_70,70,continuous_naca,direct OpenFOAM-coefficient surrogate,0.05274738736099696,-2.5678679943084717,98611.3515625,fno,surrogate estimate; validate top designs with OpenFOAM,20.550693848658806,0.1,0.0,4415,0.1912329543289547
9.141280910038862,0.1112145556573254,0.06725125759840012,0.8552752267953271,20.54815373340131,1.381909728050232,500000.0,continuous_71,71,continuous_naca,direct OpenFOAM-coefficient surrogate,0.052626486792476786,-2.56563138961792,98612.359375,fno,surrogate estimate; validate top designs with OpenFOAM,20.54815373340131,0.1,0.0,4415,0.19145347778002492
9.16142289947873,0.1112854331535768,0.06735913455486298,0.8561229797407091,20.550337943955288,1.3842735290527344,500000.0,continuous_72,72,continuous_naca,direct OpenFOAM-coefficient surrogate,0.05271356355805401,-2.567737579345703,98611.40625,fno,surrogate estimate; validate top designs with OpenFOAM,20.550337943955288,0.1,0.0,4415,0.1913807209535774
9.147994906518818,0.11115181873077447,0.06728778779506683,0.8544809688944001,20.54762451033963,1.3826247453689575,500000.0,continuous_73,73,continuous_naca,direct OpenFOAM-coefficient surrogate,0.05265551238100252,-2.5663373470306396,98612.0390625,fno,surrogate estimate; validate top designs with OpenFOAM,20.54762451033963,0.1,0.0,4415,0.1914292255045424
9.158065901238752,0.11125126038577478,0.06733985245227814,0.8557108390121072,20.549828145991366,1.383842945098877,500000.0,continuous_74,74,continuous_naca,direct OpenFOAM-coefficient surrogate,0.05269905076379114,-2.5673887729644775,98611.5703125,fno,surrogate estimate; validate top designs with OpenFOAM,20.549828145991366,0.1,0.0,4415,0.19139284709131865
9.193608982149541,0.11672077384218286,0.06753984093666077,0.8923818376193919,20.544979869869366,1.3876252174377441,500000.0,continuous_75,75,continuous_naca,direct OpenFOAM-coefficient surrogate,0.05285051395982879,-2.5710997581481934,98609.8515625,fno,surrogate estimate; validate top designs with OpenFOAM,20.544979869869366,0.10000000000000002,0.0,4415,0.19170858821174425
9.209710601217617,0.11197793818425185,0.0675991103053093,0.8617379025501521,20.545648733093298,1.3888881206512451,500000.0,continuous_76,76,continuous_naca,direct OpenFOAM-coefficient surrogate,0.05277000646186955,-2.5722320079803467,98609.3125,fno,surrogate estimate; validate top designs with OpenFOAM,20.545648733093298,0.10000000000000002,0.0,4415,0.19151855096247705
9.255907405912236,0.12499400342482052,0.0678572952747345,0.9204526170313934,20.53808241962255,1.3936792612075806,500000.0,continuous_77,77,continuous_naca,direct OpenFOAM-coefficient surrogate,0.05299883184363876,-2.5768535137176514,98607.03125,fno,surrogate estimate; validate top designs with OpenFOAM,20.53808241962255,0.10000000000000002,0.0,4415,0.19165014704505623
9.25561604138029,0.125010717061256,0.06785381585359573,0.920341654255194,20.538304579891847,1.393622875213623,500000.0,continuous_78,78,continuous_naca,direct OpenFOAM-coefficient surrogate,0.052981919942167284,-2.576794385910034,98607.0625,fno,surrogate estimate; validate top designs with OpenFOAM,20.538304579891847,0.10000000000000002,0.0,4415,0.19172403035736757
4.0,0.007381797901749266,0.020289573818445206,0.14894640790210964,17.824921477910973,0.361677885055542,500000.0,continuous_1,1,continuous_naca,direct OpenFOAM-coefficient surrogate,0.0,-0.5616706013679504,98956.1015625,deeponet,surrogate estimate; validate top designs with OpenFOAM,17.824921477910973,0.4,0.0,0012,0.12
4.0,0.007629645021388275,0.02137376368045807,0.13242730888597423,17.183530062918237,0.3672938942909241,500000.0,continuous_2,2,continuous_naca,direct OpenFOAM-coefficient surrogate,0.00025,-0.7063367366790771,98949.171875,deeponet,surrogate estimate; validate top designs with OpenFOAM,17.183530062918237,0.4,0.0,0012,0.12
4.0,0.007381797901749266,0.020289573818445206,0.14894640790210964,17.824921477910973,0.361677885055542,500000.0,continuous_3,3,continuous_naca,direct OpenFOAM-coefficient surrogate,0.0,-0.5616706013679504,98956.1015625,deeponet,surrogate estimate; validate top designs with OpenFOAM,17.824921477910973,0.42000000000000004,0.0,0012,0.12
4.0,0.003510267499933367,0.02025264874100685,0.09553568441985891,17.709886223105954,0.3586898148059845,500000.0,continuous_4,4,continuous_naca,direct OpenFOAM-coefficient surrogate,0.0,-0.572330117225647,98955.8125,deeponet,surrogate estimate; validate top designs with OpenFOAM,17.709886223105954,0.4,0.0,0012,0.126
4.2,0.008230301242238709,0.02124461531639099,0.1561725870747643,17.990438872979325,0.3822179436683655,500000.0,continuous_5,5,continuous_naca,direct OpenFOAM-coefficient surrogate,0.0,-0.580306887626648,98953.53125,deeponet,surrogate estimate; validate top designs with OpenFOAM,17.990438872979325,0.4,0.0,0012,0.12
4.1,0.005131456895887421,0.020732104778289795,0.11740676859420922,17.86954778880571,0.3704912066459656,500000.0,continuous_6,6,continuous_naca,direct OpenFOAM-coefficient surrogate,0.0,-0.57606041431427,98954.7265625,deeponet,surrogate estimate; validate top designs with OpenFOAM,17.86954778880571,0.41000000000000003,0.0,0012,0.123
4.15,0.011898886533849582,0.021060824394226074,0.2007037480796428,18.01977171804545,0.37952926754951477,500000.0,continuous_7,7,continuous_naca,direct OpenFOAM-coefficient surrogate,0.0,-0.5691509246826172,98954.296875,deeponet,surrogate estimate; validate top designs with OpenFOAM,18.01977171804545,0.4149999999999999,0.0,0012,0.11549999999999999
4.225000000000001,0.01101217556261923,0.021533820778131485,0.18015268097087717,18.117009541708377,0.39014655351638794,500000.0,continuous_8,8,continuous_naca,direct OpenFOAM-coefficient surrogate,0.0,-0.5702727437019348,98953.4609375,deeponet,surrogate estimate; validate top designs with OpenFOAM,18.117009541708377,0.4224999999999999,0.0,0012,0.11024999999999996
4.262499999999999,0.012974743406838274,0.02160714566707611,0.21338621154835946,18.066178998414927,0.39037662744522095,500000.0,continuous_9,9,continuous_naca,direct OpenFOAM-coefficient surrogate,0.0,-0.5819196701049805,98952.8203125,deeponet,surrogate estimate; validate top designs with OpenFOAM,18.066178998414927,0.3962499999999999,0.0,0012,0.11662499999999998
4.393750000000001,0.0134128699564473,0.022321097552776337,0.2117766879823793,18.124099949191265,0.4045679271221161,500000.0,continuous_10,10,continuous_naca,direct OpenFOAM-coefficient surrogate,0.0,-0.592982292175293,98951.1875,deeponet,surrogate estimate; validate top designs with OpenFOAM,18.124099949191265,0.4143749999999998,0.0,0012,0.11493749999999997
4.590625000000001,0.013735085457594174,0.02346552163362503,0.20451576809391492,18.14261454461211,0.42574405670166016,500000.0,continuous_11,11,continuous_naca,direct OpenFOAM-coefficient surrogate,0.0,-0.6099628210067749,98948.7421875,deeponet,surrogate estimate; validate top designs with OpenFOAM,18.14261454461211,0.4215624999999996,0.0,0012,0.11240624999999993
4.539062500000002,0.010895503717722762,0.02334979549050331,0.17634139114479358,18.157593102874205,0.423994243144989,500000.0,continuous_12,12,continuous_naca,direct OpenFOAM-coefficient surrogate,0.0,-0.598310649394989,98949.578125,deeponet,surrogate estimate; validate top designs with OpenFOAM,18.157593102874205,0.41015624999999967,0.0,0012,0.10664062499999993
4.758593750000003,0.00021150671486266326,0.02500499226152897,0.02798533520510003,18.04459789760298,0.45122307538986206,500000.0,continuous_13,13,continuous_naca,direct OpenFOAM-coefficient surrogate,0.0,-0.6137165427207947,98947.0390625,deeponet,surrogate estimate; validate top designs with OpenFOAM,18.04459789760298,0.4102343749999995,0.0,0012,0.0984609374999999
4.608593750000002,0.008792915420800568,0.02388688363134861,0.1411610716222018,18.137415219628565,0.43326446413993835,500000.0,continuous_14,14,continuous_naca,direct OpenFOAM-coefficient surrogate,0.0,-0.6019152402877808,98948.796875,deeponet,surrogate estimate; validate top designs with OpenFOAM,18.137415219628565,0.4252343749999995,0.0,0012,0.1029609374999999
4.719140625000003,0.003285766327646644,0.024707943201065063,0.06701702450570443,18.074027769083646,0.4465901255607605,500000.0,continuous_15,15,continuous_naca,direct OpenFOAM-coefficient surrogate,0.0,-0.6104196906089783,98947.5078125,deeponet,surrogate estimate; validate top designs with OpenFOAM,18.074027769083646,0.44347656249999945,0.0,0012,0.09950390624999988
4.604980468750002,0.009489257763870926,0.023834528401494026,0.1498820275479408,18.140040796897612,0.4323774576187134,500000.0,continuous_16,16,continuous_naca,direct OpenFOAM-coefficient surrogate,0.0,-0.6023052334785461,98948.8203125,deeponet,surrogate estimate; validate top designs with OpenFOAM,18.140040796897612,0.4316699218749996,0.0,0012,0.10378417968749992
4.946630859375002,0.009691897769502003,0.026012107729911804,0.1437931293542843,17.95741677889442,0.4671282172203064,500000.0,continuous_17,17,continuous_naca,direct OpenFOAM-coefficient surrogate,0.0,-0.6370276212692261,98944.546875,deeponet,surrogate estimate; validate top designs with OpenFOAM,17.95741677889442,0.4218115234374993,0.0,0012,0.10264599609374989
4.405407714843752,0.010894642017350619,0.022545410320162773,0.18412356394071425,18.164022336857307,0.4095335006713867,500000.0,continuous_18,18,continuous_naca,direct OpenFOAM-coefficient surrogate,0.0,-0.5864314436912537,98951.21875,deeponet,surrogate estimate; validate top designs with OpenFOAM,18.164022336857307,0.4223278808593747,0.0,0012,0.10834899902343745
4.461444091796877,0.013039265592958461,0.022740069776773453,0.20246724293436302,18.14674367715595,0.4126763641834259,500000.0,continuous_19,19,continuous_naca,direct OpenFOAM-coefficient surrogate,0.0,-0.5970138311386108,98950.390625,deeponet,surrogate estimate; validate top designs with OpenFOAM,18.14674367715595,0.4176239013671873,0.0,0012,0.1126290893554687
4.393289184570316,0.013647110114023765,0.022291183471679688,0.2170439597090844,18.114336687828064,0.4038081169128418,500000.0,continuous_20,20,continuous_naca,direct OpenFOAM-coefficient surrogate,0.0,-0.5945999622344971,98951.15625,deeponet,surrogate estimate; validate top designs with OpenFOAM,18.114336687828064,0.40416534423828115,0.0,0012,0.11622830200195308
4.55205764770508,0.010975194437422349,0.02341625466942787,0.17719335031441072,18.155333571769972,0.425148069858551,500000.0,continuous_21,21,continuous_naca,direct OpenFOAM-coefficient surrogate,0.0,-0.5999081134796143,98949.40625,deeponet,surrogate estimate; validate top designs with OpenFOAM,18.155333571769972,0.42479377746582,0.0,0012,0.1068952102661132
4.388360977172855,0.008988145573950224,0.022548861801624298,0.15347718011284617,18.17926374652712,0.40993988513946533,500000.0,continuous_22,22,continuous_naca,direct OpenFOAM-coefficient surrogate,0.0,-0.5810902118682861,98951.515625,deeponet,surrogate estimate; validate top designs with OpenFOAM,18.17926374652712,0.4158884048461913,0.0,0012,0.10485071182250971
4.287228965759283,0.005569519308424673,0.022096849977970123,0.10467990297560029,18.19417565412808,0.4020521640777588,500000.0,continuous_23,23,continuous_naca,direct OpenFOAM-coefficient surrogate,0.0,-0.5672833919525146,98952.8359375,deeponet,surrogate estimate; validate top designs with OpenFOAM,18.19417565412808,0.4130513572692871,0.0,0012,0.1010729427337646
4.43043432235718,0.0001056238125902413,0.0229848213493824,0.02665184686466587,18.184720822480113,0.4179907441139221,500000.0,continuous_24,24,continuous_naca,direct OpenFOAM-coefficient surrogate,0.0,-0.579998254776001,98951.1015625,deeponet,surrogate estimate; validate top designs with OpenFOAM,18.184720822480113,0.4175407314300533,0.0,0012,0.09884979915618891
4.279009103775028,0.004659640887699065,0.022066310048103333,0.09050307328580519,18.19598194836197,0.40153637528419495,500000.0,continuous_25,25,continuous_naca,direct OpenFOAM-coefficient surrogate,0.0,-0.5660011768341064,98952.9453125,deeponet,surrogate estimate; validate top designs with OpenFOAM,18.19598194836197,0.4067443323135375,0.0,0012,0.10056097269058223
4.142484831810002,1.4472381239760274e-05,0.021406184881925583,0.023510527216949965,18.197878458745837,0.3895653486251831,500000.0,continuous_26,26,continuous_naca,direct OpenFOAM-coefficient surrogate,0.0,-0.5495844483375549,98954.640625,deeponet,surrogate estimate; validate top designs with OpenFOAM,18.197878458745837,0.3977196097373964,0.0,0012,0.09739385390281674
4.093715417385106,-8.056172578784137e-05,0.02117464318871498,0.034861199592418644,18.198038713971087,0.3853551745414734,500000.0,continuous_27,27,continuous_naca,direct OpenFOAM-coefficient surrogate,0.0,-0.5437560677528381,98955.234375,deeponet,surrogate estimate; validate top designs with OpenFOAM,18.198038713971087,0.4151635396480561,0.0,0012,0.0961921724081039
3.8710418760776584,0.0005629640691593431,0.020131148397922516,0.03585515643789139,18.172926094363643,0.3658600449562073,500000.0,continuous_28,28,continuous_naca,direct OpenFOAM-coefficient surrogate,0.0,-0.5179724097251892,98957.875,deeponet,surrogate estimate; validate top designs with OpenFOAM,18.172926094363643,0.4176671844720843,0.0,0012,0.09096794611215586
4.071524053812033,0.000634431654868469,0.0212869755923748,0.04796481465554427,18.24468685338085,0.38839244842529297,500000.0,continuous_29,29,continuous_naca,direct OpenFOAM-coefficient surrogate,0.0,-0.5364223122596741,98955.4609375,deeponet,surrogate estimate; validate top designs with OpenFOAM,18.24468685338085,0.39940973818302167,0.0,0012,0.08840538507699963
3.904582223296174,0.002794223940756566,0.020687691867351532,0.07698171565015664,18.289526506284048,0.37838637828826904,500000.0,continuous_30,30,continuous_naca,direct OpenFOAM-coefficient surrogate,0.0,-0.5154483914375305,98957.21875,deeponet,surrogate estimate; validate top designs with OpenFOAM,18.289526506284048,0.387950666844845,0.0,0012,0.07843357810378071
3.783571396768102,0.0008370436468239512,0.01975907012820244,0.0489827096149898,18.17114747918149,0.35906314849853516,500000.0,continuous_31,31,continuous_naca,direct OpenFOAM-coefficient surrogate,0.0,-0.5074527263641357,98958.8515625,deeponet,surrogate estimate; validate top designs with OpenFOAM,18.17114747918149,0.3894018553197389,0.0,0012,0.08769647441804407
4.26871859095991,2.3236240647856276e-05,0.02214873395860195,0.036299358146970634,18.212038529462742,0.4033918082714081,500000.0,continuous_32,32,continuous_naca,direct OpenFOAM-coefficient surrogate,0.0,-0.5613171458244324,98953.109375,deeponet,surrogate estimate; validate top designs with OpenFOAM,18.212038529462742,0.41050601240247475,0.0,0012,0.0960614679716527
3.9175215659663127,0.0013864883363878919,0.020607274025678635,0.04884761184446909,18.262078887631628,0.37634992599487305,500000.0,continuous_33,33,continuous_naca,direct OpenFOAM-coefficient surrogate,0.0,-0.5184025764465332,98957.1796875,deeponet,surrogate estimate; validate top designs with OpenFOAM,18.262078887631628,0.392618557047099,0.0,0012,0.08296759345941243
3.9497840669937503,0.002547735777030561,0.020908383652567863,0.0657489312261366,18.28520728977598,0.3823324143886566,500000.0,continuous_34,34,continuous_naca,direct OpenFOAM-coefficient surrogate,0.0,-0.520258903503418,98956.7265625,deeponet,surrogate estimate; validate top designs with OpenFOAM,18.28520728977598,0.4053997782338411,0.0,0012,0.07943355206865813
3.926587806222969,0.006932454645104186,0.02104899287223816,0.1356528380987526,18.313764081808745,0.3855046033859253,500000.0,continuous_35,35,continuous_naca,direct OpenFOAM-coefficient surrogate,0.0,-0.516119658946991,98956.7734375,deeponet,surrogate estimate; validate top designs with OpenFOAM,18.313764081808745,0.3830739676160738,0.0,0012,0.07225592339364809
3.8430240006419005,0.00804904751710243,0.02107095718383789,0.15157431543646122,18.351274120002188,0.38669726252555847,500000.0,continuous_36,36,continuous_naca,direct OpenFOAM-coefficient surrogate,0.0,-0.508068323135376,98957.1796875,deeponet,surrogate estimate; validate top designs with OpenFOAM,18.351274120002188,0.3670291816000828,0.0,0012,0.06028779888642016
3.5387373374891586,0.006710046335009891,0.01929657533764839,0.13885432972922535,18.393586442408633,0.3549516201019287,500000.0,continuous_37,37,continuous_naca,direct OpenFOAM-coefficient surrogate,0.0,-0.47787970304489136,98960.4140625,deeponet,surrogate estimate; validate top designs with OpenFOAM,18.393586442408633,0.3659930794604592,0.0,0012,0.06
3.1737467107537825,0.005442725179312729,0.01737990230321884,0.1277175634461239,18.20236838889961,0.3163735866546631,500000.0,continuous_38,38,continuous_naca,direct OpenFOAM-coefficient surrogate,0.0,-0.443472295999527,98964.28125,deeponet,surrogate estimate; validate top designs with OpenFOAM,18.20236838889961,0.34373661298945146,0.0,0012,0.06
3.7005422482441794,0.007314287488693231,0.020226001739501953,0.14374237077978727,18.390130916853323,0.37197721004486084,500000.0,continuous_39,39,continuous_naca,direct OpenFOAM-coefficient surrogate,0.0,-0.4934656620025635,98958.6875,deeponet,surrogate estimate; validate top designs with OpenFOAM,18.390130916853323,0.3705677960225151,0.0,0012,0.06
3.5436588378419565,0.006728374217267823,0.019324183464050293,0.1390009924249103,18.39389431923507,0.3554653823375702,500000.0,continuous_40,40,continuous_naca,direct OpenFOAM-coefficient surrogate,0.0,-0.47835057973861694,98960.359375,deeponet,surrogate estimate; validate top designs with OpenFOAM,18.39389431923507,0.34037058373011,0.0,0012,0.06
3.3405962232660595,0.006005443766613288,0.018226422369480133,0.13281856207215115,18.32644374294437,0.33404383063316345,500000.0,continuous_41,41,continuous_naca,direct OpenFOAM-coefficient surrogate,0.0,-0.4590771198272705,98962.515625,deeponet,surrogate estimate; validate top designs with OpenFOAM,18.32644374294437,0.3078559864782444,0.0,0012,0.06
3.408398988812424,0.006242085413859813,0.018583325669169426,0.13489350500701758,18.35998076951365,0.3412078619003296,500000.0,continuous_42,42,continuous_naca,direct OpenFOAM-coefficient surrogate,0.0,-0.46547725796699524,98961.796875,deeponet,surrogate estimate; validate top designs with OpenFOAM,18.35998076951365,0.3340296535617385,0.0,0012,0.06
3.252644705551959,0.0057050493580557814,0.01777440682053566,0.13013314175561735,18.269168365363328,0.3247418999671936,500000.0,continuous_43,43,continuous_naca,direct OpenFOAM-coefficient surrogate,0.0,-0.4508261978626251,98963.4453125,deeponet,surrogate estimate; validate top designs with OpenFOAM,18.269168365363328,0.33845137478732856,0.0,0012,0.06
3.695429176869415,0.007398808739244776,0.020189808681607246,0.14481037355881043,18.390393155886272,0.37131690979003906,500000.0,continuous_44,44,continuous_naca,direct OpenFOAM-coefficient surrogate,0.0,-0.4929567575454712,98958.75,deeponet,surrogate estimate; validate top designs with OpenFOAM,18.390393155886272,0.35988472989689424,0.0,0012,0.06014389944321008
3.8307848114099308,0.007926027287905948,0.021005958318710327,0.14885983148236204,18.355528948506365,0.38559383153915405,500000.0,continuous_45,45,continuous_naca,direct OpenFOAM-coefficient surrogate,0.0,-0.5068521499633789,98957.3046875,deeponet,surrogate estimate; validate top designs with OpenFOAM,18.355528948506365,0.3843784409932507,0.0,0012,0.06007194972160504
3.5139954444618007,0.006716919119659573,0.019157711416482925,0.13921312621125428,18.389792326756908,0.3523247241973877,500000.0,continuous_46,46,continuous_naca,direct OpenFOAM-coefficient surrogate,0.0,-0.4755133390426636,98960.6796875,deeponet,surrogate estimate; validate top designs with OpenFOAM,18.389792326756908,0.34661685041961654,0.0,0012,0.06001798743040126
3.725188355760554,0.007510870089051654,0.020369280129671097,0.14564545970731313,18.385597203031285,0.3745197653770447,500000.0,continuous_47,47,continuous_naca,direct OpenFOAM-coefficient surrogate,0.0,-0.4959713816642761,98958.4296875,deeponet,surrogate estimate; validate top designs with OpenFOAM,18.385597203031285,0.3717912441353727,0.0,0012,0.06005396229120378
3.5667936722864892,0.006911622994871368,0.01945340633392334,0.1408259301551397,18.395980888965095,0.35788288712501526,500000.0,continuous_48,48,continuous_naca,direct OpenFOAM-coefficient surrogate,0.0,-0.4805643558502197,98960.1171875,deeponet,surrogate estimate; validate top designs with OpenFOAM,18.395980888965095,0.3529104488485556,0.0,0012,0.060026981145601885
3.4717672639993307,0.006564938255677755,0.01892339624464512,0.1379590035153999,18.378680932782117,0.3478054404258728,500000.0,continuous_49,49,continuous_naca,direct OpenFOAM-coefficient surrogate,0.0,-0.47148194909095764,98961.125,deeponet,surrogate estimate; validate top designs with OpenFOAM,18.378680932782117,0.3390116249454944,0.0,0012,0.06008544029440599
3.6433485021829672,0.007198491752871262,0.01989114284515381,0.1431502048775947,18.39671625239796,0.3659501075744629,500000.0,continuous_50,50,continuous_naca,direct OpenFOAM-coefficient surrogate,0.0,-0.4879298508167267,98959.296875,deeponet,surrogate estimate; validate top designs with OpenFOAM,18.39671625239796,0.36267875325325993,0.0,0012,0.060021360073601496
3.4508399980308715,0.006392563714901695,0.018812324851751328,0.13618410588027285,18.374109508719574,0.34567809104919434,500000.0,continuous_51,51,continuous_naca,direct OpenFOAM-coefficient surrogate,0.0,-0.46950119733810425,98961.34375,deeponet,surrogate estimate; validate top designs with OpenFOAM,18.374109508719574,0.351091702749298,0.0,0012,0.06
3.634281882159779,0.007163899760793952,0.01983645372092724,0.14290581170742653,18.39708751338415,0.36495137214660645,500000.0,continuous_52,52,continuous_naca,direct OpenFOAM-coefficient surrogate,0.0,-0.48704972863197327,98959.3984375,deeponet,surrogate estimate; validate top designs with OpenFOAM,18.39708751338415,0.3576864731099952,0.0,0012,0.06007799237400546
3.655304109746438,0.007243606815746351,0.01995859108865261,0.1435377024366499,18.39576928023464,0.3671720325946808,500000.0,continuous_53,53,continuous_naca,direct OpenFOAM-coefficient surrogate,0.0,-0.4890804886817932,98959.171875,deeponet,surrogate estimate; validate top designs with OpenFOAM,18.39576928023464,0.34083005001050115,0.0,0012,0.06006316679660442
3.706205245345881,0.007439347788490965,0.02025521546602249,0.14510640269461655,18.388777459380403,0.37248703837394714,500000.0,continuous_54,54,continuous_naca,direct OpenFOAM-coefficient surrogate,0.0,-0.4940146207809448,98958.6328125,deeponet,surrogate estimate; validate top designs with OpenFOAM,18.388777459380403,0.3666822788810459,0.0,0012,0.060094750194906635
3.5842954397179376,0.006975738156018319,0.019552452489733696,0.14134752018598104,18.397470143392884,0.35973405838012695,500000.0,continuous_55,55,continuous_naca,direct OpenFOAM-coefficient surrogate,0.0,-0.4822441637516022,98959.9296875,deeponet,surrogate estimate; validate top designs with OpenFOAM,18.397470143392884,0.34694850751784395,0.0,0012,0.060023687548726654
3.5590556384271492,0.0068824191453638345,0.01941043883562088,0.14058151862334808,18.395052656805444,0.35707443952560425,500000.0,continuous_56,56,continuous_naca,direct OpenFOAM-coefficient surrogate,0.0,-0.47982388734817505,98960.1953125,deeponet,surrogate estimate; validate top designs with OpenFOAM,18.395052656805444,0.3692820413543262,0.0,0012,0.06001184377436333
3.6312419919166157,0.007153037060436302,0.019819915294647217,0.14280256317926174,18.397331444731726,0.36465194821357727,500000.0,continuous_57,57,continuous_naca,direct OpenFOAM-coefficient surrogate,0.0,-0.4867592751979828,98959.4296875,deeponet,surrogate estimate; validate top designs with OpenFOAM,18.397331444731726,0.3479430478464574,0.0,0012,0.06005033604104415
3.6797902357021606,0.007337005234679579,0.020101629197597504,0.1442785520783537,18.393156144607946,0.3697507977485657,500000.0,continuous_58,58,continuous_naca,direct OpenFOAM-coefficient surrogate,0.0,-0.4914490282535553,98958.9140625,deeponet,surrogate estimate; validate top designs with OpenFOAM,18.393156144607946,0.35471794201522255,0.0,0012,0.060059706873086996
3.595042813140407,0.00701679354060317,0.019612863659858704,0.14169417942212406,18.397680098487047,0.3608495891094208,500000.0,continuous_59,59,continuous_naca,direct OpenFOAM-coefficient surrogate,0.0,-0.4832756519317627,98959.8125,deeponet,surrogate estimate; validate top designs with OpenFOAM,18.397680098487047,0.35336232214022234,0.0,0012,0.06003516257747316
3.579082561284403,0.006956895278270448,0.019521091133356094,0.14121803093058743,18.39681964273376,0.359144389629364,500000.0,continuous_60,60,continuous_naca,direct OpenFOAM-coefficient surrogate,0.0,-0.4817390441894531,98959.984375,deeponet,surrogate estimate; validate top designs with OpenFOAM,18.39681964273376,0.3402914220539994,0.0,0012,0.06007222919702322
3.5951490465090448,0.007017401874957072,0.019612552598118782,0.1417094949134181,18.397462852600732,0.3608396053314209,500000.0,continuous_61,61,continuous_naca,direct OpenFOAM-coefficient surrogate,0.0,-0.4832836389541626,98959.8125,deeponet,surrogate estimate; validate top designs with OpenFOAM,18.397462852600732,0.3458882548538145,0.0,0012,0.06005951191616778
3.568582763482224,0.006917953577929369,0.019464369863271713,0.14086722669871435,18.39615631364635,0.3580879867076874,500000.0,continuous_62,62,continuous_naca,direct OpenFOAM-coefficient surrogate,0.0,-0.4807378649711609,98960.09375,deeponet,surrogate estimate; validate top designs with OpenFOAM,18.39615631364635,0.33938459306917385,0.0,0012,0.06000635666770042
3.6178571024903903,0.007102281661712916,0.01974254846572876,0.1424014146166731,18.3976974499388,0.36323583126068115,500000.0,continuous_63,63,continuous_naca,direct OpenFOAM-coefficient surrogate,0.0,-0.4854685068130493,98959.5703125,deeponet,surrogate estimate; validate top designs with OpenFOAM,18.3976974499388,0.3531110030997898,0.0,0012,0.060060083447429205
3.5649302090122736,0.006904436905318438,0.01944246143102646,0.14077640382834133,18.39557152329559,0.3576735854148865,500000.0,continuous_64,64,continuous_naca,direct OpenFOAM-coefficient surrogate,0.0,-0.48038449883461,98960.1328125,deeponet,surrogate estimate; validate top designs with OpenFOAM,18.39557152329559,0.3517119959593779,0.0,0012,0.06003888670385425
3.61466404619053,0.007090640632570667,0.019724592566490173,0.14229679870629103,18.397897807257838,0.3629094362258911,500000.0,continuous_65,65,continuous_naca,direct OpenFOAM-coefficient surrogate,0.0,-0.48516225814819336,98959.609375,deeponet,surrogate estimate; validate top designs with OpenFOAM,18.397897807257838,0.3488852848746875,0.0,0012,0.06004747370674668
3.610780654260587,0.00707540482852524,0.019703414291143417,0.142160535596797,18.39790084146686,0.36251986026763916,500000.0,continuous_66,66,continuous_naca,direct OpenFOAM-coefficient surrogate,0.0,-0.48479053378105164,98959.6484375,deeponet,surrogate estimate; validate top designs with OpenFOAM,18.39790084146686,0.3552653039624573,0.0,0012,0.06002369172402006
3.618596458136359,0.007103326838688583,0.01974889449775219,0.14237962764421674,18.398076869933195,0.36336007714271545,500000.0,continuous_67,67,continuous_naca,direct OpenFOAM-coefficient surrogate,0.0,-0.48554477095603943,98959.5625,deeponet,surrogate estimate; validate top designs with OpenFOAM,18.398076869933195,0.3599538285167786,0.0,0012,0.06000578162794619
3.638784770260905,0.007181614633795788,0.01986364834010601,0.14302934581241059,18.3966504213869,0.36544299125671387,500000.0,continuous_68,68,continuous_naca,direct OpenFOAM-coefficient surrogate,0.0,-0.48748666048049927,98959.3515625,deeponet,surrogate estimate; validate top designs with OpenFOAM,18.3966504213869,0.36070771179789524,0.0,0012,0.06005056313107096
3.5979177723536795,0.007025949753018313,0.01962946727871895,0.14176859427626945,18.397754780866332,0.36115652322769165,500000.0,continuous_69,69,continuous_naca,direct OpenFOAM-coefficient surrogate,0.0,-0.483552485704422,98959.78125,deeponet,surrogate estimate; validate top designs with OpenFOAM,18.397754780866332,0.35038830858785674,0.0,0012,0.060030406444312734
3.629474876445072,0.0071453917574627775,0.0198102667927742,0.14273707749072986,18.397456507280527,0.36447691917419434,500000.0,continuous_70,70,continuous_naca,direct OpenFOAM-coefficient surrogate,0.0,-0.48659011721611023,98959.4453125,deeponet,surrogate estimate; validate top designs with OpenFOAM,18.397456507280527,0.3528068903993341,0.0,0012,0.06003671003574423
3.603650828966573,0.00704888587407755,0.019662119448184967,0.14195053164388385,18.39784111192129,0.3617589473724365,500000.0,continuous_71,71,continuous_naca,direct OpenFOAM-coefficient surrogate,0.0,-0.4841034412384033,98959.7265625,deeponet,surrogate estimate; validate top designs with OpenFOAM,18.39784111192129,0.3532234642050003,0.0,0012,0.060035549442040925
3.5995574503331813,0.0069337666281483416,0.019640088081359863,0.14068814972987834,18.39798921100387,0.3613565266132355,500000.0,continuous_72,72,continuous_naca,direct OpenFOAM-coefficient surrogate,0.0,-0.4837131202220917,98959.765625,deeponet,surrogate estimate; validate top designs with OpenFOAM,18.39798921100387,0.3531144399923717,0.0,0012,0.06
4.0,0.011713506468143757,0.02535395510494709,0.22672545004368128,23.16174069361948,0.587264895439148,500000.0,continuous_1,1,continuous_naca,direct OpenFOAM-coefficient surrogate,0.02,-0.8785058856010437,98927.5078125,deeponet,surrogate estimate; validate top designs with OpenFOAM,23.16174069361948,0.4,0.0,2412,0.12
4.0,0.012008493347895822,0.025492390617728233,0.24980021564956667,23.48814415146117,0.5987924337387085,500000.0,continuous_2,2,continuous_naca,direct OpenFOAM-coefficient surrogate,0.021,-0.889269232749939,98925.71875,deeponet,surrogate estimate; validate top designs with OpenFOAM,23.48814415146117,0.4,0.0,2412,0.12
4.0,0.011282512496752531,0.024960897862911224,0.22490906187336465,23.381692636499526,0.5836514234542847,500000.0,continuous_3,3,continuous_naca,direct OpenFOAM-coefficient surrogate,0.02,-0.8497175574302673,98926.3203125,deeponet,surrogate estimate; validate top designs with OpenFOAM,23.381692636499526,0.42000000000000004,0.0,2412,0.12
4.0,0.01418650518540716,0.025619864463806152,0.2554779797007561,22.854325124004514,0.5855475664138794,500000.0,continuous_4,4,continuous_naca,direct OpenFOAM-coefficient surrogate,0.02,-0.8956412076950073,98925.8203125,deeponet,surrogate estimate; validate top designs with OpenFOAM,22.854325124004514,0.4,0.0,2412,0.126
4.2,0.012465281722920092,0.026288006454706192,0.23086324509503914,23.061366732761233,0.6062604188919067,500000.0,continuous_5,5,continuous_naca,direct OpenFOAM-coefficient surrogate,0.02,-0.8978222012519836,98925.484375,deeponet,surrogate estimate; validate top designs with OpenFOAM,23.061366732761233,0.4,0.0,2412,0.12
4.1,0.00901036162532851,0.025416795164346695,0.19520441557945814,23.69922567912646,0.6023820638656616,500000.0,continuous_6,6,continuous_naca,direct OpenFOAM-coefficient surrogate,0.0205,-0.8610743284225464,98926.2265625,deeponet,surrogate estimate; validate top designs with OpenFOAM,23.69922567912646,0.41000000000000003,0.0,2412,0.11399999999999999
4.149999999999999,0.004221308722994436,0.025422241538763046,0.1311277793191764,24.040482023871327,0.6111869812011719,500000.0,continuous_7,7,continuous_naca,direct OpenFOAM-coefficient surrogate,0.020749999999999998,-0.8516814708709717,98926.4453125,deeponet,surrogate estimate; validate top designs with OpenFOAM,24.040482023871327,0.41500000000000004,0.0,2412,0.10799999999999998
3.874999999999999,0.00874117916632462,0.02425096556544304,0.19862154875627486,24.04228968532075,0.5830727815628052,500000.0,continuous_8,8,continuous_naca,direct OpenFOAM-coefficient surrogate,0.020875,-0.8317440152168274,98927.65625,deeponet,surrogate estimate; validate top designs with OpenFOAM,24.04228968532075,0.4175000000000001,0.0,2412,0.11399999999999999
3.7124999999999986,0.007477046293274234,0.023283250629901886,0.17178167617916074,24.496999565883616,0.5703942775726318,500000.0,continuous_9,9,continuous_naca,direct OpenFOAM-coefficient surrogate,0.021312500000000005,-0.8015710711479187,98929.3046875,deeponet,surrogate estimate; validate top designs with OpenFOAM,24.496999565883616,0.42625000000000024,0.0,2412,0.11099999999999999
3.9312499999999986,0.005879417288329214,0.024165768176317215,0.18313569416144646,24.52935570346188,0.5927952527999878,500000.0,continuous_10,10,continuous_naca,direct OpenFOAM-coefficient surrogate,0.021531250000000005,-0.8150971531867981,98926.53125,deeponet,surrogate estimate; validate top designs with OpenFOAM,24.52935570346188,0.43062500000000015,0.0,2412,0.10949999999999999
3.896874999999998,0.0011994510226658107,0.023680157959461212,0.09150055130079243,25.055014422154144,0.5933317542076111,500000.0,continuous_11,11,continuous_naca,direct OpenFOAM-coefficient surrogate,0.022296875000000008,-0.7915792465209961,98926.7734375,deeponet,surrogate estimate; validate top designs with OpenFOAM,25.055014422154144,0.4459375000000001,0.0,2412,0.10424999999999995
3.8796874999999975,0.0016230734424959206,0.023920699954032898,0.08788609776717882,25.317466411753227,0.6056368350982666,500000.0,continuous_12,12,continuous_naca,direct OpenFOAM-coefficient surrogate,0.022679687500000007,-0.8192683458328247,98926.859375,deeponet,surrogate estimate; validate top designs with OpenFOAM,25.317466411753227,0.4235937500000001,0.0,2412,0.10162499999999997
3.819531249999997,0.001779171149919567,0.02346777357161045,0.09149696610357344,26.303466811791413,0.617310106754303,500000.0,continuous_13,13,continuous_naca,direct OpenFOAM-coefficient surrogate,0.02401953125000001,-0.8146399259567261,98926.8203125,deeponet,surrogate estimate; validate top designs with OpenFOAM,26.303466811791413,0.42539062500000013,0.0,2412,0.09243749999999995
3.789453124999996,5.2880528161072733e-05,0.022806644439697266,0.11722576788537273,25.893110314075532,0.5905608534812927,500000.0,continuous_14,14,continuous_naca,direct OpenFOAM-coefficient surrogate,0.023189453125000013,-0.7497274875640869,98930.3828125,deeponet,surrogate estimate; validate top designs with OpenFOAM,25.893110314075532,0.45628906250000023,0.0,2412,0.08784374999999994
3.4591796874999963,0.0008884491206279599,0.021384578198194504,0.09569883840685633,26.596777056362086,0.5687874555587769,500000.0,continuous_15,15,continuous_naca,direct OpenFOAM-coefficient surrogate,0.024659179687500025,-0.724246621131897,98932.046875,deeponet,surrogate estimate; validate top designs with OpenFOAM,26.596777056362086,0.4619335937500003,0.0,2412,0.08976562499999993
3.1137695312499947,-0.001270037930758184,0.02007836103439331,0.08866882208170547,26.522752908622113,0.5325599312782288,500000.0,continuous_16,16,continuous_naca,direct OpenFOAM-coefficient surrogate,0.02661376953125004,-0.6511021256446838,98938.6171875,deeponet,surrogate estimate; validate top designs with OpenFOAM,26.522752908622113,0.4854003906250004,0.0,2412,0.08064843749999989
3.7700195312499947,0.002688281082460245,0.022866141051054,0.12944326341095852,26.855747464669847,0.6141141653060913,500000.0,continuous_17,17,continuous_naca,direct OpenFOAM-coefficient surrogate,0.02577001953125002,-0.7545135617256165,98928.84375,deeponet,surrogate estimate; validate top designs with OpenFOAM,26.855747464669847,0.4685253906250001,0.0,2412,0.07614843749999989
3.7987792968749936,0.0073763228027125885,0.023779604583978653,0.19949906121534713,26.369073624223716,0.6270725131034851,500000.0,continuous_18,18,continuous_naca,direct OpenFOAM-coefficient surrogate,0.027998779296875026,-0.7373554706573486,98931.078125,deeponet,surrogate estimate; validate top designs with OpenFOAM,26.369073624223716,0.48966308593749996,0.0,2412,0.06
3.522216796874994,0.007976807608803442,0.021733500063419342,0.2304311960677137,27.855455721443438,0.6054244041442871,500000.0,continuous_19,19,continuous_naca,direct OpenFOAM-coefficient surrogate,0.026522216796875026,-0.7442414164543152,98930.8828125,deeponet,surrogate estimate; validate top designs with OpenFOAM,27.855455721443438,0.4601318359375003,0.0,2412,0.06884765624999992
3.334887695312492,0.008047318402964257,0.021142911165952682,0.2002329771622934,28.674992139981345,0.606301486492157,500000.0,continuous_20,20,continuous_naca,direct OpenFOAM-coefficient surrogate,0.028634887695312528,-0.7327547073364258,98931.578125,deeponet,surrogate estimate; validate top designs with OpenFOAM,28.674992139981345,0.46722900390625033,0.0,2412,0.06
3.4023559570312436,0.0019661217695370495,0.021322160959243774,0.09831149418471077,28.774024993863993,0.6135531663894653,500000.0,continuous_21,21,continuous_naca,direct OpenFOAM-coefficient surrogate,0.02835235595703128,-0.7585587501525879,98928.140625,deeponet,surrogate estimate; validate top designs with OpenFOAM,28.774024993863993,0.4552502441406252,0.0,2412,0.07133203124999993
3.2088073730468665,0.00264309278545485,0.020687373355031013,0.14219530617652096,30.131024554235836,0.6233618855476379,500000.0,continuous_22,22,continuous_naca,direct OpenFOAM-coefficient surrogate,0.030933807373046913,-0.7628970742225647,98926.8046875,deeponet,surrogate estimate; validate top designs with OpenFOAM,30.131024554235836,0.4547308349609378,0.0,2412,0.06307617187499992
3.066915893554677,0.006804813680774813,0.020843371748924255,0.2067755009868155,27.2984004113309,0.5690180063247681,500000.0,continuous_23,23,continuous_naca,direct OpenFOAM-coefficient surrogate,0.030979415893554733,-0.6654815673828125,98937.1171875,deeponet,surrogate estimate; validate top designs with OpenFOAM,27.2984004113309,0.5008187866210942,0.0,2412,0.06
3.231135559082019,0.0023042599677823086,0.02144555374979973,0.14296795317780672,29.12234262347782,0.6245738863945007,500000.0,continuous_24,24,continuous_naca,direct OpenFOAM-coefficient surrogate,0.03349988555908207,-0.736443281173706,98927.203125,deeponet,surrogate estimate; validate top designs with OpenFOAM,29.12234262347782,0.483718414306641,0.0,2412,0.06
2.650853729248033,-0.0016776532931869444,0.01983536034822464,0.11373553166957259,29.53686125328634,0.5859038233757019,500000.0,continuous_25,25,continuous_naca,direct OpenFOAM-coefficient surrogate,0.0362539787292481,-0.6884381771087646,98930.1484375,deeponet,surrogate estimate; validate top designs with OpenFOAM,29.53686125328634,0.48472312927246153,0.0,2412,0.06
3.1459262847900282,0.0007188599426364814,0.020636621862649918,0.11528173084153741,31.48347412011589,0.6497440338134766,500000.0,continuous_26,26,continuous_naca,direct OpenFOAM-coefficient surrogate,0.033681863784790066,-0.7973312139511108,98921.5078125,deeponet,surrogate estimate; validate top designs with OpenFOAM,31.48347412011589,0.44438190460205107,0.0,2412,0.06153808593749996
3.185431480407704,0.000951050813073771,0.020899569615721703,0.09586725526428468,32.74285077702349,0.6843442320823669,500000.0,continuous_27,27,continuous_naca,direct OpenFOAM-coefficient surrogate,0.03503308773040774,-0.8633273243904114,98915.84375,deeponet,surrogate estimate; validate top designs with OpenFOAM,32.74285077702349,0.41616346359252954,0.0,2412,0.06230712890624995
2.80322637557982,-0.002614014881597635,0.020079880952835083,0.057631743150592545,32.91310763684273,0.6609241962432861,500000.0,continuous_28,28,continuous_naca,direct OpenFOAM-coefficient surrogate,0.039225492000579884,-0.8011499047279358,98914.5859375,deeponet,surrogate estimate; validate top designs with OpenFOAM,32.91310763684273,0.4524389171600347,0.0,2412,0.06269165039062494
2.537395715713483,-0.0013104987554635303,0.01994098722934723,0.13719253407044069,34.562406961002395,0.6892430782318115,500000.0,continuous_29,29,continuous_naca,direct OpenFOAM-coefficient surrogate,0.044520794153213555,-0.8375408053398132,98904.21875,deeponet,surrogate estimate; validate top designs with OpenFOAM,34.562406961002395,0.4450438737869269,0.0,2412,0.06403747558593742
2.560108590126025,-0.0022267453685737237,0.019325682893395424,0.0660935384015232,34.81166673706371,0.6727940440177917,500000.0,continuous_30,30,continuous_naca,direct OpenFOAM-coefficient surrogate,0.039870948433876084,-0.853529155254364,98910.6953125,deeponet,surrogate estimate; validate top designs with OpenFOAM,34.81166673706371,0.41661223649978696,0.0,2412,0.06471038818359365
2.224595105648028,0.0034499137304773143,0.019105110317468643,0.19595417329169096,36.115323902724484,0.6900233626365662,500000.0,continuous_31,31,continuous_naca,direct OpenFOAM-coefficient surrogate,0.04305647987127309,-0.9121650457382202,98905.5,deeponet,surrogate estimate; validate top designs with OpenFOAM,36.115323902724484,0.38305914759636006,0.0,2412,0.06706558227539047
2.9272611081600077,0.004095570072295976,0.021181920543313026,0.14214734463191928,34.386755661415826,0.7284119129180908,500000.0,continuous_32,32,continuous_naca,direct OpenFOAM-coefficient surrogate,0.040518105834722554,-0.9706557393074036,98907.3359375,deeponet,surrogate estimate; validate top designs with OpenFOAM,34.386755661415826,0.3647755306959156,0.0,2412,0.06824317932128887
2.2285343319177446,0.0003492126717726448,0.020209040492773056,0.08203953678780172,38.06281874816795,0.7692511081695557,500000.0,continuous_33,33,continuous_naca,direct OpenFOAM-coefficient surrogate,0.05063042642176157,-1.0427221059799194,98889.1328125,deeponet,surrogate estimate; validate top designs with OpenFOAM,38.06281874816795,0.3497901728749283,0.0,2412,0.06775051116943342
1.7383978113531846,0.0038729055306267876,0.0209395419806242,0.06537863751728915,39.125878556073005,0.819317102432251,500000.0,continuous_34,34,continuous_naca,direct OpenFOAM-coefficient surrogate,0.0604787359461189,-1.1191763877868652,98886.6015625,deeponet,surrogate estimate; validate top designs with OpenFOAM,39.125878556073005,0.2973198418319236,0.0,2412,0.07008768081665018
1.5283933900296471,-0.002062782756274388,0.019981928169727325,0.03715337728788002,39.83200966101698,0.7959601879119873,500000.0,continuous_35,35,continuous_naca,direct OpenFOAM-coefficient surrogate,0.059253970172256296,-1.077301025390625,98883.1875,deeponet,surrogate estimate; validate top designs with OpenFOAM,39.83200966101698,0.3289357333630336,0.0,2412,0.07240983009338353
0.6998743448406186,0.00483993821522651,0.02049858868122101,0.21792719624833015,41.02045464311307,0.8409024477005005,500000.0,continuous_36,36,continuous_naca,direct OpenFOAM-coefficient surrogate,0.07136441139318059,-1.1907850503921509,98872.234375,deeponet,surrogate estimate; validate top designs with OpenFOAM,41.02045464311307,0.28532186824828565,0.0,2412,0.07746118068695032
0.6728703806176495,-0.002873283025047366,0.019856959581375122,0.38146837175883835,41.06972489221471,0.8155609369277954,500000.0,continuous_37,37,continuous_naca,direct OpenFOAM-coefficient surrogate,0.0691921048471705,-1.0771247148513794,98866.453125,deeponet,surrogate estimate; validate top designs with OpenFOAM,41.06972489221471,0.3405968350358325,0.0,2412,0.07108278036117532
-0.45432498315352987,0.007249000805342798,0.021590834483504295,-0.05857394730451762,39.17149450092511,0.8457844257354736,500000.0,continuous_38,38,continuous_naca,direct OpenFOAM-coefficient surrogate,0.08352910435339447,-1.0912283658981323,98857.21875,deeponet,surrogate estimate; validate top designs with OpenFOAM,39.17149450092511,0.3285074872057909,0.0,2412,0.07250258088111855
0.13047310551625735,0.008290311182907462,0.02190408483147621,-0.06299542373513788,37.73561569228143,0.8266018629074097,500000.0,continuous_39,39,continuous_naca,direct OpenFOAM-coefficient surrogate,0.07752507187565799,-1.1651644706726074,98893.3125,deeponet,surrogate estimate; validate top designs with OpenFOAM,37.73561569228143,0.20810497256927407,0.0,2412,0.07881113648414573
-0.603787284484173,0.006221318117234215,0.022370532155036926,0.15970627685345304,39.08970441138673,0.874496579170227,500000.0,continuous_40,40,continuous_naca,direct OpenFOAM-coefficient surrogate,0.09,-1.278602123260498,98877.609375,deeponet,surrogate estimate; validate top designs with OpenFOAM,39.08970441138673,0.1826126112462978,0.0,2412,0.08165580689907029
1.1232045206473824,0.0010214573627323827,0.02005789242684841,0.35957595152817484,41.64179499218463,0.8352882862091064,500000.0,continuous_41,41,continuous_naca,direct OpenFOAM-coefficient surrogate,0.067992554217577,-1.0875496864318848,98863.9765625,deeponet,surrogate estimate; validate top designs with OpenFOAM,41.64179499218463,0.34482060561189565,0.0,2412,0.07133258789777733
1.619570228212945,-0.004844445950297051,0.02081601694226265,0.09298759379325151,37.818175747576014,0.7872616052627563,500000.0,continuous_42,42,continuous_naca,direct OpenFOAM-coefficient surrogate,0.0632262953885365,-0.9812700748443604,98867.421875,deeponet,surrogate estimate; validate top designs with OpenFOAM,37.818175747576014,0.41317842213320644,0.0,2412,0.06759331360459314
2.7209608132135905,-0.0019891788910333195,0.020516343414783478,0.11860496144173831,34.09938683640432,0.6996288299560547,500000.0,continuous_43,43,continuous_naca,direct OpenFOAM-coefficient surrogate,0.0445139032020235,-0.8416240811347961,98903.65625,deeponet,surrogate estimate; validate top designs with OpenFOAM,34.09938683640432,0.45141696411767085,0.0,2412,0.06332630798220629
0.22739973994026796,0.005784799880353191,0.020855922251939774,-0.18606363651071262,41.44269215602216,0.8643670082092285,500000.0,continuous_44,44,continuous_naca,direct OpenFOAM-coefficient surrogate,0.07862847580050587,-1.1618810892105103,98879.1171875,deeponet,surrogate estimate; validate top designs with OpenFOAM,41.44269215602216,0.24981369946414106,0.0,2412,0.0770734321698543
-0.37672331833022543,-0.011402404811704842,0.021292008459568024,-0.11074404347130945,40.15665748046774,0.8550560474395752,500000.0,continuous_45,45,continuous_naca,direct OpenFOAM-coefficient surrogate,0.08311003718309808,-1.1265314817428589,98857.8125,deeponet,surrogate estimate; validate top designs with OpenFOAM,40.15665748046774,0.3129566623481539,0.0,2412,0.07838730974122846
0.15205696409062708,-0.0042917729786545065,0.020396694540977478,-0.11017116812139745,41.813117900551795,0.852891206741333,500000.0,continuous_46,46,continuous_naca,direct OpenFOAM-coefficient surrogate,0.07745221187385329,-1.1614973545074463,98860.453125,deeponet,surrogate estimate; validate top designs with OpenFOAM,41.813117900551795,0.3090474572190963,0.0,2412,0.0763124025100839
0.3878914578073449,0.0002546340488145771,0.020436033606529236,-0.04454536912315319,41.135542623816654,0.8406884670257568,500000.0,continuous_47,47,continuous_naca,direct OpenFOAM-coefficient surrogate,0.07526826197637274,-1.1090350151062012,98855.5390625,deeponet,surrogate estimate; validate top designs with OpenFOAM,41.135542623816654,0.33681743041719714,0.0,2412,0.0704394207824951
0.27240596062516176,0.012310467855972678,0.02058001607656479,-0.2633895754224051,43.137030205894746,0.8878039121627808,500000.0,continuous_48,48,continuous_naca,direct OpenFOAM-coefficient surrogate,0.08047864708698396,-1.1604996919631958,98867.6171875,deeponet,surrogate estimate; validate top designs with OpenFOAM,43.137030205894746,0.27965276132033257,0.0,2412,0.07649614131892998
0.07217375062891795,-0.003992523468284618,0.021074771881103516,0.04362789479833346,43.4485826349759,0.9157124161720276,500000.0,continuous_49,49,continuous_naca,direct OpenFOAM-coefficient surrogate,0.08612191820689069,-1.2201220989227295,98862.53125,deeponet,surrogate estimate; validate top designs with OpenFOAM,43.4485826349759,0.24918072446258255,0.0,2412,0.0792028217978073
0.39952602984625285,0.0005930058399839463,0.021441292017698288,-0.15805380082071954,41.006494784798996,0.8792732357978821,500000.0,continuous_50,50,continuous_naca,direct OpenFOAM-coefficient surrogate,0.0798293180730407,-1.1866772174835205,98878.0546875,deeponet,surrogate estimate; validate top designs with OpenFOAM,41.006494784798996,0.23961381296166062,0.0,2412,0.08152120140526631
0.3908001008170719,8.196473840580004e-05,0.02028670348227024,-0.08797016709231942,42.40698008867086,0.8603402376174927,500000.0,continuous_51,51,continuous_naca,direct OpenFOAM-coefficient surrogate,0.07640852600053973,-1.1732451915740967,98856.09375,deeponet,surrogate estimate; validate top designs with OpenFOAM,42.40698008867086,0.31251652605331304,0.0,2412,0.0732098659381879
0.6417179281517317,0.002820195370169475,0.02096099779009819,-0.03976035219614658,40.33122753109903,0.8454231023788452,500000.0,continuous_52,52,continuous_naca,direct OpenFOAM-coefficient surrogate,0.07535912934892446,-1.0863862037658691,98851.875,deeponet,surrogate estimate; validate top designs with OpenFOAM,40.33122753109903,0.3579689572093027,0.0,2412,0.07295540690207392
0.3309792869931339,0.0008851982033473521,0.02046986110508442,-0.1649889239853617,42.51143858831784,0.8702457547187805,500000.0,continuous_53,53,continuous_naca,direct OpenFOAM-coefficient surrogate,0.07781113918761051,-1.1904796361923218,98872.7578125,deeponet,surrogate estimate; validate top designs with OpenFOAM,42.51143858831784,0.2768525139004315,0.0,2412,0.0760439258529092
-0.6501994693825071,0.0059906078699635545,0.02143595926463604,0.24980348422035673,41.739768716686875,0.8947737216949463,500000.0,continuous_54,54,continuous_naca,direct OpenFOAM-coefficient surrogate,0.09,-1.2435400485992432,98865.015625,deeponet,surrogate estimate; validate top designs with OpenFOAM,41.739768716686875,0.22897800520581602,0.0,2412,0.08105192015171683
-0.20684847187503463,0.004735012649927009,0.02088831178843975,-0.044710993184546195,42.70247392321271,0.8920252919197083,500000.0,continuous_55,55,continuous_naca,direct OpenFOAM-coefficient surrogate,0.08517639611704682,-1.18645441532135,98865.046875,deeponet,surrogate estimate; validate top designs with OpenFOAM,42.70247392321271,0.25793865530733595,0.0,2412,0.07862208708823196
0.14149536919141747,-0.0015598213691312313,0.021158870309591293,0.024769822269674488,43.0409890561952,0.9107417464256287,500000.0,continuous_56,56,continuous_naca,direct OpenFOAM-coefficient surrogate,0.08530677788219057,-1.2260682582855225,98867.8046875,deeponet,surrogate estimate; validate top designs with OpenFOAM,43.0409890561952,0.2391967526427351,0.0,2412,0.0772269478284843
-0.22190013334785455,0.010541990160604192,0.022113680839538574,0.18777229636362458,41.06062467192116,0.9080426096916199,500000.0,continuous_57,57,continuous_naca,direct OpenFOAM-coefficient surrogate,0.09,-1.2887834310531616,98870.96875,deeponet,surrogate estimate; validate top designs with OpenFOAM,41.06062467192116,0.19906779710322953,0.0,2412,0.08233802534552848
0.23762504227584028,-0.002187908579840038,0.0204840786755085,-0.2228228772523537,43.06201839386049,0.8821288347244263,500000.0,continuous_58,58,continuous_naca,direct OpenFOAM-coefficient surrogate,0.08000629192448719,-1.1998908519744873,98866.6171875,deeponet,surrogate estimate; validate top designs with OpenFOAM,43.06201839386049,0.2841543438157922,0.0,2412,0.07549190579002305
-0.20875644188256337,0.01273741417625363,0.02127179503440857,0.2585663245986653,43.54500705699478,0.9263240098953247,500000.0,continuous_59,59,continuous_naca,direct OpenFOAM-coefficient surrogate,0.09,-1.255703091621399,98859.1875,deeponet,surrogate estimate; validate top designs with OpenFOAM,43.54500705699478,0.23838272421379142,0.0,2412,0.07922795539936411
-0.478624306320412,0.0019378414961537453,0.021566729992628098,0.24345539841872835,41.82456780910704,0.9020609855651855,500000.0,continuous_60,60,continuous_naca,direct OpenFOAM-coefficient surrogate,0.09,-1.2612491846084595,98866.8203125,deeponet,surrogate estimate; validate top designs with OpenFOAM,41.82456780910704,0.2191478293704714,0.0,2412,0.08081997017259157
0.3281173319818408,0.0005927604437499148,0.021096980199217796,0.06222208368773911,43.946717040560976,0.9271869659423828,500000.0,continuous_61,61,continuous_naca,direct OpenFOAM-coefficient surrogate,0.08554109788973739,-1.228805422782898,98863.015625,deeponet,surrogate estimate; validate top designs with OpenFOAM,43.946717040560976,0.2475186172601147,0.0,2412,0.07695272831960742
0.5956002339102785,-0.0004105072968291487,0.021304449066519737,0.08751658223666568,44.315375299615354,0.9441589713096619,500000.0,continuous_62,62,continuous_naca,direct OpenFOAM-coefficient surrogate,0.0857234487760827,-1.2487261295318604,98862.1484375,deeponet,surrogate estimate; validate top designs with OpenFOAM,44.315375299615354,0.24230859823650408,0.0,2412,0.07611804893529517
0.2068259232748192,0.002283471011083604,0.020905593410134315,0.04944729540485912,44.152257312810775,0.9230732917785645,500000.0,continuous_63,63,continuous_naca,direct OpenFOAM-coefficient surrogate,0.08561905157153973,-1.2008699178695679,98858.4921875,deeponet,surrogate estimate; validate top designs with OpenFOAM,44.152257312810775,0.2678164427216,0.0,2412,0.0777934181327605
0.09529669068988586,0.0010259605810331203,0.02178887091577053,0.25080290263957117,43.00251672724293,0.9370192885398865,500000.0,continuous_64,64,continuous_naca,direct OpenFOAM-coefficient surrogate,0.09,-1.2923963069915771,98863.5390625,deeponet,surrogate estimate; validate top designs with OpenFOAM,43.00251672724293,0.2146899010014468,0.0,2412,0.08067921634259048
0.20204295437935166,0.0013441952625997974,0.020777082070708275,-0.19198390618620886,43.59031557689657,0.9057231545448303,500000.0,continuous_65,65,continuous_naca,direct OpenFOAM-coefficient surrogate,0.08343619828155774,-1.20017409324646,98864.28125,deeponet,surrogate estimate; validate top designs with OpenFOAM,43.59031557689657,0.26678823311220584,0.0,2412,0.0767887334281649
0.325682584212025,0.005974817482914881,0.02093145251274109,0.132234648309336,44.68977758715735,0.9354666471481323,500000.0,continuous_66,66,continuous_naca,direct OpenFOAM-coefficient surrogate,0.08626743110769941,-1.2211203575134277,98858.2734375,deeponet,surrogate estimate; validate top designs with OpenFOAM,44.68977758715735,0.2584672746794682,0.0,2412,0.07576125614998505
0.45243700100357853,0.008744122204138763,0.020921938121318817,0.13125974414423655,45.13343255595893,0.9443240165710449,500000.0,continuous_67,67,continuous_naca,direct OpenFOAM-coefficient surrogate,0.0863401875581038,-1.2272984981536865,98857.4375,deeponet,surrogate estimate; validate top designs with OpenFOAM,45.13343255595893,0.26311054978791093,0.0,2412,0.07404047332607394
0.9372094981665773,-0.00620777761267058,0.020801788195967674,-0.22939388045914155,44.782159341976225,0.9315937757492065,500000.0,continuous_68,68,continuous_naca,direct OpenFOAM-coefficient surrogate,0.08055944309364199,-1.2572388648986816,98858.34375,deeponet,surrogate estimate; validate top designs with OpenFOAM,44.782159341976225,0.28162918771531903,0.0,2412,0.07314238151178315
0.893993373798275,0.0020042543333087318,0.02117009274661541,0.125221530992309,45.653742719901345,0.9665396213531494,500000.0,continuous_69,69,continuous_naca,direct OpenFOAM-coefficient surrogate,0.08568486721812635,-1.2792587280273438,98855.4921875,deeponet,surrogate estimate; validate top designs with OpenFOAM,45.653742719901345,0.2606441561184611,0.0,2412,0.07375842752479149
1.2399685835077365,0.011199437525730254,0.02150631695985794,0.1690937059974656,46.29742159710191,0.9957333207130432,500000.0,continuous_70,70,continuous_naca,direct OpenFOAM-coefficient surrogate,0.08680920168641065,-1.2787877321243286,98851.8203125,deeponet,surrogate estimate; validate top designs with OpenFOAM,46.29742159710191,0.2575721176215887,0.0,2412,0.07224327457310478
1.405781735019266,0.002910995238030118,0.02156127616763115,-0.047502859215483945,45.67677188058,0.9848951697349548,500000.0,continuous_71,71,continuous_naca,direct OpenFOAM-coefficient surrogate,0.08409708898557985,-1.3012036085128784,98857.34375,deeponet,surrogate estimate; validate top designs with OpenFOAM,45.67677188058,0.2544937839590614,0.0,2412,0.069978671040368
4.0,0.002456345052556721,0.029005911201238632,0.1951168574634311,27.630142641843385,0.8014650940895081,500000.0,continuous_1,1,continuous_naca,direct OpenFOAM-coefficient surrogate,0.04,-1.119892954826355,98878.4140625,deeponet,surrogate estimate; validate top designs with OpenFOAM,27.630142641843385,0.4,0.0,4415,0.15
4.0,0.0027306860650020987,0.02907019853591919,0.18509557618300734,28.25693983850641,0.8214631080627441,500000.0,continuous_2,2,continuous_naca,direct OpenFOAM-coefficient surrogate,0.042,-1.1309057474136353,98875.015625,deeponet,surrogate estimate; validate top designs with OpenFOAM,28.25693983850641,0.4,0.0,4415,0.15
4.0,0.0032642481936036092,0.02821357548236847,0.19250498724427215,28.063184700572425,0.7917908430099487,500000.0,continuous_3,3,continuous_naca,direct OpenFOAM-coefficient surrogate,0.04,-1.083692193031311,98877.5078125,deeponet,surrogate estimate; validate top designs with OpenFOAM,28.063184700572425,0.42000000000000004,0.0,4415,0.15
4.0,0.003162896335076082,0.029563352465629578,0.14807247880704,27.047879848318626,0.7996530532836914,500000.0,continuous_4,4,continuous_naca,direct OpenFOAM-coefficient surrogate,0.04,-1.1365761756896973,98877.8046875,deeponet,surrogate estimate; validate top designs with OpenFOAM,27.047879848318626,0.4,0.0,4415,0.1575
4.2,0.002656156290128211,0.02991648018360138,0.20042224401785289,27.413257680165398,0.8201355934143066,500000.0,continuous_5,5,continuous_naca,direct OpenFOAM-coefficient surrogate,0.04,-1.139124870300293,98875.6640625,deeponet,surrogate estimate; validate top designs with OpenFOAM,27.413257680165398,0.4,0.0,4415,0.15
4.1,0.00941633613067546,0.0284649059176445,0.22759821664487473,28.69290102565626,0.8167694211006165,500000.0,continuous_6,6,continuous_naca,direct OpenFOAM-coefficient surrogate,0.041,-1.0932743549346924,98876.203125,deeponet,surrogate estimate; validate top designs with OpenFOAM,28.69290102565626,0.41000000000000003,0.0,4415,0.1425
4.149999999999999,0.013552901553549488,0.028090761974453926,0.38663094409519855,29.40075573927818,0.8259190320968628,500000.0,continuous_7,7,continuous_naca,direct OpenFOAM-coefficient surrogate,0.041499999999999995,-1.0771310329437256,98876.609375,deeponet,surrogate estimate; validate top designs with OpenFOAM,29.40075573927818,0.41500000000000004,0.0,4415,0.13499999999999995
3.874999999999999,0.007505313158540221,0.027200749143958092,0.22372444341596853,29.345036095199973,0.7982363104820251,500000.0,continuous_8,8,continuous_naca,direct OpenFOAM-coefficient surrogate,0.04175,-1.063188076019287,98877.375,deeponet,surrogate estimate; validate top designs with OpenFOAM,29.345036095199973,0.4175000000000001,0.0,4415,0.1425
4.012499999999999,0.010990661457099161,0.027275141328573227,0.24996530832651329,29.876880986753395,0.814926028251648,500000.0,continuous_9,9,continuous_naca,direct OpenFOAM-coefficient surrogate,0.042625,-1.0591284036636353,98874.546875,deeponet,surrogate estimate; validate top designs with OpenFOAM,29.876880986753395,0.42625000000000013,0.0,4415,0.13875
4.018749999999999,0.005968371991192378,0.026544328778982162,0.3139090725396511,30.796095684211455,0.8174924850463867,500000.0,continuous_10,10,continuous_naca,direct OpenFOAM-coefficient surrogate,0.043937500000000004,-1.0302491188049316,98873.875,deeponet,surrogate estimate; validate top designs with OpenFOAM,30.796095684211455,0.4393750000000003,0.0,4415,0.133125
4.021874999999998,0.008317083518910522,0.02715335786342621,0.33614017736262225,30.982184377722785,0.8413013219833374,500000.0,continuous_11,11,continuous_naca,direct OpenFOAM-coefficient surrogate,0.04459375000000001,-1.0753767490386963,98871.7890625,deeponet,surrogate estimate; validate top designs with OpenFOAM,30.982184377722785,0.4159375000000002,0.0,4415,0.13031249999999997
4.032812499999997,0.01568105681039848,0.026678338646888733,0.34028948968862055,32.38761657831934,0.8640801906585693,500000.0,continuous_12,12,continuous_naca,direct OpenFOAM-coefficient surrogate,0.046890625000000005,-1.0805710554122925,98868.6953125,deeponet,surrogate estimate; validate top designs with OpenFOAM,32.38761657831934,0.41390625000000036,0.0,4415,0.12046874999999996
4.038281249999997,0.012110801143833222,0.02573847956955433,0.25075270613350525,32.08385141881867,0.8258216381072998,500000.0,continuous_13,13,continuous_naca,direct OpenFOAM-coefficient surrogate,0.04503906250000001,-1.0131456851959229,98875.6484375,deeponet,surrogate estimate; validate top designs with OpenFOAM,32.08385141881867,0.4428906250000003,0.0,4415,0.11554687499999997
4.244921874999997,0.0025236850514434904,0.02651674672961235,0.24382926461645832,32.64988773060243,0.8658014535903931,500000.0,continuous_14,14,continuous_naca,direct OpenFOAM-coefficient surrogate,0.04693359375000001,-1.0849673748016357,98863.8125,deeponet,surrogate estimate; validate top designs with OpenFOAM,32.64988773060243,0.43808593750000047,0.0,4415,0.1095703124999999
4.429882812499995,8.328749561027898e-05,0.026922879740595818,0.09857956551336565,33.322014365308114,0.8971579074859619,500000.0,continuous_15,15,continuous_naca,direct OpenFOAM-coefficient surrogate,0.04952539062500001,-1.1017075777053833,98858.8125,deeponet,surrogate estimate; validate top designs with OpenFOAM,33.322014365308114,0.44837890625000054,0.0,4415,0.09310546874999986
4.1098632812499964,-0.004235016742383387,0.025683332234621048,0.0813175384343253,33.90663038241669,0.8708691596984863,500000.0,continuous_16,16,continuous_naca,direct OpenFOAM-coefficient surrogate,0.051196289062500025,-1.060174584388733,98860.296875,deeponet,surrogate estimate; validate top designs with OpenFOAM,33.90663038241669,0.4572753906250008,0.0,4415,0.09612304687499992
4.089794921874995,-0.0017272494583343311,0.026395615190267563,0.09985863676331547,33.543477583123995,0.8854342699050903,500000.0,continuous_17,17,continuous_naca,direct OpenFOAM-coefficient surrogate,0.056044433593750026,-1.0404194593429565,98861.03125,deeponet,surrogate estimate; validate top designs with OpenFOAM,33.543477583123995,0.4784130859375011,0.0,4415,0.07668457031249992
4.286669921874994,-0.003983823883453606,0.026212383061647415,0.10935704450260325,34.803931165689136,0.9123287796974182,500000.0,continuous_18,18,continuous_naca,direct OpenFOAM-coefficient surrogate,0.05238818359375001,-1.115168571472168,98857.6796875,deeponet,surrogate estimate; validate top designs with OpenFOAM,34.803931165689136,0.4418505859375008,0.0,4415,0.07949707031249986
4.4206298828124915,0.007506694088569712,0.026905834674835205,0.24487361635353083,35.494966810901296,0.9550572037696838,500000.0,continuous_19,19,continuous_naca,direct OpenFOAM-coefficient surrogate,0.056613525390625,-1.1583937406539917,98853.3984375,deeponet,surrogate estimate; validate top designs with OpenFOAM,35.494966810901296,0.4430883789062512,0.0,4415,0.06
4.458312988281243,0.0013871634483530136,0.026895839720964432,0.11368338843678423,35.76495896171766,0.9619643688201904,500000.0,continuous_20,20,continuous_naca,direct OpenFOAM-coefficient surrogate,0.05707385253906252,-1.173742651939392,98847.8515625,deeponet,surrogate estimate; validate top designs with OpenFOAM,35.76495896171766,0.43843383789062607,0.0,4415,0.06930175781249989
4.668328857421866,-0.0035874131611198733,0.027653969824314117,0.13586621353455294,36.93522930010973,1.0214426517486572,500000.0,continuous_21,21,continuous_naca,direct OpenFOAM-coefficient surrogate,0.06309124755859379,-1.2534949779510498,98834.6875,deeponet,surrogate estimate; validate top designs with OpenFOAM,36.93522930010973,0.4362054443359389,0.0,4415,0.06
4.781539916992179,-0.004248232338823757,0.029967650771141052,0.0813276318506797,33.302453195994026,0.9980295896530151,500000.0,continuous_22,22,continuous_naca,direct OpenFOAM-coefficient surrogate,0.06332260131835941,-1.176979422569275,98842.71875,deeponet,surrogate estimate; validate top designs with OpenFOAM,33.302453195994026,0.4785678100585954,0.0,4415,0.06
4.594358062744133,-0.00021487412873239377,0.028315238654613495,0.18792151907251203,34.31693975364069,0.971726655960083,500000.0,continuous_23,23,continuous_naca,direct OpenFOAM-coefficient surrogate,0.05921460723876957,-1.159364104270935,98849.2734375,deeponet,surrogate estimate; validate top designs with OpenFOAM,34.31693975364069,0.4624024200439466,0.0,4415,0.06
4.466707229614249,-0.0061061106053964245,0.02753165178000927,0.018919565647459627,36.60385433157697,1.0078011751174927,500000.0,continuous_24,24,continuous_naca,direct OpenFOAM-coefficient surrogate,0.06553244400024417,-1.21743643283844,98835.1484375,deeponet,surrogate estimate; validate top designs with OpenFOAM,36.60385433157697,0.4511069107055683,0.0,4415,0.06
4.965148735046373,-0.003358302425468054,0.028860928490757942,0.057253228762048816,37.69140090244532,1.0878465175628662,500000.0,continuous_25,25,continuous_naca,direct OpenFOAM-coefficient surrogate,0.07102962303161624,-1.3398696184158325,98815.2890625,deeponet,surrogate estimate; validate top designs with OpenFOAM,37.69140090244532,0.43912618637085166,0.0,4415,0.06
5.392791461944562,0.008479679303785329,0.029897848144173622,0.219975003526339,39.46032525739785,1.1798182725906372,500000.0,continuous_26,26,continuous_naca,direct OpenFOAM-coefficient surrogate,0.08094629001617434,-1.4757599830627441,98791.7578125,deeponet,surrogate estimate; validate top designs with OpenFOAM,39.46032525739785,0.4300515842437771,0.0,4415,0.06
4.87987065315245,0.00399506635675082,0.02788810059428215,0.16663541001691634,39.783572832580326,1.1095280647277832,500000.0,continuous_27,27,continuous_naca,direct OpenFOAM-coefficient surrogate,0.07387714624404909,-1.384106993675232,98809.6875,deeponet,surrogate estimate; validate top designs with OpenFOAM,39.783572832580326,0.41782373905182113,0.0,4415,0.06
5.022626948356608,0.007903387339558952,0.027778208255767822,0.19225768047979097,42.19798265674093,1.1722265481948853,500000.0,continuous_28,28,continuous_naca,direct OpenFOAM-coefficient surrogate,0.08120841574668884,-1.4628738164901733,98798.125,deeponet,surrogate estimate; validate top designs with OpenFOAM,42.19798265674093,0.39553439855575845,0.0,4415,0.06
5.354597365856151,-0.021033655450512504,0.029293112456798553,0.019722832622601747,41.884442649537924,1.2269675731658936,500000.0,continuous_29,29,continuous_naca,direct OpenFOAM-coefficient surrogate,0.08877567327022556,-1.5249712467193604,98782.8515625,deeponet,surrogate estimate; validate top designs with OpenFOAM,41.884442649537924,0.4133607900142702,0.0,4415,0.06
5.752465087175343,-0.004589305237166216,0.029840759932994843,-0.11408583874248553,42.68418383036098,1.2737711668014526,500000.0,continuous_30,30,continuous_naca,direct OpenFOAM-coefficient surrogate,0.09,-1.5863970518112183,98775.0703125,deeponet,surrogate estimate; validate top designs with OpenFOAM,42.68418383036098,0.386469197869304,0.0,4415,0.06
6.3953440159558905,-0.013661602318620427,0.03148194029927254,-0.03177622329899555,42.21327729250811,1.32899808883667,500000.0,continuous_31,31,continuous_naca,direct OpenFOAM-coefficient surrogate,0.09,-1.6999921798706055,98766.234375,deeponet,surrogate estimate; validate top designs with OpenFOAM,42.21327729250811,0.35415034145117197,0.0,4415,0.06
6.092911574244466,-0.01088081368280826,0.030709436163306236,-0.10057697825616628,42.39482891156981,1.3019636869430542,500000.0,continuous_32,32,continuous_naca,direct OpenFOAM-coefficient surrogate,0.09,-1.6397589445114136,98770.3671875,deeponet,surrogate estimate; validate top designs with OpenFOAM,42.39482891156981,0.376502541005616,0.0,4415,0.06
5.718509025871722,-0.00816564989373254,0.029243502765893936,-0.05794945277008163,43.905574716694645,1.2839967012405396,500000.0,continuous_33,33,continuous_naca,direct OpenFOAM-coefficient surrogate,0.09,-1.6393744945526123,98772.7890625,deeponet,surrogate estimate; validate top designs with OpenFOAM,43.905574716694645,0.3558818794786972,0.0,4415,0.06
5.8813678078353036,-0.008442193470021448,0.029658973217010498,-0.05422712413104563,43.92285110750637,1.302750587463379,500000.0,continuous_34,34,continuous_naca,direct OpenFOAM-coefficient surrogate,0.09,-1.6877938508987427,98777.0625,deeponet,surrogate estimate; validate top designs with OpenFOAM,43.92285110750637,0.3187970270961573,0.0,4415,0.06
6.020088342949709,0.021748106864970224,0.030177690088748932,0.09794871589036955,42.81705182613296,1.292162537574768,500000.0,continuous_35,35,continuous_naca,direct OpenFOAM-coefficient surrogate,0.08682853460311887,-1.681241750717163,98777.8515625,deeponet,surrogate estimate; validate top designs with OpenFOAM,42.81705182613296,0.3252907922491477,0.0,4415,0.06
6.850789457745803,-0.009876107819704922,0.03299909085035324,0.008566972395292673,41.444053849144446,1.3676575422286987,500000.0,continuous_36,36,continuous_naca,direct OpenFOAM-coefficient surrogate,0.09,-1.7901426553726196,98768.640625,deeponet,surrogate estimate; validate top designs with OpenFOAM,41.444053849144446,0.30799538055435405,0.0,4415,0.06
5.479667575703907,-0.006078500958201865,0.0287809818983078,0.141242823625908,42.88850749665576,1.2344162464141846,500000.0,continuous_37,37,continuous_naca,direct OpenFOAM-coefficient surrogate,0.08520777469873428,-1.5442538261413574,98785.3046875,deeponet,surrogate estimate; validate top designs with OpenFOAM,42.88850749665576,0.37364964405540735,0.0,4415,0.06
5.473882832587664,0.01610925151080181,0.028500046581029892,0.11046767920331138,43.91117885673512,1.2515145540237427,500000.0,continuous_38,38,continuous_naca,direct OpenFOAM-coefficient surrogate,0.08601815465092658,-1.6267486810684204,98785.1015625,deeponet,surrogate estimate; validate top designs with OpenFOAM,43.91117885673512,0.3256007896293922,0.0,4415,0.06
5.675038192362948,0.011166454843844584,0.029590094462037086,0.1705995262659125,42.318743727438815,1.2522579431533813,500000.0,continuous_39,39,continuous_naca,direct OpenFOAM-coefficient surrogate,0.08402723197638987,-1.668603777885437,98797.1875,deeponet,surrogate estimate; validate top designs with OpenFOAM,42.318743727438815,0.2851999286457483,0.0,4415,0.06
5.733108363472244,0.007176729830682469,0.029376065358519554,0.10353974704058845,43.37406776641794,1.274202823638916,500000.0,continuous_40,40,continuous_naca,direct OpenFOAM-coefficient surrogate,0.08850680799409746,-1.6156885623931885,98775.6328125,deeponet,surrogate estimate; validate top designs with OpenFOAM,43.37406776641794,0.3611518805634151,0.0,4415,0.06
5.263924946849851,0.014827049205313126,0.027994506061077118,0.12000168485896183,44.305427675705005,1.2403528690338135,500000.0,continuous_41,41,continuous_naca,direct OpenFOAM-coefficient surrogate,0.08803783406876028,-1.5698744058609009,98780.8125,deeponet,surrogate estimate; validate top designs with OpenFOAM,44.305427675705005,0.3643088784230383,0.0,4415,0.06
4.885843248799922,0.006881338284504498,0.027292240411043167,0.021764034315742458,44.32491933000339,1.209770679473877,500000.0,continuous_42,42,continuous_naca,direct OpenFOAM-coefficient surrogate,0.08864248380158096,-1.5049577951431274,98784.9921875,deeponet,surrogate estimate; validate top designs with OpenFOAM,44.32491933000339,0.3838179215099835,0.0,4415,0.06
5.507433550643659,-0.005384029423362968,0.028551362454891205,-0.0508851910295291,44.78021410756954,1.278580904006958,500000.0,continuous_43,43,continuous_naca,direct OpenFOAM-coefficient surrogate,0.09,-1.6548012495040894,98781.015625,deeponet,surrogate estimate; validate top designs with OpenFOAM,44.78021410756954,0.3210341653440667,0.0,4415,0.06
5.521316538113535,-0.008524460486590628,0.028781700879335403,0.012748850660060321,44.53336399153171,1.2817904949188232,500000.0,continuous_44,44,continuous_naca,direct OpenFOAM-coefficient surrogate,0.09,-1.6852675676345825,98784.34375,deeponet,surrogate estimate; validate top designs with OpenFOAM,44.53336399153171,0.2947264259883964,0.0,4415,0.06
5.141155356461031,0.005632325597653945,0.02759220451116562,0.0944547457862668,45.256199248023755,1.2487635612487793,500000.0,continuous_45,45,continuous_naca,direct OpenFOAM-coefficient surrogate,0.08882351123215629,-1.6215749979019165,98788.6640625,deeponet,surrogate estimate; validate top designs with OpenFOAM,45.256199248023755,0.3134730712263848,0.0,4415,0.06
4.845178852955424,0.004835043694888907,0.027043379843235016,0.14875631024090866,45.56423696377103,1.232256531715393,500000.0,continuous_46,46,continuous_naca,direct OpenFOAM-coefficient surrogate,0.0889818628511857,-1.6237305402755737,98796.21875,deeponet,surrogate estimate; validate top designs with OpenFOAM,45.56423696377103,0.2896336665578696,0.0,4415,0.06
5.08602889752949,-0.0060875068819743845,0.027378477156162262,-0.016533862846061075,45.63852401204183,1.249558925628662,500000.0,continuous_47,47,continuous_naca,direct OpenFOAM-coefficient surrogate,0.09,-1.623750925064087,98779.5625,deeponet,surrogate estimate; validate top designs with OpenFOAM,45.63852401204183,0.33104060062464635,0.0,4415,0.06
4.892101930000402,-0.00908523817191535,0.026885680854320526,-0.0999143649453106,45.99213449230853,1.2365758419036865,500000.0,continuous_48,48,continuous_naca,direct OpenFOAM-coefficient surrogate,0.09,-1.6036133766174316,98781.3359375,deeponet,surrogate estimate; validate top designs with OpenFOAM,45.99213449230853,0.3337605061222735,0.0,4415,0.06
4.183910983364401,0.00336284407549915,0.025286316871643066,0.13631474514998396,46.669613972019576,1.1801493167877197,500000.0,continuous_49,49,continuous_naca,direct OpenFOAM-coefficient surrogate,0.08881217332638333,-1.5128315687179565,98790.5625,deeponet,surrogate estimate; validate top designs with OpenFOAM,46.669613972019576,0.34532610267093933,0.0,4415,0.06
3.33518257112895,0.008456974232481164,0.023882750421762466,0.1261459019126946,46.70630238923335,1.1155216693878174,500000.0,continuous_50,50,continuous_naca,direct OpenFOAM-coefficient surrogate,0.088218259989575,-1.4134072065353394,98798.9140625,deeponet,surrogate estimate; validate top designs with OpenFOAM,46.70630238923335,0.35859064045833033,0.0,4415,0.06
4.404105203564296,0.010604596379922705,0.026340780779719353,0.012293923498817572,45.94577494736638,1.2102935314178467,500000.0,continuous_51,51,continuous_naca,direct OpenFOAM-coefficient surrogate,0.08995757761879936,-1.6231290102005005,98793.8359375,deeponet,surrogate estimate; validate top designs with OpenFOAM,45.94577494736638,0.26769156773128655,0.0,4415,0.06
3.2308507281808776,0.008631475418068468,0.023464184254407883,0.1249019623936007,48.11718563090317,1.1290786266326904,500000.0,continuous_52,52,continuous_naca,direct OpenFOAM-coefficient surrogate,0.08857885022978004,-1.4757949113845825,98811.6015625,deeponet,surrogate estimate; validate top designs with OpenFOAM,48.11718563090317,0.3038040250908133,0.0,4415,0.06
2.0925593169494867,0.001991218951825481,0.021805131807923317,0.12092982137292382,48.41417185822872,1.0557258129119873,500000.0,continuous_53,53,continuous_naca,direct OpenFOAM-coefficient surrogate,0.08786827534467007,-1.3911960124969482,98827.1953125,deeponet,surrogate estimate; validate top designs with OpenFOAM,48.41417185822872,0.2951889549641866,0.0,4415,0.06
2.516795657866143,0.009248789872114945,0.022632088512182236,0.08674351532845256,47.5712730056003,1.076684832572937,500000.0,continuous_54,54,continuous_naca,direct OpenFOAM-coefficient surrogate,0.08904019362533652,-1.3895046710968018,98807.8828125,deeponet,surrogate estimate; validate top designs with OpenFOAM,47.5712730056003,0.3379821680801689,0.0,4415,0.06
2.014214534408195,-0.009098610004209584,0.0236322283744812,0.13099106082051967,41.976159777091496,0.9920321702957153,500000.0,continuous_55,55,continuous_naca,direct OpenFOAM-coefficient surrogate,0.08760578686099141,-1.2098859548568726,98818.9453125,deeponet,surrogate estimate; validate top designs with OpenFOAM,41.976159777091496,0.3950695670811931,0.0,4415,0.06
3.8066325362752704,0.003105322327373057,0.02457297220826149,0.12006415883149553,47.609432431194755,1.1699528694152832,500000.0,continuous_56,56,continuous_naca,direct OpenFOAM-coefficient surrogate,0.08936962992934737,-1.5323598384857178,98804.0625,deeponet,surrogate estimate; validate top designs with OpenFOAM,47.609432431194755,0.29953606756876316,0.0,4415,0.06
0.983483111109523,0.0022712452811532034,0.0210272204130888,0.12616888512535032,46.47791546788336,0.9773478507995605,500000.0,continuous_57,57,continuous_naca,direct OpenFOAM-coefficient surrogate,0.08724817944446447,-1.2983442544937134,98830.78125,deeponet,surrogate estimate; validate top designs with OpenFOAM,46.47791546788336,0.3118884094134511,0.0,4415,0.06
1.9606378158322428,0.007483832798199581,0.021769795566797256,0.14319958636538627,47.87803449955409,1.0423429012298584,500000.0,continuous_58,58,continuous_naca,direct OpenFOAM-coefficient surrogate,0.08793613458334835,-1.3727303743362427,98817.96875,deeponet,surrogate estimate; validate top designs with OpenFOAM,47.87803449955409,0.3173564335906567,0.0,4415,0.06
1.8531300923326217,0.014508712871108288,0.02171197719871998,0.07143278589927288,48.34655772223992,1.0497477054595947,500000.0,continuous_59,59,continuous_naca,direct OpenFOAM-coefficient surrogate,0.08888885675177616,-1.3682869672775269,98842.3046875,deeponet,surrogate estimate; validate top designs with OpenFOAM,48.34655772223992,0.2664411716435573,0.0,4415,0.06
2.3396842228286676,0.009782812146801668,0.02258673869073391,0.08671390828550721,47.363357064497436,1.069831132888794,500000.0,continuous_60,60,continuous_naca,direct OpenFOAM-coefficient surrogate,0.08799125467923447,-1.4071006774902344,98844.6796875,deeponet,surrogate estimate; validate top designs with OpenFOAM,47.363357064497436,0.25127914580341293,0.0,4415,0.06
2.4725177991067744,0.005646616337459662,0.02235453575849533,0.0758357623082174,48.348385381681155,1.080854058265686,500000.0,continuous_61,61,continuous_naca,direct OpenFOAM-coefficient surrogate,0.08877795888881101,-1.3984659910202026,98817.0625,deeponet,surrogate estimate; validate top designs with OpenFOAM,48.348385381681155,0.3163064125109799,0.0,4415,0.06
0.38278997583529195,0.002434387065181367,0.0206289142370224,0.1003916323463705,45.85287948880214,0.9459409713745117,500000.0,continuous_62,62,continuous_naca,direct OpenFOAM-coefficient surrogate,0.08736598285495543,-1.2531278133392334,98846.6484375,deeponet,surrogate estimate; validate top designs with OpenFOAM,45.85287948880214,0.29811041878592703,0.0,4415,0.06
2.950671896165276,0.005397096202062208,0.023017611354589462,0.1381725368629404,48.40362105235818,1.1141841411590576,500000.0,continuous_63,63,continuous_naca,direct OpenFOAM-coefficient surrogate,0.08886871816074939,-1.460079312324524,98814.453125,deeponet,surrogate estimate; validate top designs with OpenFOAM,48.40362105235818,0.29917965537305413,0.0,4415,0.06
2.7238017364448366,0.019880056239099754,0.022875752300024033,0.07676968600161505,48.28089470078636,1.1045100688934326,500000.0,continuous_64,64,continuous_naca,direct OpenFOAM-coefficient surrogate,0.08926576998965495,-1.4285697937011719,98832.4453125,deeponet,surrogate estimate; validate top designs with OpenFOAM,48.28089470078636,0.27120166365523235,0.0,4415,0.06
2.533010756291688,-0.0034306456622169076,0.022478792816400528,0.14109216259266447,48.527282431580495,1.0908832550048828,500000.0,continuous_65,65,continuous_naca,direct OpenFOAM-coefficient surrogate,0.08893336113807829,-1.4518424272537231,98823.09375,deeponet,surrogate estimate; validate top designs with OpenFOAM,48.527282431580495,0.28274035613908843,0.0,4415,0.06
3.171249791923991,0.009071856145746435,0.023370791226625443,0.08388366231669314,47.80557086424059,1.1173018217086792,500000.0,continuous_66,66,continuous_naca,direct OpenFOAM-coefficient surrogate,0.08833530001437823,-1.4508095979690552,98802.8828125,deeponet,surrogate estimate; validate top designs with OpenFOAM,47.80557086424059,0.3302665178500972,0.0,4415,0.06
2.182660017230464,-0.0027457162801982713,0.021988771855831146,0.13282425578912482,48.59415711832362,1.0685744285583496,500000.0,continuous_67,67,continuous_naca,direct OpenFOAM-coefficient surrogate,0.08875046756742667,-1.4238449335098267,98827.2734375,deeponet,surrogate estimate; validate top designs with OpenFOAM,48.59415711832362,0.28239750819519227,0.0,4415,0.06
2.4069331942116827,0.013109071580636547,0.022460829466581345,0.059812440253688336,48.044011747963786,1.0791563987731934,500000.0,continuous_68,68,continuous_naca,direct OpenFOAM-coefficient surrogate,0.08843245221665119,-1.4039276838302612,98838.8359375,deeponet,surrogate estimate; validate top designs with OpenFOAM,48.044011747963786,0.2634468248247809,0.0,4415,0.06
2.4561216478830015,0.005322556495712585,0.02229531854391098,0.12949793877216814,48.54176119754933,1.0823025703430176,500000.0,continuous_69,69,continuous_naca,direct OpenFOAM-coefficient surrogate,0.08869158222077106,-1.416159987449646,98819.671875,deeponet,surrogate estimate; validate top designs with OpenFOAM,48.54176119754933,0.30309151558943015,0.0,4415,0.06
1.6815039730120445,-0.0016364125675366707,0.021389303728938103,0.12036633463721433,48.382523729501024,1.034916877746582,500000.0,continuous_70,70,continuous_naca,direct OpenFOAM-coefficient surrogate,0.08825312497472367,-1.3814946413040161,98833.8125,deeponet,surrogate estimate; validate top designs with OpenFOAM,48.382523729501024,0.2825295120708946,0.0,4415,0.06
2.633379915376968,0.001675720688940814,0.022551216185092926,0.1439423787932018,48.52943464526107,1.0944463014602661,500000.0,continuous_71,71,continuous_naca,direct OpenFOAM-coefficient surrogate,0.08871481986424296,-1.4409406185150146,98819.3515625,deeponet,surrogate estimate; validate top designs with OpenFOAM,48.52943464526107,0.29501711954751425,0.0,4415,0.06
2.810026851441574,-0.0029894893707921345,0.022904615849256516,0.11706318301102667,48.572615166406194,1.1125856637954712,500000.0,continuous_72,72,continuous_naca,direct OpenFOAM-coefficient surrogate,0.0896768400505894,-1.477047085762024,98806.90625,deeponet,surrogate estimate; validate top designs with OpenFOAM,48.572615166406194,0.2864342947714259,0.0,4415,0.06
