AoA,CD_integrated_pressure,CD_surrogate,CL_integrated_pressure,CL_over_abs_CD,CL_surrogate,Re,candidate_id,evaluation,family,force_source,m,min_Cp,min_cavitation_margin,model,note,objective,p,risky_cell_fraction,start,t
4.0,0.01645864828983541,0.021303117275238037,0.2341074029333499,17.41401914690911,0.3709903061389923,500000.0,continuous_1,1,continuous_naca,direct OpenFOAM-coefficient surrogate,0.0,-0.8571822047233582,98872.4296875,unet,surrogate estimate; validate top designs with OpenFOAM,17.41401914690911,0.4,0.0,0012,0.12
4.0,0.013439984496086688,0.021182235330343246,0.20544026814653465,17.2860806858891,0.36617511510849,500000.0,continuous_2,2,continuous_naca,direct OpenFOAM-coefficient surrogate,0.00025,-0.8575694561004639,98879.890625,unet,surrogate estimate; validate top designs with OpenFOAM,17.2860806858891,0.4,0.0,0012,0.12
4.0,0.01645864828983541,0.021303117275238037,0.2341074029333499,17.41401914690911,0.3709903061389923,500000.0,continuous_3,3,continuous_naca,direct OpenFOAM-coefficient surrogate,0.0,-0.8571822047233582,98872.4296875,unet,surrogate estimate; validate top designs with OpenFOAM,17.41401914690911,0.42000000000000004,0.0,0012,0.12
4.0,0.01096030699966722,0.021690355613827705,0.18936913681451473,18.542294033741538,0.40220749378204346,500000.0,continuous_4,4,continuous_naca,direct OpenFOAM-coefficient surrogate,0.0,-0.8695938587188721,98868.7109375,unet,surrogate estimate; validate top designs with OpenFOAM,18.542294033741538,0.4,0.0,0012,0.126
4.2,0.01740561881045573,0.022038638591766357,0.24134104929131484,17.584818742809627,0.3875630497932434,500000.0,continuous_5,5,continuous_naca,direct OpenFOAM-coefficient surrogate,0.0,-0.8824957609176636,98869.40625,unet,surrogate estimate; validate top designs with OpenFOAM,17.584818742809627,0.4,0.0,0012,0.12
4.1,0.013763832947447542,0.021842272952198982,0.21435574356122264,18.232412225647273,0.3982555568218231,500000.0,continuous_6,6,continuous_naca,direct OpenFOAM-coefficient surrogate,0.0,-0.8830337524414062,98867.1015625,unet,surrogate estimate; validate top designs with OpenFOAM,18.232412225647273,0.41000000000000003,0.0,0012,0.123
4.15,0.013516911059665881,0.0220550075173378,0.20166459002213175,18.433509763179558,0.40656962990760803,500000.0,continuous_7,7,continuous_naca,direct OpenFOAM-coefficient surrogate,0.0,-0.8935396075248718,98865.9921875,unet,surrogate estimate; validate top designs with OpenFOAM,18.433509763179558,0.3849999999999999,0.0,0012,0.1245
4.225,0.01168073324814201,0.02250426635146141,0.20225592413991447,18.737219382134708,0.4216861128807068,500000.0,continuous_8,8,continuous_naca,direct OpenFOAM-coefficient surrogate,0.0,-0.8983067274093628,98864.7109375,unet,surrogate estimate; validate top designs with OpenFOAM,18.737219382134708,0.39749999999999985,0.0,0012,0.12675
4.337499999999999,0.010188620669398593,0.023258289322257042,0.18529910825291682,19.520338569707615,0.4540292024612427,500000.0,continuous_9,9,continuous_naca,direct OpenFOAM-coefficient surrogate,0.0,-0.9150645732879639,98851.8125,unet,surrogate estimate; validate top designs with OpenFOAM,19.520338569707615,0.39624999999999977,0.0,0012,0.130125
4.093749999999999,0.009757268829132129,0.02235337719321251,0.1838035457089415,19.35080642557206,0.4325752258300781,500000.0,continuous_10,10,continuous_naca,direct OpenFOAM-coefficient surrogate,0.0,-0.8919885158538818,98856.859375,unet,surrogate estimate; validate top designs with OpenFOAM,19.35080642557206,0.3956249999999998,0.0,0012,0.1318125
4.190624999999999,0.00947683008231728,0.02284156158566475,0.1631269474971527,19.819583627951644,0.45273005962371826,500000.0,continuous_11,11,continuous_naca,direct OpenFOAM-coefficient surrogate,0.0,-0.9604284167289734,98846.859375,unet,surrogate estimate; validate top designs with OpenFOAM,19.819583627951644,0.37843749999999965,0.0,0012,0.13321875
4.235937499999999,0.013195903763246072,0.02284635789692402,0.0905853222907567,20.173869586409456,0.4609196186065674,500000.0,continuous_12,12,continuous_naca,direct OpenFOAM-coefficient surrogate,0.0,-0.9284537434577942,98841.3359375,unet,surrogate estimate; validate top designs with OpenFOAM,20.173869586409456,0.36265624999999946,0.0,0012,0.13832812500000002
4.183593749999998,0.013150672825504365,0.02266860008239746,0.08959032529388682,20.131299374315137,0.45636850595474243,500000.0,continuous_13,13,continuous_naca,direct OpenFOAM-coefficient surrogate,0.0,-0.92291659116745,98842.7109375,unet,surrogate estimate; validate top designs with OpenFOAM,20.131299374315137,0.3922656249999995,0.0,0012,0.13863281249999998
4.425390624999997,0.011921433220648665,0.023672202602028847,0.103959769881851,20.5916511172026,0.4874703288078308,500000.0,continuous_14,14,continuous_naca,direct OpenFOAM-coefficient surrogate,0.0,-0.9497723579406738,98835.875,unet,surrogate estimate; validate top designs with OpenFOAM,20.5916511172026,0.37339843749999935,0.0,0012,0.14344921875
4.638085937499994,0.027878660974723236,0.024738134816288948,0.2673149217336012,20.997817204016634,0.519467830657959,500000.0,continuous_15,15,continuous_naca,direct OpenFOAM-coefficient surrogate,0.0,-1.0336596965789795,98818.09375,unet,surrogate estimate; validate top designs with OpenFOAM,20.997817204016634,0.3600976562499991,0.0,0012,0.15217382812500002
4.603808593749997,0.02153735323975459,0.024452921003103256,0.16489819442498027,20.71889397144056,0.5066581964492798,500000.0,continuous_16,16,continuous_naca,direct OpenFOAM-coefficient surrogate,0.0,-1.0265488624572754,98820.6640625,unet,surrogate estimate; validate top designs with OpenFOAM,20.71889397144056,0.3600097656249991,0.0,0012,0.1478173828125
4.493212890624996,0.029520208007647746,0.0243631973862648,0.33561173081088425,21.24344535964943,0.5175794959068298,500000.0,continuous_17,17,continuous_naca,direct OpenFOAM-coefficient surrogate,0.0,-1.0095024108886719,98823.0390625,unet,surrogate estimate; validate top designs with OpenFOAM,21.24344535964943,0.3412646484374988,0.0,0012,0.15835107421875
4.571069335937494,0.027062797498940326,0.025684639811515808,0.2607266891366712,21.851210001769342,0.561262309551239,500000.0,continuous_18,18,continuous_naca,direct OpenFOAM-coefficient surrogate,0.0,-1.0578501224517822,98816.2109375,unet,surrogate estimate; validate top designs with OpenFOAM,21.851210001769342,0.31377197265624845,0.0,0012,0.172464111328125
4.840856933593743,0.03546373336156903,0.025644291192293167,0.3428970982771237,21.363842459838512,0.5478819608688354,500000.0,continuous_19,19,continuous_naca,direct OpenFOAM-coefficient surrogate,0.0,-1.0500400066375732,98801.828125,unet,surrogate estimate; validate top designs with OpenFOAM,21.363842459838512,0.3060021972656235,0.0,0012,0.16675891113281255
5.090972900390616,0.02740468065257504,0.02843368612229824,0.24343485163273715,22.42660467617886,0.637693464756012,500000.0,continuous_20,20,continuous_naca,direct OpenFOAM-coefficient surrogate,0.0,-1.2121089696884155,98809.1953125,unet,surrogate estimate; validate top designs with OpenFOAM,22.42660467617886,0.3072845458984357,0.0,0012,0.1812789916992188
5.518490600585924,0.04665522911224329,0.03108838014304638,0.3389589627586546,23.30309123824871,0.7244786620140076,500000.0,continuous_21,21,continuous_naca,direct OpenFOAM-coefficient surrogate,0.0,-1.3569272756576538,98791.6640625,unet,surrogate estimate; validate top designs with OpenFOAM,23.30309123824871,0.2795986938476538,0.0,0012,0.2
5.180442810058582,0.04294700199333969,0.029775414615869522,0.2822257234806623,23.436758055825166,0.6978626251220703,500000.0,continuous_22,22,continuous_naca,direct OpenFOAM-coefficient surrogate,0.0,-1.3220157623291016,98801.421875,unet,surrogate estimate; validate top designs with OpenFOAM,23.436758055825166,0.26972549438476334,0.0,0012,0.19788104248046878
5.468759918212875,0.04655193564331292,0.030889473855495453,0.3375247300830059,23.327634314240097,0.7206016778945923,500000.0,continuous_23,23,continuous_naca,direct OpenFOAM-coefficient surrogate,0.0,-1.3511152267456055,98793.125,unet,surrogate estimate; validate top designs with OpenFOAM,23.327634314240097,0.22458335876464552,0.0,0012,0.2
5.417343902587877,0.04644215284698309,0.030689610168337822,0.3360250146659162,23.34848717950332,0.7165793180465698,500000.0,continuous_24,24,continuous_naca,direct OpenFOAM-coefficient surrogate,0.0,-1.3458815813064575,98794.6328125,unet,surrogate estimate; validate top designs with OpenFOAM,23.34848717950332,0.22445152282714542,0.0,0012,0.2
5.502816390991196,0.04662222639224864,0.031024940311908722,0.3385046617785609,23.311812174772665,0.7232708930969238,500000.0,continuous_25,25,continuous_naca,direct OpenFOAM-coefficient surrogate,0.0,-1.3550986051559448,98792.125,unet,surrogate estimate; validate top designs with OpenFOAM,23.311812174772665,0.23777164459228195,0.0,0012,0.2
6.238477516174296,0.04817039333787761,0.03419406712055206,0.35824753727561826,22.761490157754224,0.7783306837081909,500000.0,continuous_26,26,continuous_naca,direct OpenFOAM-coefficient surrogate,0.0,-1.4380956888198853,98771.8515625,unet,surrogate estimate; validate top designs with OpenFOAM,22.761490157754224,0.19200170516967385,0.0,0012,0.2
5.8216254711150945,0.0472834639366118,0.032337434589862823,0.3474203708233154,23.11868653455751,0.7476221323013306,500000.0,continuous_27,27,continuous_naca,direct OpenFOAM-coefficient surrogate,0.0,-1.3918499946594238,98783.0,unet,surrogate estimate; validate top designs with OpenFOAM,23.11868653455751,0.2224442720413175,0.0,0012,0.2
4.987921380996696,0.04507303624927684,0.029071515426039696,0.2968390017185291,23.469306432598444,0.6823117733001709,500000.0,continuous_28,28,continuous_naca,direct OpenFOAM-coefficient surrogate,0.0,-1.3020668029785156,98807.484375,unet,surrogate estimate; validate top designs with OpenFOAM,23.469306432598444,0.2833294057846048,0.0,0012,0.19894052124023437
4.571069335937494,0.04367188399030851,0.02766420692205429,0.279408324629114,23.40650322023442,0.6475457549095154,500000.0,continuous_29,29,continuous_naca,direct OpenFOAM-coefficient surrogate,0.0,-1.2567342519760132,98820.71875,unet,surrogate estimate; validate top designs with OpenFOAM,23.40650322023442,0.31377197265624845,0.0,0012,0.19841078186035155
5.025771641731252,0.044331769239376054,0.029208173975348473,0.29250622047121366,23.464957369603145,0.6853920221328735,500000.0,continuous_30,30,continuous_naca,direct OpenFOAM-coefficient surrogate,0.0,-1.3060282468795776,98806.2421875,unet,surrogate estimate; validate top designs with OpenFOAM,23.464957369603145,0.2280403399467439,0.0,0012,0.1984107818603516
4.802923476696007,0.044271880927993466,0.02815527468919754,0.27933343267128435,23.353717068359362,0.6575536727905273,500000.0,continuous_31,31,continuous_naca,direct OpenFOAM-coefficient surrogate,0.0,-1.2789366245269775,98814.0546875,unet,surrogate estimate; validate top designs with OpenFOAM,23.353717068359362,0.2650017368793467,0.0,0012,0.1976161727905274
4.581185752153392,0.04301881244191477,0.02741982415318489,0.22990797170681113,23.303215792647876,0.6389933824539185,500000.0,continuous_32,32,continuous_naca,direct OpenFOAM-coefficient surrogate,0.0,-1.25458824634552,98821.046875,unet,surrogate estimate; validate top designs with OpenFOAM,23.303215792647876,0.2985969656705839,0.0,0012,0.19642425918579104
5.208304364979256,0.04569068713737272,0.029883647337555885,0.31026457149728626,23.42740291687977,0.70011967420578,500000.0,continuous_33,33,continuous_naca,direct OpenFOAM-coefficient surrogate,0.0,-1.324913740158081,98800.75,unet,surrogate estimate; validate top designs with OpenFOAM,23.42740291687977,0.24298788353800505,0.0,0012,0.19910606479644777
5.398296622186885,0.046850368779862775,0.030612999573349953,0.321241726790253,23.35786010918015,0.7150775194168091,500000.0,continuous_34,34,continuous_naca,direct OpenFOAM-coefficient surrogate,0.0,-1.3439778089523315,98795.1328125,unet,surrogate estimate; validate top designs with OpenFOAM,23.35786010918015,0.24703982494771182,0.0,0012,0.19955303239822386
5.249453335814166,0.04575783876481856,0.030040116980671883,0.31143005029851617,23.4144410531641,0.7033959627151489,500000.0,continuous_35,35,continuous_naca,direct OpenFOAM-coefficient surrogate,0.0,-1.3290694952011108,98799.5078125,unet,surrogate estimate; validate top designs with OpenFOAM,23.4144410531641,0.2515303029306205,0.0,0012,0.19906881749629976
4.9517667630687265,0.04394580440411622,0.02894298918545246,0.2834726855539165,23.470052229872408,0.6793169379234314,500000.0,continuous_36,36,continuous_naca,direct OpenFOAM-coefficient surrogate,0.0,-1.2982056140899658,98808.5,unet,surrogate estimate; validate top designs with OpenFOAM,23.470052229872408,0.260511258896438,0.0,0012,0.1981003876924515
4.802923476696007,0.044271880927993466,0.02815527468919754,0.27933343267128435,23.353717068359362,0.6575536727905273,500000.0,continuous_37,37,continuous_naca,direct OpenFOAM-coefficient surrogate,0.0,-1.2789366245269775,98814.0546875,unet,surrogate estimate; validate top designs with OpenFOAM,23.353717068359362,0.2650017368793467,0.0,0012,0.1976161727905274
4.8646469329483715,0.04407742742100266,0.028367940336465836,0.2741266444049088,23.359405452942614,0.6626815795898438,500000.0,continuous_38,38,continuous_naca,direct OpenFOAM-coefficient surrogate,0.0,-1.2855679988861084,98812.09375,unet,surrogate estimate; validate top designs with OpenFOAM,23.359405452942614,0.27781536596826995,0.0,0012,0.19756030184030532
5.122390006971535,0.04525824904477176,0.029560871422290802,0.3009151829300462,23.449095891545777,0.6931991577148438,500000.0,continuous_39,39,continuous_naca,direct OpenFOAM-coefficient surrogate,0.0,-1.3160958290100098,98803.3046875,unet,surrogate estimate; validate top designs with OpenFOAM,23.449095891545777,0.2516947541455713,0.0,0012,0.19871962405741217
4.863482086325521,0.04511131421473943,0.028636105358600616,0.30026575251336673,23.469170206554548,0.6720890998840332,500000.0,continuous_40,40,continuous_naca,direct OpenFOAM-coefficient surrogate,0.0,-1.2888187170028687,98811.421875,unet,surrogate estimate; validate top designs with OpenFOAM,23.469170206554548,0.24206238500191568,0.0,0012,0.199204614944756
4.792080929089562,0.04473354105834217,0.028389448300004005,0.2915624687020957,23.462444708965478,0.6661093235015869,500000.0,continuous_41,41,continuous_naca,direct OpenFOAM-coefficient surrogate,0.0,-1.281083345413208,98813.609375,unet,surrogate estimate; validate top designs with OpenFOAM,23.462444708965478,0.25527694066927986,0.0,0012,0.1986085288114845
4.874658198560056,0.04486602473952631,0.028672466054558754,0.2939440198454008,23.470567270243738,0.6729825139045715,500000.0,continuous_42,42,continuous_naca,direct OpenFOAM-coefficient surrogate,0.0,-1.2899984121322632,98810.9921875,unet,surrogate estimate; validate top designs with OpenFOAM,23.470567270243738,0.25438139403835275,0.0,0012,0.19863630262296644
4.813142572744248,0.04500973487776187,0.028463035821914673,0.2988490124358763,23.464361613209864,0.6678904294967651,500000.0,continuous_43,43,continuous_naca,direct OpenFOAM-coefficient surrogate,0.0,-1.2833811044692993,98812.9921875,unet,surrogate estimate; validate top designs with OpenFOAM,23.464361613209864,0.29210188191391173,0.0,0012,0.19903013138985254
4.9726143744845,0.04426692991955945,0.02901994064450264,0.2909432867007848,23.467440614666128,0.6810472011566162,500000.0,continuous_44,44,continuous_naca,direct OpenFOAM-coefficient surrogate,0.0,-1.3004330396652222,98807.9140625,unet,surrogate estimate; validate top designs with OpenFOAM,23.467440614666128,0.24405572543853585,0.0,0012,0.19856561924272684
4.866299839990999,0.044879082302581266,0.028644483536481857,0.29338703065415034,23.47036272619944,0.6723198890686035,500000.0,continuous_45,45,continuous_naca,direct OpenFOAM-coefficient surrogate,0.0,-1.2891091108322144,98811.2890625,unet,surrogate estimate; validate top designs with OpenFOAM,23.47036272619944,0.2760864964221198,0.0,0012,0.1988752940074773
4.976841004982718,0.04397539505258442,0.029031943529844284,0.28417232718717567,23.469001396204916,0.681374192237854,500000.0,continuous_46,46,continuous_naca,direct OpenFOAM-coefficient surrogate,0.0,-1.300860047340393,98807.71875,unet,surrogate estimate; validate top designs with OpenFOAM,23.469001396204916,0.29509189256884194,0.0,0012,0.19807163783680887
4.89182181598982,0.044923141882831794,0.028734244406223297,0.29410159764739446,23.468467052495775,0.674372136592865,500000.0,continuous_47,47,continuous_naca,direct OpenFOAM-coefficient surrogate,0.0,-1.2918506860733032,98810.4921875,unet,surrogate estimate; validate top designs with OpenFOAM,23.468467052495775,0.25531976189364725,0.0,0012,0.19892137066776922
4.870479019275527,0.04486815990285,0.02865835279226303,0.2937677498980456,23.470382983029516,0.6726459860801697,500000.0,continuous_48,48,continuous_naca,direct OpenFOAM-coefficient surrogate,0.0,-1.289554476737976,98811.140625,unet,surrogate estimate; validate top designs with OpenFOAM,23.470382983029516,0.26523394523023625,0.0,0012,0.1987557983152219
4.913212480814391,0.04416906262862539,0.028807856142520905,0.2893642997200473,23.469872799735256,0.6761401891708374,500000.0,continuous_49,49,continuous_naca,direct OpenFOAM-coefficient surrogate,0.0,-1.2941148281097412,98809.75,unet,surrogate estimate; validate top designs with OpenFOAM,23.469872799735256,0.2574463264673954,0.0,0012,0.19836834515770896
4.931289789778376,0.044968152865212364,0.02887180633842945,0.2955080105073152,23.470201092558806,0.6776505708694458,500000.0,continuous_50,50,continuous_naca,direct OpenFOAM-coefficient surrogate,0.0,-1.2960580587387085,98809.234375,unet,surrogate estimate; validate top designs with OpenFOAM,23.470201092558806,0.2688553999114788,0.0,0012,0.1987884119316004
4.869070142442789,0.044887129234884096,0.02865391969680786,0.2934565314280879,23.470234485268268,0.6725376844406128,500000.0,continuous_51,51,continuous_naca,direct OpenFOAM-coefficient surrogate,0.0,-1.2894089221954346,98811.2109375,unet,surrogate estimate; validate top designs with OpenFOAM,23.470234485268268,0.24822188952013421,0.0,0012,0.19892045878386122
4.859536094213983,0.045102325967260354,0.028622396290302277,0.30015807197684036,23.469228323865515,0.6717690229415894,500000.0,continuous_52,52,continuous_naca,direct OpenFOAM-coefficient surrogate,0.0,-1.2883923053741455,98811.546875,unet,surrogate estimate; validate top designs with OpenFOAM,23.469228323865515,0.26089998788270563,0.0,0012,0.199182140669116
4.899793384164289,0.04416405818116222,0.028760753571987152,0.28889227088164743,23.470144417415472,0.6750425100326538,500000.0,continuous_53,53,continuous_naca,direct OpenFOAM-coefficient surrogate,0.0,-1.2926898002624512,98810.1953125,unet,surrogate estimate; validate top designs with OpenFOAM,23.470144417415472,0.25830974182122296,0.0,0012,0.19857179403556072
4.872955190864085,0.04489707364796409,0.028667541220784187,0.29353703514951,23.470043869552136,0.6728519201278687,500000.0,continuous_54,54,continuous_naca,direct OpenFOAM-coefficient surrogate,0.0,-1.2898293733596802,98811.09375,unet,surrogate estimate; validate top designs with OpenFOAM,23.470043869552136,0.2600365725288781,0.0,0012,0.19897869179126423
4.893083835839238,0.04489737232979801,0.028738122433423996,0.29445841559127084,23.46871195513967,0.6744701862335205,500000.0,continuous_55,55,continuous_naca,direct OpenFOAM-coefficient surrogate,0.0,-1.2919762134552002,98810.421875,unet,surrogate estimate; validate top designs with OpenFOAM,23.46871195513967,0.2587414494981367,0.0,0012,0.1986735184744866
4.872568608917792,0.04486876788050286,0.028665397316217422,0.2938549581518644,23.47044971475293,0.6728132367134094,500000.0,continuous_56,56,continuous_naca,direct OpenFOAM-coefficient surrogate,0.0,-1.2897766828536987,98811.0703125,unet,surrogate estimate; validate top designs with OpenFOAM,23.47044971475293,0.25980766963429447,0.0,0012,0.19869605046909417
4.871864170501422,0.04487308786030775,0.028663188219070435,0.29379797016672005,23.47034756062867,0.6727584600448608,500000.0,continuous_57,57,continuous_naca,direct OpenFOAM-coefficient surrogate,0.0,-1.289704442024231,98811.1015625,unet,surrogate estimate; validate top designs with OpenFOAM,23.47034756062867,0.25130164177924347,0.0,0012,0.19877838070341383
4.902973994169216,0.04491617058975404,0.0287728663533926,0.2947233614055561,23.469428567131636,0.6753062009811401,500000.0,continuous_58,58,continuous_naca,direct OpenFOAM-coefficient surrogate,0.0,-1.2930353879928589,98810.1171875,unet,surrogate estimate; validate top designs with OpenFOAM,23.469428567131636,0.26161839697491573,0.0,0012,0.19871235727728342
4.887225791362172,0.04488273315718866,0.028716832399368286,0.2943215015570409,23.46966198738947,0.6739978194236755,500000.0,continuous_59,59,continuous_naca,direct OpenFOAM-coefficient surrogate,0.0,-1.2913455963134766,98810.59375,unet,surrogate estimate; validate top designs with OpenFOAM,23.46966198738947,0.25634556792978785,0.0,0012,0.1986040483292636
4.850184390501505,0.044829124205336086,0.028587909415364265,0.2932342810650786,23.469914561963577,0.6709792613983154,500000.0,continuous_60,60,continuous_naca,direct OpenFOAM-coefficient surrogate,0.0,-1.2873660326004028,98811.7734375,unet,surrogate estimate; validate top designs with OpenFOAM,23.469914561963577,0.24929973971592356,0.0,0012,0.19864503378508558
4.847411892878214,0.044834694931792964,0.02857961878180504,0.2930939570103726,23.468687288499424,0.6707496047019958,500000.0,continuous_61,61,continuous_naca,direct OpenFOAM-coefficient surrogate,0.0,-1.287071943283081,98811.875,unet,surrogate estimate; validate top designs with OpenFOAM,23.468687288499424,0.25104965465411927,0.0,0012,0.1987738354610164
4.877272316741182,0.04487123538367635,0.028681570664048195,0.2940133912017665,23.470413224020454,0.6731917858123779,500000.0,continuous_62,62,continuous_naca,direct OpenFOAM-coefficient surrogate,0.0,-1.290279507637024,98810.9140625,unet,surrogate estimate; validate top designs with OpenFOAM,23.470413224020454,0.25502158961087074,0.0,0012,0.19864649511220178
4.897997256858721,0.04491081940223035,0.028754498809576035,0.2945719799906553,23.469968017839317,0.6748906373977661,500000.0,continuous_63,63,continuous_naca,direct OpenFOAM-coefficient surrogate,0.0,-1.292504072189331,98810.2734375,unet,surrogate estimate; validate top designs with OpenFOAM,23.469968017839317,0.26095640781545715,0.0,0012,0.19873358066875252
4.886044040269417,0.04489044846320085,0.028712870553135872,0.29423707307937813,23.469784458517363,0.6739083528518677,500000.0,continuous_64,64,continuous_naca,direct OpenFOAM-coefficient surrogate,0.0,-1.2912228107452393,98810.6484375,unet,surrogate estimate; validate top designs with OpenFOAM,23.469784458517363,0.25804224079057375,0.0,0012,0.1987114439478358
4.873613403738924,0.044867113868548074,0.028668932616710663,0.29390324547539176,23.470464078427696,0.6728966236114502,500000.0,continuous_65,65,continuous_naca,direct OpenFOAM-coefficient surrogate,0.0,-1.289887547492981,98811.03125,unet,surrogate estimate; validate top designs with OpenFOAM,23.470464078427696,0.2570945318363236,0.0,0012,0.1986661765460303
4.875965257650619,0.04486884592386815,0.028677020221948624,0.29398046881712386,23.47056665081459,0.6730893850326538,500000.0,continuous_66,66,continuous_naca,direct OpenFOAM-coefficient surrogate,0.0,-1.290139079093933,98810.953125,unet,surrogate estimate; validate top designs with OpenFOAM,23.47056665081459,0.25470149182461177,0.0,0012,0.1986413988675841
4.8732611845307385,0.04486996567183933,0.02866782248020172,0.2938721578744527,23.470416545343895,0.6728692054748535,500000.0,continuous_67,67,continuous_naca,direct OpenFOAM-coefficient surrogate,0.0,-1.2898508310317993,98811.046875,unet,surrogate estimate; validate top designs with OpenFOAM,23.470416545343895,0.2528415179087981,0.0,0012,0.19870734166319015
4.8624212945307805,0.044847247098826946,0.028630726039409637,0.2935890461350202,23.470159239709012,0.6719911694526672,500000.0,continuous_68,68,continuous_naca,direct OpenFOAM-coefficient surrogate,0.0,-1.2886830568313599,98811.3828125,unet,surrogate estimate; validate top designs with OpenFOAM,23.470159239709012,0.2518405668771382,0.0,0012,0.198640668204026
4.886327727709388,0.04488897038357373,0.028713826090097427,0.2942643512952175,23.469754879194177,0.6739299297332764,500000.0,continuous_69,69,continuous_naca,direct OpenFOAM-coefficient surrogate,0.0,-1.2912524938583374,98810.6328125,unet,surrogate estimate; validate top designs with OpenFOAM,23.469754879194177,0.257668900926905,0.0,0012,0.1986849416458595
4.868397902825432,0.0448584590888404,0.028651010245084763,0.29375952780443143,23.470500015879146,0.6724770069122314,500000.0,continuous_70,70,continuous_naca,direct OpenFOAM-coefficient surrogate,0.0,-1.2893258333206177,98811.1953125,unet,surrogate estimate; validate top designs with OpenFOAM,23.470500015879146,0.25329765038957985,0.0,0012,0.19865173656448437
4.873056196856778,0.04486094680905513,0.028666822239756584,0.2939200921332265,23.470561800708982,0.6728498935699463,500000.0,continuous_71,71,continuous_naca,direct OpenFOAM-coefficient surrogate,0.0,-1.2898248434066772,98811.0390625,unet,surrogate estimate; validate top designs with OpenFOAM,23.470561800708982,0.2568960161356359,0.0,0012,0.1985904656373424
4.872425374207518,0.044859540260479135,0.028664667159318924,0.2938964374264595,23.47054642945222,0.6727988719940186,500000.0,continuous_72,72,continuous_naca,direct OpenFOAM-coefficient surrogate,0.0,-1.289757251739502,98811.0625,unet,surrogate estimate; validate top designs with OpenFOAM,23.47054642945222,0.2525437443577666,0.0,0012,0.19859377530015837
4.879654610812054,0.04413618372809367,0.028689634054899216,0.28831023514950965,23.470618674054187,0.6733869314193726,500000.0,continuous_73,73,continuous_naca,direct OpenFOAM-coefficient surrogate,0.0,-1.2905324697494507,98810.828125,unet,surrogate estimate; validate top designs with OpenFOAM,23.470618674054187,0.25596367278860366,0.0,0012,0.19857923464954125
4.885282964805365,0.044141245761101844,0.028709683567285538,0.2884871432233159,23.469991855399787,0.6738395094871521,500000.0,continuous_74,74,continuous_naca,direct OpenFOAM-coefficient surrogate,0.0,-1.2911349534988403,98810.6484375,unet,surrogate estimate; validate top designs with OpenFOAM,23.469991855399787,0.25729668398811556,0.0,0012,0.19854298369206969
4.8792417577322365,0.04487373139304238,0.028688352555036545,0.2940814049055415,23.470541010298742,0.6733546257019043,500000.0,continuous_75,75,continuous_naca,direct OpenFOAM-coefficient surrogate,0.0,-1.2904903888702393,98810.8515625,unet,surrogate estimate; validate top designs with OpenFOAM,23.470541010298742,0.2584275430358355,0.0,0012,0.19862992558855874
4.874129470088698,0.04486311123506844,0.0286705382168293,0.29394171687245785,23.47050516615992,0.6729354858398438,500000.0,continuous_76,76,continuous_naca,direct OpenFOAM-coefficient surrogate,0.0,-1.2899407148361206,98811.0078125,unet,surrogate estimate; validate top designs with OpenFOAM,23.47050516615992,0.2540146940272838,0.0,0012,0.19860281287225845
4.877156404686055,0.04486889304062676,0.02868105098605156,0.2940314797833119,23.470481038502204,0.6731815338134766,500000.0,continuous_77,77,continuous_naca,direct OpenFOAM-coefficient surrogate,0.0,-1.2902657985687256,98810.9140625,unet,surrogate estimate; validate top designs with OpenFOAM,23.470481038502204,0.25517253341347823,0.0,0012,0.19860776863625385
4.877809934231337,0.04486903688440223,0.02868332713842392,0.29404847621038666,23.470488770571375,0.6732351779937744,500000.0,continuous_78,78,continuous_naca,direct OpenFOAM-coefficient surrogate,0.0,-1.2903363704681396,98810.890625,unet,surrogate estimate; validate top designs with OpenFOAM,23.470488770571375,0.2553325823066077,0.0,0012,0.19861031675856267
4.876355403834416,0.044132165184363435,0.028678204864263535,0.2882146869507912,23.470594754909055,0.673117995262146,500000.0,continuous_79,79,continuous_naca,direct OpenFOAM-coefficient surrogate,0.0,-1.2901784181594849,98810.9375,unet,surrogate estimate; validate top designs with OpenFOAM,23.470594754909055,0.2564298444621198,0.0,0012,0.19858485014344182
4.876039992509786,0.04413137347970696,0.028677117079496384,0.2882067825654756,23.470628712570928,0.6730934381484985,500000.0,continuous_80,80,continuous_naca,direct OpenFOAM-coefficient surrogate,0.0,-1.2901450395584106,98810.9453125,unet,surrogate estimate; validate top designs with OpenFOAM,23.470628712570928,0.25425370857318513,0.0,0012,0.1985865049748498
4.8777735660077415,0.04413240175342596,0.028683098033070564,0.28826072493204613,23.47053493199423,0.6732311248779297,500000.0,continuous_81,81,continuous_naca,direct OpenFOAM-coefficient surrogate,0.0,-1.2903308868408203,98810.890625,unet,surrogate estimate; validate top designs with OpenFOAM,23.47053493199423,0.2558173706517799,0.0,0012,0.19857268462694394
4.877101852350663,0.04413035004501824,0.028680700808763504,0.2882526808349052,23.47056393366338,0.6731756925582886,500000.0,continuous_82,82,continuous_naca,direct OpenFOAM-coefficient surrogate,0.0,-1.2902579307556152,98810.90625,unet,surrogate estimate; validate top designs with OpenFOAM,23.47056393366338,0.2558997159312365,0.0,0012,0.19855132043882573
4.0,0.017432085563178223,0.025466343387961388,0.28393556857067054,22.116907828067262,0.5632588863372803,500000.0,continuous_1,1,continuous_naca,direct OpenFOAM-coefficient surrogate,0.02,-1.1076565980911255,98881.9609375,unet,surrogate estimate; validate top designs with OpenFOAM,22.116907828067262,0.4,0.0,2412,0.12
4.0,0.014462994011798753,0.02590223401784897,0.3052289683058131,22.491791175905036,0.5826101303100586,500000.0,continuous_2,2,continuous_naca,direct OpenFOAM-coefficient surrogate,0.021,-1.12371027469635,98884.296875,unet,surrogate estimate; validate top designs with OpenFOAM,22.491791175905036,0.4,0.0,2412,0.12
4.0,0.018138742604409213,0.025464676320552826,0.2851201788132784,22.161644840624817,0.5643612742424011,500000.0,continuous_3,3,continuous_naca,direct OpenFOAM-coefficient surrogate,0.02,-1.1080483198165894,98879.9140625,unet,surrogate estimate; validate top designs with OpenFOAM,22.161644840624817,0.42000000000000004,0.0,2412,0.12
4.0,0.020123911220128823,0.025920618325471878,0.29754719734825036,22.56886696186191,0.5850215554237366,500000.0,continuous_4,4,continuous_naca,direct OpenFOAM-coefficient surrogate,0.02,-1.1463912725448608,98882.4296875,unet,surrogate estimate; validate top designs with OpenFOAM,22.56886696186191,0.4,0.0,2412,0.126
4.2,0.01823728335353997,0.02626754716038704,0.29061575721881705,22.243217251198672,0.5842970013618469,500000.0,continuous_5,5,continuous_naca,direct OpenFOAM-coefficient surrogate,0.02,-1.1251648664474487,98878.8828125,unet,surrogate estimate; validate top designs with OpenFOAM,22.243217251198672,0.4,0.0,2412,0.12
4.1,0.02142384383600756,0.025900110602378845,0.2897281329044028,22.24495170178103,0.576168954372406,500000.0,continuous_6,6,continuous_naca,direct OpenFOAM-coefficient surrogate,0.0205,-1.1622099876403809,98878.6484375,unet,surrogate estimate; validate top designs with OpenFOAM,22.24495170178103,0.41000000000000003,0.0,2412,0.123
4.15,0.0191679628830921,0.02611500397324562,0.29809883915996177,22.219344252033242,0.5802804827690125,500000.0,continuous_7,7,continuous_naca,direct OpenFOAM-coefficient surrogate,0.02075,-1.1684045791625977,98880.6484375,unet,surrogate estimate; validate top designs with OpenFOAM,22.219344252033242,0.3849999999999999,0.0,2412,0.1245
4.112500000000001,0.020349080584544883,0.02595551311969757,0.2935611365779954,22.214062238326807,0.5765995979309082,500000.0,continuous_8,8,continuous_naca,direct OpenFOAM-coefficient surrogate,0.020562499999999997,-1.1624679565429688,98880.2734375,unet,surrogate estimate; validate top designs with OpenFOAM,22.214062238326807,0.39375,0.0,2412,0.12337500000000001
4.0,0.01992960682561916,0.02550993114709854,0.2852230246849819,22.148623350987403,0.5650320053100586,500000.0,continuous_9,9,continuous_naca,direct OpenFOAM-coefficient surrogate,0.0205,-1.1433783769607544,98881.328125,unet,surrogate estimate; validate top designs with OpenFOAM,22.148623350987403,0.4,0.0,2412,0.123
4.05,0.0214349278632001,0.025619953870773315,0.2940931199001188,22.11500779197763,0.5666075944900513,500000.0,continuous_10,10,continuous_naca,direct OpenFOAM-coefficient surrogate,0.02025,-1.1511754989624023,98879.625,unet,surrogate estimate; validate top designs with OpenFOAM,22.11500779197763,0.405,0.0,2412,0.1245
4.1,0.02125751260454369,0.02588200941681862,0.2857665807570645,22.220588749680125,0.5751357078552246,500000.0,continuous_11,11,continuous_naca,direct OpenFOAM-coefficient surrogate,0.02,-1.1602298021316528,98879.765625,unet,surrogate estimate; validate top designs with OpenFOAM,22.220588749680125,0.4,0.0,2412,0.123
4.0,0.022243260913438277,0.02549184300005436,0.2784279690663368,22.17474549946228,0.5652973055839539,500000.0,continuous_12,12,continuous_naca,direct OpenFOAM-coefficient surrogate,0.02,-1.14426589012146,98879.9453125,unet,surrogate estimate; validate top designs with OpenFOAM,22.17474549946228,0.41000000000000003,0.0,2412,0.123
4.000000000000001,0.02082816110137174,0.025492994114756584,0.282647589228018,22.149686363281983,0.5646839737892151,500000.0,continuous_13,13,continuous_naca,direct OpenFOAM-coefficient surrogate,0.02,-1.1428353786468506,98881.1953125,unet,surrogate estimate; validate top designs with OpenFOAM,22.149686363281983,0.3999999999999999,0.0,2412,0.123
4.050000000000001,0.02287121525248776,0.02559281513094902,0.28718271565680825,22.116945968784588,0.566057026386261,500000.0,continuous_14,14,continuous_naca,direct OpenFOAM-coefficient surrogate,0.0195,-1.1503509283065796,98879.4140625,unet,surrogate estimate; validate top designs with OpenFOAM,22.116945968784588,0.4049999999999999,0.0,2412,0.1245
4.0125,0.019855015017828742,0.02554972842335701,0.28473654608817184,22.158224303200008,0.5661587715148926,500000.0,continuous_15,15,continuous_naca,direct OpenFOAM-coefficient surrogate,0.02025,-1.1452709436416626,98881.109375,unet,surrogate estimate; validate top designs with OpenFOAM,22.158224303200008,0.40125,0.0,2412,0.123375
4.0562499999999995,0.02153293796202033,0.025640957057476044,0.2944518236647876,22.11921332751083,0.5671799182891846,500000.0,continuous_16,16,continuous_naca,direct OpenFOAM-coefficient surrogate,0.020125,-1.1521263122558594,98879.515625,unet,surrogate estimate; validate top designs with OpenFOAM,22.11921332751083,0.4056250000000001,0.0,2412,0.1246875
4.0140625000000005,0.020832573197168837,0.025548331439495087,0.28243536422724047,22.15975547900347,0.5661669373512268,500000.0,continuous_17,17,continuous_naca,direct OpenFOAM-coefficient surrogate,0.02003125,-1.1453042030334473,98881.03125,unet,surrogate estimate; validate top designs with OpenFOAM,22.15975547900347,0.40140624999999996,0.0,2412,0.123421875
4.0445312499999995,0.02150035600630245,0.02558077499270439,0.2871653395202479,22.107287384948723,0.5655436515808105,500000.0,continuous_18,18,continuous_naca,direct OpenFOAM-coefficient surrogate,0.019765625,-1.149405598640442,98879.8046875,unet,surrogate estimate; validate top designs with OpenFOAM,22.107287384948723,0.40445312499999997,0.0,2412,0.12433593750000001
4.0205078125,0.019944363689885822,0.02557699754834175,0.28537451531156055,22.164032860936732,0.5669115781784058,500000.0,continuous_19,19,continuous_naca,direct OpenFOAM-coefficient surrogate,0.020128906250000002,-1.1465275287628174,98880.984375,unet,surrogate estimate; validate top designs with OpenFOAM,22.164032860936732,0.40205078125,0.0,2412,0.123615234375
4.04619140625,0.02153198075634399,0.02559695392847061,0.2945988731333868,22.108789852166154,0.5659397840499878,500000.0,continuous_20,20,continuous_naca,direct OpenFOAM-coefficient surrogate,0.020033203124999996,-1.149989128112793,98879.859375,unet,surrogate estimate; validate top designs with OpenFOAM,22.108789852166154,0.40461914062500004,0.0,2412,0.1243857421875
4.0220947265625,0.020009765987655182,0.025579294189810753,0.28574280373977334,22.165768767086895,0.5670068860054016,500000.0,continuous_21,21,continuous_naca,direct OpenFOAM-coefficient surrogate,0.02003173828125,-1.1466963291168213,98880.9375,unet,surrogate estimate; validate top designs with OpenFOAM,22.165768767086895,0.40220947265624996,0.0,2412,0.123662841796875
4.040539550781251,0.021727896447411823,0.02556939795613289,0.2888574073959631,22.104170202569385,0.5652124285697937,500000.0,continuous_22,22,continuous_naca,direct OpenFOAM-coefficient surrogate,0.019886962890625,-1.1488442420959473,98879.8828125,unet,surrogate estimate; validate top designs with OpenFOAM,22.104170202569385,0.40405395507812497,0.0,2412,0.12421618652343752
4.025515747070313,0.02024393671805091,0.025594543665647507,0.28716659654852156,22.16769700240095,0.5673942565917969,500000.0,continuous_23,23,continuous_naca,direct OpenFOAM-coefficient surrogate,0.020068420410156253,-1.1473305225372314,98880.90625,unet,surrogate estimate; validate top designs with OpenFOAM,22.16769700240095,0.40255157470703123,0.0,2412,0.12376547241210938
4.040663146972657,0.021547591673344253,0.025573860853910446,0.29495867154959926,22.10425398805919,0.5653132200241089,500000.0,continuous_24,24,continuous_naca,direct OpenFOAM-coefficient surrogate,0.020002471923828122,-1.1489925384521484,98879.9140625,unet,surrogate estimate; validate top designs with OpenFOAM,22.10425398805919,0.4040663146972656,0.0,2412,0.12421989440917969
4.026736831665039,0.020558559316868015,0.025521013885736465,0.28352016262919677,22.083539234794962,0.5636163949966431,500000.0,continuous_25,25,continuous_naca,direct OpenFOAM-coefficient surrogate,0.02002442169189453,-1.1460243463516235,98880.5859375,unet,surrogate estimate; validate top designs with OpenFOAM,22.083539234794962,0.40267368316650387,0.0,2412,0.12380210494995117
4.05,0.02162150620328404,0.02561308443546295,0.29348450829594636,22.099567402406084,0.5660601854324341,500000.0,continuous_26,26,continuous_naca,direct OpenFOAM-coefficient surrogate,0.02,-1.150046706199646,98880.3046875,unet,surrogate estimate; validate top designs with OpenFOAM,22.099567402406084,0.4,0.0,2412,0.1245
4.0,0.021400883924660784,0.025419488549232483,0.2940145579327274,22.076624967261626,0.5611985921859741,500000.0,continuous_27,27,continuous_naca,direct OpenFOAM-coefficient surrogate,0.02,-1.1422169208526611,98880.2734375,unet,surrogate estimate; validate top designs with OpenFOAM,22.076624967261626,0.405,0.0,2412,0.1245
4.012757873535156,0.02133816584137989,0.02547047659754753,0.2910178208100421,22.071284558246184,0.5621882081031799,500000.0,continuous_28,28,continuous_naca,direct OpenFOAM-coefficient surrogate,0.020034210205078125,-1.143612027168274,98880.875,unet,surrogate estimate; validate top designs with OpenFOAM,22.071284558246184,0.40127578735351566,0.0,2412,0.1248827362060547
4.01104736328125,0.02134965112735298,0.025463152676820755,0.29117258320720657,22.07008846772415,0.5619961023330688,500000.0,continuous_29,29,continuous_naca,direct OpenFOAM-coefficient surrogate,0.020015869140625,-1.143296241760254,98880.890625,unet,surrogate estimate; validate top designs with OpenFOAM,22.07008846772415,0.401104736328125,0.0,2412,0.1248314208984375
4.020331573486327,0.020291260732971998,0.025499209761619568,0.29277668103010923,22.077065603493462,0.5629698038101196,500000.0,continuous_30,30,continuous_naca,direct OpenFOAM-coefficient surrogate,0.020001235961914058,-1.1448907852172852,98880.78125,unet,surrogate estimate; validate top designs with OpenFOAM,22.077065603493462,0.40203315734863293,0.0,2412,0.12510994720458984
4.022407913208008,0.02031731975913994,0.0255061537027359,0.2928542105161021,22.078420987836335,0.5631576776504517,500000.0,continuous_31,31,continuous_naca,direct OpenFOAM-coefficient surrogate,0.019966407775878908,-1.1452136039733887,98880.7421875,unet,surrogate estimate; validate top designs with OpenFOAM,22.078420987836335,0.4022407913208008,0.0,2412,0.1251722373962402
4.046369743347167,0.02046920532498294,0.0256015844643116,0.29966124672998573,22.094938812987078,0.5656875371932983,500000.0,continuous_32,32,continuous_naca,direct OpenFOAM-coefficient surrogate,0.019983821868896485,-1.1494007110595703,98880.4609375,unet,surrogate estimate; validate top designs with OpenFOAM,22.094938812987078,0.39713697433471684,0.0,2412,0.125891092300415
4.03905725479126,0.020444554296653334,0.025571309030056,0.3000820317152573,22.090903796012856,0.5649154186248779,500000.0,continuous_33,33,continuous_naca,direct OpenFOAM-coefficient surrogate,0.01997387886047364,-1.1481159925460815,98880.546875,unet,surrogate estimate; validate top designs with OpenFOAM,22.090903796012856,0.3976557254791259,0.0,2412,0.12567171764373775
4.045305585861206,0.020385238207349003,0.02559896931052208,0.2980672415860968,22.082979255757973,0.5653235912322998,500000.0,continuous_34,34,continuous_naca,direct OpenFOAM-coefficient surrogate,0.020012442588806155,-1.1486762762069702,98880.984375,unet,surrogate estimate; validate top designs with OpenFOAM,22.082979255757973,0.3951555585861206,0.0,2412,0.12585916757583618
4.039581167697906,0.02044129274173406,0.025574438273906708,0.2998789765007584,22.090946276093685,0.5649856328964233,500000.0,continuous_35,35,continuous_naca,direct OpenFOAM-coefficient surrogate,0.02000093388557434,-1.1482371091842651,98880.546875,unet,surrogate estimate; validate top designs with OpenFOAM,22.090946276093685,0.3969268667697907,0.0,2412,0.1256874350309372
4.028918200731278,0.020345854309991335,0.02553309127688408,0.30001714507368443,22.08303811045964,0.5638703107833862,500000.0,continuous_36,36,continuous_naca,direct OpenFOAM-coefficient surrogate,0.020018499016761778,-1.1464018821716309,98880.6796875,unet,surrogate estimate; validate top designs with OpenFOAM,22.08303811045964,0.3993761950731279,0.0,2412,0.12536754602193834
4.036522491276264,0.020419414679643814,0.025561591610312462,0.3001764433847416,22.089195833595657,0.5646570920944214,500000.0,continuous_37,37,continuous_naca,direct OpenFOAM-coefficient surrogate,0.019985033899545673,-1.147687315940857,98880.578125,unet,surrogate estimate; validate top designs with OpenFOAM,22.089195833595657,0.3980858428776264,0.0,2412,0.1255956747382879
4.025,0.020642541242294764,0.025516901165246964,0.29436467298072055,22.08074273465649,0.5634542107582092,500000.0,continuous_38,38,continuous_naca,direct OpenFOAM-coefficient surrogate,0.02,-1.1457008123397827,98880.71875,unet,surrogate estimate; validate top designs with OpenFOAM,22.08074273465649,0.4,0.0,2412,0.12525
4.023184871673584,0.019937849059962865,0.026061322540044785,0.29706293475963125,22.635186356327633,0.5899255275726318,500000.0,continuous_39,39,continuous_naca,direct OpenFOAM-coefficient surrogate,0.019991910934448243,-1.1533236503601074,98882.25,unet,surrogate estimate; validate top designs with OpenFOAM,22.635186356327633,0.39856848716735843,0.0,2412,0.1259455461502075
4.019790583848954,0.01992346498925766,0.026048727333545685,0.29716208115866616,22.63270169255152,0.5895757079124451,500000.0,continuous_40,40,continuous_naca,direct OpenFOAM-coefficient surrogate,0.02000046694278717,-1.1527398824691772,98882.2890625,unet,surrogate estimate; validate top designs with OpenFOAM,22.63270169255152,0.39846343338489537,0.0,2412,0.1258437175154686
4.01952862739563,0.019924870406384153,0.026047296822071075,0.29727047976988663,22.63256939783525,0.5895398855209351,500000.0,continuous_41,41,continuous_naca,direct OpenFOAM-coefficient surrogate,0.01998693943023682,-1.1526784896850586,98882.2890625,unet,surrogate estimate; validate top designs with OpenFOAM,22.63256939783525,0.39882786273956294,0.0,2412,0.12583585882186887
4.006252041459083,0.020808069777735916,0.025905922055244446,0.295458692496289,22.504880724790212,0.5830321907997131,500000.0,continuous_42,42,continuous_naca,direct OpenFOAM-coefficient surrogate,0.019989658653736118,-1.1456166505813599,98882.3984375,unet,surrogate estimate; validate top designs with OpenFOAM,22.504880724790212,0.3979298916459083,0.0,2412,0.1265625612437725
4.0109390310943125,0.02019912801323791,0.025963354855775833,0.29723370986399283,22.57651858952814,0.5861847400665283,500000.0,continuous_43,43,continuous_naca,direct OpenFOAM-coefficient surrogate,0.01999224399030209,-1.1482806205749512,98882.28125,unet,surrogate estimate; validate top designs with OpenFOAM,22.57651858952814,0.3984474187344313,0.0,2412,0.12623442093282938
4.03672155700624,0.020028009446566672,0.026112716645002365,0.29751349895456936,22.647353949105284,0.5914065837860107,500000.0,continuous_44,44,continuous_naca,direct OpenFOAM-coefficient surrogate,0.019985780648887164,-1.1556830406188965,98882.0390625,unet,surrogate estimate; validate top designs with OpenFOAM,22.647353949105284,0.397153601013124,0.0,2412,0.12592977171018715
4.055082335509361,0.02043661370076485,0.025636054575443268,0.2984952320414271,22.090170871667386,0.566326916217804,500000.0,continuous_45,45,continuous_naca,direct OpenFOAM-coefficient surrogate,0.019978670973330746,-1.150342583656311,98880.8359375,unet,surrogate estimate; validate top designs with OpenFOAM,22.090170871667386,0.3957304015196861,0.0,2412,0.12589465756528073
4.03867378886789,0.02042793201648957,0.025570079684257507,0.30035320300916696,22.090856302861937,0.5648870468139648,500000.0,continuous_46,46,continuous_naca,direct OpenFOAM-coefficient surrogate,0.019990304987877607,-1.1480673551559448,98880.546875,unet,surrogate estimate; validate top designs with OpenFOAM,22.090856302861937,0.3980592734180391,0.0,2412,0.1255430261660367
4.0178727205377065,0.020238838813620555,0.025988921523094177,0.29795427245113687,22.582348543531825,0.5869134664535522,500000.0,continuous_47,47,continuous_naca,direct OpenFOAM-coefficient surrogate,0.01999175923969597,-1.1494808197021484,98882.1640625,unet,surrogate estimate; validate top designs with OpenFOAM,22.582348543531825,0.39835038240533327,0.0,2412,0.1260615722411312
4.031740099424496,0.020390498716683202,0.025544099509716034,0.29967539396983994,22.084572352770362,0.5641525983810425,500000.0,continuous_48,48,continuous_naca,direct OpenFOAM-coefficient surrogate,0.019990789738483727,-1.1468629837036133,98880.6640625,unet,surrogate estimate; validate top designs with OpenFOAM,22.084572352770362,0.3981563097471371,0.0,2412,0.12571587485773486
4.021339565259404,0.019934534244776998,0.026054425165057182,0.2969018570611996,22.633761897125265,0.58973228931427,500000.0,continuous_49,49,continuous_naca,direct OpenFOAM-coefficient surrogate,0.01999151686439291,-1.1530011892318726,98882.28125,unet,surrogate estimate; validate top designs with OpenFOAM,22.633761897125265,0.39830186424078423,0.0,2412,0.12597514789528214
4.0309896614984595,0.019987402321700046,0.02609245665371418,0.2970522418767061,22.641353105074746,0.5907911658287048,500000.0,continuous_50,50,continuous_naca,direct OpenFOAM-coefficient surrogate,0.019997898265020915,-1.1546947956085205,98882.140625,unet,surrogate estimate; validate top designs with OpenFOAM,22.641353105074746,0.3974158301635181,0.0,2412,0.1260112328137038
4.03632724386989,0.020021202758018868,0.02611139416694641,0.2970992271466446,22.64671136486833,0.5913598537445068,500000.0,continuous_51,51,continuous_naca,direct OpenFOAM-coefficient surrogate,0.019983086413587446,-1.1556119918823242,98882.0625,unet,surrogate estimate; validate top designs with OpenFOAM,22.64671136486833,0.39725645790749703,0.0,2412,0.12608713176922173
4.042272101764683,0.020053362880361122,0.026134803891181946,0.29746859690344235,22.650728606016543,0.5919950008392334,500000.0,continuous_52,52,continuous_naca,direct OpenFOAM-coefficient surrogate,0.01998782126657898,-1.156657099723816,98881.96875,unet,surrogate estimate; validate top designs with OpenFOAM,22.650728606016543,0.3968953238849647,0.0,2412,0.12601169332637796
4.052738370017323,0.020005849308465575,0.02617623656988144,0.29628345619603946,22.648471934214356,0.5928744077682495,500000.0,continuous_53,53,continuous_naca,direct OpenFOAM-coefficient surrogate,0.019985973467672016,-1.1579471826553345,98882.328125,unet,surrogate estimate; validate top designs with OpenFOAM,22.648471934214356,0.396192053707055,0.0,2412,0.12602996604192584
4.049970410396051,0.02000231801607911,0.026165354996919632,0.29604722302301884,22.64656477924365,0.5925780534744263,500000.0,continuous_54,54,continuous_naca,direct OpenFOAM-coefficient surrogate,0.01998538236258901,-1.1574618816375732,98882.3671875,unet,surrogate estimate; validate top designs with OpenFOAM,22.64656477924365,0.39579211931719344,0.0,2412,0.12607436865953778
4.051655995019972,0.020012296899659825,0.026171552017331123,0.2962808942596279,22.647820670282034,0.5927512645721436,500000.0,continuous_55,55,continuous_naca,direct OpenFOAM-coefficient surrogate,0.01997313708080039,-1.157742977142334,98882.3359375,unet,surrogate estimate; validate top designs with OpenFOAM,22.647820670282034,0.39613292089787144,0.0,2412,0.1260402499189585
4.033518038434341,0.02000323344966122,0.026100149378180504,0.2974053692941675,22.644698240738407,0.5910526514053345,500000.0,continuous_56,56,continuous_naca,direct OpenFOAM-coefficient surrogate,0.019979530342337973,-1.1551166772842407,98882.09375,unet,surrogate estimate; validate top designs with OpenFOAM,22.644698240738407,0.39792703253453515,0.0,2412,0.12596005470283492
4.045857317405623,0.0199759735777427,0.026149699464440346,0.2960217079007158,22.643057571143448,0.5921317934989929,500000.0,continuous_57,57,continuous_naca,direct OpenFOAM-coefficient surrogate,0.01998391935752625,-1.1567391157150269,98882.4296875,unet,surrogate estimate; validate top designs with OpenFOAM,22.643057571143448,0.3963258476215289,0.0,2412,0.12604579017036205
4.0469640483923275,0.019980340000196228,0.026153799146413803,0.29614594107665826,22.64400692784465,0.5922494530677795,500000.0,continuous_58,58,continuous_naca,direct OpenFOAM-coefficient surrogate,0.019980479173689683,-1.1569288969039917,98882.40625,unet,surrogate estimate; validate top designs with OpenFOAM,22.64400692784465,0.39651412239141803,0.0,2412,0.12602597162266824
4.039496829385461,0.020040931479426385,0.02612381801009178,0.2974880544382065,22.648711302515057,0.5916934609413147,500000.0,continuous_59,59,continuous_naca,direct OpenFOAM-coefficient surrogate,0.019986800957733072,-1.1561697721481323,98882.0078125,unet,surrogate estimate; validate top designs with OpenFOAM,22.648711302515057,0.3970244624490443,0.0,2412,0.12597073251828256
4.039299672817286,0.02003693268031992,0.026123154908418655,0.29728448884750097,22.648537826085164,0.5916739106178284,500000.0,continuous_60,60,continuous_naca,direct OpenFOAM-coefficient surrogate,0.01998545384008321,-1.156134843826294,98882.015625,unet,surrogate estimate; validate top designs with OpenFOAM,22.648537826085164,0.39707589089623085,0.0,2412,0.12604941254779983
4.046121256080367,0.019974334744536113,0.0261507760733366,0.29602526507895394,22.6432900699322,0.5921622514724731,500000.0,continuous_61,61,continuous_naca,direct OpenFOAM-coefficient surrogate,0.019986601814583997,-1.1567883491516113,98882.421875,unet,surrogate estimate; validate top designs with OpenFOAM,22.6432900699322,0.39634372160107906,0.0,2412,0.12604303099295788
4.037895070099511,0.020027382112576878,0.026117410510778427,0.29743546832931794,22.647971302934756,0.5915290117263794,500000.0,continuous_62,62,continuous_naca,direct OpenFOAM-coefficient surrogate,0.01998367580445848,-1.1558865308761597,98882.03125,unet,surrogate estimate; validate top designs with OpenFOAM,22.647971302934756,0.39741117820974997,0.0,2412,0.12598587401460642
4.032517788641142,0.019994110161458203,0.026096902787685394,0.2972309355433735,22.643689741391167,0.5909528136253357,500000.0,continuous_63,63,continuous_naca,direct OpenFOAM-coefficient surrogate,0.01999139676073719,-1.1549550294876099,98882.109375,unet,surrogate estimate; validate top designs with OpenFOAM,22.643689741391167,0.39768930532857694,0.0,2412,0.12598288458086518
4.043352483454531,0.020061970954121166,0.026138775050640106,0.2975102610572198,22.651460320224636,0.5921040773391724,500000.0,continuous_64,64,continuous_naca,direct OpenFOAM-coefficient surrogate,0.01998320857045156,-1.156841516494751,98881.953125,unet,surrogate estimate; validate top designs with OpenFOAM,22.651460320224636,0.39680791812570776,0.0,2412,0.1260151998622175
4.044315473611471,0.019963712399928727,0.02614409849047661,0.295980939064594,22.641625286422883,0.5919675230979919,500000.0,continuous_65,65,continuous_naca,direct OpenFOAM-coefficient surrogate,0.01998796651296493,-1.1564728021621704,98882.453125,unet,surrogate estimate; validate top designs with OpenFOAM,22.641625286422883,0.3964906194682238,0.0,2412,0.12603764511273247
4.039500170977501,0.020038404123195488,0.02612381801009178,0.2974339807676297,22.648690768714488,0.5916929244995117,500000.0,continuous_66,66,continuous_naca,direct OpenFOAM-coefficient surrogate,0.01998474848158509,-1.1561684608459473,98882.0078125,unet,surrogate estimate; validate top designs with OpenFOAM,22.648690768714488,0.3971810385243684,0.0,2412,0.12599881678913794
4.0430111199738015,0.020059438710867163,0.026137366890907288,0.29767052194253685,22.65133294154166,0.5920688509941101,500000.0,continuous_67,67,continuous_naca,direct OpenFOAM-coefficient surrogate,0.019985835798091142,-1.1567844152450562,98881.953125,unet,surrogate estimate; validate top designs with OpenFOAM,22.65133294154166,0.39687848059581166,0.0,2412,0.12594880870020814
4.044566096311737,0.020069533479420573,0.02614305540919304,0.29762810214265145,22.65276289692,0.5922350883483887,500000.0,continuous_68,68,continuous_naca,direct OpenFOAM-coefficient surrogate,0.01998708481484229,-1.157057762145996,98881.9296875,unet,surrogate estimate; validate top designs with OpenFOAM,22.65276289692,0.39662205400339573,0.0,2412,0.1259744004144051
4.047099058978855,0.019980775023243223,0.0261542946100235,0.296268257374676,22.644304940174052,0.5922684669494629,500000.0,continuous_69,69,continuous_naca,direct OpenFOAM-coefficient surrogate,0.01998825298147089,-1.1569606065750122,98882.40625,unet,surrogate estimate; validate top designs with OpenFOAM,22.644304940174052,0.3963425617429094,0.0,2412,0.1259621922270387
4.047104071366915,0.019976294012454352,0.026154406368732452,0.29618621348049096,22.644169443244795,0.5922674536705017,500000.0,continuous_70,70,continuous_naca,direct OpenFOAM-coefficient surrogate,0.019985174267248912,-1.1569578647613525,98882.40625,unet,surrogate estimate; validate top designs with OpenFOAM,22.644169443244795,0.3965774258558956,0.0,2412,0.1260043186333218
4.041398639880825,0.020050270612917996,0.02613135240972042,0.2975258453901308,22.65018716892502,0.5919026732444763,500000.0,continuous_71,71,continuous_naca,direct OpenFOAM-coefficient surrogate,0.019986394285112032,-1.156502604484558,98881.9765625,unet,surrogate estimate; validate top designs with OpenFOAM,22.65018716892502,0.3969127033007571,0.0,2412,0.12597912904704237
4.045202260871552,0.02007093786291033,0.026145391166210175,0.2976044162509228,22.65317618590134,0.5922988057136536,500000.0,continuous_72,72,continuous_naca,direct OpenFOAM-coefficient surrogate,0.019985580939869952,-1.1571675539016724,98881.921875,unet,surrogate estimate; validate top designs with OpenFOAM,22.65317618590134,0.3966891850041828,0.0,2412,0.12599592210456198
4.047104071366915,0.019976294012454352,0.026154406368732452,0.29618621348049096,22.644169443244795,0.5922674536705017,500000.0,continuous_73,73,continuous_naca,direct OpenFOAM-coefficient surrogate,0.019985174267248912,-1.1569578647613525,98882.40625,unet,surrogate estimate; validate top designs with OpenFOAM,22.644169443244795,0.3965774258558956,0.0,2412,0.1260043186333218
4.045793878541127,0.02007858690701227,0.026147350668907166,0.2977415114777334,22.65369197943708,0.5923566818237305,500000.0,continuous_74,74,continuous_naca,direct OpenFOAM-coefficient surrogate,0.019983033795048493,-1.1572680473327637,98881.90625,unet,surrogate estimate; validate top designs with OpenFOAM,22.65369197943708,0.3966034949795843,0.0,2412,0.1259554722143184
4.047554766929348,0.02038880144457644,0.025606919080018997,0.29820811090806193,22.084475155149324,0.5655374526977539,500000.0,continuous_75,75,continuous_naca,direct OpenFOAM-coefficient surrogate,0.019980640059283246,-1.1490323543548584,98880.9453125,unet,surrogate estimate; validate top designs with OpenFOAM,22.084475155149324,0.39645758052689406,0.0,2412,0.12592736165828866
4.046446239615671,0.019976181189370622,0.0261518731713295,0.2961188546798075,22.643611926870868,0.5921955108642578,500000.0,continuous_76,76,continuous_naca,direct OpenFOAM-coefficient surrogate,0.01998361826201501,-1.1568413972854614,98882.4140625,unet,surrogate estimate; validate top designs with OpenFOAM,22.643611926870868,0.39648284546062373,0.0,2412,0.1260216885975433
4.043869899884269,0.020065466787741647,0.026140421628952026,0.2976443344316453,22.6520856411132,0.5921577215194702,500000.0,continuous_77,77,continuous_naca,direct OpenFOAM-coefficient surrogate,0.01998528141407211,-1.1569335460662842,98881.9375,unet,surrogate estimate; validate top designs with OpenFOAM,22.6520856411132,0.3967795718120147,0.0,2412,0.12596702867454193
4.046363584349812,0.019974862931540417,0.026151452213525772,0.29634519365631534,22.643634536927625,0.5921865701675415,500000.0,continuous_78,78,continuous_naca,direct OpenFOAM-coefficient surrogate,0.01998728191146486,-1.156830072402954,98882.4140625,unet,surrogate estimate; validate top designs with OpenFOAM,22.643634536927625,0.39653923477388103,0.0,2412,0.1259312118416962
4.044105258678352,0.020066242345490926,0.026141323149204254,0.29758444628083597,22.65223472431003,0.5921820402145386,500000.0,continuous_79,79,continuous_naca,direct OpenFOAM-coefficient surrogate,0.019984226905704887,-1.1569738388061523,98881.9375,unet,surrogate estimate; validate top designs with OpenFOAM,22.65223472431003,0.3967407472877511,0.0,2412,0.12599420285708718
4.045963847317113,0.01997281333779934,0.026149991899728775,0.29617922905752786,22.643255655048396,0.5921435952186584,500000.0,continuous_80,80,continuous_naca,direct OpenFOAM-coefficient surrogate,0.019984681813660705,-1.1567580699920654,98882.421875,unet,surrogate estimate; validate top designs with OpenFOAM,22.643255655048396,0.39654816882544236,0.0,2412,0.1259929701206444
4.04439338674248,0.02006782960747421,0.02614234760403633,0.2976452196231923,22.652580507169965,0.5922142863273621,500000.0,continuous_81,81,continuous_naca,direct OpenFOAM-coefficient surrogate,0.01998513151396926,-1.1570250988006592,98881.9296875,unet,surrogate estimate; validate top designs with OpenFOAM,22.652580507169965,0.3967217210653716,0.0,2412,0.12597351403606755
4.045872552555096,0.01997212903239438,0.02614961378276348,0.2962656566532185,22.643202418188398,0.592133641242981,500000.0,continuous_82,82,continuous_naca,direct OpenFOAM-coefficient surrogate,0.019986188626160112,-1.1567431688308716,98882.421875,unet,surrogate estimate; validate top designs with OpenFOAM,22.643202418188398,0.39657748023851624,0.0,2412,0.12595545152758936
4.044547082147538,0.020068603046451843,0.02614292874932289,0.2976180412846342,22.65274041088144,0.5922316312789917,500000.0,continuous_83,83,continuous_naca,direct OpenFOAM-coefficient surrogate,0.01998471733581869,-1.1570515632629395,98881.9296875,unet,surrogate estimate; validate top designs with OpenFOAM,22.65274041088144,0.3966999305254424,0.0,2412,0.12598451502471272
4.045661272193496,0.019970802370761806,0.026148827746510506,0.29620053938527136,22.64299410196043,0.5921103954315186,500000.0,continuous_84,84,continuous_naca,direct OpenFOAM-coefficient surrogate,0.019985076928820455,-1.1567046642303467,98882.421875,unet,surrogate estimate; validate top designs with OpenFOAM,22.64299410196043,0.39658561119093105,0.0,2412,0.12598164084293156
4.044710358105235,0.020070342368578787,0.02614351361989975,0.2976453235270751,22.652865162303424,0.5922481417655945,500000.0,continuous_85,85,continuous_naca,direct OpenFOAM-coefficient surrogate,0.01998511786768206,-1.1570805311203003,98881.9296875,unet,surrogate estimate; validate top designs with OpenFOAM,22.652865162303424,0.3966876935967615,0.0,2412,0.12597554573778355
4.045589214767286,0.02007566898252163,0.026146724820137024,0.29769286244841325,22.653511585649024,0.5923377871513367,500000.0,continuous_86,86,continuous_naca,direct OpenFOAM-coefficient surrogate,0.01998569137290271,-1.1572353839874268,98881.9140625,unet,surrogate estimate; validate top designs with OpenFOAM,22.653511585649024,0.3966012832665198,0.0,2412,0.1259661552108218
4.0,0.004497610648827748,0.030262744054198265,0.24501825088014856,24.75322618696283,0.7491253018379211,500000.0,continuous_1,1,continuous_naca,direct OpenFOAM-coefficient surrogate,0.04,-1.2046388387680054,98857.4140625,unet,surrogate estimate; validate top designs with OpenFOAM,24.75322618696283,0.4,0.0,4415,0.15
4.0,0.006292743617233844,0.030574075877666473,0.23953438028075705,25.05524687612991,0.7660660743713379,500000.0,continuous_2,2,continuous_naca,direct OpenFOAM-coefficient surrogate,0.042,-1.1773076057434082,98857.7109375,unet,surrogate estimate; validate top designs with OpenFOAM,25.05524687612991,0.4,0.0,4415,0.15
4.0,0.004138971196441408,0.03020860254764557,0.2248208627066691,24.84529090215231,0.7505663633346558,500000.0,continuous_3,3,continuous_naca,direct OpenFOAM-coefficient surrogate,0.04,-1.2248022556304932,98856.3359375,unet,surrogate estimate; validate top designs with OpenFOAM,24.84529090215231,0.42000000000000004,0.0,4415,0.15
4.0,0.011524970745536859,0.030700670555233955,0.16254428992880376,25.185820548286003,0.7732467651367188,500000.0,continuous_4,4,continuous_naca,direct OpenFOAM-coefficient surrogate,0.04,-1.3263885974884033,98850.234375,unet,surrogate estimate; validate top designs with OpenFOAM,25.185820548286003,0.4,0.0,4415,0.1575
4.2,0.004427459727151059,0.030958129093050957,0.2507706366992671,24.814148222784926,0.7682244181632996,500000.0,continuous_5,5,continuous_naca,direct OpenFOAM-coefficient surrogate,0.04,-1.2290937900543213,98854.2421875,unet,surrogate estimate; validate top designs with OpenFOAM,24.814148222784926,0.4,0.0,4415,0.15
4.1,0.0059589341679078065,0.030693605542182922,0.20763574928371464,25.0476228096858,0.7688269019126892,500000.0,continuous_6,6,continuous_naca,direct OpenFOAM-coefficient surrogate,0.041,-1.295214295387268,98844.09375,unet,surrogate estimate; validate top designs with OpenFOAM,25.0476228096858,0.41000000000000003,0.0,4415,0.15375000000000003
3.8500000000000005,0.004560040993298973,0.03001030907034874,0.20545921385528434,25.139610257123934,0.7544726133346558,500000.0,continuous_7,7,continuous_naca,direct OpenFOAM-coefficient surrogate,0.0415,-1.2614009380340576,98848.59375,unet,surrogate estimate; validate top designs with OpenFOAM,25.139610257123934,0.4149999999999999,0.0,4415,0.15562500000000004
3.9750000000000005,0.009826575898628839,0.03076876699924469,0.17582544797548139,25.097222594059616,0.7722356915473938,500000.0,continuous_8,8,continuous_naca,direct OpenFOAM-coefficient surrogate,0.04225,-1.231668472290039,98849.2421875,unet,surrogate estimate; validate top designs with OpenFOAM,25.097222594059616,0.39249999999999996,0.0,4415,0.15843750000000004
3.812500000000001,0.015036681485219727,0.030185367912054062,0.17576683599222181,25.171489378426568,0.7598358392715454,500000.0,continuous_9,9,continuous_naca,direct OpenFOAM-coefficient surrogate,0.041875,-1.2342370748519897,98852.0390625,unet,surrogate estimate; validate top designs with OpenFOAM,25.171489378426568,0.39374999999999993,0.0,4415,0.15703125000000004
3.8187500000000014,0.013059035244906854,0.030474763363599777,0.24086691485296563,25.232841266531334,0.7689900994300842,500000.0,continuous_10,10,continuous_naca,direct OpenFOAM-coefficient surrogate,0.04081250000000001,-1.2643814086914062,98852.859375,unet,surrogate estimate; validate top designs with OpenFOAM,25.232841266531334,0.4006249999999999,0.0,4415,0.16429687500000004
3.728125000000002,0.017774929092694184,0.03038046881556511,0.32427535571492966,25.460248782096357,0.77351975440979,500000.0,continuous_11,11,continuous_naca,direct OpenFOAM-coefficient surrogate,0.04021875000000001,-1.3593153953552246,98863.59375,unet,surrogate estimate; validate top designs with OpenFOAM,25.460248782096357,0.4009374999999997,0.0,4415,0.17144531250000006
3.7203125000000012,0.014184724125326993,0.029979612678289413,0.14826473962780712,25.04504975720658,0.7508659362792969,500000.0,continuous_12,12,continuous_naca,direct OpenFOAM-coefficient surrogate,0.039546875,-1.2429441213607788,98852.640625,unet,surrogate estimate; validate top designs with OpenFOAM,25.04504975720658,0.4123437499999999,0.0,4415,0.16236328125000002
3.9113281250000007,0.010206591407635092,0.03059861809015274,0.16868719393490664,25.106249419265378,0.7682416439056396,500000.0,continuous_13,13,continuous_naca,direct OpenFOAM-coefficient surrogate,0.04157421875,-1.2357568740844727,98850.5234375,unet,surrogate estimate; validate top designs with OpenFOAM,25.106249419265378,0.39746093749999994,0.0,4415,0.15941894531250003
3.783984375000001,0.011721138915079405,0.030114177614450455,0.1574491864147562,25.01246120051169,0.7532547116279602,500000.0,continuous_14,14,continuous_naca,direct OpenFOAM-coefficient surrogate,0.04022265625,-1.2360420227050781,98851.578125,unet,surrogate estimate; validate top designs with OpenFOAM,25.01246120051169,0.4073828124999999,0.0,4415,0.16138183593750002
3.879492187500001,0.011678051481403126,0.030410921201109886,0.16370600134390653,25.037621905335374,0.7614421844482422,500000.0,continuous_15,15,continuous_naca,direct OpenFOAM-coefficient surrogate,0.041236328125,-1.2378246784210205,98850.0546875,unet,surrogate estimate; validate top designs with OpenFOAM,25.037621905335374,0.39994140624999996,0.0,4415,0.15990966796875003
3.864062500000001,0.008181691733827271,0.03051232174038887,0.1722940557735045,25.249933798717866,0.7704593539237976,500000.0,continuous_16,16,continuous_naca,direct OpenFOAM-coefficient surrogate,0.040109375,-1.2718816995620728,98851.203125,unet,surrogate estimate; validate top designs with OpenFOAM,25.249933798717866,0.4004687499999999,0.0,4415,0.16447265625000002
3.7703125000000015,0.014520738693510633,0.03032105416059494,0.25166942863245745,25.202741714716,0.764198899269104,500000.0,continuous_17,17,continuous_naca,direct OpenFOAM-coefficient surrogate,0.04104687500000001,-1.2604161500930786,98854.171875,unet,surrogate estimate; validate top designs with OpenFOAM,25.202741714716,0.39734374999999983,0.0,4415,0.16423828125000006
3.7890625000000013,0.011439375372357187,0.030370565131306648,0.1917401500368752,25.229079025977644,0.7662466168403625,500000.0,continuous_18,18,continuous_naca,direct OpenFOAM-coefficient surrogate,0.040859375,-1.2616885900497437,98851.921875,unet,surrogate estimate; validate top designs with OpenFOAM,25.229079025977644,0.4079687499999998,0.0,4415,0.16353515625000004
3.8197265625000014,0.014890238107579093,0.030375443398952484,0.24498596854402926,25.196302753201486,0.7653740644454956,500000.0,continuous_19,19,continuous_naca,direct OpenFOAM-coefficient surrogate,0.04089648437500001,-1.335499882698059,98858.890625,unet,surrogate estimate; validate top designs with OpenFOAM,25.196302753201486,0.39919921874999986,0.0,4415,0.16543212890625003
3.7560546875000016,0.013576849581005196,0.030237488448619843,0.25866341376741286,25.266027988599415,0.764006495475769,500000.0,continuous_20,20,continuous_naca,direct OpenFOAM-coefficient surrogate,0.040220703125000014,-1.2765699625015259,98854.5390625,unet,surrogate estimate; validate top designs with OpenFOAM,25.266027988599415,0.4041601562499998,0.0,4415,0.16641357421875003
3.798339843750002,0.019152318609301278,0.03050795942544937,0.2679553757565099,25.394503884741237,0.7747598886489868,500000.0,continuous_21,21,continuous_naca,direct OpenFOAM-coefficient surrogate,0.03965722656250001,-1.3623019456863403,98860.3828125,unet,surrogate estimate; validate top designs with OpenFOAM,25.394503884741237,0.4094238281249997,0.0,4415,0.16869506835937498
3.7842285156250024,0.020607337556101602,0.0302420761436224,0.30748603814640474,25.36449041477401,0.7671002149581909,500000.0,continuous_22,22,continuous_naca,direct OpenFOAM-coefficient surrogate,0.03924365234375002,-1.3872731924057007,98866.15625,unet,surrogate estimate; validate top designs with OpenFOAM,25.36449041477401,0.39952636718749973,0.0,4415,0.17197814941406253
3.6693115234375036,0.012488843756438803,0.029895134270191193,0.31572896593417504,25.4332889802277,0.7603570222854614,500000.0,continuous_23,23,continuous_naca,direct OpenFOAM-coefficient surrogate,0.03956079101562503,-1.4012795686721802,98870.8125,unet,surrogate estimate; validate top designs with OpenFOAM,25.4332889802277,0.4065551757812496,0.0,4415,0.17479339599609378
3.7339477539062536,0.03226854394271238,0.029939478263258934,0.31099006789734407,25.409265203833282,0.760765552520752,500000.0,continuous_24,24,continuous_naca,direct OpenFOAM-coefficient surrogate,0.03911950683593752,-1.3018090724945068,98854.203125,unet,surrogate estimate; validate top designs with OpenFOAM,25.409265203833282,0.40406127929687463,0.0,4415,0.17704238891601565
3.680633544921878,0.019583178657909282,0.029980596154928207,0.3386873609654366,25.37769427096613,0.7608637809753418,500000.0,continuous_25,25,continuous_naca,direct OpenFOAM-coefficient surrogate,0.04003448486328126,-1.376532793045044,98865.390625,unet,surrogate estimate; validate top designs with OpenFOAM,25.37769427096613,0.41096252441406217,0.0,4415,0.1740099334716797
3.7065322875976587,0.01847163698279264,0.03006187453866005,0.33252274529231757,25.39096691578676,0.7633254528045654,500000.0,continuous_26,26,continuous_naca,direct OpenFOAM-coefficient surrogate,0.03983677673339845,-1.3789122104644775,98865.1171875,unet,surrogate estimate; validate top designs with OpenFOAM,25.39096691578676,0.40810348510742156,0.0,4415,0.1735019874572754
3.7583297729492218,0.019051134218773066,0.030236057937145233,0.30494413870745557,25.4671745715026,0.770052433013916,500000.0,continuous_27,27,continuous_naca,direct OpenFOAM-coefficient surrogate,0.03944136047363283,-1.3878287076950073,98866.0,unet,surrogate estimate; validate top designs with OpenFOAM,25.4671745715026,0.40238540649414034,0.0,4415,0.17248609542846682
3.784228515625003,0.020607337556101606,0.0302420761436224,0.30748603814640474,25.36449041477401,0.7671002149581909,500000.0,continuous_28,28,continuous_naca,direct OpenFOAM-coefficient surrogate,0.03924365234375002,-1.3872731924057007,98866.15625,unet,surrogate estimate; validate top designs with OpenFOAM,25.36449041477401,0.3995263671874998,0.0,4415,0.17197814941406253
3.646517181396488,0.03744495976681482,0.02980859950184822,0.29342464623968634,25.47320796654751,0.7593461275100708,500000.0,continuous_29,29,continuous_naca,direct OpenFOAM-coefficient surrogate,0.039512977600097685,-1.3720718622207642,98855.609375,unet,surrogate estimate; validate top designs with OpenFOAM,25.47320796654751,0.39754585266113246,0.0,4415,0.17918852806091318
3.5706058502197306,0.0331303047304517,0.02950144186615944,0.3188582412777113,25.369964717789244,0.7484759092330933,500000.0,continuous_30,30,continuous_naca,direct OpenFOAM-coefficient surrogate,0.03944085311889653,-1.3815677165985107,98859.84375,unet,surrogate estimate; validate top designs with OpenFOAM,25.369964717789244,0.39160686492919894,0.0,4415,0.18443525791168225
3.667193984985354,0.019203890204980034,0.029962126165628433,0.30738821055028537,25.395991371700465,0.7609432935714722,500000.0,continuous_31,31,continuous_naca,direct OpenFOAM-coefficient surrogate,0.040247432708740254,-1.378914475440979,98868.6953125,unet,surrogate estimate; validate top designs with OpenFOAM,25.395991371700465,0.3996506881713864,0.0,4415,0.1719142770767213
3.7172593116760284,0.022144340770793785,0.03009181097149849,0.29757632023866104,25.515792987402023,0.7678419351577759,500000.0,continuous_32,32,continuous_naca,direct OpenFOAM-coefficient surrogate,0.0394014883041382,-1.3250651359558105,98858.2421875,unet,surrogate estimate; validate top designs with OpenFOAM,25.515792987402023,0.4029586315155026,0.0,4415,0.17576036095619207
3.7558041095733667,0.03175015175385775,0.030423637479543686,0.3084748541787988,25.58548255161479,0.7784290313720703,500000.0,continuous_33,33,continuous_naca,direct OpenFOAM-coefficient surrogate,0.039726497173309325,-1.325696349143982,98855.7890625,unet,surrogate estimate; validate top designs with OpenFOAM,25.58548255161479,0.395358519554138,0.0,4415,0.1746467524766923
3.7990504026412992,0.031922264445738084,0.030600398778915405,0.31700298938697286,25.650005822697796,0.7849260568618774,500000.0,continuous_34,34,continuous_naca,direct OpenFOAM-coefficient surrogate,0.039809350252151474,-1.3351622819900513,98857.625,unet,surrogate estimate; validate top designs with OpenFOAM,25.650005822697796,0.38976019144058227,0.0,4415,0.1745734307169916
3.7324533343315167,0.037521768224811895,0.029776329174637794,0.2848928137929882,25.327738679194034,0.7541924118995667,500000.0,continuous_35,35,continuous_naca,direct OpenFOAM-coefficient surrogate,0.038863838315010085,-1.371179461479187,98855.8125,unet,surrogate estimate; validate top designs with OpenFOAM,25.327738679194034,0.3953875410556791,0.0,4415,0.17955889508128176
3.7292070835828808,0.020058867212790953,0.03016086295247078,0.3315120804643925,25.438027076947627,0.7672582864761353,500000.0,continuous_36,36,continuous_naca,direct OpenFOAM-coefficient surrogate,0.03988002207875253,-1.3850674629211426,98867.5703125,unet,surrogate estimate; validate top designs with OpenFOAM,25.438027076947627,0.39955001026391956,0.0,4415,0.17347370814532048
3.758154857158664,0.030614858755369796,0.030428804457187653,0.31718882740415705,25.58661482870471,0.7785956859588623,500000.0,continuous_37,37,continuous_naca,direct OpenFOAM-coefficient surrogate,0.039605419278144836,-1.3258788585662842,98855.765625,unet,surrogate estimate; validate top designs with OpenFOAM,25.58661482870471,0.39635941147804243,0.0,4415,0.17516689583659184
3.7227837920188938,0.03187282505986,0.029933523386716843,0.3091020643140264,25.38011958056489,0.7597417831420898,500000.0,continuous_38,38,continuous_naca,direct OpenFOAM-coefficient surrogate,0.03966116392612458,-1.301110863685608,98856.3359375,unet,surrogate estimate; validate top designs with OpenFOAM,25.38011958056489,0.3936530220508574,0.0,4415,0.1768809793889524
3.7786900877952605,0.020390038061766022,0.030321398749947548,0.33394756707563245,25.46507240996004,0.7721620798110962,500000.0,continuous_39,39,continuous_naca,direct OpenFOAM-coefficient surrogate,0.03962535536289215,-1.3898732662200928,98866.90625,unet,surrogate estimate; validate top designs with OpenFOAM,25.46507240996004,0.3960727989673613,0.0,4415,0.17352976307272922
3.7635877013206507,0.019016434457507253,0.030280370265245438,0.3296931324129228,25.457279127454782,0.7708812952041626,500000.0,continuous_40,40,continuous_naca,direct OpenFOAM-coefficient surrogate,0.04001405012607574,-1.3886138200759888,98867.28125,unet,surrogate estimate; validate top designs with OpenFOAM,25.457279127454782,0.395348845720291,0.0,4415,0.17300937160849583
3.826957732439043,0.021078673770986968,0.030407339334487915,0.31746244787756506,25.387077098863774,0.7719788551330566,500000.0,continuous_41,41,continuous_naca,direct OpenFOAM-coefficient surrogate,0.03986592358350752,-1.3920432329177856,98865.8828125,unet,surrogate estimate; validate top designs with OpenFOAM,25.387077098863774,0.39511760175228106,0.0,4415,0.17125875122845188
3.800914247334006,0.018353537278458974,0.03040452115237713,0.32581602342923427,25.47227143173203,0.7744976878166199,500000.0,continuous_42,42,continuous_naca,direct OpenFOAM-coefficient surrogate,0.03981473366916178,-1.3921197652816772,98867.1875,unet,surrogate estimate; validate top designs with OpenFOAM,25.47227143173203,0.39475145682692514,0.0,4415,0.17266430826857698
3.804817096143964,0.0315628354493908,0.030606165528297424,0.3089910588458629,25.657149620771477,0.7852926254272461,500000.0,continuous_43,43,continuous_naca,direct OpenFOAM-coefficient surrogate,0.03941337915509936,-1.3355377912521362,98857.0234375,unet,surrogate estimate; validate top designs with OpenFOAM,25.657149620771477,0.3931230836361646,0.0,4415,0.17495782733894905
3.8254317935556195,0.03221488589557076,0.030258774757385254,0.30359083054712843,25.50361093572947,0.7717335224151611,500000.0,continuous_44,44,continuous_naca,direct OpenFOAM-coefficient surrogate,0.03911304366961117,-1.3150538206100464,98855.5390625,unet,surrogate estimate; validate top designs with OpenFOAM,25.50361093572947,0.39201020259410135,0.0,4415,0.17593205520417565
3.802778213843706,0.03929234471565838,0.030365636572241783,0.3147763643148798,25.498279901220535,0.7742969989776611,500000.0,continuous_45,45,continuous_naca,direct OpenFOAM-coefficient surrogate,0.03969608581438658,-1.2978811264038086,98853.84375,unet,surrogate estimate; validate top designs with OpenFOAM,25.498279901220535,0.3909242727234959,0.0,4415,0.1751514680078255
3.78148603755981,0.036141229528441746,0.030064690858125687,0.283119136283647,25.42691380034436,0.7644777297973633,500000.0,continuous_46,46,continuous_naca,direct OpenFOAM-coefficient surrogate,0.03944738358072935,-1.368661880493164,98852.4765625,unet,surrogate estimate; validate top designs with OpenFOAM,25.42691380034436,0.39033202281221746,0.0,4415,0.17726050268160204
3.796057194890457,0.031022195124114117,0.030438032001256943,0.31045060646975836,25.51892864968359,0.7767714858055115,500000.0,continuous_47,47,continuous_naca,direct OpenFOAM-coefficient surrogate,0.03972289614705367,-1.315320611000061,98855.0078125,unet,surrogate estimate; validate top designs with OpenFOAM,25.51892864968359,0.3936465983232482,0.0,4415,0.17381335687183325
3.776261561573486,0.021545173645751675,0.030453098937869072,0.33604096753431895,25.60347618245848,0.7797307968139648,500000.0,continuous_48,48,continuous_naca,direct OpenFOAM-coefficient surrogate,0.0395794366018381,-1.4104517698287964,98868.921875,unet,surrogate estimate; validate top designs with OpenFOAM,25.60347618245848,0.3955203697155229,0.0,4415,0.1741042873743574
3.7730847638682494,0.03068580819433521,0.030081722885370255,0.2978842631751654,25.418870000640293,0.7646688222885132,500000.0,continuous_49,49,continuous_naca,direct OpenFOAM-coefficient surrogate,0.03948089649656322,-1.3057643175125122,98855.234375,unet,surrogate estimate; validate top designs with OpenFOAM,25.418870000640293,0.39373492981190794,0.0,4415,0.17558786376161173
3.790314087134905,0.03224076372303393,0.03056345507502556,0.30580429507521006,25.648906328454455,0.783944845199585,500000.0,continuous_50,50,continuous_naca,direct OpenFOAM-coefficient surrogate,0.03966239623443106,-1.334044337272644,98857.3046875,unet,surrogate estimate; validate top designs with OpenFOAM,25.648906328454455,0.39366868119541315,0.0,4415,0.17425698359427788
3.8270667165881638,0.03125938944711454,0.030542874708771706,0.31162895304386984,25.53343958715632,0.7798901796340942,500000.0,continuous_51,51,continuous_naca,direct OpenFOAM-coefficient surrogate,0.03962686184361517,-1.318716287612915,98854.765625,unet,surrogate estimate; validate top designs with OpenFOAM,25.53343958715632,0.38967675151579906,0.0,4415,0.1737793686756961
3.775382822016039,0.030888144059860824,0.030489206314086914,0.30939558699683084,25.590065510012206,0.780246376991272,500000.0,continuous_52,52,continuous_naca,direct OpenFOAM-coefficient surrogate,0.03961077991951242,-1.3277568817138672,98856.1484375,unet,surrogate estimate; validate top designs with OpenFOAM,25.590065510012206,0.3946887464874816,0.0,4415,0.1748200140463679
3.809838751730789,0.03238258940569332,0.03062748722732067,0.30682709204103203,25.661508693782363,0.7859731912612915,500000.0,continuous_53,53,continuous_naca,direct OpenFOAM-coefficient surrogate,0.03962150120224758,-1.336280345916748,98856.921875,unet,surrogate estimate; validate top designs with OpenFOAM,25.661508693782363,0.3913474165063599,0.0,4415,0.17412625046592003
3.8270667165881633,0.03125938944711454,0.030542874708771706,0.31162895304386984,25.53343958715632,0.7798901796340942,500000.0,continuous_54,54,continuous_naca,direct OpenFOAM-coefficient surrogate,0.03962686184361516,-1.318716287612915,98854.765625,unet,surrogate estimate; validate top designs with OpenFOAM,25.53343958715632,0.38967675151579895,0.0,4415,0.17377936867569616
3.825748607251992,0.04039870240651142,0.030463166534900665,0.3160490355112523,25.55528131045272,0.7785203456878662,500000.0,continuous_55,55,continuous_naca,direct OpenFOAM-coefficient surrogate,0.03967387682012663,-1.304693341255188,98855.4453125,unet,surrogate estimate; validate top designs with OpenFOAM,25.55528131045272,0.3884293166737371,0.0,4415,0.17485295868371187
3.788633322993112,0.03226346622497148,0.03055570088326931,0.3058563976103463,25.648041738414353,0.783719539642334,500000.0,continuous_56,56,continuous_naca,direct OpenFOAM-coefficient surrogate,0.039603046656410235,-1.3337926864624023,98857.3125,unet,surrogate estimate; validate top designs with OpenFOAM,25.648041738414353,0.39374760645507645,0.0,4415,0.17429145520169603
3.813376845832366,0.031301925701267386,0.030641671270132065,0.314279381242175,25.66327365219804,0.7863912582397461,500000.0,continuous_57,57,continuous_naca,direct OpenFOAM-coefficient surrogate,0.0396502667655545,-1.3367477655410767,98856.9375,unet,surrogate estimate; validate top designs with OpenFOAM,25.66327365219804,0.39020207993418354,0.0,4415,0.17466579085637324
3.8257486072519917,0.04039870240651142,0.030463166534900665,0.3160490355112523,25.55528131045272,0.7785203456878662,500000.0,continuous_58,58,continuous_naca,direct OpenFOAM-coefficient surrogate,0.03967387682012663,-1.304693341255188,98855.4453125,unet,surrogate estimate; validate top designs with OpenFOAM,25.55528131045272,0.38842931667373715,0.0,4415,0.17485295868371187
3.8232274610393038,0.028954956400763787,0.03067634254693985,0.3300933773821532,25.66424900409657,0.7873109579086304,500000.0,continuous_59,59,continuous_naca,direct OpenFOAM-coefficient surrogate,0.0395848524530954,-1.3377879858016968,98857.1328125,unet,surrogate estimate; validate top designs with OpenFOAM,25.66424900409657,0.3885477045632319,0.0,4415,0.17490466609483907
3.8396841479915036,0.04061681321642952,0.03050732985138893,0.3165134864110033,25.560132651252434,0.7797969579696655,500000.0,continuous_60,60,continuous_naca,direct OpenFOAM-coefficient surrogate,0.03954608056242756,-1.3059788942337036,98855.5625,unet,surrogate estimate; validate top designs with OpenFOAM,25.560132651252434,0.3859872162471413,0.0,4415,0.17522850734511963
3.826579674731912,0.032570842735317074,0.030676458030939102,0.3091633342668936,25.671180027841277,0.787526547908783,500000.0,continuous_61,61,continuous_naca,direct OpenFOAM-coefficient surrogate,0.039325649535846954,-1.3379801511764526,98856.5703125,unet,surrogate estimate; validate top designs with OpenFOAM,25.671180027841277,0.3918499508793877,0.0,4415,0.1747538366610491
3.840344310777219,0.03268601205415193,0.03071618266403675,0.31116798162896436,25.679345295067463,0.78879714012146,500000.0,continuous_62,62,continuous_naca,direct OpenFOAM-coefficient surrogate,0.039083799177694695,-1.3393555879592896,98856.2265625,unet,surrogate estimate; validate top designs with OpenFOAM,25.679345295067463,0.3928948305987905,0.0,4415,0.17484403963307782
3.838576588545875,0.032497021072070836,0.03072778880596161,0.3064478357614229,25.670453223351558,0.7888219356536865,500000.0,continuous_63,63,continuous_naca,direct OpenFOAM-coefficient surrogate,0.039556830644196725,-1.3394646644592285,98857.1484375,unet,surrogate estimate; validate top designs with OpenFOAM,25.670453223351558,0.3883729321651184,0.0,4415,0.174312546186156
3.847923851366593,0.028356338871131384,0.030753282830119133,0.3270769544997476,25.67869838404343,0.7897299528121948,500000.0,continuous_64,64,continuous_naca,direct OpenFOAM-coefficient surrogate,0.03931637331802307,-1.340429663658142,98856.6171875,unet,surrogate estimate; validate top designs with OpenFOAM,25.67869838404343,0.38866135712430233,0.0,4415,0.175237270919303
3.8616592600321296,0.031931817082134974,0.030793121084570885,0.31219416671636324,25.687023335891922,0.7910093069076538,500000.0,continuous_65,65,continuous_naca,direct OpenFOAM-coefficient surrogate,0.03912066103095044,-1.3418272733688354,98856.2578125,unet,surrogate estimate; validate top designs with OpenFOAM,25.687023335891922,0.389036332291538,0.0,4415,0.1749834705603147
3.885800467132011,0.03130440535521564,0.030870497226715088,0.308897694873384,25.695061425206422,0.7932450175285339,500000.0,continuous_66,66,continuous_naca,direct OpenFOAM-coefficient surrogate,0.03885585816364841,-1.3443387746810913,98856.1015625,unet,surrogate estimate; validate top designs with OpenFOAM,25.695061425206422,0.3884534584702153,0.0,4415,0.17514231041228545
3.883095147871545,0.032211282330046845,0.03085431084036827,0.30871715947571604,25.70300634222315,0.7930742502212524,500000.0,continuous_67,67,continuous_naca,direct OpenFOAM-coefficient surrogate,0.03882157819868605,-1.3440749645233154,98855.34375,unet,surrogate estimate; validate top designs with OpenFOAM,25.70300634222315,0.3906435846159813,0.0,4415,0.17486341748057205
3.913028991287666,0.013615890239606713,0.030597371980547905,0.31676532600302054,25.518984608022283,0.7808393836021423,500000.0,continuous_68,68,continuous_naca,direct OpenFOAM-coefficient surrogate,0.03843994107148138,-1.4269299507141113,98869.203125,unet,surrogate estimate; validate top designs with OpenFOAM,25.518984608022283,0.3916915246423561,0.0,4415,0.17484279317343854
3.890005300027809,0.02252597383198597,0.03082769364118576,0.2900687239058201,25.821737327224575,0.7960504293441772,500000.0,continuous_69,69,continuous_naca,direct OpenFOAM-coefficient surrogate,0.038481973784829385,-1.3662316799163818,98860.0546875,unet,surrogate estimate; validate top designs with OpenFOAM,25.821737327224575,0.39195368323952623,0.0,4415,0.17573097303646318
3.9157196557687755,0.022705708162606225,0.03061717562377453,0.2760660246846951,25.62898979659792,0.7847129106521606,500000.0,continuous_70,70,continuous_naca,direct OpenFOAM-coefficient surrogate,0.037944545355145715,-1.3583543300628662,98861.25,unet,surrogate estimate; validate top designs with OpenFOAM,25.62898979659792,0.39374405877673013,0.0,4415,0.17644018646161674
3.9016987615376992,0.01359903921546017,0.030555453151464462,0.3171757628354581,25.51233687197763,0.7795665264129639,500000.0,continuous_71,71,continuous_naca,direct OpenFOAM-coefficient surrogate,0.03830523134440619,-1.4256510734558105,98869.3828125,unet,surrogate estimate; validate top designs with OpenFOAM,25.51233687197763,0.3933114213379543,0.0,4415,0.17505309936189625
3.8613675789093698,0.03192627847993392,0.030790656805038452,0.3123897452709242,25.686707806134766,0.790936291217804,500000.0,continuous_72,72,continuous_naca,direct OpenFOAM-coefficient surrogate,0.03906358782461885,-1.341748833656311,98856.265625,unet,surrogate estimate; validate top designs with OpenFOAM,25.686707806134766,0.38982387317771533,0.0,4415,0.1751912280299513
3.9197899361931485,0.02177232212504418,0.030939584597945213,0.2855434016212838,25.822351760771756,0.7989586591720581,500000.0,continuous_73,73,continuous_naca,direct OpenFOAM-coefficient surrogate,0.03852769980819665,-1.3695071935653687,98860.6640625,unet,surrogate estimate; validate top designs with OpenFOAM,25.822351760771756,0.38754246915292856,0.0,4415,0.1756199248465582
3.9595127489011137,0.02093867412543376,0.03078341670334339,0.2852827526203229,25.637509338179072,0.7892357707023621,500000.0,continuous_74,74,continuous_naca,direct OpenFOAM-coefficient surrogate,0.03824965012344762,-1.3635406494140625,98861.6640625,unet,surrogate estimate; validate top designs with OpenFOAM,25.637509338179072,0.3848662884299976,0.0,4415,0.17600786745329833
3.9279778467028876,0.025350741978760475,0.030580243095755577,0.2836119557732843,25.526103581219942,0.7806199789047241,500000.0,continuous_75,75,continuous_naca,direct OpenFOAM-coefficient surrogate,0.0382799671530614,-1.3576250076293945,98861.6484375,unet,surrogate estimate; validate top designs with OpenFOAM,25.526103581219942,0.38947272456161036,0.0,4415,0.17548708485798814
3.8780201458577492,0.022440158544000763,0.030635662376880646,0.2958410677097488,25.649347873135365,0.7858104109764099,500000.0,continuous_76,76,continuous_naca,direct OpenFOAM-coefficient surrogate,0.03886768265672949,-1.3472288846969604,98858.6484375,unet,surrogate estimate; validate top designs with OpenFOAM,25.649347873135365,0.3897360860236891,0.0,4415,0.17526519223696052
3.904897618110479,0.022603580421645616,0.03088219091296196,0.28993216202871896,25.824485386388737,0.7975425124168396,500000.0,continuous_77,77,continuous_naca,direct OpenFOAM-coefficient surrogate,0.038504836796513016,-1.3679240942001343,98860.171875,unet,surrogate estimate; validate top designs with OpenFOAM,25.824485386388737,0.3897480761962274,0.0,4415,0.1756754489415107
3.901442542032347,0.02077758487575202,0.030708875507116318,0.28804458921591464,25.66254127284296,0.7880934476852417,500000.0,continuous_78,78,continuous_naca,direct OpenFOAM-coefficient surrogate,0.03867463900344135,-1.3497897386550903,98858.125,unet,surrogate estimate; validate top designs with OpenFOAM,25.66254127284296,0.3890930268844549,0.0,4415,0.17524167116356512
3.9027952016625798,0.021823851490823973,0.030716003850102425,0.2920299204470896,25.65933938487135,0.788178026676178,500000.0,continuous_79,79,continuous_naca,direct OpenFOAM-coefficient surrogate,0.03869177898592253,-1.3498815298080444,98858.5078125,unet,surrogate estimate; validate top designs with OpenFOAM,25.65933938487135,0.3879979638115719,0.0,4415,0.17538111762942182
3.890578757551259,0.021759014534780213,0.030675794929265976,0.29108470156174765,25.656892444017014,0.7870712280273438,500000.0,continuous_80,80,continuous_naca,direct OpenFOAM-coefficient surrogate,0.03879564381640775,-1.3486372232437134,98858.40625,unet,surrogate estimate; validate top designs with OpenFOAM,25.656892444017014,0.3886831711653219,0.0,4415,0.17540557643825475
3.923883891448018,0.02248571273760834,0.030660228803753853,0.2797215585249661,25.62910227555628,0.7858197689056396,500000.0,continuous_81,81,continuous_naca,direct OpenFOAM-coefficient surrogate,0.03840383348062901,-1.3596129417419434,98861.5625,unet,surrogate estimate; validate top designs with OpenFOAM,25.62910227555628,0.38850759685726943,0.0,4415,0.17555350485227314
3.898905041025449,0.02181627387012019,0.030701488256454468,0.29243232665215496,25.661082438696354,0.7878590822219849,500000.0,continuous_82,82,continuous_naca,direct OpenFOAM-coefficient surrogate,0.03869769123246307,-1.349522352218628,98858.2109375,unet,surrogate estimate; validate top designs with OpenFOAM,25.661082438696354,0.3886392775883088,0.0,4415,0.17544255854175933
4.0,0.009507451019730445,0.020626965910196304,0.17562291150869683,15.64345384707396,0.3226926326751709,500000.0,continuous_1,1,continuous_naca,direct OpenFOAM-coefficient surrogate,0.0,-0.686994731426239,98928.5078125,pinn,surrogate estimate; validate top designs with OpenFOAM,15.64345384707396,0.4,0.0,0012,0.12
4.0,0.01842443484486032,0.023506511002779007,0.2223176352544776,17.43781210640025,0.4099195599555969,500000.0,continuous_2,2,continuous_naca,direct OpenFOAM-coefficient surrogate,0.00025,-0.6513302326202393,98933.765625,pinn,surrogate estimate; validate top designs with OpenFOAM,17.43781210640025,0.4,0.0,0012,0.12
4.0,0.009507451019730445,0.020626965910196304,0.17562291150869683,15.64345384707396,0.3226926326751709,500000.0,continuous_3,3,continuous_naca,direct OpenFOAM-coefficient surrogate,0.0,-0.686994731426239,98928.5078125,pinn,surrogate estimate; validate top designs with OpenFOAM,15.64345384707396,0.42000000000000004,0.0,0012,0.12
4.0,0.005491958572927164,0.02063673548400402,0.12026777411294581,15.607389484893833,0.3221011757850647,500000.0,continuous_4,4,continuous_naca,direct OpenFOAM-coefficient surrogate,0.0,-0.7221428751945496,98923.3671875,pinn,surrogate estimate; validate top designs with OpenFOAM,15.607389484893833,0.4,0.0,0012,0.126
4.2,0.010247787045427762,0.021387336775660515,0.18549000075693403,16.017685102251487,0.34259164333343506,500000.0,continuous_5,5,continuous_naca,direct OpenFOAM-coefficient surrogate,0.0,-0.7089280486106873,98924.53125,pinn,surrogate estimate; validate top designs with OpenFOAM,16.017685102251487,0.4,0.0,0012,0.12
4.1,0.020758781746628204,0.023025723174214363,0.27007371581987366,17.64192894581943,0.40623581409454346,500000.0,continuous_6,6,continuous_naca,direct OpenFOAM-coefficient surrogate,0.000125,-0.6370198726654053,98939.5703125,pinn,surrogate estimate; validate top designs with OpenFOAM,17.64192894581943,0.41000000000000003,0.0,0012,0.11399999999999999
4.149999999999999,0.017334166163464552,0.023149967193603516,0.24252550713173396,17.839635472878715,0.4130048155784607,500000.0,continuous_7,7,continuous_naca,direct OpenFOAM-coefficient surrogate,0.0001875,-0.6138082146644592,98943.4765625,pinn,surrogate estimate; validate top designs with OpenFOAM,17.839635472878715,0.41500000000000004,0.0,0012,0.10799999999999998
4.174999999999999,0.024166263392326907,0.024808894842863083,0.3018227349705562,17.718775000995233,0.43960094451904297,500000.0,continuous_8,8,continuous_naca,direct OpenFOAM-coefficient surrogate,0.00021875,-0.6212598085403442,98935.6953125,pinn,surrogate estimate; validate top designs with OpenFOAM,17.718775000995233,0.38750000000000007,0.0,0012,0.11399999999999999
4.262499999999999,0.020909143988090427,0.024342447519302368,0.26930160433490297,17.948252450221585,0.4369223415851593,500000.0,continuous_9,9,continuous_naca,direct OpenFOAM-coefficient surrogate,0.000328125,-0.6254929900169373,98938.875,pinn,surrogate estimate; validate top designs with OpenFOAM,17.948252450221585,0.40125,0.0,0012,0.11099999999999999
4.393749999999999,0.01950529326263304,0.024867264553904533,0.25474966566961166,18.19885557667487,0.4525739550590515,500000.0,continuous_10,10,continuous_naca,direct OpenFOAM-coefficient surrogate,0.0004921875,-0.6175828576087952,98940.578125,pinn,surrogate estimate; validate top designs with OpenFOAM,18.19885557667487,0.401875,0.0,0012,0.10649999999999998
4.159374999999998,0.015902851345022954,0.02386339008808136,0.21975622206379683,18.06194148636089,0.43103721737861633,500000.0,continuous_11,11,continuous_naca,direct OpenFOAM-coefficient surrogate,0.00057421875,-0.5900243520736694,98945.1484375,pinn,surrogate estimate; validate top designs with OpenFOAM,18.06194148636089,0.40218750000000003,0.0,0012,0.10424999999999998
4.439062499999999,0.006957116069440364,0.025061145424842834,0.07047170400794663,18.421104324537424,0.4616723954677582,500000.0,continuous_12,12,continuous_naca,direct OpenFOAM-coefficient surrogate,0.000486328125,-0.5814844965934753,98946.5859375,pinn,surrogate estimate; validate top designs with OpenFOAM,18.421104324537424,0.40328125000000015,0.0,0012,0.09637499999999999
4.658593749999998,0.006984821763780956,0.026097048074007034,0.11028328726252483,18.71787718628289,0.48850005865097046,500000.0,continuous_13,13,continuous_naca,direct OpenFOAM-coefficient surrogate,0.0006044921875,-0.6018671989440918,98944.3828125,pinn,surrogate estimate; validate top designs with OpenFOAM,18.71787718628289,0.4049218750000001,0.0,0012,0.08456249999999998
4.505859374999998,0.00495819485953363,0.024414852261543274,0.08321346805354989,18.515383385214278,0.45206886529922485,500000.0,continuous_14,14,continuous_naca,direct OpenFOAM-coefficient surrogate,0.0007104492187499999,-0.5996893048286438,98948.328125,pinn,surrogate estimate; validate top designs with OpenFOAM,18.515383385214278,0.42449218749999995,0.0,0012,0.08765624999999999
4.7087890624999975,0.00783202883227138,0.026687858626246452,0.11647006234049724,18.84057214419596,0.502833366394043,500000.0,continuous_15,15,continuous_naca,direct OpenFOAM-coefficient surrogate,0.001003173828125,-0.6002541780471802,98944.046875,pinn,surrogate estimate; validate top designs with OpenFOAM,18.84057214419596,0.4017382812500001,0.0,0012,0.083484375
4.988183593749998,0.016969115561554244,0.0291166752576828,0.23402784283214503,18.99387730955774,0.5530575513839722,500000.0,continuous_16,16,continuous_naca,direct OpenFOAM-coefficient surrogate,0.0014110107421875001,-0.588923990726471,98941.0078125,pinn,surrogate estimate; validate top designs with OpenFOAM,18.99387730955774,0.39510742187500014,0.0,0012,0.07122656250000003
5.113818359374998,0.017902620692222086,0.029126033186912537,0.2449786425806545,18.829574299112195,0.5484496355056763,500000.0,continuous_17,17,continuous_naca,direct OpenFOAM-coefficient surrogate,0.0010348510742187503,-0.6118316054344177,98939.6875,pinn,surrogate estimate; validate top designs with OpenFOAM,18.829574299112195,0.4110107421875001,0.0,0012,0.07072265625000002
5.239477539062497,0.02051479767015033,0.030936885625123978,0.2839932788744086,18.713126387522536,0.5789445638656616,500000.0,continuous_18,18,continuous_naca,direct OpenFOAM-coefficient surrogate,0.0013882141113281251,-0.5933911204338074,98943.125,pinn,surrogate estimate; validate top designs with OpenFOAM,18.713126387522536,0.41589111328125017,0.0,0012,0.06
5.494177246093747,0.024087445262772463,0.033690761774778366,0.3123892010959153,18.774288483464062,0.6325388550758362,500000.0,continuous_19,19,continuous_naca,direct OpenFOAM-coefficient surrogate,0.0015088348388671876,-0.6071885228157043,98938.9375,pinn,surrogate estimate; validate top designs with OpenFOAM,18.774288483464062,0.38897338867187536,0.0,0012,0.06
4.887908935546873,0.009006364473594639,0.028582129627466202,0.1258791677379241,18.806474076759955,0.5375478863716125,500000.0,continuous_20,20,continuous_naca,direct OpenFOAM-coefficient surrogate,0.000891380310058594,-0.5962405204772949,98941.7265625,pinn,surrogate estimate; validate top designs with OpenFOAM,18.806474076759955,0.38411560058593774,0.0,0012,0.08325585937500002
5.583450317382811,0.02548386014887429,0.034554485231637955,0.3236455190663115,18.806273472552135,0.6498599052429199,500000.0,continuous_21,21,continuous_naca,direct OpenFOAM-coefficient surrogate,0.0018185462951660163,-0.6140240430831909,98937.1953125,pinn,surrogate estimate; validate top designs with OpenFOAM,18.806273472552135,0.3846817016601566,0.0,0012,0.06
4.792503356933594,0.0077203267693814895,0.027170199900865555,0.11626996568397376,18.885080860239253,0.5131303071975708,500000.0,continuous_22,22,continuous_naca,direct OpenFOAM-coefficient surrogate,0.0010690593719482428,-0.6056676506996155,98942.8515625,pinn,surrogate estimate; validate top designs with OpenFOAM,18.885080860239253,0.398484344482422,0.0,0012,0.08260253906250004
4.307756805419922,0.005663128620247745,0.024080079048871994,0.08250358344701578,18.332247924475382,0.4414603114128113,500000.0,continuous_23,23,continuous_naca,direct OpenFOAM-coefficient surrogate,0.0003846044540405274,-0.578012228012085,98949.40625,pinn,surrogate estimate; validate top designs with OpenFOAM,18.332247924475382,0.4096773529052734,0.0,0012,0.09390380859375005
5.264526939392089,0.03149843010663499,0.031379107385873795,0.367933148658856,18.946580223476058,0.5945457220077515,500000.0,continuous_24,24,continuous_naca,direct OpenFOAM-coefficient surrogate,0.001460060834884644,-0.6011754274368286,98938.328125,pinn,surrogate estimate; validate top designs with OpenFOAM,18.946580223476058,0.3909306144714358,0.0,0012,0.06847595214843752
5.191607189178466,0.022923584371217522,0.030316181480884552,0.3150531610774801,18.834239364119988,0.5710010528564453,500000.0,continuous_25,25,continuous_naca,direct OpenFOAM-coefficient surrogate,0.0015961107015609747,-0.5991682410240173,98942.09375,pinn,surrogate estimate; validate top designs with OpenFOAM,18.834239364119988,0.4136509609222413,0.0,0012,0.0632579956054688
5.004592180252074,0.015952498672452926,0.029575631022453308,0.2180376522102483,19.0592264847371,0.563707709312439,500000.0,continuous_26,26,continuous_naca,direct OpenFOAM-coefficient surrogate,0.0017332697510719303,-0.5876665115356445,98939.703125,pinn,surrogate estimate; validate top designs with OpenFOAM,19.0592264847371,0.3880759286880494,0.0,0012,0.07205886840820319
4.949979090690613,0.015328171993862163,0.029898542910814285,0.2147858629398832,19.113667786078175,0.5714899301528931,500000.0,continuous_27,27,continuous_naca,direct OpenFOAM-coefficient surrogate,0.0020824790894985205,-0.5740914344787598,98939.359375,pinn,surrogate estimate; validate top designs with OpenFOAM,19.113667786078175,0.37660852193832395,0.0,0012,0.07272697448730478
4.805989301204681,0.00991813316706257,0.029030663892626762,0.13545624009226373,18.827535389538635,0.5465946793556213,500000.0,continuous_28,28,continuous_naca,direct OpenFOAM-coefficient surrogate,0.001415194317698479,-0.5779448747634888,98942.84375,pinn,surrogate estimate; validate top designs with OpenFOAM,18.827535389538635,0.3669144904613496,0.0,0012,0.08425801849365239
5.095202717185019,0.02900663075179924,0.029749726876616478,0.3505304998379645,18.982870247269382,0.5647541880607605,500000.0,continuous_29,29,continuous_naca,direct OpenFOAM-coefficient surrogate,0.0015508816055953508,-0.5968271493911743,98940.9453125,pinn,surrogate estimate; validate top designs with OpenFOAM,18.982870247269382,0.4019668433070184,0.0,0012,0.0685080013275147
5.356442813575265,0.024074337027791638,0.03299210965633392,0.31705349392953247,18.997266615727877,0.6267789006233215,500000.0,continuous_30,30,continuous_naca,direct OpenFOAM-coefficient surrogate,0.002183156764134765,-0.5938031673431396,98940.515625,pinn,surrogate estimate; validate top designs with OpenFOAM,18.997266615727877,0.3838223563134672,0.0,0012,0.06
4.930377168208358,0.02216658293425296,0.029423411935567856,0.2789386322700944,19.16012937260128,0.5637755393981934,500000.0,continuous_31,31,continuous_naca,direct OpenFOAM-coefficient surrogate,0.002153703265823424,-0.5729572772979736,98942.9765625,pinn,surrogate estimate; validate top designs with OpenFOAM,19.16012937260128,0.38782195724546903,0.0,0012,0.06775481700897223
4.763302282616493,0.021068504579501525,0.028489841148257256,0.27193122726865165,19.258037346859755,0.5486776828765869,500000.0,continuous_32,32,continuous_naca,direct OpenFOAM-coefficient surrogate,0.0025005244812928134,-0.5588695406913757,98945.2734375,pinn,surrogate estimate; validate top designs with OpenFOAM,19.258037346859755,0.38626762863248565,0.0,0012,0.0673942494392396
4.933751173131165,0.023702029746325536,0.030535316094756126,0.2931873183994334,19.212232874594132,0.5866708159446716,500000.0,continuous_33,33,continuous_naca,direct OpenFOAM-coefficient surrogate,0.0025377039329614486,-0.5558542013168335,98942.2109375,pinn,surrogate estimate; validate top designs with OpenFOAM,19.212232874594132,0.3689361210726201,0.0,0012,0.06716589188575753
5.013554086256772,0.025313181266553308,0.03164069727063179,0.34319878203573323,19.33979191275889,0.6119438409805298,500000.0,continuous_34,34,continuous_naca,direct OpenFOAM-coefficient surrogate,0.0032409213917562736,-0.5545032620429993,98942.9921875,pinn,surrogate estimate; validate top designs with OpenFOAM,19.33979191275889,0.3627098921034482,0.0,0012,0.06241699540615092
5.026239332510158,0.023286164771355183,0.03284876421093941,0.322276127741186,19.40476796944779,0.6374420523643494,500000.0,continuous_35,35,continuous_naca,direct OpenFOAM-coefficient surrogate,0.00415587671654066,-0.54148930311203,98943.28125,pinn,surrogate estimate; validate top designs with OpenFOAM,19.40476796944779,0.3465111272176722,0.0,0012,0.06
4.48019312589895,0.012269756963162142,0.028648853302001953,0.1941543765473317,19.26950223739358,0.5520684123039246,500000.0,continuous_36,36,continuous_naca,direct OpenFOAM-coefficient surrogate,0.0034551353460119563,-0.5272449851036072,98946.171875,pinn,surrogate estimate; validate top designs with OpenFOAM,19.26950223739358,0.3553393431170837,0.0,0012,0.07364355790615096
4.651763866387769,0.022762714382520838,0.03040327876806259,0.3248238596618798,19.485929268494527,0.5924556255340576,500000.0,continuous_37,37,continuous_naca,direct OpenFOAM-coefficient surrogate,0.004242141148904918,-0.5156185626983643,98947.46875,pinn,surrogate estimate; validate top designs with OpenFOAM,19.485929268494527,0.3519185880816069,0.0,0012,0.06137487512826925
4.5026562542363475,0.020315467626157758,0.030487053096294403,0.3027166373954321,19.56172237466702,0.5963988304138184,500000.0,continuous_38,38,continuous_naca,direct OpenFOAM-coefficient surrogate,0.005321972178608117,-0.49724897742271423,98949.1953125,pinn,surrogate estimate; validate top designs with OpenFOAM,19.56172237466702,0.3395736211532485,0.0,0012,0.06
4.45244432449981,0.015278535083710717,0.02979029342532158,0.23651503827250156,19.562907656348116,0.5828043222427368,500000.0,continuous_39,39,continuous_naca,direct OpenFOAM-coefficient surrogate,0.005179050428265325,-0.5017002820968628,98947.859375,pinn,surrogate estimate; validate top designs with OpenFOAM,19.562907656348116,0.344909738987625,0.0,0012,0.06335301178693775
4.211790900184132,0.010919386640037707,0.029384834691882133,0.18242010622952975,19.652276725797588,0.5774985551834106,500000.0,continuous_40,40,continuous_naca,direct OpenFOAM-coefficient surrogate,0.006499723675917265,-0.4811013638973236,98951.3828125,pinn,surrogate estimate; validate top designs with OpenFOAM,19.652276725797588,0.33289654794512735,0.0,0012,0.06144657173752788
4.347137523798301,0.011034191868813369,0.03197871893644333,0.18321676995617542,19.332953219276803,0.6182624101638794,500000.0,continuous_41,41,continuous_naca,direct OpenFOAM-coefficient surrogate,0.007215829477246185,-0.46196529269218445,98953.5625,pinn,surrogate estimate; validate top designs with OpenFOAM,19.332953219276803,0.30089269108408023,0.0,0012,0.06015081538259981
4.563718879465519,0.009560121161286222,0.03290151432156563,0.1702064346679603,19.55990714913769,0.6435701251029968,500000.0,continuous_42,42,continuous_naca,direct OpenFOAM-coefficient surrogate,0.008141565678144155,-0.49597012996673584,98948.3671875,pinn,surrogate estimate; validate top designs with OpenFOAM,19.55990714913769,0.3045976505829804,0.0,0012,0.06
4.805065159399778,0.021433824359020286,0.03085203468799591,0.3101812376097329,19.66577438773846,0.6067488193511963,500000.0,continuous_43,43,continuous_naca,direct OpenFOAM-coefficient surrogate,0.004843739647358913,-0.5425266027450562,98945.0625,pinn,surrogate estimate; validate top designs with OpenFOAM,19.66577438773846,0.360896782365434,0.0,0012,0.060572470486164126
5.034028977200517,0.022659139679595132,0.030732518061995506,0.31926291476083474,19.421578374207403,0.5968934297561646,500000.0,continuous_44,44,continuous_naca,direct OpenFOAM-coefficient surrogate,0.0036576947324152773,-0.5755449533462524,98943.828125,pinn,surrogate estimate; validate top designs with OpenFOAM,19.421578374207403,0.39089882800611087,0.0,0012,0.0607832980379463
4.01537626413273,0.008663856936124122,0.029392879456281662,0.1556797812444235,19.720397438523978,0.5796589851379395,500000.0,continuous_45,45,continuous_naca,direct OpenFOAM-coefficient surrogate,0.008247623873473567,-0.4695814847946167,98954.3359375,pinn,surrogate estimate; validate top designs with OpenFOAM,19.720397438523978,0.322471173805723,0.0,0012,0.061009521111846
3.5099447299440154,0.00732391163395238,0.028110282495617867,0.13240410884571246,19.6196435183543,0.5515333414077759,500000.0,continuous_46,46,continuous_naca,direct OpenFOAM-coefficient surrogate,0.010293497451940017,-0.44143906235694885,98962.875,pinn,surrogate estimate; validate top designs with OpenFOAM,19.6196435183543,0.31045119709974833,0.0,0012,0.06151428166776901
4.203725409510975,0.019513839344427707,0.026697581633925438,0.2971054687091885,19.641700305511502,0.5244055390357971,500000.0,continuous_47,47,continuous_naca,direct OpenFOAM-coefficient surrogate,0.004314964009534777,-0.4949806034564972,98953.5625,pinn,surrogate estimate; validate top designs with OpenFOAM,19.641700305511502,0.37332141205178604,0.0,0012,0.06151428166776901
4.11532261237746,0.010498372066777947,0.0275369081646204,0.18261797363693355,19.909757969643127,0.5482730865478516,500000.0,continuous_48,48,continuous_naca,direct OpenFOAM-coefficient surrogate,0.0066310534245341436,-0.4950360357761383,98951.6171875,pinn,surrogate estimate; validate top designs with OpenFOAM,19.909757969643127,0.35521933693078667,0.0,0012,0.06227142250165352
3.921655791448016,0.008788870960667002,0.02614954113960266,0.14545968261938147,20.043084162204302,0.5241374969482422,500000.0,continuous_49,49,continuous_naca,direct OpenFOAM-coefficient surrogate,0.007285594047497155,-0.49192604422569275,98954.4765625,pinn,surrogate estimate; validate top designs with OpenFOAM,20.043084162204302,0.3630421948195557,0.0,0012,0.06340713375248028
4.273218648071353,0.008803923016337433,0.031126681715250015,0.1447291026349715,19.787814650215772,0.6159487962722778,500000.0,continuous_50,50,continuous_naca,direct OpenFOAM-coefficient surrogate,0.009123376612588673,-0.4930229187011719,98951.21875,pinn,surrogate estimate; validate top designs with OpenFOAM,19.787814650215772,0.31633193741613397,0.0,0012,0.061703566876240123
4.295867031341805,0.008669781052594264,0.029117844998836517,0.16386057836299397,20.124980168496332,0.5860161781311035,500000.0,continuous_51,51,continuous_naca,direct OpenFOAM-coefficient surrogate,0.00825044341454189,-0.5184981226921082,98948.1171875,pinn,surrogate estimate; validate top designs with OpenFOAM,20.124980168496332,0.34847449625829596,0.0,0012,0.061899774375837394
4.337905096920641,0.007686718084954371,0.02898506075143814,0.14734119085713043,20.363370332459336,0.5902538895606995,500000.0,continuous_52,52,continuous_naca,direct OpenFOAM-coefficient surrogate,0.0091258032838542,-0.5355532765388489,98947.96875,pinn,surrogate estimate; validate top designs with OpenFOAM,20.363370332459336,0.35626347041488016,0.0,0012,0.06212637569499216
3.4690127408865923,0.00595298700618679,0.027500778436660767,0.11605689535469345,20.006801979602173,0.550222635269165,500000.0,continuous_53,53,continuous_naca,direct OpenFOAM-coefficient surrogate,0.012047459261347888,-0.46768423914909363,98959.390625,pinn,surrogate estimate; validate top designs with OpenFOAM,20.006801979602173,0.31815760586271236,0.0,0012,0.06355082823161515
3.9855198745305707,0.00689800714120929,0.027268491685390472,0.1182223861505939,20.567738716565646,0.5608717799186707,500000.0,continuous_54,54,continuous_naca,direct OpenFOAM-coefficient surrogate,0.010543492729170392,-0.5229001641273499,98952.421875,pinn,surrogate estimate; validate top designs with OpenFOAM,20.567738716565646,0.35442643045091804,0.0,0012,0.06438443116581787
3.970591679729491,0.005272971876440789,0.026330385357141495,0.10845276850030401,21.054711753882795,0.5543997287750244,500000.0,continuous_55,55,continuous_naca,direct OpenFOAM-coefficient surrogate,0.011691427157018805,-0.5415343642234802,98951.1640625,pinn,surrogate estimate; validate top designs with OpenFOAM,21.054711753882795,0.37040405877351557,0.0,0012,0.0660718861928038
3.5763640064210174,0.0053957001386413074,0.023327380418777466,0.09994761846447359,21.104885597015812,0.4923427999019623,500000.0,continuous_56,56,continuous_naca,direct OpenFOAM-coefficient surrogate,0.01095176526227035,-0.5061495900154114,98957.625,pinn,surrogate estimate; validate top designs with OpenFOAM,21.104885597015812,0.38760172751919786,0.0,0012,0.06587454505970558
3.22793668559585,0.0030217794097948665,0.020396854728460312,0.08133039537917452,21.401977694555114,0.4365544319152832,500000.0,continuous_57,57,continuous_naca,direct OpenFOAM-coefficient surrogate,0.011865959587111188,-0.4755217730998993,98961.4609375,pinn,surrogate estimate; validate top designs with OpenFOAM,21.401977694555114,0.4232366225707298,0.0,0012,0.06796003415143831
4.260031885960407,0.006124438797224319,0.024369265884160995,0.12272870307239761,20.390866476109995,0.4969308376312256,500000.0,continuous_58,58,continuous_naca,direct OpenFOAM-coefficient surrogate,0.007936932776392788,-0.5506231188774109,98949.984375,pinn,surrogate estimate; validate top designs with OpenFOAM,20.390866476109995,0.43831556742662825,0.0,0012,0.06623188666424212
3.976576882655179,0.00311902949291916,0.02362252026796341,0.07510176997293463,21.766716527693877,0.5142064690589905,500000.0,continuous_59,59,continuous_naca,direct OpenFOAM-coefficient surrogate,0.013024467354691337,-0.5202211737632751,98953.75,pinn,surrogate estimate; validate top designs with OpenFOAM,21.766716527693877,0.43106766477332115,0.0,0012,0.0677879575992579
4.00403742825876,0.004711938495746007,0.02389615774154663,0.09884345265148231,21.360430697686848,0.5104535818099976,500000.0,continuous_60,60,continuous_naca,direct OpenFOAM-coefficient surrogate,0.015893904008288426,-0.50106281042099,98950.40625,pinn,surrogate estimate; validate top designs with OpenFOAM,21.360430697686848,0.465080399750204,0.0,0012,0.06997836952264672
3.379663470049822,0.0021430247089693787,0.020506951957941055,0.06161402529572783,19.942261732617034,0.40897494554519653,500000.0,continuous_61,61,continuous_naca,direct OpenFOAM-coefficient surrogate,0.013133590153752856,-0.4438212215900421,98957.546875,pinn,surrogate estimate; validate top designs with OpenFOAM,19.942261732617034,0.4752484863572173,0.0,0012,0.07189950660887892
4.098344690202937,0.006554400758613572,0.025795727968215942,0.11146752185056875,21.03318685033416,0.542587399482727,500000.0,continuous_62,62,continuous_naca,direct OpenFOAM-coefficient surrogate,0.010127750001328865,-0.5425093173980713,98953.203125,pinn,surrogate estimate; validate top designs with OpenFOAM,21.03318685033416,0.38600972440046444,0.0,0012,0.06456965842346385
3.3766930831313218,0.004532333240610488,0.024100085720419884,0.08568130321641135,21.729135898724483,0.5236957669258118,500000.0,continuous_63,63,continuous_naca,direct OpenFOAM-coefficient surrogate,0.01541786927368231,-0.5126827359199524,98953.5078125,pinn,surrogate estimate; validate top designs with OpenFOAM,21.729135898724483,0.36704346783238717,0.0,0012,0.06696288151923979
4.0,0.018785250281725348,0.02608761191368103,0.2845479089240008,22.35871819537297,0.5833079218864441,500000.0,continuous_1,1,continuous_naca,direct OpenFOAM-coefficient surrogate,0.02,-0.7913071513175964,98919.78125,pinn,surrogate estimate; validate top designs with OpenFOAM,22.35871819537297,0.4,0.0,2412,0.12
4.0,0.01915494302823212,0.02623116597533226,0.31089112735701,22.57431428572556,0.592173159122467,500000.0,continuous_2,2,continuous_naca,direct OpenFOAM-coefficient surrogate,0.021,-0.8023454546928406,98917.953125,pinn,surrogate estimate; validate top designs with OpenFOAM,22.57431428572556,0.4,0.0,2412,0.12
4.0,0.01807615493195985,0.02497895061969757,0.2730246284770166,22.611708553689006,0.5648393630981445,500000.0,continuous_3,3,continuous_naca,direct OpenFOAM-coefficient surrogate,0.02,-0.7892319560050964,98919.15625,pinn,surrogate estimate; validate top designs with OpenFOAM,22.611708553689006,0.42000000000000004,0.0,2412,0.12
4.0,0.02250129296838306,0.026325050741434097,0.3180240243140864,22.195172857898935,0.5843112468719482,500000.0,continuous_4,4,continuous_naca,direct OpenFOAM-coefficient surrogate,0.02,-0.8235024213790894,98914.8125,pinn,surrogate estimate; validate top designs with OpenFOAM,22.195172857898935,0.4,0.0,2412,0.126
4.2,0.019774940560577103,0.026944022625684738,0.2916128701458935,22.390852570250445,0.6033220291137695,500000.0,continuous_5,5,continuous_naca,direct OpenFOAM-coefficient surrogate,0.02,-0.8081488609313965,98916.9296875,pinn,surrogate estimate; validate top designs with OpenFOAM,22.390852570250445,0.4,0.0,2412,0.12
4.1,0.01554076552459882,0.025708887726068497,0.24577985828784296,22.794468995117935,0.5860432386398315,500000.0,continuous_6,6,continuous_naca,direct OpenFOAM-coefficient surrogate,0.0205,-0.7673696875572205,98922.53125,pinn,surrogate estimate; validate top designs with OpenFOAM,22.794468995117935,0.41000000000000003,0.0,2412,0.11399999999999999
4.149999999999999,0.010472254600130227,0.025756290182471275,0.18223830693564072,22.984409333803725,0.5920161008834839,500000.0,continuous_7,7,continuous_naca,direct OpenFOAM-coefficient surrogate,0.020749999999999998,-0.7538154721260071,98923.765625,pinn,surrogate estimate; validate top designs with OpenFOAM,22.984409333803725,0.41500000000000004,0.0,2412,0.10799999999999998
4.174999999999999,0.016191909637166175,0.025790615007281303,0.25551310118628456,22.902728705822717,0.5906983613967896,500000.0,continuous_8,8,continuous_naca,direct OpenFOAM-coefficient surrogate,0.020875,-0.7727998495101929,98920.828125,pinn,surrogate estimate; validate top designs with OpenFOAM,22.902728705822717,0.4175000000000001,0.0,2412,0.11399999999999999
3.9624999999999977,0.014466057946487386,0.024601129814982414,0.2199776874435291,23.05058528749437,0.5670934915542603,500000.0,continuous_9,9,continuous_naca,direct OpenFOAM-coefficient surrogate,0.0213125,-0.7298489212989807,98926.0078125,pinn,surrogate estimate; validate top designs with OpenFOAM,23.05058528749437,0.42625000000000013,0.0,2412,0.11099999999999999
3.8437499999999964,0.01012656653111233,0.023858143016695976,0.1823294584399323,23.06926001913961,0.5504127740859985,500000.0,continuous_10,10,continuous_naca,direct OpenFOAM-coefficient surrogate,0.021968750000000002,-0.6949015855789185,98930.4453125,pinn,surrogate estimate; validate top designs with OpenFOAM,23.06926001913961,0.4393750000000003,0.0,2412,0.10649999999999998
4.084374999999998,0.006360019521600785,0.02463267743587494,0.14921613309325826,22.767641613358027,0.5608507394790649,500000.0,continuous_11,11,continuous_naca,direct OpenFOAM-coefficient surrogate,0.020796875000000003,-0.7365276217460632,98921.5546875,pinn,surrogate estimate; validate top designs with OpenFOAM,22.767641613358027,0.4459375000000002,0.0,2412,0.10424999999999998
4.126562499999995,0.00793111196442979,0.025191452354192734,0.15047999328321915,23.234576836562333,0.5853359699249268,500000.0,continuous_12,12,continuous_naca,direct OpenFOAM-coefficient surrogate,0.022195312500000005,-0.6961050033569336,98928.078125,pinn,surrogate estimate; validate top designs with OpenFOAM,23.234576836562333,0.4389062500000004,0.0,2412,0.09637499999999999
4.1898437499999925,0.0044816787487571095,0.025772474706172943,0.1535659006999543,23.44454976761341,0.604247510433197,500000.0,continuous_13,13,continuous_naca,direct OpenFOAM-coefficient surrogate,0.02329296875000001,-0.649340808391571,98931.359375,pinn,surrogate estimate; validate top designs with OpenFOAM,23.44454976761341,0.44835937500000056,0.0,2412,0.08456249999999998
4.094921874999995,0.008285038230430222,0.025863826274871826,0.14903441398509806,23.445239487542594,0.6064070463180542,500000.0,continuous_14,14,continuous_naca,direct OpenFOAM-coefficient surrogate,0.022646484375,-0.7257751822471619,98928.09375,pinn,surrogate estimate; validate top designs with OpenFOAM,23.445239487542594,0.4141796875000002,0.0,2412,0.10228124999999999
4.100195312499995,0.009541305398723726,0.02655211091041565,0.18181022411270023,23.55881646180278,0.6255598664283752,500000.0,continuous_15,15,continuous_naca,direct OpenFOAM-coefficient surrogate,0.023571289062500007,-0.7365045547485352,98927.0078125,pinn,surrogate estimate; validate top designs with OpenFOAM,23.55881646180278,0.39830078125000035,0.0,2412,0.10129687500000001
3.9668945312499932,0.004273561612659684,0.024983583018183708,0.14171619607343294,23.81736864681187,0.595067024230957,500000.0,continuous_16,16,continuous_naca,direct OpenFOAM-coefficient surrogate,0.02391650390625,-0.6556712985038757,98933.296875,pinn,surrogate estimate; validate top designs with OpenFOAM,23.81736864681187,0.4330175781250005,0.0,2412,0.08617968749999999
3.8628417968749904,0.012148367490837045,0.024914415553212166,0.17324195861164643,24.17272641996448,0.6022735238075256,500000.0,continuous_17,17,continuous_naca,direct OpenFOAM-coefficient surrogate,0.025437255859375,-0.5525327324867249,98944.984375,pinn,surrogate estimate; validate top designs with OpenFOAM,24.17272641996448,0.4407763671875007,0.0,2412,0.07226953125000002
3.8483154296874886,0.010018013774333076,0.024919498711824417,0.13581820239976358,24.235186914303206,0.603952944278717,500000.0,continuous_18,18,continuous_naca,direct OpenFOAM-coefficient surrogate,0.026385131835937513,-0.559183657169342,98943.5078125,pinn,surrogate estimate; validate top designs with OpenFOAM,24.235186914303206,0.4484057617187509,0.0,2412,0.07431445312500001
3.6974731445312337,0.018122556371762768,0.0253804549574852,0.26153117893742706,24.282404489654365,0.6163227558135986,500000.0,continuous_19,19,continuous_naca,direct OpenFOAM-coefficient surrogate,0.02920269775390627,-0.44253870844841003,98955.0,pinn,surrogate estimate; validate top designs with OpenFOAM,24.282404489654365,0.46510864257812634,0.0,2412,0.06
4.081427001953109,0.020896831399510676,0.027193190529942513,0.29954411474266507,24.77184251517302,0.6736502051353455,500000.0,continuous_20,20,continuous_naca,direct OpenFOAM-coefficient surrogate,0.02878335571289064,-0.5155426859855652,98950.6640625,pinn,surrogate estimate; validate top designs with OpenFOAM,24.77184251517302,0.4368975830078137,0.0,2412,0.06
4.200265502929666,0.015591160907047511,0.028509344905614853,0.2363289710938807,25.144062604359082,0.7168658971786499,500000.0,continuous_21,21,continuous_naca,direct OpenFOAM-coefficient surrogate,0.032190658569335964,-0.5311313271522522,98948.6640625,pinn,surrogate estimate; validate top designs with OpenFOAM,25.144062604359082,0.4356588745117205,0.0,2412,0.06
3.74054412841795,0.013141027122645773,0.026125255972146988,0.22091101849887163,25.670565092147978,0.6706757545471191,500000.0,continuous_22,22,continuous_naca,direct OpenFOAM-coefficient surrogate,0.031907981872558604,-0.531998872756958,98949.921875,pinn,surrogate estimate; validate top designs with OpenFOAM,25.670565092147978,0.42156295776367336,0.0,2412,0.062220703125000026
3.5158943176269286,0.009379755793717108,0.026170920580625534,0.15826351603524602,26.499733393039712,0.6935489177703857,500000.0,continuous_23,23,continuous_naca,direct OpenFOAM-coefficient surrogate,0.0362154884338379,-0.5347774624824524,98951.765625,pinn,surrogate estimate; validate top designs with OpenFOAM,26.499733393039712,0.4081647491455098,0.0,2412,0.06
3.5380420684814142,0.012157294371123036,0.026706252247095108,0.1747539441198933,25.357165876464407,0.6772202253341675,500000.0,continuous_24,24,continuous_naca,direct OpenFOAM-coefficient surrogate,0.03795176124572756,-0.40713536739349365,98953.7578125,pinn,surrogate estimate; validate top designs with OpenFOAM,25.357165876464407,0.4765535354614283,0.0,2412,0.06
3.6129957199096303,0.01128072936873431,0.027759870514273643,0.15088463538195337,26.7341186603985,0.7421624064445496,500000.0,continuous_25,25,continuous_naca,direct OpenFOAM-coefficient surrogate,0.042343047142028835,-0.44727879762649536,98952.171875,pinn,surrogate estimate; validate top designs with OpenFOAM,26.7341186603985,0.4519665336608918,0.0,2412,0.06
3.4880726814269494,0.019733161818482132,0.029109401628375053,0.27920612607790996,27.61449597586542,0.8038690686225891,500000.0,continuous_26,26,continuous_naca,direct OpenFOAM-coefficient surrogate,0.05079594278335575,-0.4302791953086853,98952.7578125,pinn,surrogate estimate; validate top designs with OpenFOAM,27.61449597586542,0.45756161689758734,0.0,2412,0.06
3.673664140701246,0.01716164788805666,0.029269425198435783,0.2719749498945727,27.796840332091918,0.8136253356933594,500000.0,continuous_27,27,continuous_naca,direct OpenFOAM-coefficient surrogate,0.049374227762222306,-0.5210501551628113,98947.03125,pinn,surrogate estimate; validate top designs with OpenFOAM,27.796840332091918,0.42386074542999663,0.0,2412,0.06
3.6617596387862523,0.010038491232792171,0.030699346214532852,0.1709052333605812,28.819110967695202,0.8847566843032837,500000.0,continuous_28,28,continuous_naca,direct OpenFOAM-coefficient surrogate,0.059459992766380323,-0.5914962291717529,98937.9921875,pinn,surrogate estimate; validate top designs with OpenFOAM,28.819110967695202,0.40323679685593183,0.0,2412,0.06
2.901618850231106,0.009942645612990866,0.02836000919342041,0.1696936873934519,29.112722455069594,0.8256661891937256,500000.0,continuous_29,29,continuous_naca,direct OpenFOAM-coefficient surrogate,0.060020934045314805,-0.4281361997127533,98954.5546875,pinn,surrogate estimate; validate top designs with OpenFOAM,29.112722455069594,0.4370994746685082,0.0,2412,0.06
2.252295523881827,0.012078415894833619,0.028534792363643646,0.2441277624841488,30.667429064224653,0.8751193881034851,500000.0,continuous_30,30,continuous_naca,direct OpenFOAM-coefficient surrogate,0.07393607178330422,-0.4035918712615967,98958.2109375,pinn,surrogate estimate; validate top designs with OpenFOAM,30.667429064224653,0.4378197747469019,0.0,2412,0.06
2.9209690123795644,0.010662716541264097,0.029513951390981674,0.2657720328124863,30.43123129523544,0.8981763124465942,500000.0,continuous_31,31,continuous_naca,direct OpenFOAM-coefficient surrogate,0.07225198663771154,-0.6646665334701538,98921.34375,pinn,surrogate estimate; validate top designs with OpenFOAM,30.43123129523544,0.37683793336153715,0.0,2412,0.06
2.6456541106103675,0.011665610772027645,0.031829893589019775,0.1410182347525921,31.523346870980703,1.0034162998199463,500000.0,continuous_32,32,continuous_naca,direct OpenFOAM-coefficient surrogate,0.09,-0.4421236515045166,98952.9296875,pinn,surrogate estimate; validate top designs with OpenFOAM,31.523346870980703,0.42956331178546936,0.0,2412,0.06
2.210534007102087,0.01358375661959676,0.030825451016426086,0.13045080924180796,31.661107962595924,0.9759995937347412,500000.0,continuous_33,33,continuous_naca,direct OpenFOAM-coefficient surrogate,0.09,-0.3814561367034912,98962.78125,pinn,surrogate estimate; validate top designs with OpenFOAM,31.661107962595924,0.44026259310544913,0.0,2412,0.06
2.0347064096479155,-0.0030767458817195325,0.02879827469587326,0.16059374257138134,32.77799085969546,0.9439823627471924,500000.0,continuous_34,34,continuous_naca,direct OpenFOAM-coefficient surrogate,0.09,-0.6790193319320679,98909.328125,pinn,surrogate estimate; validate top designs with OpenFOAM,32.77799085969546,0.37151693213732273,0.0,2412,0.06
1.3080232737583977,-0.004890029388374648,0.02671227976679802,0.1369852952296825,33.22384065195586,0.8875177502632141,500000.0,continuous_35,35,continuous_naca,direct OpenFOAM-coefficient surrogate,0.09,-0.8516749143600464,98868.6953125,pinn,surrogate estimate; validate top designs with OpenFOAM,33.22384065195586,0.3284945897571905,0.0,2412,0.06
0.6841512697746861,-0.0018978116267189158,0.026148676872253418,0.14679765332761188,32.97995151202824,0.862415075302124,500000.0,continuous_36,36,continuous_naca,direct OpenFOAM-coefficient surrogate,0.09,-0.5392829179763794,98940.5,pinn,surrogate estimate; validate top designs with OpenFOAM,32.97995151202824,0.38847064862960745,0.0,2412,0.06
0.3065330248789344,0.012523440508274477,0.02569340169429779,0.13216532276366139,32.85860322079114,0.8442821502685547,500000.0,continuous_37,37,continuous_naca,direct OpenFOAM-coefficient surrogate,0.09,-0.3938320279121399,98963.65625,pinn,surrogate estimate; validate top designs with OpenFOAM,32.85860322079114,0.42068586975803735,0.0,2412,0.06
0.0023252638752255805,-0.00401649904302996,0.024933859705924988,0.13134999262964894,32.64076519950741,0.8138929009437561,500000.0,continuous_38,38,continuous_naca,direct OpenFOAM-coefficient surrogate,0.09,-0.6887218356132507,98913.109375,pinn,surrogate estimate; validate top designs with OpenFOAM,32.64076519950741,0.3511370758782403,0.0,2412,0.06
-1.060017590958465,-0.01104258341964355,0.02464212477207184,0.1289142642446599,30.13114064079178,0.7425254583358765,500000.0,continuous_39,39,continuous_naca,direct OpenFOAM-coefficient surrogate,0.09,-0.843306839466095,98878.890625,pinn,surrogate estimate; validate top designs with OpenFOAM,30.13114064079178,0.3041314989060886,0.0,2412,0.06
1.392896107586949,0.014075371553040601,0.02791987732052803,0.12066775948039418,32.6972139467455,0.9129348993301392,500000.0,continuous_40,40,continuous_naca,direct OpenFOAM-coefficient surrogate,0.09,-0.47667884826660156,98949.53125,pinn,surrogate estimate; validate top designs with OpenFOAM,32.6972139467455,0.406229819555609,0.0,2412,0.06
1.843476574124258,0.012724007555991275,0.029322372749447823,0.1380529800877047,32.27482900294604,0.9464068412780762,500000.0,continuous_41,41,continuous_naca,direct OpenFOAM-coefficient surrogate,0.09,-0.44112277030944824,98954.453125,pinn,surrogate estimate; validate top designs with OpenFOAM,32.27482900294604,0.4208033879719818,0.0,2412,0.06
0.4626130914374837,-0.004911545667387373,0.02561386674642563,0.15422510455068683,32.96575414799618,0.8444133996963501,500000.0,continuous_42,42,continuous_naca,direct OpenFOAM-coefficient surrogate,0.09,-0.6255676746368408,98925.1484375,pinn,surrogate estimate; validate top designs with OpenFOAM,32.96575414799618,0.36855365390167566,0.0,2412,0.06
-0.012235777662198188,-0.0011865625775667513,0.024909643456339836,0.12021112964091703,32.59978795916205,0.8120816946029663,500000.0,continuous_43,43,continuous_naca,direct OpenFOAM-coefficient surrogate,0.09,-0.7110563516616821,98908.4296875,pinn,surrogate estimate; validate top designs with OpenFOAM,32.59978795916205,0.34687256146764645,0.0,2412,0.06
1.0416131362746621,0.005519810974633282,0.026851709932088852,0.13842360587065594,32.96949574412698,0.8853203058242798,500000.0,continuous_44,44,continuous_naca,direct OpenFOAM-coefficient surrogate,0.09,-0.5510279536247253,98937.6953125,pinn,surrogate estimate; validate top designs with OpenFOAM,32.96949574412698,0.3913905050336184,0.0,2412,0.06
1.4416673607436803,-0.003283666584278053,0.026904979720711708,0.11212981779655948,33.23925989608262,0.8943348526954651,500000.0,continuous_45,45,continuous_naca,direct OpenFOAM-coefficient surrogate,0.09,-0.8898252248764038,98857.625,pinn,surrogate estimate; validate top designs with OpenFOAM,33.23925989608262,0.3177688289030086,0.0,2412,0.06
2.0092345286760533,0.0007529435663126175,0.027898278087377548,0.09951403043211696,32.782755561148406,0.9146152138710022,500000.0,continuous_46,46,continuous_naca,direct OpenFOAM-coefficient surrogate,0.09,-1.0939244031906128,98788.7578125,pinn,surrogate estimate; validate top designs with OpenFOAM,32.782755561148406,0.2663103084754943,0.0,2412,0.06
1.775114428838229,0.0007458344731127554,0.02785545587539673,0.11862557634775672,33.049134837443255,0.9206317663192749,500000.0,continuous_47,47,continuous_naca,direct OpenFOAM-coefficient surrogate,0.09,-0.7879318594932556,98884.140625,pinn,surrogate estimate; validate top designs with OpenFOAM,33.049134837443255,0.34450863226003675,0.0,2412,0.06
1.5628650302828344,-0.017304024677805438,0.027003444731235504,0.14016955698434871,33.253343659375766,0.8979880809783936,500000.0,continuous_48,48,continuous_naca,direct OpenFOAM-coefficient surrogate,0.09,-0.9757371544837952,98830.421875,pinn,surrogate estimate; validate top designs with OpenFOAM,33.253343659375766,0.29823084474130324,0.0,2412,0.06
1.8234909772869203,-0.0064961846962793765,0.027599796652793884,0.09236183303709149,32.64526888052606,0.9010354280471802,500000.0,continuous_49,49,continuous_naca,direct OpenFOAM-coefficient surrogate,0.09,-1.131135106086731,98776.5078125,pinn,surrogate estimate; validate top designs with OpenFOAM,32.64526888052606,0.2516510145951456,0.0,2412,0.06
2.3596837770368846,-0.006997450236521864,0.028740786015987396,0.09988187389181197,32.42948788323909,0.932081401348114,500000.0,continuous_50,50,continuous_naca,direct OpenFOAM-coefficient surrogate,0.09,-1.1413462162017822,98770.9921875,pinn,surrogate estimate; validate top designs with OpenFOAM,32.42948788323909,0.2560307992011621,0.0,2412,0.06
1.1030343965902358,-0.0029629285556423304,0.026592383161187172,0.1363290683892527,33.13966018005561,0.8812956809997559,500000.0,continuous_51,51,continuous_naca,direct OpenFOAM-coefficient surrogate,0.09,-0.7115370631217957,98904.84375,pinn,surrogate estimate; validate top designs with OpenFOAM,33.13966018005561,0.3553606862724961,0.0,2412,0.06
0.9326806018493452,-0.010838540939826662,0.025961894541978836,0.13064083116998368,33.17907417221939,0.8614248037338257,500000.0,continuous_52,52,continuous_naca,direct OpenFOAM-coefficient surrogate,0.09,-0.9157000780105591,98851.625,pinn,surrogate estimate; validate top designs with OpenFOAM,33.17907417221939,0.30541884257696245,0.0,2412,0.06
1.5195837367268927,0.002740929304204382,0.02689179591834545,0.08890297184504889,33.04484153340863,0.8886681795120239,500000.0,continuous_53,53,continuous_naca,direct OpenFOAM-coefficient surrogate,0.09,-1.0569682121276855,98803.2109375,pinn,surrogate estimate; validate top designs with OpenFOAM,33.04484153340863,0.26959586671673624,0.0,2412,0.06
1.2071717316244,-0.004192256821210483,0.026589512825012207,0.12088670630972252,33.208852870674775,0.8830404281616211,500000.0,continuous_54,54,continuous_naca,direct OpenFOAM-coefficient surrogate,0.09,-0.8168112635612488,98878.375,pinn,surrogate estimate; validate top designs with OpenFOAM,33.208852870674775,0.33391948138355615,0.0,2412,0.06
1.8271830963553108,-0.003913472804735685,0.027785908430814743,0.12153897742808481,33.13179082433038,0.9206300377845764,500000.0,continuous_55,55,continuous_naca,direct OpenFOAM-coefficient surrogate,0.09,-0.8434969186782837,98868.8671875,pinn,surrogate estimate; validate top designs with OpenFOAM,33.13179082433038,0.3337880298155668,0.0,2412,0.06
1.1563062254758365,-0.008987267991347981,0.026366010308265686,0.12646927257599477,33.226288462498914,0.8760778903961182,500000.0,continuous_56,56,continuous_naca,direct OpenFOAM-coefficient surrogate,0.09,-0.897307813167572,98856.4296875,pinn,surrogate estimate; validate top designs with OpenFOAM,33.226288462498914,0.31251113938661357,0.0,2412,0.06
1.5272592135059746,-0.015957842518997116,0.026937857270240784,0.14635938385961006,33.257050075064605,0.895906925201416,500000.0,continuous_57,57,continuous_naca,direct OpenFOAM-coefficient surrogate,0.09,-0.9751504063606262,98830.3359375,pinn,surrogate estimate; validate top designs with OpenFOAM,33.257050075064605,0.2945832200105018,0.0,2412,0.06
1.6873029544467624,0.005768785582993481,0.027213290333747864,0.09072174441565903,33.04494524650394,0.8992947340011597,500000.0,continuous_58,58,continuous_naca,direct OpenFOAM-coefficient surrogate,0.09,-1.0485974550247192,98805.671875,pinn,surrogate estimate; validate top designs with OpenFOAM,33.04494524650394,0.27491508932397457,0.0,2412,0.06
1.5360256412457653,-0.01119230044118297,0.026925083249807358,0.1338773867055257,33.175631084963285,0.8932898044586182,500000.0,continuous_59,59,continuous_naca,direct OpenFOAM-coefficient surrogate,0.09,-1.0175719261169434,98817.0546875,pinn,surrogate estimate; validate top designs with OpenFOAM,33.175631084963285,0.28305242676352305,0.0,2412,0.06
1.3650238656302396,-0.003322966207021975,0.026765136048197746,0.1120510103876269,33.23720791780386,0.8896316289901733,500000.0,continuous_60,60,continuous_naca,direct OpenFOAM-coefficient surrogate,0.09,-0.886870801448822,98858.734375,pinn,surrogate estimate; validate top designs with OpenFOAM,33.23720791780386,0.3171340490087736,0.0,2412,0.06
1.7921015096055277,-0.011959141507811308,0.027471091598272324,0.12827129129152617,33.21220830498146,0.9124088287353516,500000.0,continuous_61,61,continuous_naca,direct OpenFOAM-coefficient surrogate,0.09,-0.968718409538269,98831.703125,pinn,surrogate estimate; validate top designs with OpenFOAM,33.21220830498146,0.30134733194518004,0.0,2412,0.06
1.3152550465082593,-0.01057203320942204,0.02661089599132538,0.1289850699920443,33.259774868613626,0.8851056694984436,500000.0,continuous_62,62,continuous_naca,direct OpenFOAM-coefficient surrogate,0.09,-0.9218111634254456,98848.515625,pinn,surrogate estimate; validate top designs with OpenFOAM,33.259774868613626,0.3097201875262552,0.0,2412,0.06
1.5584994598901345,-0.016710926846729625,0.02699553221464157,0.14424143937758263,33.25717293584315,0.8978283405303955,500000.0,continuous_63,63,continuous_naca,direct OpenFOAM-coefficient surrogate,0.09,-0.9768324494361877,98829.515625,pinn,surrogate estimate; validate top designs with OpenFOAM,33.25717293584315,0.2930174915817608,0.0,2412,0.06
1.540272014349921,0.0007128748241571013,0.026925962418317795,0.104592735719642,33.12690750022922,0.8920069932937622,500000.0,continuous_64,64,continuous_naca,direct OpenFOAM-coefficient surrogate,0.09,-1.033452033996582,98811.7734375,pinn,surrogate estimate; validate top designs with OpenFOAM,33.12690750022922,0.2800070430269018,0.0,2412,0.06
1.4663185241452403,-0.010629061820673075,0.026885224506258965,0.13023549702413684,33.25425678632353,0.8940814137458801,500000.0,continuous_65,65,continuous_naca,direct OpenFOAM-coefficient surrogate,0.09,-0.9286510944366455,98845.6796875,pinn,surrogate estimate; validate top designs with OpenFOAM,33.25425678632353,0.3083283824339819,0.0,2412,0.06
1.3708010917419697,-0.01084565343036338,0.02669883891940117,0.13178688788206946,33.257712760749854,0.8879755735397339,500000.0,continuous_66,66,continuous_naca,direct OpenFOAM-coefficient surrogate,0.09,-0.9341750741004944,98844.1484375,pinn,surrogate estimate; validate top designs with OpenFOAM,33.257712760749854,0.30459379603494663,0.0,2412,0.06
1.4195888816779285,-0.01705981220692626,0.026726145297288895,0.14373013087965147,33.26611095611261,0.8891081809997559,500000.0,continuous_67,67,continuous_naca,direct OpenFOAM-coefficient surrogate,0.09,-0.978816568851471,98829.578125,pinn,surrogate estimate; validate top designs with OpenFOAM,33.26611095611261,0.29262896514275033,0.0,2412,0.06
1.3962240604442728,-0.02316966915334681,0.026663143187761307,0.14979181034877484,33.21765288889025,0.8857202529907227,500000.0,continuous_68,68,continuous_naca,direct OpenFOAM-coefficient surrogate,0.09,-1.0109807252883911,98819.7890625,pinn,surrogate estimate; validate top designs with OpenFOAM,33.21765288889025,0.28477925649713454,0.0,2412,0.06
1.3048130264031714,-0.010795096824238841,0.02658267877995968,0.13157639833014653,33.25411205691274,0.8840166330337524,500000.0,continuous_69,69,continuous_naca,direct OpenFOAM-coefficient surrogate,0.09,-0.9311555624008179,98845.4296875,pinn,surrogate estimate; validate top designs with OpenFOAM,33.25411205691274,0.30539700013235466,0.0,2412,0.06
1.4716476667302738,-0.01734276954596479,0.026832878589630127,0.1374108704810218,33.26497987753228,0.8926284313201904,500000.0,continuous_70,70,continuous_naca,direct OpenFOAM-coefficient surrogate,0.09,-0.9721883535385132,98831.8046875,pinn,surrogate estimate; validate top designs with OpenFOAM,33.26497987753228,0.297286665040965,0.0,2412,0.06
1.2301468834390812,-0.010603341698572879,0.0264608021825552,0.1295295689807205,33.25061698854978,0.8798712491989136,500000.0,continuous_71,71,continuous_naca,direct OpenFOAM-coefficient surrogate,0.09,-0.9184983968734741,98849.7890625,pinn,surrogate estimate; validate top designs with OpenFOAM,33.25061698854978,0.30909731529069784,0.0,2412,0.06
1.476411315777371,-0.017363493196920834,0.026842651888728142,0.13743304321588662,33.264750246196535,0.8929473757743835,500000.0,continuous_72,72,continuous_naca,direct OpenFOAM-coefficient surrogate,0.09,-0.972448468208313,98831.6796875,pinn,surrogate estimate; validate top designs with OpenFOAM,33.264750246196535,0.2970374475089951,0.0,2412,0.06
4.0,0.012080299012791807,0.030589301139116287,0.23026801534984606,25.302466252219197,0.7740100622177124,500000.0,continuous_1,1,continuous_naca,direct OpenFOAM-coefficient surrogate,0.04,-1.0886379480361938,98866.8125,pinn,surrogate estimate; validate top designs with OpenFOAM,25.302466252219197,0.4,0.0,4415,0.15
4.0,0.012396826211126075,0.03086540475487709,0.21866281390747713,25.6413556174761,0.7914564609527588,500000.0,continuous_2,2,continuous_naca,direct OpenFOAM-coefficient surrogate,0.042,-1.0817959308624268,98865.6171875,pinn,surrogate estimate; validate top designs with OpenFOAM,25.6413556174761,0.4,0.0,4415,0.15
4.0,0.011548625301637614,0.029482411220669746,0.20781903432545035,25.75023020236964,0.759204626083374,500000.0,continuous_3,3,continuous_naca,direct OpenFOAM-coefficient surrogate,0.04,-1.062016248703003,98866.78125,pinn,surrogate estimate; validate top designs with OpenFOAM,25.75023020236964,0.42000000000000004,0.0,4415,0.15
4.0,0.009487529159516924,0.031078346073627472,0.1742809064065847,25.102799932209212,0.7801786065101624,500000.0,continuous_4,4,continuous_naca,direct OpenFOAM-coefficient surrogate,0.04,-1.109713077545166,98861.2265625,pinn,surrogate estimate; validate top designs with OpenFOAM,25.102799932209212,0.4,0.0,4415,0.1575
4.2,0.012112528038240743,0.031444162130355835,0.23632054473979894,25.241080674439363,0.7937098741531372,500000.0,continuous_5,5,continuous_naca,direct OpenFOAM-coefficient surrogate,0.04,-1.1038166284561157,98863.1015625,pinn,surrogate estimate; validate top designs with OpenFOAM,25.241080674439363,0.4,0.0,4415,0.15
4.1,0.01806892548498556,0.030101876705884933,0.25543702341580693,25.857128681928607,0.7783739566802979,500000.0,continuous_6,6,continuous_naca,direct OpenFOAM-coefficient surrogate,0.041,-1.0486398935317993,98871.109375,pinn,surrogate estimate; validate top designs with OpenFOAM,25.857128681928607,0.41000000000000003,0.0,4415,0.1425
4.149999999999999,0.02430802253260972,0.029916729778051376,0.43514059899731844,26.095060718842525,0.7807049751281738,500000.0,continuous_7,7,continuous_naca,direct OpenFOAM-coefficient surrogate,0.041499999999999995,-0.9933056235313416,98880.0234375,pinn,surrogate estimate; validate top designs with OpenFOAM,26.095060718842525,0.41500000000000004,0.0,4415,0.13499999999999995
3.874999999999999,0.016713926713988803,0.028875036165118217,0.24931610930203296,26.213124328749345,0.7569311261177063,500000.0,continuous_8,8,continuous_naca,direct OpenFOAM-coefficient surrogate,0.04175,-1.0210144519805908,98873.78125,pinn,surrogate estimate; validate top designs with OpenFOAM,26.213124328749345,0.4175000000000001,0.0,4415,0.1425
3.7124999999999986,0.01962477364183356,0.027887562289834023,0.26936704357010544,26.55369719908673,0.7405444383621216,500000.0,continuous_9,9,continuous_naca,direct OpenFOAM-coefficient surrogate,0.04262500000000001,-0.9689937829971313,98880.59375,pinn,surrogate estimate; validate top designs with OpenFOAM,26.55369719908673,0.42625000000000024,0.0,4415,0.13874999999999998
3.9312499999999986,0.012759428534893352,0.02862265706062317,0.31771425554698846,26.60125279963997,0.7614251375198364,500000.0,continuous_10,10,continuous_naca,direct OpenFOAM-coefficient surrogate,0.04306250000000001,-0.9662613272666931,98878.0859375,pinn,surrogate estimate; validate top designs with OpenFOAM,26.60125279963997,0.43062500000000015,0.0,4415,0.136875
3.896874999999998,0.02520902183029788,0.02834070660173893,0.39420491621529113,26.854670999166512,0.7611072063446045,500000.0,continuous_11,11,continuous_naca,direct OpenFOAM-coefficient surrogate,0.044593750000000015,-0.8872213959693909,98884.171875,pinn,surrogate estimate; validate top designs with OpenFOAM,26.854670999166512,0.4459375000000001,0.0,4415,0.1303125
3.8796874999999975,0.024684675695302107,0.0277169868350029,0.3996303650032271,26.507224720048,0.7347269058227539,500000.0,continuous_12,12,continuous_naca,direct OpenFOAM-coefficient surrogate,0.04235937500000001,-0.8369497060775757,98893.1328125,pinn,surrogate estimate; validate top designs with OpenFOAM,26.507224720048,0.45359375000000013,0.0,4415,0.12703124999999996
3.8195312499999963,0.020360425628899073,0.028030000627040863,0.28052424328818154,27.050777793831802,0.7582603693008423,500000.0,continuous_13,13,continuous_naca,direct OpenFOAM-coefficient surrogate,0.04553906250000001,-0.7654022574424744,98902.3984375,pinn,surrogate estimate; validate top designs with OpenFOAM,27.050777793831802,0.45039062500000016,0.0,4415,0.11554687499999997
3.729296874999994,0.007739152219248853,0.028379695490002632,0.09954916064853112,27.270122179454408,0.7739450335502625,500000.0,continuous_14,14,continuous_naca,direct OpenFOAM-coefficient surrogate,0.04830859375000003,-0.6276513934135437,98919.328125,pinn,surrogate estimate; validate top designs with OpenFOAM,27.270122179454408,0.4655859375000002,0.0,4415,0.09832031249999995
3.4591796874999954,0.013047107795531877,0.026973189786076546,0.23666665181880914,27.130608629359703,0.7318261861801147,500000.0,continuous_15,15,continuous_naca,direct OpenFOAM-coefficient surrogate,0.047443359375000035,-0.6565308570861816,98908.8984375,pinn,surrogate estimate; validate top designs with OpenFOAM,27.130608629359703,0.48068359375000025,0.0,4415,0.11220703124999998
3.5192382812499954,0.018641588714656678,0.027584366500377655,0.27063418028815445,27.614636810950696,0.761759877204895,500000.0,continuous_16,16,continuous_naca,direct OpenFOAM-coefficient surrogate,0.04912597656250003,-0.7187536358833313,98905.4921875,pinn,surrogate estimate; validate top designs with OpenFOAM,27.614636810950696,0.45563476562500027,0.0,4415,0.112763671875
3.3390136718749943,0.016910228129909093,0.027623018249869347,0.2675675497174197,28.10633763024758,0.7764099836349487,500000.0,continuous_17,17,continuous_naca,direct OpenFOAM-coefficient surrogate,0.052509277343750035,-0.6624988317489624,98912.65625,pinn,surrogate estimate; validate top designs with OpenFOAM,28.10633763024758,0.45665527343750045,0.0,4415,0.10562988281250002
3.499682617187492,0.01809145117283079,0.02935847081243992,0.1535104598286575,27.31942259539723,0.8020837903022766,500000.0,continuous_18,18,continuous_naca,direct OpenFOAM-coefficient surrogate,0.053802490234375056,-0.48141276836395264,98933.171875,pinn,surrogate estimate; validate top designs with OpenFOAM,27.31942259539723,0.49818115234375027,0.0,4415,0.08448486328124999
3.11671142578124,0.019449887050755305,0.02907230518758297,0.2284689436398733,27.40222868870716,0.7966733574867249,500000.0,continuous_19,19,continuous_naca,direct OpenFOAM-coefficient surrogate,0.05643811035156257,-0.3747312128543854,98949.5390625,pinn,surrogate estimate; validate top designs with OpenFOAM,27.40222868870716,0.5046154785156255,0.0,4415,0.07000854492187497
3.383172607421865,0.016811732178666865,0.030270488932728767,0.19776909609081034,27.880253843770596,0.8439767956733704,500000.0,continuous_20,20,continuous_naca,direct OpenFOAM-coefficient surrogate,0.0580858764648438,-0.40701812505722046,98950.15625,pinn,surrogate estimate; validate top designs with OpenFOAM,27.880253843770596,0.4818353271484379,0.0,4415,0.06701477050781249
2.939993286132802,0.014272996796779756,0.029837287962436676,0.17785171114134915,28.003201612184224,0.8355675935745239,500000.0,continuous_21,21,continuous_naca,direct OpenFOAM-coefficient surrogate,0.0621092834472657,-0.3378097414970398,98955.7890625,pinn,surrogate estimate; validate top designs with OpenFOAM,28.003201612184224,0.5050576782226568,0.0,4415,0.0652487182617188
2.889762878417958,0.016749170392923226,0.028512492775917053,0.19243003904949488,28.781064341919766,0.8206486701965332,500000.0,continuous_22,22,continuous_naca,direct OpenFOAM-coefficient surrogate,0.060768783569336,-0.403076708316803,98950.890625,pinn,surrogate estimate; validate top designs with OpenFOAM,28.781064341919766,0.4759007263183601,0.0,4415,0.06946609497070316
2.584803009033191,0.013228324109451956,0.028229042887687683,0.15535391098720464,29.381219392195526,0.8294330835342407,500000.0,continuous_23,23,continuous_naca,direct OpenFOAM-coefficient surrogate,0.06425193023681647,-0.3667442798614502,98958.6015625,pinn,surrogate estimate; validate top designs with OpenFOAM,29.381219392195526,0.46476051330566515,0.0,4415,0.06195671081542975
3.0067798614501857,0.020552380383181006,0.02861597016453743,0.2883420602706243,29.311875267397046,0.8388170599937439,500000.0,continuous_24,24,continuous_naca,direct OpenFOAM-coefficient surrogate,0.062040073394775436,-0.513520359992981,98937.0625,pinn,surrogate estimate; validate top designs with OpenFOAM,29.311875267397046,0.44953891754150466,0.0,4415,0.07991649627685554
2.5521223068237218,0.01962524194780201,0.026975087821483612,0.3202289811486774,29.56688323689949,0.7975988388061523,500000.0,continuous_25,25,continuous_naca,direct OpenFOAM-coefficient surrogate,0.06236940574646001,-0.5194612741470337,98932.9921875,pinn,surrogate estimate; validate top designs with OpenFOAM,29.56688323689949,0.45617086410522567,0.0,4415,0.08936113357543957
2.1365971565246493,0.01541073724696381,0.026043187826871872,0.18684814612045977,30.019421166326634,0.7818314433097839,500000.0,continuous_26,26,continuous_naca,direct OpenFOAM-coefficient surrogate,0.06451117038726811,-0.566401481628418,98929.2109375,pinn,surrogate estimate; validate top designs with OpenFOAM,30.019421166326634,0.4433386325836195,0.0,4415,0.10053431510925309
2.593603563308708,0.005477135532913205,0.026920000091195107,0.1807605490865385,29.20844340339254,0.7863205075263977,500000.0,continuous_27,27,continuous_naca,direct OpenFOAM-coefficient surrogate,0.05954694223403932,-0.7916610836982727,98903.78125,pinn,surrogate estimate; validate top designs with OpenFOAM,29.20844340339254,0.40208899021148803,0.0,4415,0.1087699842453004
1.8218781232833727,0.014499251320255004,0.02666097693145275,0.3056630928756716,30.993820612554547,0.8263565301895142,500000.0,continuous_28,28,continuous_naca,direct OpenFOAM-coefficient surrogate,0.07266578078269963,-0.4890974760055542,98945.9140625,pinn,surrogate estimate; validate top designs with OpenFOAM,30.993820612554547,0.4232082533836381,0.0,4415,0.06995887041091936
1.063310348987562,0.008608629460044809,0.026205554604530334,0.15042463799004013,32.21841032572786,0.8443335294723511,500000.0,continuous_29,29,continuous_naca,direct OpenFOAM-coefficient surrogate,0.08274403250217441,-0.4472677409648895,98955.2734375,pinn,surrogate estimate; validate top designs with OpenFOAM,32.21841032572786,0.4064847433567069,0.0,4415,0.06
1.802141624689086,0.01550911491246512,0.028190232813358307,0.22385612945919414,30.695751641071436,0.8653510808944702,500000.0,continuous_30,30,continuous_naca,direct OpenFOAM-coefficient surrogate,0.07722666102647789,-0.2973538935184479,98969.484375,pinn,surrogate estimate; validate top designs with OpenFOAM,30.695751641071436,0.47997241318226014,0.0,4415,0.06
0.7866462081670584,0.009214406118461835,0.025764595717191696,0.16263464341054995,32.031496455264175,0.8253105878829956,500000.0,continuous_31,31,continuous_naca,direct OpenFOAM-coefficient surrogate,0.082326823681593,-0.3320460021495819,98969.0078125,pinn,surrogate estimate; validate top designs with OpenFOAM,32.031496455264175,0.44773923367262125,0.0,4415,0.061329016685485876
0.309544660150987,0.006514465972957858,0.026133952662348747,0.2909167842268887,32.2272988624807,0.8422589302062988,500000.0,continuous_32,32,continuous_naca,direct OpenFOAM-coefficient surrogate,0.08915241356194023,-0.46957793831825256,98946.5390625,pinn,surrogate estimate; validate top designs with OpenFOAM,32.2272988624807,0.42400699809193876,0.0,4415,0.07897495508193975
-0.828084514290115,0.006899687147347908,0.02678900957107544,0.2782954347669479,29.240466411638955,0.7833523750305176,500000.0,continuous_33,33,continuous_naca,direct OpenFOAM-coefficient surrogate,0.09,-0.5659144520759583,98929.5546875,pinn,surrogate estimate; validate top designs with OpenFOAM,29.240466411638955,0.40363024048507556,0.0,4415,0.08748407721519474
-0.15577573552730262,0.013155114168956457,0.024951443076133728,0.12399070649469933,32.669520667569586,0.8151843547821045,500000.0,continuous_34,34,continuous_naca,direct OpenFOAM-coefficient surrogate,0.09,-0.34300345182418823,98970.3515625,pinn,surrogate estimate; validate top designs with OpenFOAM,32.669520667569586,0.43576306156814404,0.0,4415,0.06
-1.3019621815532787,0.009873939876414072,0.024070851504802704,0.13530461653663992,30.813919503064636,0.7417480945587158,500000.0,continuous_35,35,continuous_naca,direct OpenFOAM-coefficient surrogate,0.09,-0.3286457657814026,98971.34375,pinn,surrogate estimate; validate top designs with OpenFOAM,30.813919503064636,0.4319752760604063,0.0,4415,0.06
-0.8002788837999337,-0.0025408585061668623,0.025134887546300888,0.24431870092850197,30.79792603256388,0.7741332054138184,500000.0,continuous_36,36,continuous_naca,direct OpenFOAM-coefficient surrogate,0.09,-0.6001785397529602,98929.4453125,pinn,surrogate estimate; validate top designs with OpenFOAM,30.79792603256388,0.3770246051624454,0.0,4415,0.0701519858837128
-0.1496737566776788,0.0005587746869597555,0.02519778162240982,0.20272042889149233,32.32814210519791,0.8146297931671143,500000.0,continuous_37,37,continuous_naca,direct OpenFOAM-coefficient surrogate,0.09,-0.4972412884235382,98946.546875,pinn,surrogate estimate; validate top designs with OpenFOAM,32.32814210519791,0.4027615571673991,0.0,4415,0.0676139894127846
-0.2529434497002747,-0.0006722339731614521,0.02534293383359909,0.25218699102572056,31.888516467072773,0.8081804513931274,500000.0,continuous_38,38,continuous_naca,direct OpenFOAM-coefficient surrogate,0.09,-0.574957549571991,98932.8828125,pinn,surrogate estimate; validate top designs with OpenFOAM,31.888516467072773,0.3867689464194731,0.0,4415,0.07196545556187631
0.5267487937002251,0.015122130569646858,0.025553379207849503,0.1309401969213616,32.35056249722159,0.8266985416412354,500000.0,continuous_39,39,continuous_naca,direct OpenFOAM-coefficient surrogate,0.08515046759881083,-0.3720545172691345,98964.3359375,pinn,surrogate estimate; validate top designs with OpenFOAM,32.35056249722159,0.4324966618593342,0.0,4415,0.06398812640458348
-0.7978883681644466,0.0032912511399518095,0.02535882592201233,0.24400169622268386,30.67633564066999,0.7779465317726135,500000.0,continuous_40,40,continuous_naca,direct OpenFOAM-coefficient surrogate,0.09,-0.37705567479133606,98959.6953125,pinn,surrogate estimate; validate top designs with OpenFOAM,30.67633564066999,0.4410293959867011,0.0,4415,0.07528853544965391
0.5980106696995598,0.010729682802258236,0.025651786476373672,0.13945036654225493,32.48623539996109,0.8333624601364136,500000.0,continuous_41,41,continuous_naca,direct OpenFOAM-coefficient surrogate,0.08565987639618108,-0.4392572045326233,98955.8984375,pinn,surrogate estimate; validate top designs with OpenFOAM,32.48623539996109,0.41512090651420547,0.0,4415,0.06382213386241348
0.10011032544641474,0.009507960946619107,0.024759791791439056,0.12167640255957372,32.512403322666174,0.8050328493118286,500000.0,continuous_42,42,continuous_naca,direct OpenFOAM-coefficient surrogate,0.08625275843555572,-0.38374146819114685,98964.734375,pinn,surrogate estimate; validate top designs with OpenFOAM,32.512403322666174,0.4190640954626026,0.0,4415,0.06
0.6842207833371273,0.010045892931305207,0.025717083364725113,0.14721749302878517,32.15465250575075,0.826956033706665,500000.0,continuous_43,43,continuous_naca,direct OpenFOAM-coefficient surrogate,0.08353155121527381,-0.32415148615837097,98970.6953125,pinn,surrogate estimate; validate top designs with OpenFOAM,32.15465250575075,0.44846080553474404,0.0,4415,0.06
0.058799878326022736,0.005527986740070313,0.025122834369540215,0.13435418783280592,32.51965355624159,0.8170183897018433,500000.0,continuous_44,44,continuous_naca,direct OpenFOAM-coefficient surrogate,0.08838288780381845,-0.43458375334739685,98956.5859375,pinn,surrogate estimate; validate top designs with OpenFOAM,32.51965355624159,0.41418636925923535,0.0,4415,0.06478327723976691
-0.22617622472787774,0.01160409568195532,0.02481110394001007,0.13316213305177854,32.622473712631354,0.8094322085380554,500000.0,continuous_45,45,continuous_naca,direct OpenFOAM-coefficient surrogate,0.08999729371896682,-0.42737022042274475,98959.09375,pinn,surrogate estimate; validate top designs with OpenFOAM,32.622473712631354,0.4095705545427595,0.0,4415,0.0603145791465067
-0.7095315479409313,0.012742599591355092,0.024295324459671974,0.13704360584953434,32.09321106063776,0.7797470688819885,500000.0,continuous_46,46,continuous_naca,direct OpenFOAM-coefficient surrogate,0.09,-0.3568350374698639,98968.4921875,pinn,surrogate estimate; validate top designs with OpenFOAM,32.09321106063776,0.42417113390216526,0.0,4415,0.06
0.27112511528943706,0.011371682008510095,0.02525276318192482,0.12299967542106018,32.57350508159704,0.8226035833358765,500000.0,continuous_47,47,continuous_naca,direct OpenFOAM-coefficient surrogate,0.08715905569288317,-0.40910786390304565,98960.5390625,pinn,surrogate estimate; validate top designs with OpenFOAM,32.57350508159704,0.4173834633611954,0.0,4415,0.06254829897949093
-0.12612380876627502,0.014533291783814678,0.025088757276535034,0.10860208209691143,32.5733958847271,0.8172585964202881,500000.0,continuous_48,48,continuous_naca,direct OpenFOAM-coefficient surrogate,0.09,-0.40219447016716003,98961.5234375,pinn,surrogate estimate; validate top designs with OpenFOAM,32.5733958847271,0.4193876289030646,0.0,4415,0.06382307768288228
-0.17727520519203188,0.013188971981077212,0.02489946037530899,0.13725910149267342,32.67495896593428,0.8136215209960938,500000.0,continuous_49,49,continuous_naca,direct OpenFOAM-coefficient surrogate,0.09,-0.36555016040802,98967.5,pinn,surrogate estimate; validate top designs with OpenFOAM,32.67495896593428,0.4268659849283465,0.0,4415,0.06
-0.29531274695105925,0.013204023673258949,0.02474965527653694,0.11964587995116173,32.57443179012076,0.8062385320663452,500000.0,continuous_50,50,continuous_naca,direct OpenFOAM-coefficient surrogate,0.09,-0.34091004729270935,98970.6484375,pinn,surrogate estimate; validate top designs with OpenFOAM,32.57443179012076,0.43320579276290205,0.0,4415,0.06
-0.0179272163126126,0.013432296737063667,0.024927057325839996,0.12049105836322975,32.654925400244665,0.8140238523483276,500000.0,continuous_51,51,continuous_naca,direct OpenFOAM-coefficient surrogate,0.088578174705925,-0.3677521347999573,98967.0,pinn,surrogate estimate; validate top designs with OpenFOAM,32.654925400244665,0.42540390329715816,0.0,4415,0.06
-0.5597023061693495,0.010243061641908451,0.024433350190520287,0.13512569982915423,32.30020007250812,0.7892343997955322,500000.0,continuous_52,52,continuous_naca,direct OpenFOAM-coefficient surrogate,0.09,-0.3369450867176056,98971.0625,pinn,surrogate estimate; validate top designs with OpenFOAM,32.30020007250812,0.43141828880700867,0.0,4415,0.06
0.06341825992474043,0.013933668085402735,0.025051036849617958,0.119343597115594,32.643563929177084,0.817787766456604,500000.0,continuous_53,53,continuous_naca,direct OpenFOAM-coefficient surrogate,0.08840146139955306,-0.3918136954307556,98963.4921875,pinn,surrogate estimate; validate top designs with OpenFOAM,32.643563929177084,0.42089216972264876,0.0,4415,0.0613134718830588
0.08239627617427439,0.009697934756184034,0.02519533783197403,0.138839647102598,32.53979644395216,0.8198837041854858,500000.0,continuous_54,54,continuous_naca,direct OpenFOAM-coefficient surrogate,0.08849252433377221,-0.31332528591156006,98973.4296875,pinn,surrogate estimate; validate top designs with OpenFOAM,32.53979644395216,0.4448920052153893,0.0,4415,0.060342156795022694
-0.1490330995023397,0.012093680264306947,0.024876326322555542,0.13462118137352846,32.66781658558446,0.8126879334449768,500000.0,continuous_55,55,continuous_naca,direct OpenFOAM-coefficient surrogate,0.08962110137266817,-0.38475942611694336,98964.953125,pinn,surrogate estimate; validate top designs with OpenFOAM,32.66781658558446,0.41840091721091693,0.0,4415,0.0603214735586357
-0.3134238881918838,0.013655974955126682,0.024726834148168564,0.11831502233011375,32.5561967528242,0.8050442337989807,500000.0,continuous_56,56,continuous_naca,direct OpenFOAM-coefficient surrogate,0.09,-0.3407105505466461,98970.6796875,pinn,surrogate estimate; validate top designs with OpenFOAM,32.5561967528242,0.432324763779634,0.0,4415,0.06
-0.030792277104415636,0.014313922444504088,0.024973256513476372,0.11668640467674186,32.65572581222414,0.8155524730682373,500000.0,continuous_57,57,continuous_naca,direct OpenFOAM-coefficient surrogate,0.08897564020960066,-0.38703110814094543,98964.3359375,pinn,surrogate estimate; validate top designs with OpenFOAM,32.65572581222414,0.4237503182368951,0.0,4415,0.06069692013635886
-0.23851094235043233,0.010749411195966663,0.02483024075627327,0.12866167496294076,32.61087298405162,0.8097684383392334,500000.0,continuous_58,58,continuous_naca,direct OpenFOAM-coefficient surrogate,0.09,-0.36657601594924927,98967.1875,pinn,surrogate estimate; validate top designs with OpenFOAM,32.61087298405162,0.4269862376749931,0.0,4415,0.06050919684749728
-0.07307314782206753,0.014124393746228371,0.024926908314228058,0.11851750636795468,32.66329809824935,0.8142277002334595,500000.0,continuous_59,59,continuous_naca,direct OpenFOAM-coefficient surrogate,0.0891136800507461,-0.36763322353363037,98967.0625,pinn,surrogate estimate; validate top designs with OpenFOAM,32.66329809824935,0.4257994868916169,0.0,4415,0.06012729921187432
-0.24678631691745523,0.010680786773423863,0.024806365370750427,0.13219767993466908,32.62479588966215,0.8093352317810059,500000.0,continuous_60,60,continuous_naca,direct OpenFOAM-coefficient surrogate,0.09,-0.3564499020576477,98968.703125,pinn,surrogate estimate; validate top designs with OpenFOAM,32.62479588966215,0.42966440706261705,0.0,4415,0.06
-0.08479078705767554,0.012717626110478556,0.02494988963007927,0.13064316652135038,32.66215921743123,0.8149499297142029,500000.0,continuous_61,61,continuous_naca,direct OpenFOAM-coefficient surrogate,0.0893296677827271,-0.36902758479118347,98966.828125,pinn,surrogate estimate; validate top designs with OpenFOAM,32.66215921743123,0.42522884044332554,0.0,4415,0.06040455666449318
-0.1927878069641953,0.01314499319307443,0.024883005768060684,0.1425004332150838,32.66022866696151,0.8127173185348511,500000.0,continuous_62,62,continuous_naca,direct OpenFOAM-coefficient surrogate,0.09,-0.3575221300125122,98968.6015625,pinn,surrogate estimate; validate top designs with OpenFOAM,32.66022866696151,0.4281858848561866,0.0,4415,0.06
-0.11179004203430548,0.012665862711127743,0.024932503700256348,0.13742859414787267,32.66592944897129,0.8144760727882385,500000.0,continuous_63,63,continuous_naca,direct OpenFOAM-coefficient surrogate,0.08950668156929034,-0.36779695749282837,98967.0546875,pinn,surrogate estimate; validate top designs with OpenFOAM,32.66592944897129,0.4259681015465408,0.0,4415,0.06025837492856034
-0.22386389330592227,0.013643055707485115,0.024842193350195885,0.14356963332813322,32.636195705920834,0.8107873201370239,500000.0,continuous_64,64,continuous_naca,direct OpenFOAM-coefficient surrogate,0.09,-0.3577275574207306,98968.53125,pinn,surrogate estimate; validate top designs with OpenFOAM,32.636195705920834,0.42769954573535723,0.0,4415,0.060162625031723704
-0.11077083419303121,0.0114310605523961,0.024922005832195282,0.1374426436801687,32.662797202839876,0.8140550851821899,500000.0,continuous_65,65,continuous_naca,direct OpenFOAM-coefficient surrogate,0.08944781289311786,-0.3671198785305023,98967.171875,pinn,surrogate estimate; validate top designs with OpenFOAM,32.662797202839876,0.426274501602552,0.0,4415,0.060136130666836665
-0.16652547035966725,0.010451273816014609,0.024936500936746597,0.1352665794751948,32.658535105813925,0.8144222497940063,500000.0,continuous_66,66,continuous_naca,direct OpenFOAM-coefficient surrogate,0.09,-0.34333398938179016,98970.3984375,pinn,surrogate estimate; validate top designs with OpenFOAM,32.658535105813925,0.43131452324824526,0.0,4415,0.06
-0.16315415234718578,0.011884778323505011,0.024880988523364067,0.13517283838401076,32.676269717765514,0.8130505681037903,500000.0,continuous_67,67,continuous_naca,direct OpenFOAM-coefficient surrogate,0.08981055068633409,-0.38307803869247437,98965.15625,pinn,surrogate estimate; validate top designs with OpenFOAM,32.676269717765514,0.4226334510696317,0.0,4415,0.06016073677931785
-0.14453262361316868,0.012471855998246389,0.02491503581404686,0.1366858764850749,32.67476669071996,0.814125657081604,500000.0,continuous_68,68,continuous_naca,direct OpenFOAM-coefficient surrogate,0.08975334078464517,-0.3666718900203705,98967.28125,pinn,surrogate estimate; validate top designs with OpenFOAM,32.67476669071996,0.42641704323744367,0.0,4415,0.06012918746428017
-0.1251741765070497,0.011523802693539033,0.024913925677537918,0.13835959113505453,32.66829201974989,0.8139280676841736,500000.0,continuous_69,69,continuous_naca,direct OpenFOAM-coefficient surrogate,0.08955684002537305,-0.36658617854118347,98967.28125,pinn,surrogate estimate; validate top designs with OpenFOAM,32.66829201974989,0.42633273590998166,0.0,4415,0.06006364960593716
-0.13854260847005073,0.012116201186970066,0.024879934266209602,0.13426799121882213,32.67069268013897,0.812877357006073,500000.0,continuous_70,70,continuous_naca,direct OpenFOAM-coefficient surrogate,0.08956036574817616,-0.3839249610900879,98965.0703125,pinn,surrogate estimate; validate top designs with OpenFOAM,32.67069268013897,0.41981008432445643,0.0,4415,0.06017678692476759
-0.18657811830416882,0.012136394780713195,0.024877294898033142,0.1372972040678356,32.6735238530946,0.8128615617752075,500000.0,continuous_71,71,continuous_naca,direct OpenFOAM-coefficient surrogate,0.09,-0.3831316828727722,98965.1953125,pinn,surrogate estimate; validate top designs with OpenFOAM,32.6735238530946,0.42153054586995753,0.0,4415,0.06016970597824564
4.0,0.0019063282712617885,0.021845852956175804,0.020464840800576357,12.40411645052516,0.27099090814590454,500000.0,continuous_1,1,continuous_naca,direct OpenFOAM-coefficient surrogate,0.0,-0.7520750164985657,98956.171875,fno,surrogate estimate; validate top designs with OpenFOAM,12.40411645052516,0.4,0.0,0012,0.12
4.0,0.0012430088970749875,0.02444969303905964,0.046891639942862814,13.716314752554924,0.3353734016418457,500000.0,continuous_2,2,continuous_naca,direct OpenFOAM-coefficient surrogate,0.00025,-0.8843840956687927,98937.34375,fno,surrogate estimate; validate top designs with OpenFOAM,13.716314752554924,0.4,0.0,0012,0.12
4.0,0.0019063282712617885,0.021845852956175804,0.020464840800576357,12.40411645052516,0.27099090814590454,500000.0,continuous_3,3,continuous_naca,direct OpenFOAM-coefficient surrogate,0.0,-0.7520750164985657,98956.171875,fno,surrogate estimate; validate top designs with OpenFOAM,12.40411645052516,0.42000000000000004,0.0,0012,0.12
4.0,0.004820768146500663,0.02271348424255848,0.02899543659122479,12.900796594315128,0.29303494095802307,500000.0,continuous_4,4,continuous_naca,direct OpenFOAM-coefficient surrogate,0.0,-0.6841399073600769,98944.765625,fno,surrogate estimate; validate top designs with OpenFOAM,12.900796594315128,0.4,0.0,0012,0.126
4.2,0.0023801620850585296,0.02262093499302864,0.03046600701628624,12.905396479830342,0.29194504022598267,500000.0,continuous_5,5,continuous_naca,direct OpenFOAM-coefficient surrogate,0.0,-0.7953632473945618,98952.2578125,fno,surrogate estimate; validate top designs with OpenFOAM,12.905396479830342,0.4,0.0,0012,0.12
4.1,0.0037413217868150425,0.025953732430934906,0.0631227028442238,14.301952984085181,0.37120336294174194,500000.0,continuous_6,6,continuous_naca,direct OpenFOAM-coefficient surrogate,0.000125,-0.9219310879707336,98928.6875,fno,surrogate estimate; validate top designs with OpenFOAM,14.301952984085181,0.38,0.0,0012,0.123
4.149999999999999,0.0063196639098227,0.02698848396539688,0.06393684782800468,14.712778003668845,0.39709028601646423,500000.0,continuous_7,7,continuous_naca,direct OpenFOAM-coefficient surrogate,0.0001875,-0.9303913712501526,98927.1484375,fno,surrogate estimate; validate top designs with OpenFOAM,14.712778003668845,0.3600000000000001,0.0,0012,0.1245
4.174999999999999,0.005604617450257552,0.026537146419286728,0.0592388463882648,14.481220949451892,0.3843047618865967,500000.0,continuous_8,8,continuous_naca,direct OpenFOAM-coefficient surrogate,0.00021875,-0.8875256776809692,98931.890625,fno,surrogate estimate; validate top designs with OpenFOAM,14.481220949451892,0.38,0.0,0012,0.12525
4.262499999999999,0.002643316726670125,0.026727572083473206,0.07557991114935404,14.23238940361235,0.38041144609451294,500000.0,continuous_9,9,continuous_naca,direct OpenFOAM-coefficient surrogate,0.000328125,-0.9429721832275391,98922.7109375,fno,surrogate estimate; validate top designs with OpenFOAM,14.23238940361235,0.37,0.0,0012,0.11887500000000001
4.093749999999999,0.00307622618085764,0.026781409978866577,0.05102887886805958,14.522971718142566,0.38896018266677856,500000.0,continuous_10,10,continuous_naca,direct OpenFOAM-coefficient surrogate,0.0004921875,-0.8975764513015747,98931.3984375,fno,surrogate estimate; validate top designs with OpenFOAM,14.522971718142566,0.3550000000000001,0.0,0012,0.12431249999999999
4.340624999999999,0.00480326887371645,0.02919980138540268,0.087269796762035,15.305255620025005,0.44692572951316833,500000.0,continuous_11,11,continuous_naca,direct OpenFOAM-coefficient surrogate,0.00036328125,-0.9830573797225952,98916.0546875,fno,surrogate estimate; validate top designs with OpenFOAM,15.305255620025005,0.33250000000000013,0.0,0012,0.12646875
4.510937499999999,0.007357805650819095,0.03165667876601219,0.10120001974443955,15.977027304134328,0.5057955980300903,500000.0,continuous_12,12,continuous_naca,direct OpenFOAM-coefficient surrogate,0.00041992187499999994,-1.01275634765625,98906.1171875,fno,surrogate estimate; validate top designs with OpenFOAM,15.977027304134328,0.2987500000000003,0.0,0012,0.12970312499999997
4.202343749999997,0.009335155170589832,0.029337096959352493,0.0801373566324527,16.445543276765452,0.4824809432029724,500000.0,continuous_13,13,continuous_naca,direct OpenFOAM-coefficient surrogate,0.0003310546874999999,-0.8329291343688965,98915.984375,fno,surrogate estimate; validate top designs with OpenFOAM,16.445543276765452,0.32687500000000014,0.0,0012,0.1330078125
4.172265624999996,0.011516849854019027,0.02992693893611431,0.06730127287461755,17.178887129349054,0.5141286849975586,500000.0,continuous_14,14,continuous_naca,direct OpenFOAM-coefficient surrogate,0.0003325195312499999,-0.7961604595184326,98914.7890625,fno,surrogate estimate; validate top designs with OpenFOAM,17.178887129349054,0.3053125000000001,0.0,0012,0.14007421874999998
4.288476562499998,0.012207126839134441,0.03134100139141083,0.06966918338027353,16.190797925478492,0.5074520111083984,500000.0,continuous_15,15,continuous_naca,direct OpenFOAM-coefficient surrogate,0.000497314453125,-0.845824658870697,98909.7109375,fno,surrogate estimate; validate top designs with OpenFOAM,16.190797925478492,0.27953125000000034,0.0,0012,0.13404492187499997
4.467089843749997,0.011335945404873543,0.0327325165271759,0.08117198638581606,17.529811227447343,0.5738123655319214,500000.0,continuous_16,16,continuous_naca,direct OpenFOAM-coefficient surrogate,0.00022644042968749994,-0.8710646629333496,98903.5078125,fno,surrogate estimate; validate top designs with OpenFOAM,17.529811227447343,0.2667968750000004,0.0,0012,0.13984863281249998
4.653759765624995,0.020267533749545683,0.035475537180900574,0.13061604270793234,18.08277001811891,0.6415140628814697,500000.0,continuous_17,17,continuous_naca,direct OpenFOAM-coefficient surrogate,9.356689453124986e-05,-0.9441323280334473,98893.9921875,fno,surrogate estimate; validate top designs with OpenFOAM,18.08277001811891,0.22269531250000052,0.0,0012,0.14761669921874998
4.6627197265624964,0.026117236680028424,0.0369441956281662,0.2426323773137381,18.52177626541043,0.6842906475067139,500000.0,continuous_18,18,continuous_naca,direct OpenFOAM-coefficient surrogate,0.0004841613769531248,-0.9765129089355469,98888.6953125,fno,surrogate estimate; validate top designs with OpenFOAM,18.52177626541043,0.19314453125000053,0.0,0012,0.15121948242187494
4.919079589843745,0.029953447491386558,0.041765421628952026,0.39414139569025464,17.85521125328911,0.7457482814788818,500000.0,continuous_19,19,continuous_naca,direct OpenFOAM-coefficient surrogate,0.0006324920654296873,-1.1645281314849854,98872.34375,fno,surrogate estimate; validate top designs with OpenFOAM,17.85521125328911,0.1097167968750008,0.0,0012,0.1645792236328124
4.377673339843744,0.026742924331578207,0.03452416881918907,0.25897082793715126,17.963821556118905,0.620203971862793,500000.0,continuous_20,20,continuous_naca,direct OpenFOAM-coefficient surrogate,0.0002838592529296874,-0.9065991640090942,98899.78125,fno,surrogate estimate; validate top designs with OpenFOAM,17.963821556118905,0.2015917968750005,0.0,0012,0.15677453613281245
4.644732666015617,0.03096550051963827,0.03665624186396599,0.3015601612175804,17.593733758549384,0.6449377536773682,500000.0,continuous_21,21,continuous_naca,direct OpenFOAM-coefficient surrogate,9.973907470703109e-05,-0.9628499746322632,98891.78125,fno,surrogate estimate; validate top designs with OpenFOAM,17.593733758549384,0.18184082031250048,0.0,0012,0.1637975463867187
4.99717712402343,0.016594811575162762,0.04331359267234802,0.29101304488895935,17.975853816586405,0.7786167860031128,500000.0,continuous_22,22,continuous_naca,direct OpenFOAM-coefficient surrogate,0.0001481437683105467,-1.231217384338379,98857.0,fno,surrogate estimate; validate top designs with OpenFOAM,17.975853816586405,0.1,0.0,0012,0.16962991333007804
4.700932312011716,0.023324909718003887,0.0376589298248291,0.2003096662485668,18.150754466315544,0.6835561394691467,500000.0,continuous_23,23,continuous_naca,direct OpenFOAM-coefficient surrogate,0.00040512657165527326,-1.0003437995910645,98884.3359375,fno,surrogate estimate; validate top designs with OpenFOAM,18.150754466315544,0.17687500000000028,0.0,0012,0.14882276916503903
5.129621124267574,0.029705227909406957,0.04179570823907852,0.30370599843839075,18.56096489390522,0.7757872343063354,500000.0,continuous_24,24,continuous_naca,direct OpenFOAM-coefficient surrogate,0.00028164005279540986,-1.1083323955535889,98865.6640625,fno,surrogate estimate; validate top designs with OpenFOAM,18.56096489390522,0.14476562500000018,0.0,0012,0.15186989593505856
5.505595016479489,0.027139712792683967,0.04538247361779213,0.2847829804553246,18.083454411775552,0.8206899762153625,500000.0,continuous_25,25,continuous_naca,direct OpenFOAM-coefficient surrogate,0.0002805304527282711,-1.2375630140304565,98840.890625,fno,surrogate estimate; validate top designs with OpenFOAM,18.083454411775552,0.11635253906249998,0.0,0012,0.14941757583618165
4.576339340209961,0.0066728893241096215,0.03356097638607025,0.11831756103308864,16.100646291942233,0.5403695106506348,500000.0,continuous_26,26,continuous_naca,direct OpenFOAM-coefficient surrogate,0.0004841036796569822,-1.09178626537323,98893.640625,fno,surrogate estimate; validate top designs with OpenFOAM,16.100646291942233,0.2687402343750007,0.0,0012,0.1301345100402832
4.891967678070063,0.02744107441646723,0.03998781368136406,0.3390208646445801,17.670274188707356,0.706613302230835,500000.0,continuous_27,27,continuous_naca,direct OpenFOAM-coefficient surrogate,0.00023213374614715557,-1.0215669870376587,98879.015625,fno,surrogate estimate; validate top designs with OpenFOAM,17.670274188707356,0.1421850585937502,0.0,0012,0.15975606250762933
4.896170425415035,0.027767640945323756,0.03932229429483414,0.27445018815056155,18.55499334866999,0.7296434640884399,500000.0,continuous_28,28,continuous_naca,direct OpenFOAM-coefficient surrogate,0.00038290071487426735,-1.0381137132644653,98878.2734375,fno,surrogate estimate; validate top designs with OpenFOAM,18.55499334866999,0.16895507812500035,0.0,0012,0.15154468917846675
4.915276718139645,0.026301710001398016,0.0397731214761734,0.2570222914466868,18.183483723365846,0.723232090473175,500000.0,continuous_29,29,continuous_naca,direct OpenFOAM-coefficient surrogate,0.00034338331222534156,-1.0545353889465332,98874.796875,fno,surrogate estimate; validate top designs with OpenFOAM,18.183483723365846,0.16082031250000023,0.0,0012,0.1503463325500488
4.891690444946285,0.02455427897547603,0.03860238194465637,0.21659640491513105,18.176588782578996,0.7016777992248535,500000.0,continuous_30,30,continuous_naca,direct OpenFOAM-coefficient surrogate,0.00018760347366332986,-1.0245760679244995,98880.109375,fno,surrogate estimate; validate top designs with OpenFOAM,18.176588782578996,0.18373046875000035,0.0,0012,0.14974329757690427
5.063399124145502,0.032975350654271,0.042089007794857025,0.35661053953783944,17.56417706424985,0.7392763495445251,500000.0,continuous_31,31,continuous_naca,direct OpenFOAM-coefficient surrogate,0.00021489191055297827,-1.174080491065979,98872.1953125,fno,surrogate estimate; validate top designs with OpenFOAM,17.56417706424985,0.12238281250000009,0.0,0012,0.1607499046325683
4.8529802322387665,0.011105092818148511,0.037933651357889175,0.108724537838543,18.20460581848827,0.6905853748321533,500000.0,continuous_32,32,continuous_naca,direct OpenFOAM-coefficient surrogate,0.0003828718662261961,-1.0044113397598267,98881.5390625,fno,surrogate estimate; validate top designs with OpenFOAM,18.20460581848827,0.20675292968750048,0.0,0012,0.14100220298767088
5.005333805084225,0.022747843959537512,0.04049289599061012,0.20787701751425175,17.969084644204987,0.7276382446289062,500000.0,continuous_33,33,continuous_naca,direct OpenFOAM-coefficient surrogate,0.0005077944993972775,-1.0695430040359497,98871.8125,fno,surrogate estimate; validate top designs with OpenFOAM,17.969084644204987,0.1569165039062503,0.0,0012,0.14763826274871825
4.92010128498077,0.024151127445188648,0.03899047151207924,0.21702952835214642,18.182617956050674,0.7089670300483704,500000.0,continuous_34,34,continuous_naca,direct OpenFOAM-coefficient surrogate,0.00026765123009681675,-1.0347061157226562,98878.328125,fno,surrogate estimate; validate top designs with OpenFOAM,18.182617956050674,0.17702697753906282,0.0,0012,0.14921703886985777
4.97692296504974,0.02363461342385235,0.039980363100767136,0.20964764630638863,17.976414830405115,0.7187215685844421,500000.0,continuous_35,35,continuous_naca,direct OpenFOAM-coefficient surrogate,0.00042774674296379065,-1.0564773082733154,98874.171875,fno,surrogate estimate; validate top designs with OpenFOAM,17.976414830405115,0.16361999511718783,0.0,0012,0.14816452145576475
4.934306704998013,0.023978127266209865,0.03929071128368378,0.21456049060048546,18.185128165759465,0.7145248055458069,500000.0,continuous_36,36,continuous_naca,direct OpenFOAM-coefficient surrogate,0.00030767510831356025,-1.0423493385314941,98876.9765625,fno,surrogate estimate; validate top designs with OpenFOAM,18.185128165759465,0.17367523193359408,0.0,0012,0.14895390951633453
4.991262525320049,0.013672216333696264,0.03929339721798897,0.16281704034664005,18.138303077060996,0.7127336859703064,500000.0,continuous_37,37,continuous_naca,direct OpenFOAM-coefficient surrogate,0.0003341605588793752,-1.026880145072937,98877.34375,fno,surrogate estimate; validate top designs with OpenFOAM,18.138303077060996,0.18625411987304735,0.0,0012,0.1463390162587166
4.934273169934746,0.02490581697631269,0.03949829936027527,0.22710428648597208,18.182898980228217,0.7182117700576782,500000.0,continuous_38,38,continuous_naca,direct OpenFOAM-coefficient surrogate,0.00034107762388884994,-1.0475361347198486,98876.046875,fno,surrogate estimate; validate top designs with OpenFOAM,18.182898980228217,0.167178764343262,0.0,0012,0.14934450347721576
5.012895774841304,0.028320351667784138,0.04050517827272415,0.28772107660562,18.56973902422722,0.7521891593933105,500000.0,continuous_39,39,continuous_naca,direct OpenFOAM-coefficient surrogate,0.0003322703838348386,-1.0695667266845703,98872.671875,fno,surrogate estimate; validate top designs with OpenFOAM,18.56973902422722,0.15686035156250028,0.0,0012,0.15170729255676266
4.99130067825317,0.01376403603319993,0.0397026501595974,0.16580851675960942,18.13880020283145,0.7201765775680542,500000.0,continuous_40,40,continuous_naca,direct OpenFOAM-coefficient surrogate,0.000332255959510803,-1.0384609699249268,98875.2265625,fno,surrogate estimate; validate top designs with OpenFOAM,18.13880020283145,0.17575927734375033,0.0,0012,0.14643604946136474
5.031963914632794,0.02641786628514231,0.040501341223716736,0.2588569387315474,18.1800228621564,0.7363334894180298,500000.0,continuous_41,41,continuous_naca,direct OpenFOAM-coefficient surrogate,0.00029465758055448505,-1.073135495185852,98871.4140625,fno,surrogate estimate; validate top designs with OpenFOAM,18.1800228621564,0.15922042846679713,0.0,0012,0.15041190272569654
5.02244892120361,0.028069170222589156,0.040730513632297516,0.27772812566292865,18.18366234865622,0.740648090839386,500000.0,continuous_42,42,continuous_naca,direct OpenFOAM-coefficient surrogate,0.0003125116825103757,-1.0790961980819702,98870.3203125,fno,surrogate estimate; validate top designs with OpenFOAM,18.18366234865622,0.1527929687500002,0.0,0012,0.1511081142425537
5.107164189219471,0.032676739291402135,0.04222886264324188,0.36256827176101863,18.100161690143747,0.7643673419952393,500000.0,continuous_43,43,continuous_naca,direct OpenFOAM-coefficient surrogate,0.00027828389033675164,-1.107770323753357,98864.1953125,fno,surrogate estimate; validate top designs with OpenFOAM,18.100161690143747,0.13106040954589857,0.0,0012,0.15611255326867096
5.020266555994745,0.02473251664128256,0.04024342820048332,0.22392883609388167,18.182885903238937,0.7317598462104797,500000.0,continuous_44,44,continuous_naca,direct OpenFOAM-coefficient surrogate,0.0003187629422172902,-1.0665898323059082,98872.609375,fno,surrogate estimate; validate top designs with OpenFOAM,18.182885903238937,0.16458456039428737,0.0,0012,0.1488551754131913
5.060652273520823,0.027706752850374862,0.041090767830610275,0.2821756228328834,18.56678203917772,0.7629418969154358,500000.0,continuous_45,45,continuous_naca,direct OpenFOAM-coefficient surrogate,0.00032793495012447215,-1.0852426290512085,98869.8359375,fno,surrogate estimate; validate top designs with OpenFOAM,18.56678203917772,0.15028132438659686,0.0,0012,0.15135833634808654
5.092542490921911,0.029998902088275308,0.04164980351924896,0.32731618553665875,18.111975161247113,0.7543783187866211,500000.0,continuous_46,46,continuous_naca,direct OpenFOAM-coefficient surrogate,0.00030841559241525805,-1.0886260271072388,98867.734375,fno,surrogate estimate; validate top designs with OpenFOAM,18.111975161247113,0.13776557445526139,0.0,0012,0.15416664412803946
5.038335539726536,0.027399097803543677,0.04054516553878784,0.2560856191003577,18.18111236785917,0.737174391746521,500000.0,continuous_47,47,continuous_naca,direct OpenFOAM-coefficient surrogate,0.00031617610476678215,-1.074295997619629,98871.203125,fno,surrogate estimate; validate top designs with OpenFOAM,18.18111236785917,0.15787981390953088,0.0,0012,0.15018304259190335
5.036774024181064,0.027691523231954906,0.04075317457318306,0.28475322645381046,18.566493820089082,0.756662130355835,500000.0,continuous_48,48,continuous_naca,direct OpenFOAM-coefficient surrogate,0.0003301026669796554,-1.0761322975158691,98871.4921875,fno,surrogate estimate; validate top designs with OpenFOAM,18.566493820089082,0.15357083797454857,0.0,0012,0.1515328144524246
5.071258449554439,0.0289738588033912,0.041148651391267776,0.29561309235221445,18.566704304491182,0.764013409614563,500000.0,continuous_49,49,continuous_naca,direct OpenFOAM-coefficient surrogate,0.00030695521831512426,-1.086737871170044,98869.5625,fno,surrogate estimate; validate top designs with OpenFOAM,18.566704304491182,0.15081298828125023,0.0,0012,0.15178859424591062
5.017672348022457,0.027283683273943225,0.04063280299305916,0.2768552410410751,18.569760597421467,0.7545599937438965,500000.0,continuous_50,50,continuous_naca,direct OpenFOAM-coefficient surrogate,0.00032239103317260713,-1.0729804039001465,98872.0546875,fno,surrogate estimate; validate top designs with OpenFOAM,18.569760597421467,0.15482666015625024,0.0,0012,0.15140770339965817
5.016581165418025,0.026378197527495234,0.04041244834661484,0.25847430346073286,18.18043764263339,0.7347341775894165,500000.0,continuous_51,51,continuous_naca,direct OpenFOAM-coefficient surrogate,0.00032551666302606437,-1.070830225944519,98871.8359375,fno,surrogate estimate; validate top designs with OpenFOAM,18.18043764263339,0.16072245597839382,0.0,0012,0.15028123398497698
5.052719132881608,0.02867115151894468,0.040995486080646515,0.2917004949543255,18.116776612524855,0.7427241802215576,500000.0,continuous_52,52,continuous_naca,direct OpenFOAM-coefficient surrogate,0.0003203429881250483,-1.067796230316162,98871.5390625,fno,surrogate estimate; validate top designs with OpenFOAM,18.116776612524855,0.14731296300888083,0.0,0012,0.1529369683424011
5.02561565728392,0.02717369729491194,0.04046282917261124,0.26910856629962815,18.180808825530363,0.7356651425361633,500000.0,continuous_53,53,continuous_naca,direct OpenFOAM-coefficient surrogate,0.0003242232443008104,-1.0721334218978882,98871.59375,fno,surrogate estimate; validate top designs with OpenFOAM,18.180808825530363,0.15737008273601558,0.0,0012,0.15094516757433302
5.043684641015712,0.02874445276704534,0.040979210287332535,0.29931002271509227,18.568085325477703,0.7609240412712097,500000.0,continuous_54,54,continuous_naca,direct OpenFOAM-coefficient surrogate,0.0003216364068503023,-1.082281231880188,98870.375,fno,surrogate estimate; validate top designs with OpenFOAM,18.568085325477703,0.15066533625125908,0.0,0012,0.15227303475304504
5.035981582535893,0.028578792192391532,0.040835190564394,0.291683860533956,18.567922048641737,0.758243203163147,500000.0,continuous_55,55,continuous_naca,direct OpenFOAM-coefficient surrogate,0.0003115238541067807,-1.0784175395965576,98871.078125,fno,surrogate estimate; validate top designs with OpenFOAM,18.567922048641737,0.15301183015108133,0.0,0012,0.15205549802526364
4.983858723653245,0.02813153597774822,0.04032712057232857,0.28552527202917943,18.56988625220917,0.7488886117935181,500000.0,continuous_56,56,continuous_naca,direct OpenFOAM-coefficient surrogate,0.0003369556206671401,-1.0647915601730347,98873.5234375,fno,surrogate estimate; validate top designs with OpenFOAM,18.56988625220917,0.15686910077929522,0.0,0012,0.15193317012145413
4.940158860702647,0.027863668928989574,0.03996814414858818,0.2812144390981693,18.564314077142104,0.7419997453689575,500000.0,continuous_57,57,continuous_naca,direct OpenFOAM-coefficient surrogate,0.00035195582184314794,-1.0551592111587524,98875.25,fno,surrogate estimate; validate top designs with OpenFOAM,18.564314077142104,0.15989715702831775,0.0,0012,0.15200545805922588
4.993074161230467,0.02820834776528404,0.0404815636575222,0.2873609293527025,18.571768072363614,0.7518327832221985,500000.0,continuous_58,58,continuous_naca,direct OpenFOAM-coefficient surrogate,0.00034510286815566337,-1.0689984560012817,98872.7734375,fno,surrogate estimate; validate top designs with OpenFOAM,18.571768072363614,0.1565988942235711,0.0,0012,0.1516051023901963
4.971620450577754,0.027208645368157258,0.04016437754034996,0.2723776321549713,18.5708964767785,0.7459070682525635,500000.0,continuous_59,59,continuous_naca,direct OpenFOAM-coefficient surrogate,0.0003618923751801048,-1.0604432821273804,98874.3046875,fno,surrogate estimate; validate top designs with OpenFOAM,18.5708964767785,0.15839242625981598,0.0,0012,0.15137990457266265
4.960065862858025,0.027248212428711137,0.03985259309411049,0.26761590834093757,18.182216560395133,0.7246266603469849,500000.0,continuous_60,60,continuous_naca,direct OpenFOAM-coefficient surrogate,0.00034672354606482233,-1.0565084218978882,98874.4375,fno,surrogate estimate; validate top designs with OpenFOAM,18.182216560395133,0.16191216710954934,0.0,0012,0.15105359948099056
5.022779946476291,0.028425121271142537,0.040662333369255066,0.28954140349903434,18.568432346929747,0.7550543546676636,500000.0,continuous_61,61,continuous_naca,direct OpenFOAM-coefficient surrogate,0.0003279081916539323,-1.0737240314483643,98871.921875,fno,surrogate estimate; validate top designs with OpenFOAM,18.568432346929747,0.15347704396583164,0.0,0012,0.15196817593503142
4.9809705573974465,0.027038301264332106,0.04021900147199631,0.27210290495130024,18.570856365995894,0.7469198703765869,500000.0,continuous_62,62,continuous_naca,direct OpenFOAM-coefficient surrogate,0.0003404517612611923,-1.0618737936019897,98874.046875,fno,surrogate estimate; validate top designs with OpenFOAM,18.570856365995894,0.15910045939497677,0.0,0012,0.15135845829900418
4.974892120310503,0.027235586326817923,0.04027498885989189,0.27366806272160477,18.572577736181508,0.7480289340019226,500000.0,continuous_63,63,continuous_naca,direct OpenFOAM-coefficient surrogate,0.0003401802577934629,-1.0634490251541138,98873.765625,fno,surrogate estimate; validate top designs with OpenFOAM,18.572577736181508,0.15683720571454635,0.0,0012,0.15144492454839373
4.955890293045103,0.026925912000620007,0.0401628315448761,0.27116204792914117,18.570952399222453,0.7458806037902832,500000.0,continuous_64,64,continuous_naca,direct OpenFOAM-coefficient surrogate,0.00034413519477277503,-1.060402750968933,98874.3125,fno,surrogate estimate; validate top designs with OpenFOAM,18.570952399222453,0.15682563279056938,0.0,0012,0.15131374054420926
4.948725433273373,0.027907191337917147,0.040026724338531494,0.28190213724737395,18.565152074172502,0.7431207895278931,500000.0,continuous_65,65,continuous_naca,direct OpenFOAM-coefficient surrogate,0.00035895422076612216,-1.0566308498382568,98874.984375,fno,surrogate estimate; validate top designs with OpenFOAM,18.565152074172502,0.15987616989994446,0.0,0012,0.15176312427986602
5.000435619335186,0.027447768616147273,0.04052615165710449,0.28215560698834136,18.57162270026663,0.7526549696922302,500000.0,continuous_66,66,continuous_naca,direct OpenFOAM-coefficient surrogate,0.0003315318300709859,-1.0701689720153809,98872.5625,fno,surrogate estimate; validate top designs with OpenFOAM,18.57162270026663,0.1560890375921738,0.0,0012,0.15149655861971012
4.990827505483556,0.027619318694822925,0.04024364799261093,0.27209381592481313,18.183079848642265,0.7317716479301453,500000.0,continuous_67,67,continuous_naca,direct OpenFOAM-coefficient surrogate,0.00034167773797351214,-1.0666022300720215,98872.609375,fno,surrogate estimate; validate top designs with OpenFOAM,18.183079848642265,0.15744369768333877,0.0,0012,0.15101935180719805
4.985600919110823,0.02814091457106065,0.040340013802051544,0.28571765082357264,18.57009768747275,0.7491365671157837,500000.0,continuous_68,68,continuous_naca,direct OpenFOAM-coefficient surrogate,0.0003381361499937331,-1.0651302337646484,98873.46875,fno,surrogate estimate; validate top designs with OpenFOAM,18.57009768747275,0.15701275000530612,0.0,0012,0.1517047155428901
4.9890853100259775,0.02710412632216145,0.04036429151892662,0.2734498864312175,18.57013927986742,0.7495890855789185,500000.0,continuous_69,69,continuous_naca,direct OpenFOAM-coefficient surrogate,0.0003404972086469191,-1.0658072233200073,98873.34375,fno,surrogate estimate; validate top designs with OpenFOAM,18.57013927986742,0.15730004845732787,0.0,0012,0.15124780638576207
4.988214212297189,0.02709050924035562,0.04035757854580879,0.2737068854993301,18.570388077378105,0.7494744658470154,500000.0,continuous_70,70,continuous_naca,direct OpenFOAM-coefficient surrogate,0.00033990694398362256,-1.0656380653381348,98873.375,fno,surrogate estimate; validate top designs with OpenFOAM,18.570388077378105,0.15722822384432245,0.0,0012,0.15136203367504408
4.9864720168396115,0.027357704044359124,0.040345389395952225,0.2800236407397388,18.570266411508314,0.7492431998252869,500000.0,continuous_71,71,continuous_naca,direct OpenFOAM-coefficient surrogate,0.00033872641465702966,-1.065299391746521,98873.4375,fno,surrogate estimate; validate top designs with OpenFOAM,18.570266411508314,0.15708457461831155,0.0,0012,0.1515904882536081
4.9877786634327945,0.02730735126002605,0.04035453125834465,0.2745753143532895,18.570495027706595,0.7494221925735474,500000.0,continuous_72,72,continuous_naca,direct OpenFOAM-coefficient surrogate,0.00033961181165197433,-1.0655534267425537,98873.390625,fno,surrogate estimate; validate top designs with OpenFOAM,18.570495027706595,0.1571923115378197,0.0,0012,0.1514191473196851
4.986907565704006,0.027348448955702813,0.04034843668341637,0.2800423084604297,18.57018308959521,0.7492964267730713,500000.0,continuous_73,73,continuous_naca,direct OpenFOAM-coefficient surrogate,0.0003390215469886779,-1.065384030342102,98873.421875,fno,surrogate estimate; validate top designs with OpenFOAM,18.57018308959521,0.15712048692481428,0.0,0012,0.1515333746089671
4.987560889000598,0.02730658779371133,0.04035300761461258,0.2745530560759424,18.57055367858201,0.7493962645530701,500000.0,continuous_74,74,continuous_naca,direct OpenFOAM-coefficient surrogate,0.0003394642454861502,-1.0655111074447632,98873.3984375,fno,surrogate estimate; validate top designs with OpenFOAM,18.57055367858201,0.15717435538456836,0.0,0012,0.1514477041420056
4.987125340136203,0.02744363942382718,0.04034995660185814,0.28072467445462573,18.570145363528376,0.7493231296539307,500000.0,continuous_75,75,continuous_naca,direct OpenFOAM-coefficient surrogate,0.000339169113154502,-1.0654264688491821,98873.4140625,fno,surrogate estimate; validate top designs with OpenFOAM,18.570145363528376,0.15713844307806563,0.0,0012,0.1515048177866466
4.987452001784499,0.027445543572113613,0.04035224765539169,0.2807675382499754,18.570579932882733,0.7493832111358643,500000.0,continuous_76,76,continuous_naca,direct OpenFOAM-coefficient surrogate,0.00033939046240323816,-1.0654898881912231,98873.3984375,fno,surrogate estimate; validate top designs with OpenFOAM,18.570579932882733,0.15716537730794267,0.0,0012,0.15146198255316584
4.987234227352301,0.02744377651307644,0.040350720286369324,0.28073461202849537,18.570374421743157,0.7493465542793274,500000.0,continuous_77,77,continuous_naca,direct OpenFOAM-coefficient surrogate,0.00033924289623741405,-1.065447449684143,98873.40625,fno,surrogate estimate; validate top designs with OpenFOAM,18.570374421743157,0.15714742115469132,0.0,0012,0.15149053937548634
4.98739755817645,0.027445116412492615,0.04035186395049095,0.2807632152691457,18.570596990430246,0.7493767738342285,500000.0,continuous_78,78,continuous_naca,direct OpenFOAM-coefficient surrogate,0.00033935357086178214,-1.0654793977737427,98873.40625,fno,surrogate estimate; validate top designs with OpenFOAM,18.570596990430246,0.15716088826962982,0.0,0012,0.15146912175874597
4.987288670960351,0.02744436619983401,0.04035110026597977,0.2807473089499472,18.57058360153671,0.749362051486969,500000.0,continuous_79,79,continuous_naca,direct OpenFOAM-coefficient surrogate,0.0003392797877788701,-1.065458059310913,98873.40625,fno,surrogate estimate; validate top designs with OpenFOAM,18.57058360153671,0.15715191019300417,0.0,0012,0.15148340016990622
4.987370336372425,0.027444489845754972,0.04035167396068573,0.28075005927897273,18.570601707936646,0.7493734359741211,500000.0,continuous_80,80,continuous_naca,direct OpenFOAM-coefficient surrogate,0.0003393351250910541,-1.0654741525650024,98873.40625,fno,surrogate estimate; validate top designs with OpenFOAM,18.570601707936646,0.1571586437504734,0.0,0012,0.15147269136153602
4.987315892764375,0.02744423271265644,0.04035128653049469,0.2807467354106916,18.57062048035816,0.7493669986724854,500000.0,continuous_81,81,continuous_naca,direct OpenFOAM-coefficient surrogate,0.0003392982335495981,-1.0654634237289429,98873.40625,fno,surrogate estimate; validate top designs with OpenFOAM,18.57062048035816,0.1571541547121606,0.0,0012,0.15147983056711617
4.987329503666388,0.027444401697008007,0.04035138711333275,0.28074715012490875,18.57061259569579,0.7493685483932495,500000.0,continuous_82,82,continuous_naca,direct OpenFOAM-coefficient surrogate,0.00033930745643496205,-1.0654659271240234,98873.40625,fno,surrogate estimate; validate top designs with OpenFOAM,18.57061259569579,0.1571552769717388,0.0,0012,0.15147804576572113
4.983983140770485,0.02733180923882938,0.04033188149333,0.27984198007313493,18.570617373438836,0.7490065097808838,500000.0,continuous_83,83,continuous_naca,direct OpenFOAM-coefficient surrogate,0.0003426415629745631,-1.064924955368042,98873.5,fno,surrogate estimate; validate top designs with OpenFOAM,18.570617373438836,0.15671804996905872,0.0,0012,0.15152501346929503
4.987663869822844,0.027463175010181196,0.04044701159000397,0.2818974644309415,18.57209347785811,0.751204252243042,500000.0,continuous_84,84,continuous_naca,direct OpenFOAM-coefficient surrogate,0.0003358560439322244,-1.0681005716323853,98872.9296875,fno,surrogate estimate; validate top designs with OpenFOAM,18.57209347785811,0.15646312165336007,0.0,0012,0.15147074158405194
4.977931338853975,0.027241719071711655,0.04020070284605026,0.2727950874390331,18.570689202664262,0.7465733289718628,500000.0,continuous_85,85,continuous_naca,direct OpenFOAM-coefficient surrogate,0.0003403160095273276,-1.0613698959350586,98874.140625,fno,surrogate estimate; validate top designs with OpenFOAM,18.570689202664262,0.15796883255476157,0.0,0012,0.15140169142369897
4.981131228341464,0.027408666428884065,0.04031326249241829,0.28032104318625656,18.571121536979895,0.7486810684204102,500000.0,continuous_86,86,continuous_naca,direct OpenFOAM-coefficient surrogate,0.0003397576914422585,-1.0644612312316895,98873.5859375,fno,surrogate estimate; validate top designs with OpenFOAM,18.571121536979895,0.15699792473250987,0.0,0012,0.15145880795496486
4.0,0.020792645553278838,0.02971043810248375,0.24752307098953605,18.321257969071215,0.5443509221076965,500000.0,continuous_1,1,continuous_naca,direct OpenFOAM-coefficient surrogate,0.02,-0.8075200915336609,98926.015625,fno,surrogate estimate; validate top designs with OpenFOAM,18.321257969071215,0.4,0.0,2412,0.12
4.0,0.019339325111288438,0.02977016381919384,0.2614421693217554,18.144554277887796,0.540184497833252,500000.0,continuous_2,2,continuous_naca,direct OpenFOAM-coefficient surrogate,0.021,-0.8151775598526001,98926.203125,fno,surrogate estimate; validate top designs with OpenFOAM,18.144554277887796,0.4,0.0,2412,0.12
4.0,0.02007619763019529,0.029124410822987556,0.2363952864233912,18.24008401543508,0.5312499403953552,500000.0,continuous_3,3,continuous_naca,direct OpenFOAM-coefficient surrogate,0.02,-0.7732319831848145,98928.59375,fno,surrogate estimate; validate top designs with OpenFOAM,18.24008401543508,0.42000000000000004,0.0,2412,0.12
4.0,0.020778597776993833,0.029427561908960342,0.25751797346743793,17.98105821522906,0.5291566848754883,500000.0,continuous_4,4,continuous_naca,direct OpenFOAM-coefficient surrogate,0.02,-0.7766494154930115,98929.0234375,fno,surrogate estimate; validate top designs with OpenFOAM,17.98105821522906,0.4,0.0,2412,0.126
4.2,0.02225065623267239,0.030676519498229027,0.2579313008604017,18.44040148836861,0.5657057762145996,500000.0,continuous_5,5,continuous_naca,direct OpenFOAM-coefficient surrogate,0.02,-0.8499730825424194,98921.9296875,fno,surrogate estimate; validate top designs with OpenFOAM,18.44040148836861,0.4,0.0,2412,0.12
4.1,0.013952604558592086,0.029514040797948837,0.19277429595409776,17.41734371383664,0.5140736103057861,500000.0,continuous_6,6,continuous_naca,direct OpenFOAM-coefficient surrogate,0.0205,-0.8277266025543213,98927.8203125,fno,surrogate estimate; validate top designs with OpenFOAM,17.41734371383664,0.41000000000000003,0.0,2412,0.11399999999999999
4.025,0.024296923437976514,0.029772860929369926,0.2596255290192837,18.26910714471836,0.543941855430603,500000.0,continuous_7,7,continuous_naca,direct OpenFOAM-coefficient surrogate,0.020125,-0.8162422180175781,98925.4375,fno,surrogate estimate; validate top designs with OpenFOAM,18.26910714471836,0.4025,0.0,2412,0.123
4.112500000000001,0.021864661839306018,0.029764274135231972,0.2534095112960071,18.488129204779916,0.5503042340278625,500000.0,continuous_8,8,continuous_naca,direct OpenFOAM-coefficient surrogate,0.0190625,-0.8001067638397217,98925.2578125,fno,surrogate estimate; validate top designs with OpenFOAM,18.488129204779916,0.41125,0.0,2412,0.1215
4.168750000000001,0.02080064191050703,0.029655931517481804,0.24265887934584257,18.47277156511875,0.547845721244812,500000.0,continuous_9,9,continuous_naca,direct OpenFOAM-coefficient surrogate,0.01809375,-0.7861372828483582,98925.4765625,fno,surrogate estimate; validate top designs with OpenFOAM,18.47277156511875,0.4168749999999999,0.0,2412,0.12224999999999997
4.168749999999999,0.024662888824846466,0.030781526118516922,0.25843601584068515,18.382446050984072,0.5658581256866455,500000.0,continuous_10,10,continuous_naca,direct OpenFOAM-coefficient surrogate,0.019593750000000004,-0.8688122034072876,98920.7734375,fno,surrogate estimate; validate top designs with OpenFOAM,18.382446050984072,0.3868750000000001,0.0,2412,0.12225
4.215624999999999,0.021784624245327792,0.030618581920862198,0.24411629681708064,18.317808606682224,0.560883641242981,500000.0,continuous_11,11,continuous_naca,direct OpenFOAM-coefficient surrogate,0.019203125000000005,-0.8645240664482117,98920.359375,fno,surrogate estimate; validate top designs with OpenFOAM,18.317808606682224,0.3965625,0.0,2412,0.11887500000000001
4.167968749999999,0.021763492792552405,0.030455688014626503,0.25013415621309404,18.571163435670556,0.5656161308288574,500000.0,continuous_12,12,continuous_naca,direct OpenFOAM-coefficient surrogate,0.019433593750000006,-0.8313186764717102,98922.2265625,fno,surrogate estimate; validate top designs with OpenFOAM,18.571163435670556,0.398046875,0.0,2412,0.11990624999999999
4.324609375,0.023363342261602627,0.031033283099532127,0.2768759682361505,18.63718102062926,0.5783915519714355,500000.0,continuous_13,13,continuous_naca,direct OpenFOAM-coefficient surrogate,0.019044921875000006,-0.8505754470825195,98919.25,fno,surrogate estimate; validate top designs with OpenFOAM,18.63718102062926,0.3980859375000001,0.0,2412,0.12182812500000001
4.486914062499999,0.024229099547385398,0.031788356602191925,0.2825389813728261,18.68844244339068,0.5940935611724854,500000.0,continuous_14,14,continuous_naca,direct OpenFOAM-coefficient surrogate,0.018567382812500012,-0.8802399635314941,98916.109375,fno,surrogate estimate; validate top designs with OpenFOAM,18.68844244339068,0.3971289062500001,0.0,2412,0.12274218749999999
4.31494140625,0.021652226554493142,0.03056325390934944,0.24329135733663781,18.583218111341452,0.5679821968078613,500000.0,continuous_15,15,continuous_naca,direct OpenFOAM-coefficient surrogate,0.01893798828125001,-0.8358343839645386,98921.765625,fno,surrogate estimate; validate top designs with OpenFOAM,18.583218111341452,0.41633789062499993,0.0,2412,0.11982421874999999
4.3411621093749995,0.023411743605350477,0.030331194400787354,0.2518212203342819,18.399206309907402,0.5580883026123047,500000.0,continuous_16,16,continuous_naca,direct OpenFOAM-coefficient surrogate,0.01800073242187501,-0.8447179794311523,98920.28125,fno,surrogate estimate; validate top designs with OpenFOAM,18.399206309907402,0.4113818359375,0.0,2412,0.12198632812499999
4.23529052734375,0.022615350178803197,0.030780915170907974,0.2602599429715924,18.610890011381674,0.5728788375854492,500000.0,continuous_17,17,continuous_naca,direct OpenFOAM-coefficient surrogate,0.019500183105468753,-0.8450489640235901,98920.8203125,fno,surrogate estimate; validate top designs with OpenFOAM,18.610890011381674,0.402845458984375,0.0,2412,0.12049658203125
4.490057373046874,0.025213850815171548,0.03199256211519241,0.27046178998849263,18.5649417254063,0.5939586162567139,500000.0,continuous_18,18,continuous_naca,direct OpenFOAM-coefficient surrogate,0.019157073974609393,-0.9144853949546814,98914.078125,fno,surrogate estimate; validate top designs with OpenFOAM,18.5649417254063,0.3959295654296876,0.0,2412,0.11998461914062497
4.395668029785155,0.022885944274390623,0.03153223916888237,0.2583406008303101,18.682524306657697,0.5891205072402954,500000.0,continuous_19,19,continuous_naca,direct OpenFOAM-coefficient surrogate,0.019133430480957045,-0.8757036328315735,98917.6796875,fno,surrogate estimate; validate top designs with OpenFOAM,18.682524306657697,0.3997596740722657,0.0,2412,0.12036346435546871
4.548438262939453,0.024882756754404187,0.03171378746628761,0.26974469390638506,18.681109809848415,0.5924674272537231,500000.0,continuous_20,20,continuous_naca,direct OpenFOAM-coefficient surrogate,0.018635898590087907,-0.8772302269935608,98916.421875,fno,surrogate estimate; validate top designs with OpenFOAM,18.681109809848415,0.4099890899658204,0.0,2412,0.12180697631835935
4.518214035034179,0.02553166220265126,0.03244137391448021,0.2981599546924426,18.721746083478216,0.6073778867721558,500000.0,continuous_21,21,continuous_naca,direct OpenFOAM-coefficient surrogate,0.01898045921325685,-0.9055448174476624,98913.546875,fno,surrogate estimate; validate top designs with OpenFOAM,18.721746083478216,0.3885236740112308,0.0,2412,0.12288038635253906
4.619850349426269,0.02879559341170201,0.03315482661128044,0.2976326771440621,18.25281525185022,0.605187177658081,500000.0,continuous_22,22,continuous_naca,direct OpenFOAM-coefficient surrogate,0.019001694679260273,-0.9704883098602295,98910.90625,fno,surrogate estimate; validate top designs with OpenFOAM,18.25281525185022,0.3746165657043461,0.0,2412,0.12440847015380863
4.739326667785642,0.026131050432651563,0.032987482845783234,0.2908900422413729,18.527173504008697,0.6111833453178406,500000.0,continuous_23,23,continuous_naca,direct OpenFOAM-coefficient surrogate,0.018158402442932157,-0.9371470808982849,98911.046875,fno,surrogate estimate; validate top designs with OpenFOAM,18.527173504008697,0.39485521316528344,0.0,2412,0.12339992523193358
4.361299562454223,0.022972051028730275,0.03135726600885391,0.2698342509427868,18.663968517732688,0.5852696895599365,500000.0,continuous_24,24,continuous_naca,direct OpenFOAM-coefficient surrogate,0.019164737939834604,-0.86857008934021,98918.40625,fno,surrogate estimate; validate top designs with OpenFOAM,18.663968517732688,0.40084789752960215,0.0,2412,0.12122241783142089
4.6133176326751695,0.02531207001333959,0.0324559360742569,0.2896636305626622,18.72175901815415,0.6076509356498718,500000.0,continuous_25,25,continuous_naca,direct OpenFOAM-coefficient surrogate,0.018493847608566306,-0.9061412215232849,98913.484375,fno,surrogate estimate; validate top designs with OpenFOAM,18.72175901815415,0.3968527746200563,0.0,2412,0.12267408943176268
4.739326667785644,0.026131050432651577,0.032987482845783234,0.2908900422413729,18.527173504008697,0.6111833453178406,500000.0,continuous_26,26,continuous_naca,direct OpenFOAM-coefficient surrogate,0.01815840244293216,-0.9371470808982849,98911.046875,fno,surrogate estimate; validate top designs with OpenFOAM,18.527173504008697,0.3948552131652834,0.0,2412,0.12339992523193358
4.458618617057797,0.02510951975418178,0.03228764981031418,0.2959792353394617,18.71304693638768,0.6042190194129944,500000.0,continuous_27,27,continuous_naca,direct OpenFOAM-coefficient surrogate,0.0189516614675522,-0.8996302485466003,98914.1328125,fno,surrogate estimate; validate top designs with OpenFOAM,18.71304693638768,0.38114342451095606,0.0,2412,0.12252308750152585
4.642864143848416,0.028979214273284436,0.03291232883930206,0.2861481498740981,18.240715226099333,0.6003626585006714,500000.0,continuous_28,28,continuous_naca,direct OpenFOAM-coefficient surrogate,0.01836324506998064,-0.960754930973053,98911.953125,fno,surrogate estimate; validate top designs with OpenFOAM,18.240715226099333,0.38206471562385586,0.0,2412,0.12504641103744507
4.457467058300971,0.023655251220251337,0.03186175227165222,0.2762878055287092,18.690852835554203,0.5955420136451721,500000.0,continuous_29,29,continuous_naca,direct OpenFOAM-coefficient surrogate,0.018940884128212945,-0.8831063508987427,98915.8203125,fno,surrogate estimate; validate top designs with OpenFOAM,18.690852835554203,0.39533593446016324,0.0,2412,0.1215342010259628
4.536894609034059,0.025701629827978186,0.03274928778409958,0.30030788532869546,18.730370262609387,0.6134250164031982,500000.0,continuous_30,30,continuous_naca,direct OpenFOAM-coefficient surrogate,0.019116043396294143,-0.9171807765960693,98912.4375,fno,surrogate estimate; validate top designs with OpenFOAM,18.730370262609387,0.38379899755120306,0.0,2412,0.1220636946558952
4.56188488230109,0.025404191105381467,0.03334801271557808,0.3057032712280974,18.7527661892675,0.6253862380981445,500000.0,continuous_31,31,continuous_naca,direct OpenFOAM-coefficient surrogate,0.019390373688191208,-0.9469128847122192,98910.6484375,fno,surrogate estimate; validate top designs with OpenFOAM,18.7527661892675,0.37713404320180466,0.0,2412,0.12172444823384282
4.618550525233147,0.028722067802616595,0.033397968858480453,0.2933687745247417,18.53310529497773,0.6189866065979004,500000.0,continuous_32,32,continuous_naca,direct OpenFOAM-coefficient surrogate,0.018967286860570337,-0.9793248176574707,98909.0546875,fno,surrogate estimate; validate top designs with OpenFOAM,18.53310529497773,0.3764910237118606,0.0,2412,0.1233668047338724
4.497737925034015,0.02454618572484101,0.03216187655925751,0.2859452219155102,18.702031196990973,0.6015111207962036,500000.0,continuous_33,33,continuous_naca,direct OpenFOAM-coefficient surrogate,0.018947484811302293,-0.8946515321731567,98914.640625,fno,surrogate estimate; validate top designs with OpenFOAM,18.702031196990973,0.3906247067730876,0.0,2412,0.1219923519529402
4.578279658500103,0.028369893310689766,0.03289560601115227,0.278067274556057,18.51791386401324,0.609176516532898,500000.0,continuous_34,34,continuous_naca,direct OpenFOAM-coefficient surrogate,0.01896068617748099,-0.9599605202674866,98911.2421875,fno,surrogate estimate; validate top designs with OpenFOAM,18.51791386401324,0.38120225139893626,0.0,2412,0.122908653806895
4.517873358400537,0.02544870249344013,0.032439928501844406,0.29262976841087607,18.72153112033951,0.607343852519989,500000.0,continuous_35,35,continuous_naca,direct OpenFOAM-coefficient surrogate,0.01895078515284697,-0.9054867625236511,98913.5546875,fno,surrogate estimate; validate top designs with OpenFOAM,18.72153112033951,0.38826909292954975,0.0,2412,0.1222214274164289
4.6470263371476905,0.026288341945453868,0.03289258852601051,0.29737646091679987,18.737463833081133,0.6163424253463745,500000.0,continuous_36,36,continuous_naca,direct OpenFOAM-coefficient surrogate,0.018956071363878467,-0.9227423071861267,98911.8984375,fno,surrogate estimate; validate top designs with OpenFOAM,18.737463833081133,0.3942463678703647,0.0,2412,0.12222708821576087
4.652348085178526,0.026588926808864256,0.03318522870540619,0.30110863144025185,18.752254268374692,0.6223165988922119,500000.0,continuous_37,37,continuous_naca,direct OpenFOAM-coefficient surrogate,0.018959590784099443,-0.9339547753334045,98910.8203125,fno,surrogate estimate; validate top designs with OpenFOAM,18.752254268374692,0.3901093369221785,0.0,2412,0.12253157870052382
4.71907443361706,0.025885064105158825,0.03338717669248581,0.2965232995301778,18.753291503861803,0.6261382102966309,500000.0,continuous_38,38,continuous_naca,direct OpenFOAM-coefficient surrogate,0.018919482509110862,-0.9414211511611938,98910.09375,fno,surrogate estimate; validate top designs with OpenFOAM,18.753291503861803,0.39064758729597127,0.0,2412,0.12169821593840605
4.819504632908501,0.025983709206018495,0.033984310925006866,0.2932905010590263,18.75352623263012,0.6373444199562073,500000.0,continuous_39,39,continuous_naca,direct OpenFOAM-coefficient surrogate,0.018888994157037868,-0.9628415703773499,98907.984375,fno,surrogate estimate; validate top designs with OpenFOAM,18.75352623263012,0.39170954393834156,0.0,2412,0.12110713073133955
4.7270643360927345,0.026409468591096486,0.03417438268661499,0.3132382480092086,18.762725125983582,0.6412233114242554,500000.0,continuous_40,40,continuous_naca,direct OpenFOAM-coefficient surrogate,0.019603667388037187,-0.9786484241485596,98907.6015625,fno,surrogate estimate; validate top designs with OpenFOAM,18.762725125983582,0.3797468713462884,0.0,2412,0.12112103350897084
4.783937687801517,0.024963017366645242,0.03510446101427078,0.3121929272593993,18.35790800769761,0.6444628238677979,500000.0,continuous_41,41,continuous_naca,direct OpenFOAM-coefficient surrogate,0.020158577277772628,-1.0000512599945068,98905.703125,fno,surrogate estimate; validate top designs with OpenFOAM,18.35790800769761,0.3711939197094045,0.0,2412,0.12034450554757489
4.733374631092736,0.025588589638871593,0.03437955304980278,0.3052312277186683,18.763340895694803,0.6450940370559692,500000.0,continuous_42,42,continuous_naca,direct OpenFOAM-coefficient surrogate,0.019465241644804385,-0.9864703416824341,98906.8828125,fno,surrogate estimate; validate top designs with OpenFOAM,18.763340895694803,0.3751035298339418,0.0,2412,0.12101500737157767
4.7765487780652585,0.025840130310371977,0.034978896379470825,0.3153174622163567,18.763045672486058,0.6563293933868408,500000.0,continuous_43,43,continuous_naca,direct OpenFOAM-coefficient surrogate,0.019719826785267347,-1.0090889930725098,98904.8046875,fno,surrogate estimate; validate top designs with OpenFOAM,18.763045672486058,0.36553211081573034,0.0,2412,0.12040896694948605
4.768566156019005,0.023886972628844157,0.03482966870069504,0.2994060198120559,18.358933991162154,0.6394539475440979,500000.0,continuous_44,44,continuous_naca,direct OpenFOAM-coefficient surrogate,0.019714547654935882,-0.9899808168411255,98906.6875,fno,surrogate estimate; validate top designs with OpenFOAM,18.358933991162154,0.3717376572380097,0.0,2412,0.11995223122234162
4.681402602888646,0.02685362687001324,0.033387161791324615,0.30260273458668185,18.753398059631614,0.6261414885520935,500000.0,continuous_45,45,continuous_naca,direct OpenFOAM-coefficient surrogate,0.01914833000180855,-0.9414264559745789,98910.09375,fno,surrogate estimate; validate top designs with OpenFOAM,18.753398059631614,0.38551641700113626,0.0,2412,0.12188674183097828
4.918788219190219,0.027218714145022267,0.03497768193483353,0.3050438776731062,18.76261846771104,0.656291663646698,500000.0,continuous_46,46,continuous_naca,direct OpenFOAM-coefficient surrogate,0.01916274290765279,-1.0089993476867676,98904.8125,fno,surrogate estimate; validate top designs with OpenFOAM,18.76261846771104,0.38890413785804934,0.0,2412,0.12084050848759037
4.91796330675345,0.02661400470815452,0.03521006926894188,0.3025192273876629,18.766466276039306,0.6607873439788818,500000.0,continuous_47,47,continuous_naca,direct OpenFOAM-coefficient surrogate,0.019411993046957565,-1.0179476737976074,98903.84375,fno,surrogate estimate; validate top designs with OpenFOAM,18.766466276039306,0.3822156244871743,0.0,2412,0.12015509821876094
5.036243658685851,0.02773079258382409,0.036137472838163376,0.3062422380755109,18.175960932604003,0.6568514704704285,500000.0,continuous_48,48,continuous_naca,direct OpenFOAM-coefficient surrogate,0.019543824569532076,-1.0558819770812988,98898.703125,fno,surrogate estimate; validate top designs with OpenFOAM,18.175960932604003,0.38056522823019323,0.0,2412,0.11928927641265225
4.829090613656069,0.027130870951752328,0.03523603454232216,0.3243221037154767,18.766014396459706,0.6612586975097656,500000.0,continuous_49,49,continuous_naca,direct OpenFOAM-coefficient surrogate,0.0199328283366881,-1.018923282623291,98903.734375,fno,surrogate estimate; validate top designs with OpenFOAM,18.766014396459706,0.3712755378243854,0.0,2412,0.12045869306211035
4.684958224607275,0.026888938828008337,0.0345994234085083,0.2827469719007204,18.103969228671676,0.6264050006866455,500000.0,continuous_50,50,continuous_naca,direct OpenFOAM-coefficient surrogate,0.020044122300590828,-1.0009510517120361,98905.8125,fno,surrogate estimate; validate top designs with OpenFOAM,18.103969228671676,0.3652666438878456,0.0,2412,0.12053440759311954
4.860330720544483,0.02689528024825466,0.034848399460315704,0.3078744239280885,18.76451202866039,0.6539319753646851,500000.0,continuous_51,51,continuous_naca,direct OpenFOAM-coefficient surrogate,0.019383087755887297,-1.0042455196380615,98905.2421875,fno,surrogate estimate; validate top designs with OpenFOAM,18.76451202866039,0.3829947643654984,0.0,2412,0.12076398326397267
4.943315299930635,0.02792748254427408,0.035515472292900085,0.318538247346495,18.608924792071228,0.6609233617782593,500000.0,continuous_52,52,continuous_naca,direct OpenFOAM-coefficient surrogate,0.019492908004131487,-1.0514264106750488,98900.109375,fno,surrogate estimate; validate top designs with OpenFOAM,18.608924792071228,0.3760478569092116,0.0,2412,0.12007535744923999
4.78112707705221,0.025732582112432546,0.034492623060941696,0.3057019190506537,18.76570987067602,0.6472973227500916,500000.0,continuous_53,53,continuous_naca,direct OpenFOAM-coefficient surrogate,0.019575977542060762,-0.9908532500267029,98906.4765625,fno,surrogate estimate; validate top designs with OpenFOAM,18.76570987067602,0.3788221177370192,0.0,2412,0.12085961449403812
4.960881227910369,0.027395788705296138,0.035525210201740265,0.31375880041921395,18.763738521643013,0.6666045188903809,500000.0,continuous_54,54,continuous_naca,direct OpenFOAM-coefficient surrogate,0.019686701695992473,-1.0296944379806519,98902.421875,fno,surrogate estimate; validate top designs with OpenFOAM,18.763738521643013,0.3825504923730969,0.0,2412,0.12010368714786335
4.90400457870596,0.027113623327476903,0.0352587066590786,0.31184834003833084,18.766149424711227,0.6616889238357544,500000.0,continuous_55,55,continuous_naca,direct OpenFOAM-coefficient surrogate,0.01963133668319545,-1.0197222232818604,98903.625,fno,surrogate estimate; validate top designs with OpenFOAM,18.766149424711227,0.3806887517383082,0.0,2412,0.12033151720379193
4.855762067539362,0.0254182515222125,0.035300079733133316,0.3089060971409339,18.601554369462324,0.656654953956604,500000.0,continuous_56,56,continuous_naca,direct OpenFOAM-coefficient surrogate,0.019892980048563644,-1.0335205793380737,98902.8671875,fno,surrogate estimate; validate top designs with OpenFOAM,18.601554369462324,0.37350625152794514,0.0,2412,0.12013847822537801
4.859188557293203,0.02685680200343823,0.03496390953660011,0.3088352460937146,18.761887727245536,0.656007707118988,500000.0,continuous_57,57,continuous_naca,direct OpenFOAM-coefficient surrogate,0.019510560829056382,-1.008475661277771,98904.859375,fno,surrogate estimate; validate top designs with OpenFOAM,18.761887727245536,0.3806226361561101,0.0,2412,0.120607607004324
4.910983942729705,0.027136435867764035,0.03518497198820114,0.31114074222289845,18.764636522785572,0.6602519750595093,500000.0,continuous_58,58,continuous_naca,direct OpenFOAM-coefficient surrogate,0.019521664865076508,-1.016984462738037,98903.9609375,fno,surrogate estimate; validate top designs with OpenFOAM,18.764636522785572,0.38145218811274123,0.0,2412,0.12024330771127643
4.873526960204759,0.02624208722914548,0.03527447208762169,0.31355795202978437,18.765624528103224,0.6619662642478943,500000.0,continuous_59,59,continuous_naca,direct OpenFOAM-coefficient surrogate,0.019672410691822833,-1.0202877521514893,98903.5625,fno,surrogate estimate; validate top designs with OpenFOAM,18.765624528103224,0.37674558115577983,0.0,2412,0.12030689564043565
4.84954519190283,0.02679749653785389,0.03489947319030762,0.308234013667613,18.763629343241796,0.6548595428466797,500000.0,continuous_60,60,continuous_naca,direct OpenFOAM-coefficient surrogate,0.019493985294509165,-1.0061826705932617,98905.0625,fno,surrogate estimate; validate top designs with OpenFOAM,18.763629343241796,0.3805188711120967,0.0,2412,0.12050735635639953
4.889147013648966,0.02699901343717237,0.03503088653087616,0.30956140799547643,18.762872012334885,0.6572988033294678,500000.0,continuous_61,61,continuous_naca,direct OpenFOAM-coefficient surrogate,0.01939754040142243,-1.0110669136047363,98904.6171875,fno,surrogate estimate; validate top designs with OpenFOAM,18.762872012334885,0.38260519442633634,0.0,2412,0.1204595407413668
4.886862687146406,0.027049875172684718,0.03515789657831192,0.3108352923618314,18.763271533821086,0.6596959233283997,500000.0,continuous_62,62,continuous_naca,direct OpenFOAM-coefficient surrogate,0.019652486547760608,-1.015916347503662,98904.09375,fno,surrogate estimate; validate top designs with OpenFOAM,18.763271533821086,0.3778609380075596,0.0,2412,0.12014678822206948
4.887433768772047,0.02704028654393428,0.03514906018972397,0.3107656333511011,18.764050979806036,0.6595575213432312,500000.0,continuous_63,63,continuous_naca,direct OpenFOAM-coefficient surrogate,0.019588750011176062,-1.015625,98904.1328125,fno,surrogate estimate; validate top designs with OpenFOAM,18.764050979806036,0.3790470021122538,0.0,2412,0.12022497635189382
4.945408797327151,0.027391791923556112,0.03551496937870979,0.3136870618979313,18.76346638486093,0.6664026975631714,500000.0,continuous_64,64,continuous_naca,direct OpenFOAM-coefficient surrogate,0.01960342401300732,-1.0293089151382446,98902.46875,fno,surrogate estimate; validate top designs with OpenFOAM,18.76346638486093,0.37921132682187786,0.0,2412,0.1199577826047839
4.8735110932589105,0.026941911059485023,0.03505246341228485,0.30977913866999796,18.763982097110205,0.6577425599098206,500000.0,continuous_65,65,continuous_naca,direct OpenFOAM-coefficient surrogate,0.019521344974133704,-1.0119237899780273,98904.5390625,fno,surrogate estimate; validate top designs with OpenFOAM,18.763982097110205,0.380191985039542,0.0,2412,0.12036996291849562
4.9214428959710705,0.02725291488248868,0.03536064177751541,0.3128946173275147,18.76591574663527,0.663593590259552,500000.0,continuous_66,66,continuous_naca,direct OpenFOAM-coefficient surrogate,0.01957606433338278,-1.0235120058059692,98903.1640625,fno,surrogate estimate; validate top designs with OpenFOAM,18.76591574663527,0.37953821289443257,0.0,2412,0.12009517604268781
4.924524784057445,0.027237357095224114,0.035268016159534454,0.3119665149617865,18.765664330492534,0.6618465185165405,500000.0,continuous_67,67,continuous_naca,direct OpenFOAM-coefficient surrogate,0.019502316457443783,-1.0200395584106445,98903.5859375,fno,surrogate estimate; validate top designs with OpenFOAM,18.765664330492534,0.3809288012128102,0.0,2412,0.12017526245468658
4.907745030763658,0.027194289645025304,0.03527242690324783,0.31201312709605467,18.76557365783953,0.6619260907173157,500000.0,continuous_68,68,continuous_naca,direct OpenFOAM-coefficient surrogate,0.019559727399726976,-1.0202068090438843,98903.5703125,fno,surrogate estimate; validate top designs with OpenFOAM,18.76557365783953,0.37826192176235723,0.0,2412,0.12012290846700903
4.9085547587551694,0.02718424904026503,0.035276010632514954,0.3120476551261163,18.765551219526497,0.6619925498962402,500000.0,continuous_69,69,continuous_naca,direct OpenFOAM-coefficient surrogate,0.019550211766064363,-1.0203267335891724,98903.5546875,fno,surrogate estimate; validate top designs with OpenFOAM,18.765551219526497,0.3790594883499532,0.0,2412,0.12015300827807587
4.91970310136226,0.027280647125963037,0.03533497080206871,0.30774814106919857,18.765710371115482,0.6631045937538147,500000.0,continuous_70,70,continuous_naca,direct OpenFOAM-coefficient surrogate,0.019494028690170175,-1.0225791931152344,98903.28125,fno,surrogate estimate; validate top designs with OpenFOAM,18.765710371115482,0.3808769186908034,0.0,2412,0.12012513713072437
4.921244045405447,0.027262121038003014,0.03523864597082138,0.3067941480723018,18.76588553478462,0.6613031625747681,500000.0,continuous_71,71,continuous_naca,direct OpenFOAM-coefficient surrogate,0.019457154752200674,-1.0189934968948364,98903.71875,fno,surrogate estimate; validate top designs with OpenFOAM,18.76588553478462,0.3815722128499922,0.0,2412,0.12016518033672377
4.895745133479105,0.02709500506622356,0.035190992057323456,0.3112197995822839,18.76590132935014,0.6604094505310059,500000.0,continuous_72,72,continuous_naca,direct OpenFOAM-coefficient surrogate,0.0195422018693902,-1.0172662734985352,98903.9296875,fno,surrogate estimate; validate top designs with OpenFOAM,18.76590132935014,0.37948060282147705,0.0,2412,0.1202309969295983
4.914473624741577,0.027212236589342284,0.03519613295793533,0.30638397208861107,18.76616794809735,0.660515308380127,500000.0,continuous_73,73,continuous_naca,direct OpenFOAM-coefficient surrogate,0.019466828956017035,-1.0174659490585327,98903.90625,fno,surrogate estimate; validate top designs with OpenFOAM,18.76616794809735,0.3818339062999577,0.0,2412,0.12019920296501868
4.90500995382753,0.02715799914933572,0.03513484448194504,0.3057602652709763,18.76470447963463,0.6593137383460999,500000.0,continuous_74,74,continuous_naca,direct OpenFOAM-coefficient surrogate,0.019445060622112563,-1.0151089429855347,98904.1875,fno,surrogate estimate; validate top designs with OpenFOAM,18.76470447963463,0.38167425453849724,0.0,2412,0.12025010209432646
4.916029814478577,0.027234336741443026,0.03520981967449188,0.306509699417686,18.766423252978722,0.6607811450958252,500000.0,continuous_75,75,continuous_naca,direct OpenFOAM-coefficient surrogate,0.01948178667315577,-1.0179356336593628,98903.84375,fno,surrogate estimate; validate top designs with OpenFOAM,18.766423252978722,0.3810762526527269,0.0,2412,0.12015637837162489
4.900861894320907,0.02710635480757431,0.03521455079317093,0.31147101394725213,18.76658982712509,0.6608757972717285,500000.0,continuous_76,76,continuous_naca,direct OpenFOAM-coefficient surrogate,0.019494250520559607,-1.0181636810302734,98903.8203125,fno,surrogate estimate; validate top designs with OpenFOAM,18.76658982712509,0.38073098028067576,0.0,2412,0.12020565790577761
4.890670818778636,0.02704646005766655,0.03515736013650894,0.3108595778113135,18.76331539078718,0.6596873998641968,500000.0,continuous_77,77,continuous_naca,direct OpenFOAM-coefficient surrogate,0.019512798404739073,-1.015899896621704,98904.09375,fno,surrogate estimate; validate top designs with OpenFOAM,18.76331539078718,0.3803103639960175,0.0,2412,0.12022589669030453
4.928919186668152,0.027321782655348768,0.03527650982141495,0.2998893627044128,18.765552636264914,0.6620019674301147,500000.0,continuous_78,78,continuous_naca,direct OpenFOAM-coefficient surrogate,0.01938522772895479,-1.0203412771224976,98903.546875,fno,surrogate estimate; validate top designs with OpenFOAM,18.765552636264914,0.3834477790387902,0.0,2412,0.12012717180099278
4.904038646776367,0.02713286862966806,0.03523745387792587,0.31168782576172555,18.765952039353394,0.6612831354141235,500000.0,continuous_79,79,continuous_naca,direct OpenFOAM-coefficient surrogate,0.019502958334281346,-1.018959641456604,98903.71875,fno,surrogate estimate; validate top designs with OpenFOAM,18.765952039353394,0.38047239687580536,0.0,2412,0.12020504064744691
4.92062567337089,0.027242733315571026,0.03522808477282524,0.30671462644103725,18.76613776617117,0.6611138582229614,500000.0,continuous_80,80,continuous_naca,direct OpenFOAM-coefficient surrogate,0.019424471264063645,-1.01864755153656,98903.7578125,fno,surrogate estimate; validate top designs with OpenFOAM,18.76613776617117,0.38245598498446187,0.0,2412,0.12015312808314416
4.916478916722259,0.027224158552067144,0.035206183791160583,0.30648135108509744,18.766228141465,0.6607060432434082,500000.0,continuous_81,81,continuous_naca,direct OpenFOAM-coefficient surrogate,0.01944409303161807,-1.0178003311157227,98903.8671875,fno,surrogate estimate; validate top designs with OpenFOAM,18.766228141465,0.3819600879572977,0.0,2412,0.12016610622421983
4.0,0.01894612996796242,0.03327270224690437,0.17188949346682209,19.18925601608037,0.6384975910186768,500000.0,continuous_1,1,continuous_naca,direct OpenFOAM-coefficient surrogate,0.04,-0.9037311673164368,98888.78125,fno,surrogate estimate; validate top designs with OpenFOAM,19.18925601608037,0.4,0.0,4415,0.15
4.0,0.02102184722229825,0.033603787422180176,0.16240637546147796,19.29541464310548,0.6484183073043823,500000.0,continuous_2,2,continuous_naca,direct OpenFOAM-coefficient surrogate,0.042,-0.9474004507064819,98879.8984375,fno,surrogate estimate; validate top designs with OpenFOAM,19.29541464310548,0.4,0.0,4415,0.15
4.0,0.024035351498701875,0.0328226238489151,0.18068654937017006,19.213088471163548,0.6306431889533997,500000.0,continuous_3,3,continuous_naca,direct OpenFOAM-coefficient surrogate,0.04,-0.8799198865890503,98892.7421875,fno,surrogate estimate; validate top designs with OpenFOAM,19.213088471163548,0.42000000000000004,0.0,4415,0.15
4.0,0.021182334737963583,0.03430040180683136,0.1690423068240007,19.79140348674183,0.6788728833198547,500000.0,continuous_4,4,continuous_naca,direct OpenFOAM-coefficient surrogate,0.04,-0.9676182866096497,98882.3046875,fno,surrogate estimate; validate top designs with OpenFOAM,19.79140348674183,0.4,0.0,4415,0.1575
4.2,0.019181437373983232,0.03421540558338165,0.18221000252186445,19.305749743186578,0.6605733633041382,500000.0,continuous_5,5,continuous_naca,direct OpenFOAM-coefficient surrogate,0.04,-0.9262831211090088,98884.4140625,fno,surrogate estimate; validate top designs with OpenFOAM,19.305749743186578,0.4,0.0,4415,0.15
4.1,0.02710552386572735,0.03381756693124771,0.17097121531731568,19.401201655547638,0.6561208367347717,500000.0,continuous_6,6,continuous_naca,direct OpenFOAM-coefficient surrogate,0.041,-0.9334040284156799,98881.6484375,fno,surrogate estimate; validate top designs with OpenFOAM,19.401201655547638,0.41000000000000003,0.0,4415,0.15375000000000003
4.15,0.02287590605818669,0.03517628833651543,0.16231073728645076,19.73209680524199,0.6941216588020325,500000.0,continuous_7,7,continuous_naca,direct OpenFOAM-coefficient surrogate,0.0415,-0.9943152070045471,98872.8359375,fno,surrogate estimate; validate top designs with OpenFOAM,19.73209680524199,0.3849999999999999,0.0,4415,0.15562500000000004
4.225,0.024814056774835853,0.03518689423799515,0.19747397070447756,19.945925672506196,0.7018551230430603,500000.0,continuous_8,8,continuous_naca,direct OpenFOAM-coefficient surrogate,0.03925,-0.9816678166389465,98878.0703125,fno,surrogate estimate; validate top designs with OpenFOAM,19.945925672506196,0.39749999999999985,0.0,4415,0.15843750000000004
4.337499999999999,0.02411394998751971,0.036108680069446564,0.17685556401425265,20.428876560062832,0.737680196762085,500000.0,continuous_9,9,continuous_naca,direct OpenFOAM-coefficient surrogate,0.037875000000000006,-1.0618770122528076,98870.0703125,fno,surrogate estimate; validate top designs with OpenFOAM,20.428876560062832,0.39624999999999977,0.0,4415,0.16265625000000006
4.093749999999999,0.02066827178041949,0.035151850432157516,0.21719352774992506,20.079300314324186,0.7058446407318115,500000.0,continuous_10,10,continuous_naca,direct OpenFOAM-coefficient surrogate,0.04018750000000001,-1.0222437381744385,98876.3671875,fno,surrogate estimate; validate top designs with OpenFOAM,20.079300314324186,0.3956249999999998,0.0,4415,0.16476562500000005
4.190624999999999,0.026625412739064516,0.03610023111104965,0.21369004183065535,20.292939335901163,0.7326000928878784,500000.0,continuous_11,11,continuous_naca,direct OpenFOAM-coefficient surrogate,0.03878125000000001,-1.0624672174453735,98871.28125,fno,surrogate estimate; validate top designs with OpenFOAM,20.292939335901163,0.37843749999999965,0.0,4415,0.1665234375
4.1609374999999975,0.015980793171210605,0.03483301401138306,0.1076168044560732,19.931111704863284,0.6942806243896484,500000.0,continuous_12,12,continuous_naca,direct OpenFOAM-coefficient surrogate,0.036921875000000014,-1.0316781997680664,98875.3046875,fno,surrogate estimate; validate top designs with OpenFOAM,19.931111704863284,0.40015624999999966,0.0,4415,0.17009765624999998
4.391406249999996,0.025331522327533287,0.036086708307266235,0.21579561498303004,19.77103104818368,0.7134912014007568,500000.0,continuous_13,13,continuous_naca,direct OpenFOAM-coefficient surrogate,0.03688281250000002,-1.0387486219406128,98867.3515625,fno,surrogate estimate; validate top designs with OpenFOAM,19.77103104818368,0.38523437499999946,0.0,4415,0.174521484375
4.097851562499999,0.020001643834461444,0.034939393401145935,0.16051256858963325,19.963305268535503,0.6975257396697998,500000.0,continuous_14,14,continuous_naca,direct OpenFOAM-coefficient surrogate,0.039220703125000006,-1.0095489025115967,98877.1875,fno,surrogate estimate; validate top designs with OpenFOAM,19.963305268535503,0.3963085937499999,0.0,4415,0.16175537109375
4.198925781249999,0.022571793333933964,0.035545364022254944,0.17066903447078186,19.840681624993938,0.7052640914916992,500000.0,continuous_15,15,continuous_naca,direct OpenFOAM-coefficient surrogate,0.0411103515625,-1.000610589981079,98872.2578125,fno,surrogate estimate; validate top designs with OpenFOAM,19.840681624993938,0.3831542968749999,0.0,4415,0.15775268554687502
4.170434570312498,0.01881533367054609,0.03523469716310501,0.13471244889340014,20.10225365796019,0.7083169221878052,500000.0,continuous_16,16,continuous_naca,direct OpenFOAM-coefficient surrogate,0.03796899414062501,-1.0455262660980225,98874.9375,fno,surrogate estimate; validate top designs with OpenFOAM,20.10225365796019,0.3959057617187497,0.0,4415,0.16701141357421873
4.298303222656248,0.023742633266317283,0.03647182881832123,0.20787612919168788,20.520035857294474,0.7484237551689148,500000.0,continuous_17,17,continuous_naca,direct OpenFOAM-coefficient surrogate,0.038185668945312515,-1.0927091836929321,98866.2421875,fno,surrogate estimate; validate top designs with OpenFOAM,20.520035857294474,0.3868005371093746,0.0,4415,0.16872299194335943
4.3985290527343714,0.024450460709448483,0.03660629689693451,0.2527195889062061,20.280427029468132,0.7424116134643555,500000.0,continuous_18,18,continuous_naca,direct OpenFOAM-coefficient surrogate,0.03766815185546876,-1.0720394849777222,98867.484375,fno,surrogate estimate; validate top designs with OpenFOAM,20.280427029468132,0.382046508789062,0.0,4415,0.17220680236816416
4.404681396484372,0.02039294270442191,0.03630900755524635,0.14768520785900874,20.320662097269945,0.73784339427948,500000.0,continuous_19,19,continuous_naca,direct OpenFOAM-coefficient surrogate,0.03621795654296877,-1.0715075731277466,98869.453125,fno,surrogate estimate; validate top designs with OpenFOAM,20.320662097269945,0.38307189941406217,0.0,4415,0.1676914215087891
4.445120239257811,0.023560027673231246,0.037201475352048874,0.19007898306687573,20.50633773643303,0.7628865242004395,500000.0,continuous_20,20,continuous_naca,direct OpenFOAM-coefficient surrogate,0.03756094360351565,-1.0866035223007202,98866.078125,fno,surrogate estimate; validate top designs with OpenFOAM,20.50633773643303,0.3763742065429684,0.0,4415,0.16578563690185555
4.552177429199215,0.02404777786939558,0.036662474274635315,0.16607611140509773,20.215030213778874,0.7411532402038574,500000.0,continuous_21,21,continuous_naca,direct OpenFOAM-coefficient surrogate,0.03613853454589846,-1.05337655544281,98869.125,fno,surrogate estimate; validate top designs with OpenFOAM,20.215030213778874,0.3928108215332028,0.0,4415,0.16590471267700205
4.2810131072998026,0.018987304912050737,0.03621277958154678,0.1684833515476411,20.21769465065479,0.7321591377258301,500000.0,continuous_22,22,continuous_naca,direct OpenFOAM-coefficient surrogate,0.03812057113647462,-1.0650920867919922,98871.0234375,fno,surrogate estimate; validate top designs with OpenFOAM,20.21769465065479,0.38203083038330043,0.0,4415,0.16636875629425052
4.3717117309570295,0.017235084836232855,0.03657352179288864,0.16714618336236786,20.25215490943964,0.7407128810882568,500000.0,continuous_23,23,continuous_naca,direct OpenFOAM-coefficient surrogate,0.037873306274414084,-1.0719645023345947,98869.578125,fno,surrogate estimate; validate top designs with OpenFOAM,20.25215490943964,0.38158737182617153,0.0,4415,0.1672543144226075
4.317901611328123,0.019867519530853563,0.036074332892894745,0.15824362815355864,20.199180867471497,0.7286921739578247,500000.0,continuous_24,24,continuous_naca,direct OpenFOAM-coefficient surrogate,0.03803033447265626,-1.053865909576416,98872.25,fno,surrogate estimate; validate top designs with OpenFOAM,20.199180867471497,0.39152526855468717,0.0,4415,0.16568962097167975
4.351492309570309,0.017155989752629972,0.03609084337949753,0.1347284094180398,20.102870076275746,0.7255496382713318,500000.0,continuous_25,25,continuous_naca,direct OpenFOAM-coefficient surrogate,0.03720181274414064,-1.0563782453536987,98870.3046875,fno,surrogate estimate; validate top designs with OpenFOAM,20.102870076275746,0.3849362182617184,0.0,4415,0.16820720672607425
4.244464111328123,0.027329230213854125,0.03616522625088692,0.2119434537446904,20.297606383620682,0.7340878248214722,500000.0,continuous_26,26,continuous_naca,direct OpenFOAM-coefficient surrogate,0.03848345947265626,-1.070314884185791,98870.2421875,fno,surrogate estimate; validate top designs with OpenFOAM,20.297606383620682,0.38261901855468716,0.0,4415,0.16762321472167974
4.264698028564453,0.02229622227944265,0.036395732313394547,0.23950361200939188,20.472879557502385,0.7451459169387817,500000.0,continuous_27,27,continuous_naca,direct OpenFOAM-coefficient surrogate,0.03908457183837892,-1.0733267068862915,98870.15625,fno,surrogate estimate; validate top designs with OpenFOAM,20.472879557502385,0.38632987976074173,0.0,4415,0.16643786430358892
4.271686935424805,0.027193025577882956,0.03641905263066292,0.2694411831777773,20.320753709579545,0.7400829195976257,500000.0,continuous_28,28,continuous_naca,direct OpenFOAM-coefficient surrogate,0.03878316879272463,-1.0752629041671753,98867.546875,fno,surrogate estimate; validate top designs with OpenFOAM,20.320753709579545,0.37714313507080033,0.0,4415,0.16932957172393806
4.167864418029785,0.027976657749264684,0.03587157651782036,0.2766254190578393,20.246102323140416,0.7262798547744751,500000.0,continuous_29,29,continuous_naca,direct OpenFOAM-coefficient surrogate,0.03939512825012208,-1.0629491806030273,98871.671875,fno,surrogate estimate; validate top designs with OpenFOAM,20.246102323140416,0.38485891342163037,0.0,4415,0.16880250692367557
4.320749902725218,0.025183064310206813,0.036472368985414505,0.19309520257928212,20.32480665663757,0.741314172744751,500000.0,continuous_30,30,continuous_naca,direct OpenFOAM-coefficient surrogate,0.03825376176834108,-1.0762916803359985,98869.03125,fno,surrogate estimate; validate top designs with OpenFOAM,20.32480665663757,0.38240525722503627,0.0,4415,0.1676413625478745
4.33325493335724,0.025558276788318235,0.03647111728787422,0.23315524072735924,20.32558263389232,0.7413170337677002,500000.0,continuous_31,31,continuous_naca,direct OpenFOAM-coefficient surrogate,0.03867012619972231,-1.076255202293396,98867.3359375,fno,surrogate estimate; validate top designs with OpenFOAM,20.32558263389232,0.3837203860282893,0.0,4415,0.16844268053770073
4.336816108226774,0.019704879399301156,0.036189015954732895,0.15629120042042485,20.212919268509637,0.7315058708190918,500000.0,continuous_32,32,continuous_naca,direct OpenFOAM-coefficient surrogate,0.03831389558315278,-1.0560261011123657,98871.65625,fno,surrogate estimate; validate top designs with OpenFOAM,20.212919268509637,0.39248489499092054,0.0,4415,0.16629287794232375
4.287969228625297,0.0254803159058383,0.03640938922762871,0.2323917407066453,20.320720154201485,0.7398853302001953,500000.0,continuous_33,33,continuous_naca,direct OpenFOAM-coefficient surrogate,0.038665850490331666,-1.0751008987426758,98867.578125,fno,surrogate estimate; validate top designs with OpenFOAM,20.320720154201485,0.3809785750508304,0.0,4415,0.16857039827853448
4.2815006256103505,0.025281099874031633,0.0364963635802269,0.21198533972955644,20.494481484331835,0.7479945421218872,500000.0,continuous_34,34,continuous_naca,direct OpenFOAM-coefficient surrogate,0.03863512039184572,-1.091500997543335,98868.21875,fno,surrogate estimate; validate top designs with OpenFOAM,20.494481484331835,0.38656520843505815,0.0,4415,0.16758042812347418
4.315779078006743,0.022842911287535853,0.03636033833026886,0.2078098745031926,20.320590134703544,0.7388838529586792,500000.0,continuous_35,35,continuous_naca,direct OpenFOAM-coefficient surrogate,0.03842789757251741,-1.0742024183273315,98867.765625,fno,surrogate estimate; validate top designs with OpenFOAM,20.320590134703544,0.385260461568832,0.0,4415,0.16858283624053008
4.309526562690733,0.026883222812341876,0.036278463900089264,0.20550002377988874,20.30853902551254,0.7367829084396362,500000.0,continuous_36,36,continuous_naca,direct OpenFOAM-coefficient surrogate,0.0382197153568268,-1.0724897384643555,98869.8046875,fno,surrogate estimate; validate top designs with OpenFOAM,20.30853902551254,0.3846028971672054,0.0,4415,0.16818217724561696
4.2849950790405265,0.024849053618018917,0.03636857494711876,0.22703516745324293,20.321778223784893,0.7390944361686707,500000.0,continuous_37,37,continuous_naca,direct OpenFOAM-coefficient surrogate,0.03848441886901857,-1.074379801750183,98867.7265625,fno,surrogate estimate; validate top designs with OpenFOAM,20.321778223784893,0.38197183609008745,0.0,4415,0.16902628183364876
4.280762439966201,0.025508497735959236,0.03622972220182419,0.2279227533764161,20.31195813476337,0.7359169125556946,500000.0,continuous_38,38,continuous_naca,direct OpenFOAM-coefficient surrogate,0.0386468375325203,-1.071710228919983,98868.2734375,fno,surrogate estimate; validate top designs with OpenFOAM,20.31195813476337,0.38569612443447066,0.0,4415,0.16877409182488923
4.287953470647334,0.02474640735084124,0.03624862805008888,0.21899483543118545,20.313987674470212,0.7363744974136353,500000.0,continuous_39,39,continuous_naca,direct OpenFOAM-coefficient surrogate,0.03854005698859693,-1.072092056274414,98868.1953125,fno,surrogate estimate; validate top designs with OpenFOAM,20.313987674470212,0.38542281761765435,0.0,4415,0.16862611318007117
4.3023355320096,0.025986678352351127,0.03650672733783722,0.21217882216867945,20.524510188449483,0.7493032217025757,500000.0,continuous_40,40,continuous_naca,direct OpenFOAM-coefficient surrogate,0.03832649590075017,-1.0934098958969116,98866.1015625,fno,surrogate estimate; validate top designs with OpenFOAM,20.524510188449483,0.3848762039840217,0.0,4415,0.168330155890435
4.309526562690733,0.026883222812341876,0.036278463900089264,0.20550002377988874,20.30853902551254,0.7367829084396362,500000.0,continuous_41,41,continuous_naca,direct OpenFOAM-coefficient surrogate,0.03821971535682679,-1.0724897384643555,98869.8046875,fno,surrogate estimate; validate top designs with OpenFOAM,20.30853902551254,0.3846028971672054,0.0,4415,0.16818217724561696
4.267788151651619,0.02589930085829746,0.036365408450365067,0.21142433889234988,20.51350974405322,0.7460026741027832,500000.0,continuous_42,42,continuous_naca,direct OpenFOAM-coefficient surrogate,0.03838795448094608,-1.0906726121902466,98866.6484375,fno,surrogate estimate; validate top designs with OpenFOAM,20.51350974405322,0.38484643124043894,0.0,4415,0.16824709265492863
4.289968686923381,0.017588335547909357,0.03598647564649582,0.15443398519911467,20.19180983220165,0.7266522645950317,500000.0,continuous_43,43,continuous_naca,direct OpenFOAM-coefficient surrogate,0.03828320099040866,-1.0607236623764038,98871.9296875,fno,surrogate estimate; validate top designs with OpenFOAM,20.19180983220165,0.3895723542943592,0.0,4415,0.1674140524724499
4.286238481011241,0.027079925378293766,0.036450598388910294,0.22676553490941492,20.51890919130586,0.7479470372200012,500000.0,continuous_44,44,continuous_naca,direct OpenFOAM-coefficient surrogate,0.038434114399366094,-1.0922784805297852,98866.328125,fno,surrogate estimate; validate top designs with OpenFOAM,20.51890919130586,0.3838719656411554,0.0,4415,0.16862322449334904
4.295832068054002,0.0264636997589332,0.03644062951207161,0.22143183235509112,20.517821156780965,0.7477028369903564,500000.0,continuous_45,45,continuous_naca,direct OpenFOAM-coefficient surrogate,0.0380319964713417,-1.0920860767364502,98866.3671875,fno,surrogate estimate; validate top designs with OpenFOAM,20.517821156780965,0.3836323605524372,0.0,4415,0.16938130436756194
4.323566500213927,0.0265863809780901,0.03656762093305588,0.2228198379611676,20.53010682625289,0.7507576942443848,500000.0,continuous_46,46,continuous_naca,direct OpenFOAM-coefficient surrogate,0.03810118337743916,-1.094569444656372,98865.8671875,fno,surrogate estimate; validate top designs with OpenFOAM,20.53010682625289,0.38474410240305557,0.0,4415,0.16928174569242413
4.351455674495082,0.023086332752811595,0.03645802289247513,0.20953077376661153,20.325542214835544,0.7410494089126587,500000.0,continuous_47,47,continuous_naca,direct OpenFOAM-coefficient surrogate,0.0379577978256857,-1.0760101079940796,98867.3828125,fno,surrogate estimate; validate top designs with OpenFOAM,20.325542214835544,0.38469293798436377,0.0,4415,0.1697990722111719
4.309389799891505,0.02601472441960561,0.03655756637454033,0.21363227130006307,20.5297239661642,0.7505372762680054,500000.0,continuous_48,48,continuous_naca,direct OpenFOAM-coefficient surrogate,0.03849173484009227,-1.094396948814392,98865.8984375,fno,surrogate estimate; validate top designs with OpenFOAM,20.5297239661642,0.38651404401636635,0.0,4415,0.16809775464222187
4.330559046374399,0.023507648132567657,0.03660406917333603,0.20167624281272542,20.533016367104707,0.7516124844551086,500000.0,continuous_49,49,continuous_naca,direct OpenFOAM-coefficient surrogate,0.03811842713243096,-1.095262885093689,98865.7265625,fno,surrogate estimate; validate top designs with OpenFOAM,20.533016367104707,0.3875954781152537,0.0,4415,0.16859309959087115
4.352719329055978,0.02505716592555511,0.0362950824201107,0.19129165489551067,20.308784901442884,0.7371293306350708,500000.0,continuous_50,50,continuous_naca,direct OpenFOAM-coefficient surrogate,0.03796058349896339,-1.0728055238723755,98869.7421875,fno,surrogate estimate; validate top designs with OpenFOAM,20.308784901442884,0.38945723435230295,0.0,4415,0.16857803713963226
4.334622216588468,0.026703286872993903,0.03664631396532059,0.21962055136481964,20.53696898085189,0.7526247501373291,500000.0,continuous_51,51,continuous_naca,direct OpenFOAM-coefficient surrogate,0.03833325168004377,-1.0961101055145264,98865.5546875,fno,surrogate estimate; validate top designs with OpenFOAM,20.53696898085189,0.38506437714997405,0.0,4415,0.16842838596461662
4.352781713554577,0.027086199681354596,0.036737848073244095,0.22347785881299553,20.545122505313383,0.7548041343688965,500000.0,continuous_52,52,continuous_naca,direct OpenFOAM-coefficient surrogate,0.0384070430474094,-1.0978072881698608,98865.2109375,fno,surrogate estimate; validate top designs with OpenFOAM,20.545122505313383,0.3841962971702738,0.0,4415,0.16828108297524524
4.355812998007604,0.026411021573740905,0.036727212369441986,0.21794205799098657,20.543499681028393,0.7545260190963745,500000.0,continuous_53,53,continuous_naca,direct OpenFOAM-coefficient surrogate,0.03823269829793573,-1.0976074934005737,98865.25,fno,surrogate estimate; validate top designs with OpenFOAM,20.543499681028393,0.38664875686845296,0.0,4415,0.16879668555994617
4.371970329183748,0.026174309946290584,0.03676047921180725,0.21586085827270432,20.54801064241503,0.7553752660751343,500000.0,continuous_54,54,continuous_naca,direct OpenFOAM-coefficient surrogate,0.03793794108751536,-1.0982258319854736,98865.125,fno,surrogate estimate; validate top designs with OpenFOAM,20.54801064241503,0.3850782732621517,0.0,4415,0.16937855226702153
4.40326059382987,0.02655053919078367,0.03671407327055931,0.21514343999557092,20.479740059356377,0.7519151568412781,500000.0,continuous_55,55,continuous_naca,direct OpenFOAM-coefficient surrogate,0.0376610442112269,-1.0907059907913208,98865.09375,fno,surrogate estimate; validate top designs with OpenFOAM,20.479740059356377,0.38436038788504434,0.0,4415,0.17001895107942133
4.381995543346237,0.0240270354951903,0.03684227913618088,0.20626335086022213,20.560463448671182,0.7575148940086365,500000.0,continuous_56,56,continuous_naca,direct OpenFOAM-coefficient surrogate,0.038246871405206564,-1.0998752117156982,98864.78125,fno,surrogate estimate; validate top designs with OpenFOAM,20.560463448671182,0.3870153003050105,0.0,4415,0.16824296450411794
4.411210064912392,0.020684134927945633,0.036661483347415924,0.20897815948906492,20.258122907813824,0.7427130937576294,500000.0,continuous_57,57,continuous_naca,direct OpenFOAM-coefficient surrogate,0.03831971541909027,-1.0735338926315308,98869.2421875,fno,surrogate estimate; validate top designs with OpenFOAM,20.258122907813824,0.3881508992559879,0.0,4415,0.16772357390996478
4.400721245671685,0.027291503816835132,0.03692421317100525,0.23116695342321958,20.569976041519674,0.7595507502555847,500000.0,continuous_58,58,continuous_naca,direct OpenFOAM-coefficient surrogate,0.03829384978660256,-1.1014796495437622,98864.453125,fno,surrogate estimate; validate top designs with OpenFOAM,20.569976041519674,0.3838738356876908,0.0,4415,0.16875654306229432
4.435802345320328,0.028466650615313484,0.03723672032356262,0.2434298825810207,20.593189687373773,0.7668434381484985,500000.0,continuous_59,59,continuous_naca,direct OpenFOAM-coefficient surrogate,0.03838156111368836,-1.1071751117706299,98863.265625,fno,surrogate estimate; validate top designs with OpenFOAM,20.593189687373773,0.38201301447390945,0.0,4415,0.1688382647980059
4.415461967694842,0.027359716534806983,0.03712737187743187,0.22852106124386992,20.588478729005534,0.7644166946411133,500000.0,continuous_60,60,continuous_naca,direct OpenFOAM-coefficient surrogate,0.03825401002897412,-1.1052509546279907,98863.671875,fno,surrogate estimate; validate top designs with OpenFOAM,20.588478729005534,0.38250268573721974,0.0,4415,0.16857374671224915
4.449833379217999,0.02713449948984572,0.03710566461086273,0.2300983710290509,20.589028192510934,0.7639901638031006,500000.0,continuous_61,61,continuous_naca,direct OpenFOAM-coefficient surrogate,0.03800314877028281,-1.1048247814178467,98863.7578125,fno,surrogate estimate; validate top designs with OpenFOAM,20.589028192510934,0.3841083397188719,0.0,4415,0.16923568116545196
4.469576288605955,0.027864520214842533,0.03726603090763092,0.2323856601293983,20.59556206601846,0.7675354480743408,500000.0,continuous_62,62,continuous_naca,direct OpenFOAM-coefficient surrogate,0.03850485457156057,-1.1076841354370117,98863.1640625,fno,surrogate estimate; validate top designs with OpenFOAM,20.59556206601846,0.38274139685535413,0.0,4415,0.1680667763228909
4.518379268317059,0.02714234527629293,0.03770112618803978,0.2403448390416012,20.607720780053995,0.7769548892974854,500000.0,continuous_63,63,continuous_naca,direct OpenFOAM-coefficient surrogate,0.03878831131358318,-1.1135672330856323,98863.4609375,fno,surrogate estimate; validate top designs with OpenFOAM,20.607720780053995,0.3815729586519554,0.0,4415,0.16741088835082563
4.527742936928876,0.029794807074766668,0.03772690147161484,0.26161092912891787,20.630828460252896,0.7783578634262085,500000.0,continuous_64,64,continuous_naca,direct OpenFOAM-coefficient surrogate,0.03846664420805766,-1.1161980628967285,98861.3515625,fno,surrogate estimate; validate top designs with OpenFOAM,20.630828460252896,0.37808319898596776,0.0,4415,0.16878632600914836
4.600616633720195,0.030680492111550942,0.03821643069386482,0.290667660874325,20.665795586818536,0.7897936105728149,500000.0,continuous_65,65,continuous_naca,direct OpenFOAM-coefficient surrogate,0.03857653060948321,-1.1248472929000854,98859.46875,fno,surrogate estimate; validate top designs with OpenFOAM,20.665795586818536,0.3736171483264463,0.0,4415,0.16905800676166355
4.586853845592948,0.029043985224321535,0.038014233112335205,0.27139743413049566,20.653821165808328,0.7851598262786865,500000.0,continuous_66,66,continuous_naca,direct OpenFOAM-coefficient surrogate,0.03862076587454466,-1.121313214302063,98860.2421875,fno,surrogate estimate; validate top designs with OpenFOAM,20.653821165808328,0.3781530448483719,0.0,4415,0.16869767382572434
4.620992667257266,0.030377412355484565,0.038434628397226334,0.30485301769265816,20.663273559598444,0.794205904006958,500000.0,continuous_67,67,continuous_naca,direct OpenFOAM-coefficient surrogate,0.0391804356853669,-1.1259993314743042,98860.5625,fno,surrogate estimate; validate top designs with OpenFOAM,20.663273559598444,0.37356974343146965,0.0,4415,0.16776673570265777
4.727618862123405,0.0309300431728994,0.03893806040287018,0.3099882176733275,20.687596816977425,0.8055555820465088,500000.0,continuous_68,68,continuous_naca,direct OpenFOAM-coefficient surrogate,0.039201460627800624,-1.1341763734817505,98858.5625,fno,surrogate estimate; validate top designs with OpenFOAM,20.687596816977425,0.3714434331552122,0.0,4415,0.16762838752242976
4.873527120524944,0.03318909994009186,0.03992685675621033,0.3352636095802144,20.725436952067795,0.8275222778320312,500000.0,continuous_69,69,continuous_naca,direct OpenFOAM-coefficient surrogate,0.03961141038485676,-1.1495163440704346,98854.59375,fno,surrogate estimate; validate top designs with OpenFOAM,20.725436952067795,0.3661586424958636,0.0,4415,0.1670234488846417
4.822615865230617,0.03434497622305531,0.03970285505056381,0.3617291987663531,20.74987966362865,0.8238502144813538,500000.0,continuous_70,70,continuous_naca,direct OpenFOAM-coefficient surrogate,0.039206259963542586,-1.1498022079467773,98853.71875,fno,surrogate estimate; validate top designs with OpenFOAM,20.74987966362865,0.3641763308991204,0.0,4415,0.16886204423651802
4.974734163687396,0.036775443114483566,0.04059617593884468,0.4045861591436002,20.799641956577076,0.8444067239761353,500000.0,continuous_71,71,continuous_naca,direct OpenFOAM-coefficient surrogate,0.03941523428852228,-1.16460382938385,98850.1875,fno,surrogate estimate; validate top designs with OpenFOAM,20.799641956577076,0.355478017022703,0.0,4415,0.16958762217936418
4.948081447001952,0.032831932794766885,0.04060310125350952,0.3861399956237672,20.77197313609512,0.843427300453186,500000.0,continuous_72,72,continuous_naca,direct OpenFOAM-coefficient surrogate,0.039771039609569916,-1.1596734523773193,98851.7734375,fno,surrogate estimate; validate top designs with OpenFOAM,20.77197313609512,0.3562587307898694,0.0,4415,0.16802023293843923
4.0,0.007530251580157421,0.018438680097460747,0.13201477611873136,18.339112586462917,0.33816736936569214,500000.0,continuous_1,1,continuous_naca,direct OpenFOAM-coefficient surrogate,0.0,-0.5509576797485352,98959.984375,deeponet,surrogate estimate; validate top designs with OpenFOAM,18.339112586462917,0.4,0.0,0012,0.12
4.0,0.01012260283921608,0.021464798599481583,0.1558955525211606,17.657994483463874,0.37904295325279236,500000.0,continuous_2,2,continuous_naca,direct OpenFOAM-coefficient surrogate,0.00025,-0.7380994558334351,98928.34375,deeponet,surrogate estimate; validate top designs with OpenFOAM,17.657994483463874,0.4,0.0,0012,0.12
4.0,0.007530251580157421,0.018438680097460747,0.13201477611873136,18.339112586462917,0.33816736936569214,500000.0,continuous_3,3,continuous_naca,direct OpenFOAM-coefficient surrogate,0.0,-0.5509576797485352,98959.984375,deeponet,surrogate estimate; validate top designs with OpenFOAM,18.339112586462917,0.42000000000000004,0.0,0012,0.12
4.0,0.004067503868086401,0.01860688626766205,0.08326658356802862,17.866836906984616,0.3324640691280365,500000.0,continuous_4,4,continuous_naca,direct OpenFOAM-coefficient surrogate,0.0,-0.5594195127487183,98958.3203125,deeponet,surrogate estimate; validate top designs with OpenFOAM,17.866836906984616,0.4,0.0,0012,0.126
4.2,0.008373146873096255,0.01917431131005287,0.13984208487212874,18.70513212468243,0.3586767315864563,500000.0,continuous_5,5,continuous_naca,direct OpenFOAM-coefficient surrogate,0.0,-0.5697789192199707,98957.34375,deeponet,surrogate estimate; validate top designs with OpenFOAM,18.70513212468243,0.4,0.0,0012,0.12
4.1,0.0055233471862434075,0.018865039572119713,0.10316932348383413,18.31762745799193,0.3455810844898224,500000.0,continuous_6,6,continuous_naca,direct OpenFOAM-coefficient surrogate,0.0,-0.56447434425354,98957.8984375,deeponet,surrogate estimate; validate top designs with OpenFOAM,18.31762745799193,0.41000000000000003,0.0,0012,0.123
4.149999999999999,0.011647246093304116,0.018915634602308273,0.18133013348597818,18.915886949801745,0.3578249216079712,500000.0,continuous_7,7,continuous_naca,direct OpenFOAM-coefficient surrogate,0.0,-0.5593677163124084,98959.0234375,deeponet,surrogate estimate; validate top designs with OpenFOAM,18.915886949801745,0.41500000000000015,0.0,0012,0.11549999999999999
4.224999999999998,0.010702986762189795,0.019191492348909378,0.16214092956767273,19.30215939703527,0.3704565465450287,500000.0,continuous_8,8,continuous_naca,direct OpenFOAM-coefficient surrogate,0.0,-0.5604565143585205,98959.046875,deeponet,surrogate estimate; validate top designs with OpenFOAM,19.30215939703527,0.4225000000000001,0.0,0012,0.11024999999999996
4.112499999999999,0.010597032694753221,0.018737707287073135,0.1653539126468801,19.061565111603826,0.3571890890598297,500000.0,continuous_9,9,continuous_naca,direct OpenFOAM-coefficient surrogate,0.0,-0.5519530177116394,98960.2109375,deeponet,surrogate estimate; validate top designs with OpenFOAM,19.061565111603826,0.41125,0.0,0012,0.11212499999999997
4.268749999999999,0.011046624478645033,0.019378699362277985,0.16729933775001365,19.300280303744135,0.3740336298942566,500000.0,continuous_10,10,continuous_naca,direct OpenFOAM-coefficient surrogate,0.0,-0.5655701756477356,98958.28125,deeponet,surrogate estimate; validate top designs with OpenFOAM,19.300280303744135,0.396875,0.0,0012,0.11118749999999997
4.4031249999999975,0.009940354207576052,0.02001134306192398,0.1538571630770964,19.57854071975263,0.3918124735355377,500000.0,continuous_11,11,continuous_naca,direct OpenFOAM-coefficient surrogate,0.0,-0.5736014246940613,98957.28125,deeponet,surrogate estimate; validate top designs with OpenFOAM,19.57854071975263,0.4153125000000001,0.0,0012,0.10678124999999994
4.604687499999997,0.004929077712162388,0.021197473630309105,0.0791960182771418,19.71554328879651,0.4179394245147705,500000.0,continuous_12,12,continuous_naca,direct OpenFOAM-coefficient surrogate,0.0,-0.5882473587989807,98955.640625,deeponet,surrogate estimate; validate top designs with OpenFOAM,19.71554328879651,0.4229687500000001,0.0,0012,0.10017187499999991
4.405468749999996,0.00034933572405860505,0.020263243466615677,0.019008205618771198,19.784239324770564,0.40091264247894287,500000.0,continuous_13,13,continuous_naca,direct OpenFOAM-coefficient surrogate,0.0,-0.5666211247444153,98958.7421875,deeponet,surrogate estimate; validate top designs with OpenFOAM,19.784239324770564,0.4267968750000001,0.0,0012,0.09686718749999992
4.508203124999994,0.0013988253590484557,0.021414216607809067,0.04093062598229817,19.65010689436078,0.4208112955093384,500000.0,continuous_14,14,continuous_naca,direct OpenFOAM-coefficient surrogate,0.0,-0.571204662322998,98958.375,deeponet,surrogate estimate; validate top designs with OpenFOAM,19.65010689436078,0.4401953125,0.0,0012,0.0853007812499999
4.6394531249999975,0.00044879195968400114,0.021516263484954834,0.020496601828614527,19.70638473758232,0.4240274727344513,500000.0,continuous_15,15,continuous_naca,direct OpenFOAM-coefficient surrogate,0.0,-0.5896740555763245,98955.53125,deeponet,surrogate estimate; validate top designs with OpenFOAM,19.70638473758232,0.42332031250000013,0.0,0012,0.0971132812499999
4.668554687499997,0.0011004992886801592,0.022014163434505463,0.032987129742621454,19.620422775658316,0.4319468140602112,500000.0,continuous_16,16,continuous_naca,direct OpenFOAM-coefficient surrogate,0.0,-0.5891579389572144,98955.765625,deeponet,surrogate estimate; validate top designs with OpenFOAM,19.620422775658316,0.45091796875000023,0.0,0012,0.0910136718749999
4.9340820312499964,0.0026843266485597336,0.024471823126077652,0.05808258403673103,18.990850988415485,0.4647597372531891,500000.0,continuous_17,17,continuous_naca,direct OpenFOAM-coefficient surrogate,0.0,-0.6113125681877136,98952.9453125,deeponet,surrogate estimate; validate top designs with OpenFOAM,18.990850988415485,0.4395019531250002,0.0,0012,0.08233300781249986
4.4022705078124975,0.008087395804692268,0.020069219172000885,0.1253895687482896,19.676837526687052,0.39491844177246094,500000.0,continuous_18,18,continuous_naca,direct OpenFOAM-coefficient surrogate,0.0,-0.5705543756484985,98957.8671875,deeponet,surrogate estimate; validate top designs with OpenFOAM,19.676837526687052,0.4267504882812501,0.0,0012,0.10327075195312493
4.357385253906248,0.01005771754622198,0.019788067787885666,0.15735586696926188,19.522148545188223,0.3863251209259033,500000.0,continuous_19,19,continuous_naca,direct OpenFOAM-coefficient surrogate,0.0,-0.570225179195404,98957.734375,deeponet,surrogate estimate; validate top designs with OpenFOAM,19.522148545188223,0.39900024414062496,0.0,0012,0.10769787597656247
4.59076232910156,0.00045487206231599085,0.021332014352083206,0.03019574508680502,19.72686379391573,0.4208334684371948,500000.0,continuous_20,20,continuous_naca,direct OpenFOAM-coefficient surrogate,0.0,-0.5837609171867371,98956.40625,deeponet,surrogate estimate; validate top designs with OpenFOAM,19.72686379391573,0.43793853759765644,0.0,0012,0.09518472290039054
4.717915344238277,0.0008246453547106232,0.022290470078587532,0.030698339547786207,19.58176376998666,0.4365063011646271,500000.0,continuous_21,21,continuous_naca,direct OpenFOAM-coefficient surrogate,0.0,-0.594162106513977,98955.0703125,deeponet,surrogate estimate; validate top designs with OpenFOAM,19.58176376998666,0.4287617492675783,0.0,0012,0.09139778137207022
4.481181716918942,0.004629392014416142,0.020542070269584656,0.07687204180782214,19.738090536225673,0.4054809808731079,500000.0,continuous_22,22,continuous_naca,direct OpenFOAM-coefficient surrogate,0.0,-0.5762035846710205,98957.2734375,deeponet,surrogate estimate; validate top designs with OpenFOAM,19.738090536225673,0.4272533035278322,0.0,0012,0.10030250930786125
4.40159702301025,0.002028649976825489,0.020170308649539948,0.041996520227209094,19.75593512711143,0.39850306510925293,500000.0,continuous_23,23,continuous_naca,direct OpenFOAM-coefficient surrogate,0.0,-0.5676456689834595,98958.484375,deeponet,surrogate estimate; validate top designs with OpenFOAM,19.75593512711143,0.43415842056274423,0.0,0012,0.0991498661041259
4.334817409515377,0.000310598044378454,0.01994551345705986,0.028313122575938043,19.802918295177214,0.3949991762638092,500000.0,continuous_24,24,continuous_naca,direct OpenFOAM-coefficient surrogate,0.0,-0.5589947700500488,98959.8359375,deeponet,surrogate estimate; validate top designs with OpenFOAM,19.802918295177214,0.4401048183441163,0.0,0012,0.0955802679061889
4.199882364273067,0.0005466632060208971,0.019347410649061203,0.028422841661854183,19.824084714769164,0.3835645318031311,500000.0,continuous_25,25,continuous_naca,direct OpenFOAM-coefficient surrogate,0.0,-0.5446838736534119,98961.8828125,deeponet,surrogate estimate; validate top designs with OpenFOAM,19.824084714769164,0.4486728525161743,0.0,0012,0.09328446435928339
4.153302597999568,0.0026760256358915255,0.018970610573887825,0.05370305860606725,19.66404254701743,0.373058557510376,500000.0,continuous_26,26,continuous_naca,direct OpenFOAM-coefficient surrogate,0.0,-0.5439667105674744,98961.71875,deeponet,surrogate estimate; validate top designs with OpenFOAM,19.66404254701743,0.43050218820571884,0.0,0012,0.09961729073524467
4.481397396326062,0.0003884954443190637,0.020683106034994125,0.029547648315218656,19.77362859155863,0.40899983048439026,500000.0,continuous_27,27,continuous_naca,direct OpenFOAM-coefficient surrogate,0.0,-0.5737041234970093,98957.7734375,deeponet,surrogate estimate; validate top designs with OpenFOAM,19.77362859155863,0.43607945024967204,0.0,0012,0.09629286485910407
4.262991049885746,0.0005792523276964924,0.0196896530687809,0.028788522918749372,19.836772859208217,0.39059901237487793,500000.0,continuous_28,28,continuous_naca,direct OpenFOAM-coefficient surrogate,0.0,-0.5504237413406372,98961.1328125,deeponet,surrogate estimate; validate top designs with OpenFOAM,19.836772859208217,0.4456004956364631,0.0,0012,0.0924946821033954
4.1538957163691475,0.000645367855942007,0.019286222755908966,0.027377615950366144,19.873609931582557,0.38330674171447754,500000.0,continuous_29,29,continuous_naca,direct OpenFOAM-coefficient surrogate,0.0,-0.5381951928138733,98962.9375,deeponet,surrogate estimate; validate top designs with OpenFOAM,19.873609931582557,0.45477409169077854,0.0,0012,0.08859076850116249
4.218725090473887,0.0007898025791928093,0.019627343863248825,0.03772461474003693,19.86528367255881,0.3899226188659668,500000.0,continuous_30,30,continuous_naca,direct OpenFOAM-coefficient surrogate,0.0,-0.5443658828735352,98962.0703125,deeponet,surrogate estimate; validate top designs with OpenFOAM,19.86528367255881,0.4490032141655682,0.0,0012,0.08836777650564903
4.007588564231987,0.0010135469919268277,0.01861356571316719,0.03792898757260372,19.87455420959779,0.36995619535446167,500000.0,continuous_31,31,continuous_naca,direct OpenFOAM-coefficient surrogate,0.0,-0.5236300230026245,98965.0,deeponet,surrogate estimate; validate top designs with OpenFOAM,19.87455420959779,0.45354406643658846,0.0,0012,0.08726223357394333
3.77068414818495,0.0011898367006545928,0.017660144716501236,0.04328652075858828,19.848550248578416,0.35054811835289,500000.0,continuous_32,32,continuous_naca,direct OpenFOAM-coefficient surrogate,0.0,-0.49968498945236206,98968.4453125,deeponet,surrogate estimate; validate top designs with OpenFOAM,19.848550248578416,0.4622763745300468,0.0,0012,0.08274691793136296
3.8845771176740476,0.0016335222377132938,0.01822255551815033,0.04775295886031394,19.899618985420542,0.3626418113708496,500000.0,continuous_33,33,continuous_naca,direct OpenFOAM-coefficient surrogate,0.0,-0.5103527307510376,98967.0,deeponet,surrogate estimate; validate top designs with OpenFOAM,19.899618985420542,0.47620023740455464,0.0,0012,0.08188543397001921
3.6241313015110723,0.003174873347574997,0.017300769686698914,0.07198814580536188,19.852719088205504,0.3434871733188629,500000.0,continuous_34,34,continuous_naca,direct OpenFOAM-coefficient surrogate,0.0,-0.4846329689025879,98970.7578125,deeponet,surrogate estimate; validate top designs with OpenFOAM,19.852719088205504,0.500901918606832,0.0,0012,0.07439455720502886
3.932510880101466,0.0020744853592560186,0.018548769876360893,0.05080912857073204,19.90321139760825,0.3691999912261963,500000.0,continuous_35,35,continuous_naca,direct OpenFOAM-coefficient surrogate,0.0,-0.5144989490509033,98966.4296875,deeponet,surrogate estimate; validate top designs with OpenFOAM,19.90321139760825,0.4680879523325706,0.0,0012,0.07976864191610364
3.7988251380156655,0.004329979060846479,0.018213633447885513,0.08915226926479625,19.8672152792351,0.3618740439414978,500000.0,continuous_36,36,continuous_naca,direct OpenFOAM-coefficient surrogate,0.0,-0.5010591149330139,98968.3984375,deeponet,surrogate estimate; validate top designs with OpenFOAM,19.8672152792351,0.4777955022407687,0.0,0012,0.07301073069451375
3.7705610487144368,0.0014295310317341125,0.01774175465106964,0.04410281701912479,19.878378558389542,0.3526971936225891,500000.0,continuous_37,37,continuous_naca,direct OpenFOAM-coefficient surrogate,0.0,-0.4991951882839203,98968.5859375,deeponet,surrogate estimate; validate top designs with OpenFOAM,19.878378558389542,0.47729995976667794,0.0,0012,0.08038576247496532
3.6437230889918215,0.0028095693301142532,0.01732291467487812,0.06907272203609233,19.85376707562663,0.3439449667930603,500000.0,continuous_38,38,continuous_naca,direct OpenFOAM-coefficient surrogate,0.0,-0.48659923672676086,98970.453125,deeponet,surrogate estimate; validate top designs with OpenFOAM,19.85376707562663,0.48279201627941726,0.0,0012,0.07606026746635325
4.026352559524816,0.0009591872178760212,0.01877206191420555,0.03702866040900208,19.894487158937245,0.3734804391860962,500000.0,continuous_39,39,continuous_naca,direct OpenFOAM-coefficient surrogate,0.0,-0.5248506665229797,98964.8828125,deeponet,surrogate estimate; validate top designs with OpenFOAM,19.894487158937245,0.4617785728379382,0.0,0012,0.08545814324246018
3.799412238775397,0.0022959941590420183,0.018042217940092087,0.05800423923433255,19.89334424100807,0.3589399456977844,500000.0,continuous_40,40,continuous_naca,direct OpenFOAM-coefficient surrogate,0.0,-0.5013769268989563,98968.3359375,deeponet,surrogate estimate; validate top designs with OpenFOAM,19.89334424100807,0.48813929473428236,0.0,0012,0.07648675722783085
4.050865349323426,0.0017990889031801137,0.019075891003012657,0.04851562439378172,19.88687357053416,0.3793797194957733,500000.0,continuous_41,41,continuous_naca,direct OpenFOAM-coefficient surrogate,0.0,-0.526129424571991,98964.7578125,deeponet,surrogate estimate; validate top designs with OpenFOAM,19.88687357053416,0.46980306888799506,0.0,0012,0.08141372570324162
3.9807892741711783,0.0017126197516068057,0.01872836798429489,0.04751032193293332,19.90171411590265,0.3727465271949768,500000.0,continuous_42,42,continuous_naca,direct OpenFOAM-coefficient surrogate,0.0,-0.5193778276443481,98965.71875,deeponet,surrogate estimate; validate top designs with OpenFOAM,19.90171411590265,0.47167729160766575,0.0,0012,0.08115673489617255
4.112702676960358,0.0010956877823418512,0.019115585833787918,0.040056114934174,19.88127205199439,0.3800620436668396,500000.0,continuous_43,43,continuous_naca,direct OpenFOAM-coefficient surrogate,0.0,-0.5338761210441589,98963.5703125,deeponet,surrogate estimate; validate top designs with OpenFOAM,19.88127205199439,0.4507327323570823,0.0,0012,0.08764771978454694
3.877734848321637,0.0019655543991093224,0.018298940733075142,0.048491932992752965,19.90419525728228,0.36424559354782104,500000.0,continuous_44,44,continuous_naca,direct OpenFOAM-coefficient surrogate,0.0,-0.5091976523399353,98967.1875,deeponet,surrogate estimate; validate top designs with OpenFOAM,19.90419525728228,0.47878765413998237,0.0,0012,0.07927699786700987
3.811453500609349,0.0030969105441887375,0.01814446598291397,0.07198373562569323,19.88913707673633,0.36089766025543213,500000.0,continuous_45,45,continuous_naca,direct OpenFOAM-coefficient surrogate,0.0,-0.5024282336235046,98968.1875,deeponet,surrogate estimate; validate top designs with OpenFOAM,19.88913707673633,0.48559799490444844,0.0,0012,0.07558576108219248
3.972627794795949,0.0012618363986569333,0.01860722340643406,0.037230043571797475,19.902827563975727,0.3703562617301941,500000.0,continuous_46,46,continuous_naca,direct OpenFOAM-coefficient surrogate,0.0,-0.5190215706825256,98965.75,deeponet,surrogate estimate; validate top designs with OpenFOAM,19.902827563975727,0.4677334283545658,0.0,0012,0.08299004770239325
3.9972542810210676,0.0021576967214489012,0.018882691860198975,0.051708195525618186,19.889610786977453,0.3755892813205719,500000.0,continuous_47,47,continuous_naca,direct OpenFOAM-coefficient surrogate,0.0,-0.5206598043441772,98965.5546875,deeponet,surrogate estimate; validate top designs with OpenFOAM,19.889610786977453,0.4669429258128376,0.0,0012,0.07971077722082043
3.9127464085108024,0.0016333120245845243,0.018381528556346893,0.04664665297060596,19.90459852695421,0.3658968508243561,500000.0,continuous_48,48,continuous_naca,direct OpenFOAM-coefficient surrogate,0.0,-0.5129231810569763,98966.6328125,deeponet,surrogate estimate; validate top designs with OpenFOAM,19.90459852695421,0.47388590950662535,0.0,0012,0.08134176978271951
3.867020691693749,0.0015379404329868792,0.01819271221756935,0.04542521552530436,19.902854115152238,0.3621068000793457,500000.0,continuous_49,49,continuous_naca,direct OpenFOAM-coefficient surrogate,0.0,-0.5084021687507629,98967.2890625,deeponet,surrogate estimate; validate top designs with OpenFOAM,19.902854115152238,0.47257018055920624,0.0,0012,0.08053199373794058
3.8223786195178784,0.002423895302968883,0.018108956515789032,0.05881976789282951,19.897957510462106,0.3603511452674866,500000.0,continuous_50,50,continuous_naca,direct OpenFOAM-coefficient surrogate,0.0,-0.5036706924438477,98968.0,deeponet,surrogate estimate; validate top designs with OpenFOAM,19.897957510462106,0.47893241991462643,0.0,0012,0.07746965394949355
3.9350655009764317,0.00165443879897778,0.018480151891708374,0.04797813754016794,19.90450452539451,0.3678581714630127,500000.0,continuous_51,51,continuous_naca,direct OpenFOAM-coefficient surrogate,0.0,-0.5151104927062988,98966.3203125,deeponet,surrogate estimate; validate top designs with OpenFOAM,19.90450452539451,0.4705331762445809,0.0,0012,0.08160994926416833
3.9620081272614196,0.0016468379493929852,0.018665244802832603,0.046660530552091455,19.90184196174183,0.3714926540851593,500000.0,continuous_52,52,continuous_naca,direct OpenFOAM-coefficient surrogate,0.0,-0.5174434781074524,98966.0,deeponet,surrogate estimate; validate top designs with OpenFOAM,19.90184196174183,0.4730771655526735,0.0,0012,0.0804666856770601
3.8907675505856667,0.0015654624861152471,0.018309149891138077,0.045738243109627374,19.904829335339663,0.36446040868759155,500000.0,continuous_53,53,continuous_naca,direct OpenFOAM-coefficient surrogate,0.0,-0.510661244392395,98966.96875,deeponet,surrogate estimate; validate top designs with OpenFOAM,19.904829335339663,0.472696926807573,0.0,0012,0.08051566672272045
3.8756462740958026,0.001584103804437702,0.01819096878170967,0.04715879439847835,19.899044150634904,0.36200278997421265,500000.0,continuous_54,54,continuous_naca,direct OpenFOAM-coefficient surrogate,0.0,-0.5094401240348816,98967.1328125,deeponet,surrogate estimate; validate top designs with OpenFOAM,19.899044150634904,0.4798638810168102,0.0,0012,0.08160354990220545
3.91829472860005,0.001594767950294645,0.018456704914569855,0.04602687800675592,19.905568353455127,0.3674111068248749,500000.0,continuous_55,55,continuous_naca,direct OpenFOAM-coefficient surrogate,0.0,-0.513229489326477,98966.6015625,deeponet,surrogate estimate; validate top designs with OpenFOAM,19.905568353455127,0.4710319345036305,0.0,0012,0.08022736891262909
3.9507022460148384,0.0013857530238313288,0.018516570329666138,0.04562930197190799,19.903076490550344,0.3685566186904907,500000.0,continuous_56,56,continuous_naca,direct OpenFOAM-coefficient surrogate,0.0,-0.5168231129646301,98966.0625,deeponet,surrogate estimate; validate top designs with OpenFOAM,19.903076490550344,0.46528631939122256,0.0,0012,0.08257037947410881
3.8959766977449375,0.0015676635841959223,0.018352068960666656,0.04568962477763649,19.905533360644057,0.3653276264667511,500000.0,continuous_57,57,continuous_naca,direct OpenFOAM-coefficient surrogate,0.0,-0.5110792517662048,98966.9140625,deeponet,surrogate estimate; validate top designs with OpenFOAM,19.905533360644057,0.4754123204527924,0.0,0012,0.0801003432687846
3.8738271917442963,0.002002641909452666,0.01827080547809601,0.04891171550640624,19.904176996535373,0.3636852502822876,500000.0,continuous_58,58,continuous_naca,direct OpenFOAM-coefficient surrogate,0.0,-0.5088605880737305,98967.234375,deeponet,surrogate estimate; validate top designs with OpenFOAM,19.904176996535373,0.47598036939072974,0.0,0012,0.0794826250792585
3.919755923668398,0.0016400915257036193,0.01842668280005455,0.046675733511428195,19.906041194360483,0.366822212934494,500000.0,continuous_59,59,continuous_naca,direct OpenFOAM-coefficient surrogate,0.0,-0.5135369300842285,98966.5546875,deeponet,surrogate estimate; validate top designs with OpenFOAM,19.906041194360483,0.4718949745311181,0.0,0012,0.08107811821794086
3.899651041788723,0.0020362284560375985,0.0183916836977005,0.04931101069085762,19.905023878127636,0.3661068081855774,500000.0,continuous_60,60,continuous_naca,direct OpenFOAM-coefficient surrogate,0.0,-0.5113424062728882,98966.8828125,deeponet,surrogate estimate; validate top designs with OpenFOAM,19.905023878127636,0.4716321686409316,0.0,0012,0.079618978778318
3.9260716453153868,0.00160179809235732,0.018505839630961418,0.04606035694619297,19.90449898764224,0.36836937069892883,500000.0,continuous_61,61,continuous_naca,direct OpenFOAM-coefficient surrogate,0.0,-0.5139272809028625,98966.5078125,deeponet,surrogate estimate; validate top designs with OpenFOAM,19.90449898764224,0.4722887722566632,0.0,0012,0.07999673786611583
3.8995935742680965,0.001573785579228713,0.01835758052766323,0.04581441217891655,19.90568387794398,0.36544010043144226,500000.0,continuous_62,62,continuous_naca,direct OpenFOAM-coefficient surrogate,0.0,-0.5114774107933044,98966.8515625,deeponet,surrogate estimate; validate top designs with OpenFOAM,19.90568387794398,0.4725948881698456,0.0,0012,0.08038593450856929
3.917159420352019,0.0016384830281071568,0.018405767157673836,0.04669133990406457,19.905240241407977,0.366391122341156,500000.0,continuous_63,63,continuous_naca,direct OpenFOAM-coefficient surrogate,0.0,-0.5133305788040161,98966.578125,deeponet,surrogate estimate; validate top designs with OpenFOAM,19.905240241407977,0.4738348901877617,0.0,0012,0.08127690367564391
3.9127823257111944,0.0016299096634610913,0.018401723355054855,0.04651690310165937,19.905772866592137,0.3663204312324524,500000.0,continuous_64,64,continuous_naca,direct OpenFOAM-coefficient surrogate,0.0,-0.51282799243927,98966.65625,deeponet,surrogate estimate; validate top designs with OpenFOAM,19.905772866592137,0.4732842098010542,0.0,0012,0.08086242245131244
3.929236578378931,0.0016519530435204735,0.018469441682100296,0.046826279930696824,19.905844034843195,0.3676697313785553,500000.0,continuous_65,65,continuous_naca,direct OpenFOAM-coefficient surrogate,0.0,-0.5144616961479187,98966.421875,deeponet,surrogate estimate; validate top designs with OpenFOAM,19.905844034843195,0.4689906830500317,0.0,0012,0.08117657877644124
3.9123894724132606,0.001626986242691112,0.01837194338440895,0.047647277287880686,19.904377626881246,0.3657020032405853,500000.0,continuous_66,66,continuous_naca,direct OpenFOAM-coefficient surrogate,0.0,-0.5129279494285583,98966.6328125,deeponet,surrogate estimate; validate top designs with OpenFOAM,19.904377626881246,0.47235044327239434,0.0,0012,0.08152415806450282
3.9168184145533527,0.0016332652113104505,0.018435072153806686,0.04649610373740643,19.905978876460715,0.36698806285858154,500000.0,continuous_67,67,continuous_naca,direct OpenFOAM-coefficient surrogate,0.0,-0.5131510496139526,98966.609375,deeponet,surrogate estimate; validate top designs with OpenFOAM,19.905978876460715,0.47136156169582144,0.0,0012,0.08055156620059753
3.939703046887842,0.0016660003112540552,0.018509626388549805,0.04703828606113923,19.905368208082738,0.36846083402633667,500000.0,continuous_68,68,continuous_naca,direct OpenFOAM-coefficient surrogate,0.0,-0.5155181288719177,98966.265625,deeponet,surrogate estimate; validate top designs with OpenFOAM,19.905368208082738,0.4701708263691671,0.0,0012,0.08144840831457675
3.909620942423033,0.0016251316862693386,0.018395431339740753,0.04642214864659692,19.905326727241256,0.3661869764328003,500000.0,continuous_69,69,continuous_naca,direct OpenFOAM-coefficient surrogate,0.0,-0.5124845504760742,98966.703125,deeponet,surrogate estimate; validate top designs with OpenFOAM,19.905326727241256,0.47198887271967593,0.0,0012,0.08065155296007115
3.9182871691108754,0.0016360992211509786,0.018430793657898903,0.046584184454470955,19.906023748751583,0.36690372228622437,500000.0,continuous_70,70,continuous_naca,direct OpenFOAM-coefficient surrogate,0.0,-0.5133432149887085,98966.5859375,deeponet,surrogate estimate; validate top designs with OpenFOAM,19.906023748751583,0.4716282681134698,0.0,0012,0.0808148422092692
3.9244962510236645,0.0016458778945390637,0.01844804733991623,0.04674961861061699,19.905981193644962,0.3672463893890381,500000.0,continuous_71,71,continuous_naca,direct OpenFOAM-coefficient surrogate,0.0,-0.5139992237091064,98966.484375,deeponet,surrogate estimate; validate top designs with OpenFOAM,19.905981193644962,0.4704428287905749,0.0,0012,0.08112734849719105
3.916269124689796,0.0016355144527119485,0.018414150923490524,0.04659689088937107,19.905951359782453,0.3665710985660553,500000.0,continuous_72,72,continuous_naca,direct OpenFOAM-coefficient surrogate,0.0,-0.5131822824478149,98966.6015625,deeponet,surrogate estimate; validate top designs with OpenFOAM,19.905951359782453,0.47258959216608615,0.0,0012,0.08097027033462664
3.9096747489682473,0.0016247817393147583,0.018392201513051987,0.04644102353718913,19.905419472296916,0.36612439155578613,500000.0,continuous_73,73,continuous_naca,direct OpenFOAM-coefficient surrogate,0.0,-0.5125055313110352,98966.703125,deeponet,surrogate estimate; validate top designs with OpenFOAM,19.905419472296916,0.47224493135048184,0.0,0012,0.08073202636325508
3.92972948527812,0.001652734568394925,0.018468141555786133,0.04685304770219968,19.905659100894777,0.3676404356956482,500000.0,continuous_74,74,continuous_naca,direct OpenFOAM-coefficient surrogate,0.0,-0.514526903629303,98966.40625,deeponet,surrogate estimate; validate top designs with OpenFOAM,19.905659100894777,0.47103290045014257,0.0,0012,0.0812632632662588
3.924715801200652,0.0016456433220428212,0.018449001014232635,0.04675046141311916,19.905973131029782,0.3672652244567871,500000.0,continuous_75,75,continuous_naca,direct OpenFOAM-coefficient surrogate,0.0,-0.5140208005905151,98966.484375,deeponet,surrogate estimate; validate top designs with OpenFOAM,19.905973131029782,0.47133590817522736,0.0,0012,0.08113045404050787
4.0,0.013008808030331899,0.023601647466421127,0.25197367719380065,25.472960645243667,0.6012293100357056,500000.0,continuous_1,1,continuous_naca,direct OpenFOAM-coefficient surrogate,0.02,-0.8507629632949829,98914.640625,deeponet,surrogate estimate; validate top designs with OpenFOAM,25.472960645243667,0.4,0.0,2412,0.12
4.0,0.012931820960862499,0.023722238838672638,0.27381034342500005,25.828684017064994,0.6127400398254395,500000.0,continuous_2,2,continuous_naca,direct OpenFOAM-coefficient surrogate,0.021,-0.857845664024353,98913.7421875,deeponet,surrogate estimate; validate top designs with OpenFOAM,25.828684017064994,0.4,0.0,2412,0.12
4.0,0.011880054423709511,0.022715821862220764,0.2336148843138292,25.320397011164513,0.5751989483833313,500000.0,continuous_3,3,continuous_naca,direct OpenFOAM-coefficient surrogate,0.02,-0.791062593460083,98920.3984375,deeponet,surrogate estimate; validate top designs with OpenFOAM,25.320397011164513,0.42000000000000004,0.0,2412,0.12
4.0,0.01576597348228696,0.02399885095655918,0.28486271907252303,24.896438554900598,0.597510814666748,500000.0,continuous_4,4,continuous_naca,direct OpenFOAM-coefficient surrogate,0.02,-0.863797128200531,98913.3828125,deeponet,surrogate estimate; validate top designs with OpenFOAM,24.896438554900598,0.4,0.0,2412,0.126
4.2,0.014008695874025655,0.024359552189707756,0.25793698769706513,25.527491231031636,0.6218637824058533,500000.0,continuous_5,5,continuous_naca,direct OpenFOAM-coefficient surrogate,0.02,-0.8701439499855042,98912.0390625,deeponet,surrogate estimate; validate top designs with OpenFOAM,25.527491231031636,0.4,0.0,2412,0.12
4.1,0.009039069663938101,0.0231349878013134,0.20403621985190973,26.07291864760274,0.6032227277755737,500000.0,continuous_6,6,continuous_naca,direct OpenFOAM-coefficient surrogate,0.0205,-0.813420832157135,98917.671875,deeponet,surrogate estimate; validate top designs with OpenFOAM,26.07291864760274,0.41000000000000003,0.0,2412,0.11399999999999999
4.149999999999999,0.0030962617998982105,0.022975806146860123,0.12478244439491344,26.540203052164937,0.6098091006278992,500000.0,continuous_7,7,continuous_naca,direct OpenFOAM-coefficient surrogate,0.020749999999999998,-0.8013167977333069,98918.359375,deeponet,surrogate estimate; validate top designs with OpenFOAM,26.540203052164937,0.41500000000000004,0.0,2412,0.10799999999999998
4.174999999999999,0.010668241385669247,0.02462088316679001,0.23511907113483188,26.42575096881135,0.650651752948761,500000.0,continuous_8,8,continuous_naca,direct OpenFOAM-coefficient surrogate,0.020875,-0.901573657989502,98908.9375,deeponet,surrogate estimate; validate top designs with OpenFOAM,26.42575096881135,0.38750000000000007,0.0,2412,0.11399999999999999
4.262499999999999,0.009956785498390663,0.024290986359119415,0.20781890068661327,26.65870761717539,0.6475929617881775,500000.0,continuous_9,9,continuous_naca,direct OpenFOAM-coefficient surrogate,0.0213125,-0.86722731590271,98911.390625,deeponet,surrogate estimate; validate top designs with OpenFOAM,26.65870761717539,0.40125,0.0,2412,0.11099999999999999
4.393749999999999,0.00567930796876762,0.024750277400016785,0.1752243380918256,27.057946608046635,0.6697187423706055,500000.0,continuous_10,10,continuous_naca,direct OpenFOAM-coefficient surrogate,0.021968750000000002,-0.8774210810661316,98909.359375,deeponet,surrogate estimate; validate top designs with OpenFOAM,27.057946608046635,0.401875,0.0,2412,0.10649999999999998
4.159374999999998,0.0032420153319995854,0.023648861795663834,0.12498693179242536,27.501930314153213,0.6504168510437012,500000.0,continuous_11,11,continuous_naca,direct OpenFOAM-coefficient surrogate,0.022296875000000004,-0.852057695388794,98912.6796875,deeponet,surrogate estimate; validate top designs with OpenFOAM,27.501930314153213,0.40218750000000003,0.0,2412,0.10424999999999998
4.139062499999996,-0.00016893472271078838,0.023365924134850502,0.09054855124778223,28.355741078842737,0.6625864505767822,500000.0,continuous_12,12,continuous_naca,direct OpenFOAM-coefficient surrogate,0.023445312500000003,-0.8451735973358154,98912.625,deeponet,surrogate estimate; validate top designs with OpenFOAM,28.355741078842737,0.40328125000000004,0.0,2412,0.09637499999999999
4.428906249999997,0.000526430084705813,0.024321671575307846,0.10721268182771805,27.734896260472286,0.6745867729187012,500000.0,continuous_13,13,continuous_naca,direct OpenFOAM-coefficient surrogate,0.022519531250000006,-0.8458412289619446,98911.328125,deeponet,surrogate estimate; validate top designs with OpenFOAM,27.734896260472286,0.4038281250000001,0.0,2412,0.09243749999999998
4.3808593749999964,-0.0023002097997594996,0.023466169834136963,0.10208500166466836,27.567912600745313,0.6469408869743347,500000.0,continuous_14,14,continuous_naca,direct OpenFOAM-coefficient surrogate,0.023466796875000005,-0.7812891602516174,98917.7890625,deeponet,surrogate estimate; validate top designs with OpenFOAM,27.567912600745313,0.42449218749999995,0.0,2412,0.08765624999999999
4.521289062499996,-0.001154586267730029,0.025122087448835373,0.11787010949016753,28.503599696132014,0.716098427772522,500000.0,continuous_15,15,continuous_naca,direct OpenFOAM-coefficient surrogate,0.024950195312500013,-0.8742892742156982,98906.5625,deeponet,surrogate estimate; validate top designs with OpenFOAM,28.503599696132014,0.40173828125,0.0,2412,0.08348437499999997
4.706933593749994,0.004215453161083612,0.02658580243587494,0.14363631754571785,28.638878205063957,0.7614161968231201,500000.0,continuous_16,16,continuous_naca,direct OpenFOAM-coefficient surrogate,0.027050292968750014,-0.9060160517692566,98900.453125,deeponet,surrogate estimate; validate top designs with OpenFOAM,28.638878205063957,0.3951074218749999,0.0,2412,0.07122656249999998
4.434130859374994,0.01077385722447069,0.02435733750462532,0.2483343353822205,28.559449519191578,0.6956607103347778,500000.0,continuous_17,17,continuous_naca,direct OpenFOAM-coefficient surrogate,0.02627221679687501,-0.8127780556678772,98911.8046875,deeponet,surrogate estimate; validate top designs with OpenFOAM,28.559449519191578,0.4114794921875,0.0,2412,0.06734765625
4.473657226562494,0.002243850355793245,0.0255854744464159,0.13813775885889118,29.569577803199653,0.7565812468528748,500000.0,continuous_18,18,continuous_naca,direct OpenFOAM-coefficient surrogate,0.026176879882812514,-0.9269729256629944,98900.3046875,deeponet,surrogate estimate; validate top designs with OpenFOAM,29.569577803199653,0.38235595703125014,0.0,2412,0.07603710937499997
4.520056152343743,0.0024609028847446227,0.026880405843257904,0.12724741322687336,30.356814109263258,0.8160338401794434,500000.0,continuous_19,19,continuous_naca,direct OpenFOAM-coefficient surrogate,0.027531921386718776,-1.0081411600112915,98890.890625,deeponet,surrogate estimate; validate top designs with OpenFOAM,30.356814109263258,0.36128784179687523,0.0,2412,0.07022753906249996
4.471185302734366,0.013158227077232826,0.025972919538617134,0.28253144861116636,30.468105235908297,0.7913761138916016,500000.0,continuous_20,20,continuous_naca,direct OpenFOAM-coefficient surrogate,0.029630340576171903,-0.9388280510902405,98895.84375,deeponet,surrogate estimate; validate top designs with OpenFOAM,30.468105235908297,0.3817498779296875,0.0,2412,0.06015087890624998
4.49232482910155,0.00291257689037151,0.026879962533712387,0.12597932400684259,31.52719583271514,0.847481369972229,500000.0,continuous_21,21,continuous_naca,direct OpenFOAM-coefficient surrogate,0.033185745239257845,-1.0066845417022705,98887.875,deeponet,surrogate estimate; validate top designs with OpenFOAM,31.52719583271514,0.37071075439453116,0.0,2412,0.06
4.937660217285144,0.0038941909944679603,0.03023555316030979,0.14182906777696586,30.056758007050938,0.9088127613067627,500000.0,continuous_22,22,continuous_naca,direct OpenFOAM-coefficient surrogate,0.03357477569580082,-1.0852667093276978,98878.625,deeponet,surrogate estimate; validate top designs with OpenFOAM,30.056758007050938,0.36601150512695313,0.0,2412,0.06
4.894356536865223,-0.0007414517056853513,0.03172188997268677,0.1049020232259191,30.961602297067024,0.9821915030479431,500000.0,continuous_23,23,continuous_naca,direct OpenFOAM-coefficient surrogate,0.03439915084838872,-1.2091091871261597,98868.5703125,deeponet,surrogate estimate; validate top designs with OpenFOAM,30.961602297067024,0.33507926940917965,0.0,2412,0.06337939453124997
4.715265274047836,-0.0015989741798069935,0.032053492963314056,0.12351473788907301,32.196359324263355,1.0320379734039307,500000.0,continuous_24,24,continuous_naca,direct OpenFOAM-coefficient surrogate,0.03729550361633306,-1.2791649103164673,98862.2578125,deeponet,surrogate estimate; validate top designs with OpenFOAM,32.196359324263355,0.32143726348876966,0.0,2412,0.06
4.719431114196755,-0.009149703330586912,0.03647157549858093,0.0006541603685411394,32.42658538674393,1.1826810836791992,500000.0,continuous_25,25,continuous_naca,direct OpenFOAM-coefficient surrogate,0.042418108940124585,-1.5017744302749634,98846.078125,deeponet,surrogate estimate; validate top designs with OpenFOAM,32.42658538674393,0.28460218429565454,0.0,2412,0.06
4.375424098968493,-0.004667811919321323,0.03089972212910652,0.09238398145607908,32.82336034168564,1.014265537261963,500000.0,continuous_26,26,continuous_naca,direct OpenFOAM-coefficient surrogate,0.03519268751144414,-1.2905179262161255,98864.9375,deeponet,surrogate estimate; validate top designs with OpenFOAM,32.82336034168564,0.3098285198211671,0.0,2412,0.06680346679687496
4.094306039810167,-0.0013651558753844124,0.0319628082215786,0.0778532027598859,33.200262317633914,1.0612068176269531,500000.0,continuous_27,27,continuous_naca,direct OpenFOAM-coefficient surrogate,0.03600164341926579,-1.3858616352081299,98859.796875,deeponet,surrogate estimate; validate top designs with OpenFOAM,33.200262317633914,0.2817370271682742,0.0,2412,0.07020520019531246
4.580153107643104,0.005357485997821228,0.037263400852680206,0.13318826450206733,32.96251753171711,1.2283284664154053,500000.0,continuous_28,28,continuous_naca,direct OpenFOAM-coefficient surrogate,0.045470402836799685,-1.5655890703201294,98842.4296875,deeponet,surrogate estimate; validate top designs with OpenFOAM,32.96251753171711,0.2747767758369446,0.0,2412,0.06
4.048751008510566,0.003697689995694683,0.034162361174821854,0.14547980680560152,34.504281315384894,1.1787822246551514,500000.0,continuous_29,29,continuous_naca,direct OpenFOAM-coefficient surrogate,0.04413879936933523,-1.5126084089279175,98848.125,deeponet,surrogate estimate; validate top designs with OpenFOAM,34.504281315384894,0.2708341014385226,0.0,2412,0.06172320556640626
3.6259482443332374,0.0051832392517001365,0.03672678396105766,0.21445720000688667,34.89043838925368,1.281448483467102,500000.0,continuous_30,30,continuous_naca,direct OpenFOAM-coefficient surrogate,0.049008623629808484,-1.6705658435821533,98839.109375,deeponet,surrogate estimate; validate top designs with OpenFOAM,34.89043838925368,0.23871151745319408,0.0,2412,0.060895111083984405
4.017594423890083,-0.008067478128015514,0.05050281807780266,0.0480416646577692,30.401839546635934,1.5354089736938477,500000.0,continuous_31,31,continuous_naca,direct OpenFOAM-coefficient surrogate,0.053263644173741416,-2.0724265575408936,98819.3125,deeponet,surrogate estimate; validate top designs with OpenFOAM,30.401839546635934,0.1692029979825025,0.0,2412,0.06555015563964844
4.373642227798683,-0.003734654093707506,0.030102787539362907,0.09225389497696901,33.6128772117532,1.0118749141693115,500000.0,continuous_32,32,continuous_naca,direct OpenFOAM-coefficient surrogate,0.038205219972878735,-1.2555357217788696,98865.6328125,deeponet,surrogate estimate; validate top designs with OpenFOAM,33.6128772117532,0.320333815291524,0.0,2412,0.06138753890991211
3.61759369559584,0.0094735862640977,0.03140132874250412,0.2404605769372117,35.428734732761654,1.1125447750091553,500000.0,continuous_33,33,continuous_naca,direct OpenFOAM-coefficient surrogate,0.04192483598925176,-1.4410159587860107,98855.7265625,deeponet,surrogate estimate; validate top designs with OpenFOAM,35.428734732761654,0.27317738357931387,0.0,2412,0.06624392509460447
3.066674986295382,0.008304194259103472,0.02975408360362053,0.30041972850219484,36.3236876081489,1.0808143615722656,500000.0,continuous_34,34,continuous_naca,direct OpenFOAM-coefficient surrogate,0.04167819951381535,-1.4203985929489136,98859.5234375,deeponet,surrogate estimate; validate top designs with OpenFOAM,36.3236876081489,0.26746498322114354,0.0,2412,0.06936588764190671
3.0001326414756306,-0.0043112313911132,0.027543582022190094,0.07351759683234786,35.754870734761916,0.9848529696464539,500000.0,continuous_35,35,continuous_naca,direct OpenFOAM-coefficient surrogate,0.036976440431084494,-1.307666540145874,98868.171875,deeponet,surrogate estimate; validate top designs with OpenFOAM,35.754870734761916,0.2793468957301233,0.0,2412,0.07092686891555783
2.9388930101412996,0.0006430153888595244,0.02885134331882,0.1728120697831945,38.59031313276672,1.1134209632873535,500000.0,continuous_36,36,continuous_naca,direct OpenFOAM-coefficient surrogate,0.046932598354527746,-1.428784966468811,98856.3828125,deeponet,surrogate estimate; validate top designs with OpenFOAM,38.59031313276672,0.2711915786797182,0.0,2412,0.061082503080368056
2.3611864953068658,0.006486918500953916,0.027520108968019485,0.2794156773193499,41.18106958194858,1.1333487033843994,500000.0,continuous_37,37,continuous_naca,direct OpenFOAM-coefficient surrogate,0.05239807582215872,-1.4472585916519165,98856.171875,deeponet,surrogate estimate; validate top designs with OpenFOAM,41.18106958194858,0.2659188544354403,0.0,2412,0.06
1.6533289559068747,-0.0026843105109655486,0.03298887610435486,-0.0205206251122818,37.40990902867803,1.2341482639312744,500000.0,continuous_38,38,continuous_naca,direct OpenFOAM-coefficient surrogate,0.05182544972555479,-1.6620597839355469,98846.078125,deeponet,surrogate estimate; validate top designs with OpenFOAM,37.40990902867803,0.20538731012842654,0.0,2412,0.06920639491081237
1.4147132951591388,-0.0021433518205451396,0.02383921854197979,0.34621244914305943,38.63807925761399,0.9211402535438538,500000.0,continuous_39,39,continuous_naca,direct OpenFOAM-coefficient surrogate,0.042430459116498204,-1.2387025356292725,98877.453125,deeponet,surrogate estimate; validate top designs with OpenFOAM,38.63807925761399,0.2703475043043727,0.0,2412,0.07385446465015405
1.2478192248584996,-0.002311805272847237,0.029225260019302368,0.07562434491588994,41.16912842701193,1.2032196521759033,500000.0,continuous_40,40,continuous_naca,direct OpenFOAM-coefficient surrogate,0.05718965165792903,-1.5798826217651367,98850.7109375,deeponet,surrogate estimate; validate top designs with OpenFOAM,41.16912842701193,0.22521243031456828,0.0,2412,0.06528650468587874
0.27184899932030726,-0.0035969721088242395,0.02759007178246975,0.07368993883668529,42.691271271805114,1.1778979301452637,500000.0,continuous_41,41,continuous_naca,direct OpenFOAM-coefficient surrogate,0.060243618647255026,-1.5574934482574463,98852.59375,deeponet,surrogate estimate; validate top designs with OpenFOAM,42.691271271805114,0.21596806637026034,0.0,2412,0.06480779448151586
-1.12556399416723,-0.0012058120722027498,0.027496248483657837,0.12937643263423684,44.277932411171875,1.2175213098526,500000.0,continuous_42,42,continuous_naca,direct OpenFOAM-coefficient surrogate,0.06952632821397486,-1.6242550611495972,98847.2421875,deeponet,surrogate estimate; validate top designs with OpenFOAM,44.277932411171875,0.19021960794481874,0.0,2412,0.06252874790132043
0.2957485546717624,-0.010112730881985242,0.020981524139642715,0.11830683495243717,47.6745594219476,1.0003325939178467,500000.0,continuous_43,43,continuous_naca,direct OpenFOAM-coefficient surrogate,0.05894680767972561,-1.273302674293518,98873.5078125,deeponet,surrogate estimate; validate top designs with OpenFOAM,47.6745594219476,0.27046188837117346,0.0,2412,0.061628463707864234
-0.3830416459457937,-0.006086108412835543,0.016915015876293182,0.07492418064601389,51.04538256249852,0.8634845018386841,500000.0,continuous_44,44,continuous_naca,direct OpenFOAM-coefficient surrogate,0.06250748665681102,-1.0683287382125854,98893.03125,deeponet,surrogate estimate; validate top designs with OpenFOAM,51.04538256249852,0.3029991774925469,0.0,2412,0.06
-0.36451325513296795,0.0009885162101470498,0.026074932888150215,0.14800196810367755,48.486071217213436,1.2643195390701294,500000.0,continuous_45,45,continuous_naca,direct OpenFOAM-coefficient surrogate,0.07838031205893861,-1.626202940940857,98845.8828125,deeponet,surrogate estimate; validate top designs with OpenFOAM,48.486071217213436,0.2218275307893144,0.0,2412,0.06
-1.0037854248280627,-0.01261527169986502,0.019344951957464218,0.11526273033001964,53.29633441195997,1.0310683250427246,500000.0,continuous_46,46,continuous_naca,direct OpenFOAM-coefficient surrogate,0.07421644971801258,-1.2997130155563354,98870.375,deeponet,surrogate estimate; validate top designs with OpenFOAM,53.29633441195997,0.26527015501649187,0.0,2412,0.06
-2.1295877496713436,-0.005655471528723831,0.01685691438615322,0.0810761722223907,55.25723716472618,0.9315217733383179,500000.0,continuous_47,47,continuous_naca,direct OpenFOAM-coefficient surrogate,0.08272984874805435,-1.1589874029159546,98880.1640625,deeponet,surrogate estimate; validate top designs with OpenFOAM,55.25723716472618,0.28529901736745367,0.0,2412,0.06
-4.0,-0.006664894596775761,0.019368287175893784,0.027147874894678826,50.891084580128116,0.9857240319252014,500000.0,continuous_48,48,continuous_naca,direct OpenFOAM-coefficient surrogate,0.09,-1.25165855884552,98872.234375,deeponet,surrogate estimate; validate top designs with OpenFOAM,50.891084580128116,0.23425381236162657,0.0,2412,0.061264373950660214
-2.3130073312078228,-0.004043162939365908,0.014576427638530731,0.03671063277599932,52.815436005232044,0.7699131965637207,500000.0,continuous_49,49,continuous_naca,direct OpenFOAM-coefficient surrogate,0.08728249551792713,-0.9303182363510132,98901.875,deeponet,surrogate estimate; validate top designs with OpenFOAM,52.815436005232044,0.331970161060652,0.0,2412,0.06
-4.0,-0.003101729560758875,0.015876326709985733,0.03887944401192192,31.283280360425746,0.4966948628425598,500000.0,continuous_50,50,continuous_naca,direct OpenFOAM-coefficient surrogate,0.08287960340245765,-0.6252638697624207,98942.7890625,deeponet,surrogate estimate; validate top designs with OpenFOAM,31.283280360425746,0.35543355335182525,0.0,2412,0.0606321869753301
-1.285461218419604,-0.014425874413663234,0.020009230822324753,0.11194069205211722,53.9506067735622,1.079564094543457,500000.0,continuous_51,51,continuous_naca,direct OpenFOAM-coefficient surrogate,0.07950513489481836,-1.3617582321166992,98864.2109375,deeponet,surrogate estimate; validate top designs with OpenFOAM,53.9506067735622,0.2552290364299421,0.0,2412,0.06015804674383252
0.9444510273777178,-0.00608998444503525,0.015964459627866745,-0.003589464429839162,53.75282202606838,0.8581885099411011,500000.0,continuous_52,52,continuous_naca,direct OpenFOAM-coefficient surrogate,0.06601248290880543,-1.008665680885315,98897.59375,deeponet,surrogate estimate; validate top designs with OpenFOAM,53.75282202606838,0.3534948838136708,0.0,2412,0.06
-2.0087609900147325,-0.009594698096759465,0.0156446173787117,0.0067350944279179195,57.76550591848158,0.903777003288269,500000.0,continuous_53,53,continuous_naca,direct OpenFOAM-coefficient surrogate,0.09,-1.0891225337982178,98884.09375,deeponet,surrogate estimate; validate top designs with OpenFOAM,57.76550591848158,0.30999737184331244,0.0,2412,0.06007902337191626
-2.821620662049202,-0.005843960322825765,0.015292983502149582,-0.014747462390202548,53.04948886181743,0.8113380074501038,500000.0,continuous_54,54,continuous_naca,direct OpenFOAM-coefficient surrogate,0.09,-0.980008065700531,98894.578125,deeponet,surrogate estimate; validate top designs with OpenFOAM,53.04948886181743,0.3134964690186952,0.0,2412,0.0601185350578744
0.07332786584384143,-0.006090833367407117,0.02094978280365467,0.1037700638753708,52.093434854632626,1.0913982391357422,500000.0,continuous_55,55,continuous_naca,direct OpenFOAM-coefficient surrogate,0.07184123775791193,-1.3663753271102905,98865.25,deeponet,surrogate estimate; validate top designs with OpenFOAM,52.093434854632626,0.2700399936665374,0.0,2412,0.06011853505787439
-1.7164235319449066,-0.013484578162624036,0.015278317965567112,0.0956826856423601,56.292440933707006,0.8601101040840149,500000.0,continuous_56,56,continuous_naca,direct OpenFOAM-coefficient surrogate,0.08342218107792333,-1.050557255744934,98891.2734375,deeponet,surrogate estimate; validate top designs with OpenFOAM,56.292440933707006,0.31648761921212337,0.0,2412,0.0600296337644686
-4.0,-0.005629412945719811,0.019436541944742203,-0.010972717664714011,51.13091121796145,0.9938592314720154,500000.0,continuous_57,57,continuous_naca,direct OpenFOAM-coefficient surrogate,0.09,-1.262795329093933,98871.046875,deeponet,surrogate estimate; validate top designs with OpenFOAM,51.13091121796145,0.23001163861274498,0.0,2412,0.06013335194010869
-0.4203036725674645,-0.010762377071981155,0.0159101951867342,0.08322393558361721,56.64750178612174,0.9013294577598572,500000.0,continuous_58,58,continuous_naca,direct OpenFOAM-coefficient surrogate,0.07496338704450223,-1.0881911516189575,98889.6796875,deeponet,surrogate estimate; validate top designs with OpenFOAM,56.64750178612174,0.32262407251343933,0.0,2412,0.06003333798502717
-1.8520767536796199,-0.0012508336250880215,0.013794062659144402,0.02720628869463414,50.89609074086283,0.7021147608757019,500000.0,continuous_59,59,continuous_naca,direct OpenFOAM-coefficient surrogate,0.08605257354042159,-0.8345416784286499,98914.5546875,deeponet,surrogate estimate; validate top designs with OpenFOAM,50.89609074086283,0.36197500403822225,0.0,2412,0.06
-1.427115102234608,-0.0063464051612218035,0.017480632290244102,0.09300551784879328,56.30607682037795,0.9843221306800842,500000.0,continuous_60,60,continuous_naca,direct OpenFOAM-coefficient surrogate,0.08114199455621918,-1.2197444438934326,98875.46875,deeponet,surrogate estimate; validate top designs with OpenFOAM,56.30607682037795,0.28191552833201217,0.0,2412,0.060096772762092764
-0.656713898709512,-0.002164050357280855,0.015237241052091122,0.059301020477061456,58.74900796694083,0.8952315449714661,500000.0,continuous_61,61,continuous_naca,direct OpenFOAM-coefficient surrogate,0.08203393259126802,-1.075016736984253,98889.1328125,deeponet,surrogate estimate; validate top designs with OpenFOAM,58.74900796694083,0.33021327858299,0.0,2412,0.0601193839417524
0.07972302677140419,-0.007588317268439252,0.014982981607317924,0.08534031492978618,59.46701131069486,0.8910526037216187,500000.0,continuous_62,62,continuous_naca,direct OpenFOAM-coefficient surrogate,0.08168597451287488,-1.0526142120361328,98890.84375,deeponet,surrogate estimate; validate top designs with OpenFOAM,59.46701131069486,0.3526704091907582,0.0,2412,0.06017907591262861
-0.17180483707779381,-0.004313239626616155,0.0165996290743351,0.09276374476488294,58.476845286666375,0.9707524180412292,500000.0,continuous_63,63,continuous_naca,direct OpenFOAM-coefficient surrogate,0.0804734969788748,-1.1739305257797241,98880.0,deeponet,surrogate estimate; validate top designs with OpenFOAM,58.476845286666375,0.3171160717276377,0.0,2412,0.0601644712513638
0.1665418657903146,-0.008973427792277966,0.014260739088058472,0.07076344976894977,59.30804088594628,0.84583580493927,500000.0,continuous_64,64,continuous_naca,direct OpenFOAM-coefficient surrogate,0.08241943471190677,-0.987087607383728,98897.1015625,deeponet,surrogate estimate; validate top designs with OpenFOAM,59.30804088594628,0.3692884343055617,0.0,2412,0.060131181498375146
-0.5468467946979393,-0.009823982872997229,0.014575555920600891,-0.00227022562655012,60.93740172529452,0.8882574439048767,500000.0,continuous_65,65,continuous_naca,direct OpenFOAM-coefficient surrogate,0.09,-1.0543601512908936,98887.828125,deeponet,surrogate estimate; validate top designs with OpenFOAM,60.93740172529452,0.35191207102019567,0.0,2412,0.06024353803211475
-0.6101183557631766,-0.003260024922109471,0.01385403424501419,-0.02816704404830141,59.548837908201655,0.8250511884689331,500000.0,continuous_66,66,continuous_naca,direct OpenFOAM-coefficient surrogate,0.09,-0.9684960842132568,98896.65625,deeponet,surrogate estimate; validate top designs with OpenFOAM,59.548837908201655,0.36655607027357384,0.0,2412,0.06034863805565853
4.0,-0.003704588508019372,0.028366241604089737,0.1659460727145477,29.182542315087638,0.8278282284736633,500000.0,continuous_1,1,continuous_naca,direct OpenFOAM-coefficient surrogate,0.04,-1.088591456413269,98887.7265625,deeponet,surrogate estimate; validate top designs with OpenFOAM,29.182542315087638,0.4,0.0,4415,0.15
4.0,-0.0044521643696624315,0.028604373335838318,0.1518092449446434,29.762355879149734,0.8513633012771606,500000.0,continuous_2,2,continuous_naca,direct OpenFOAM-coefficient surrogate,0.042,-1.0979504585266113,98886.5859375,deeponet,surrogate estimate; validate top designs with OpenFOAM,29.762355879149734,0.4,0.0,4415,0.15
4.0,-0.0026191340729551484,0.027189526706933975,0.1558465325840766,29.028548182711962,0.7893015146255493,500000.0,continuous_3,3,continuous_naca,direct OpenFOAM-coefficient surrogate,0.04,-1.0166493654251099,98889.03125,deeponet,surrogate estimate; validate top designs with OpenFOAM,29.028548182711962,0.42000000000000004,0.0,4415,0.15
4.0,-0.00171020384098936,0.029036497697234154,0.12096618903374146,28.470951372514314,0.82672518491745,500000.0,continuous_4,4,continuous_naca,direct OpenFOAM-coefficient surrogate,0.04,-1.0960733890533447,98887.53125,deeponet,surrogate estimate; validate top designs with OpenFOAM,28.470951372514314,0.4,0.0,4415,0.1575
4.2,-0.0034834087558995846,0.02922728657722473,0.1714235273566595,29.00879125372714,0.8478772640228271,500000.0,continuous_5,5,continuous_naca,direct OpenFOAM-coefficient surrogate,0.04,-1.10985267162323,98884.484375,deeponet,surrogate estimate; validate top designs with OpenFOAM,29.00879125372714,0.4,0.0,4415,0.15
4.1,0.0024959981497330824,0.02752276510000229,0.18683904326652298,29.93291374039916,0.8238664865493774,500000.0,continuous_6,6,continuous_naca,direct OpenFOAM-coefficient surrogate,0.041,-1.0432571172714233,98887.5703125,deeponet,surrogate estimate; validate top designs with OpenFOAM,29.93291374039916,0.41000000000000003,0.0,4415,0.1425
4.149999999999999,0.0061872392046153635,0.027053505182266235,0.3324485887141996,30.5667902471622,0.8269693851470947,500000.0,continuous_7,7,continuous_naca,direct OpenFOAM-coefficient surrogate,0.041499999999999995,-1.0243288278579712,98888.234375,deeponet,surrogate estimate; validate top designs with OpenFOAM,30.5667902471622,0.41500000000000004,0.0,4415,0.13499999999999995
3.874999999999999,0.0009789329048650985,0.026207109913229942,0.1802573602208661,30.31779997811459,0.7945722341537476,500000.0,continuous_8,8,continuous_naca,direct OpenFOAM-coefficient surrogate,0.04175,-0.9988691210746765,98891.3671875,deeponet,surrogate estimate; validate top designs with OpenFOAM,30.31779997811459,0.4175000000000001,0.0,4415,0.1425
4.012499999999999,0.004220889478180609,0.02807554602622986,0.20945973541792498,30.95314347068732,0.8690573573112488,500000.0,continuous_9,9,continuous_naca,direct OpenFOAM-coefficient surrogate,0.042625,-1.105116605758667,98886.3515625,deeponet,surrogate estimate; validate top designs with OpenFOAM,30.95314347068732,0.3962500000000001,0.0,4415,0.13875
4.018749999999999,0.005457915316265946,0.028275996446609497,0.22890995958973817,31.8162095998129,0.8996668457984924,500000.0,continuous_10,10,continuous_naca,direct OpenFOAM-coefficient surrogate,0.043937500000000004,-1.1336580514907837,98884.8515625,deeponet,surrogate estimate; validate top designs with OpenFOAM,31.8162095998129,0.38437500000000013,0.0,4415,0.133125
4.021874999999998,-0.0015746597650673597,0.026846211403608322,0.29037539977694904,32.08617069151549,0.8614242076873779,500000.0,continuous_11,11,continuous_naca,direct OpenFOAM-coefficient surrogate,0.04459375000000001,-1.0548192262649536,98886.90625,deeponet,surrogate estimate; validate top designs with OpenFOAM,32.08617069151549,0.4084375000000001,0.0,4415,0.13031249999999997
4.032812499999997,0.008130582315983445,0.02603122964501381,0.3013914024675222,33.34758870399076,0.8681120872497559,500000.0,continuous_12,12,continuous_naca,direct OpenFOAM-coefficient surrogate,0.046890625000000005,-1.0317845344543457,98886.8359375,deeponet,surrogate estimate; validate top designs with OpenFOAM,33.34758870399076,0.41265625000000017,0.0,4415,0.12046874999999996
4.038281249999997,0.004589426744768011,0.02540900558233261,0.22685715764891135,33.11992934377842,0.8415775895118713,500000.0,continuous_13,13,continuous_naca,direct OpenFOAM-coefficient surrogate,0.04503906250000001,-0.9942921996116638,98890.4921875,deeponet,surrogate estimate; validate top designs with OpenFOAM,33.11992934377842,0.41476562500000014,0.0,4415,0.11554687499999997
4.244921874999997,0.006676578492689716,0.027371136471629143,0.21097964436309918,33.69719553606401,0.9223642349243164,500000.0,continuous_14,14,continuous_naca,direct OpenFOAM-coefficient surrogate,0.04693359375000001,-1.0970497131347656,98881.984375,deeponet,surrogate estimate; validate top designs with OpenFOAM,33.69719553606401,0.3958984375000002,0.0,4415,0.1095703124999999
4.429882812499995,-0.0043828355313043355,0.027994943782687187,0.07638649005862444,34.53321340980933,0.9667899012565613,500000.0,continuous_15,15,continuous_naca,direct OpenFOAM-coefficient surrogate,0.04952539062500001,-1.1315338611602783,98876.4921875,deeponet,surrogate estimate; validate top designs with OpenFOAM,34.53321340980933,0.38509765625000036,0.0,4415,0.09310546874999986
4.1098632812499964,-0.0011046172913697686,0.026913102716207504,0.187547705112462,36.02001637921078,0.9694464206695557,500000.0,continuous_16,16,continuous_naca,direct OpenFOAM-coefficient surrogate,0.051196289062500025,-1.1415783166885376,98878.2578125,deeponet,surrogate estimate; validate top designs with OpenFOAM,36.02001637921078,0.3834472656250004,0.0,4415,0.09612304687499992
4.089794921874995,-0.01142033682604717,0.02691674418747425,0.0363944229664802,38.16339347347218,1.0272724628448486,500000.0,continuous_17,17,continuous_naca,direct OpenFOAM-coefficient surrogate,0.056044433593750026,-1.2043654918670654,98871.1171875,deeponet,surrogate estimate; validate top designs with OpenFOAM,38.16339347347218,0.36767089843750056,0.0,4415,0.07668457031249992
4.2766357421874925,-0.005151899664002279,0.024970397353172302,0.07913769032995016,36.79913020386626,0.9189257025718689,500000.0,continuous_18,18,continuous_naca,direct OpenFOAM-coefficient surrogate,0.05481225585937502,-1.0349880456924438,98881.6875,deeponet,surrogate estimate; validate top designs with OpenFOAM,36.79913020386626,0.4057202148437504,0.0,4415,0.06977783203124988
4.376281738281243,-0.005678747239840551,0.027705561369657516,0.1016383413086384,37.7528592309851,1.04600191116333,500000.0,continuous_19,19,continuous_naca,direct OpenFOAM-coefficient surrogate,0.05859729003906252,-1.215590000152588,98866.7109375,deeponet,surrogate estimate; validate top designs with OpenFOAM,37.7528592309851,0.3708068847656256,0.0,4415,0.06447143554687484
4.553485107421865,-0.006926739929557594,0.030389051884412766,0.11570825148991128,37.54950486436335,1.1411314010620117,500000.0,continuous_20,20,continuous_naca,direct OpenFOAM-coefficient surrogate,0.0625990600585938,-1.349777340888977,98855.8046875,deeponet,surrogate estimate; validate top designs with OpenFOAM,37.54950486436335,0.3519915771484383,0.0,4415,0.06
4.218215942382804,-0.01091345496873202,0.027249272912740707,0.018543774686754364,40.45242077681723,1.102339506149292,500000.0,continuous_21,21,continuous_naca,direct OpenFOAM-coefficient surrogate,0.06650112915039066,-1.289514183998108,98860.9140625,deeponet,surrogate estimate; validate top designs with OpenFOAM,40.45242077681723,0.3629971313476571,0.0,4415,0.06
4.112382507324208,-0.003375402793587265,0.027938399463891983,0.14270735117756278,42.41305100130767,1.184995174407959,500000.0,continuous_22,22,continuous_naca,direct OpenFOAM-coefficient surrogate,0.07498899841308598,-1.4072611331939697,98852.9609375,deeponet,surrogate estimate; validate top designs with OpenFOAM,42.41305100130767,0.3519468688964855,0.0,4415,0.06
4.289336395263662,-0.009609396799873517,0.03340406343340874,0.14182518096143445,38.72437097435373,1.2935900688171387,500000.0,continuous_23,23,continuous_naca,direct OpenFOAM-coefficient surrogate,0.07130263519287114,-1.5812207460403442,98842.921875,deeponet,surrogate estimate; validate top designs with OpenFOAM,38.72437097435373,0.3154878997802746,0.0,4415,0.060800170898437506
3.880412673950188,0.005325180383917362,0.0274190716445446,0.29003284669035656,41.599690169289055,1.1406664848327637,500000.0,continuous_24,24,continuous_naca,direct OpenFOAM-coefficient surrogate,0.06786761856079103,-1.3536442518234253,98859.6328125,deeponet,surrogate estimate; validate top designs with OpenFOAM,41.599690169289055,0.3509646987915048,0.0,4415,0.07097808837890612
3.8096815109252837,-0.013206918568047716,0.030660726130008698,0.011797976438085526,41.77541454082063,1.280906319618225,500000.0,continuous_25,25,continuous_naca,direct OpenFOAM-coefficient surrogate,0.07650455284118657,-1.560840368270874,98846.8984375,deeponet,surrogate estimate; validate top designs with OpenFOAM,41.77541454082063,0.3222282981872572,0.0,4415,0.06975997924804694
3.9561116218566763,-0.007911982474414542,0.03334546089172363,0.088891916133432,41.95848030100056,1.3991668224334717,500000.0,continuous_26,26,continuous_naca,direct OpenFOAM-coefficient surrogate,0.08928746891021735,-1.7202996015548706,98835.671875,deeponet,surrogate estimate; validate top designs with OpenFOAM,41.95848030100056,0.3026429843902605,0.0,4415,0.06
3.5899577617645155,-0.009532330107710416,0.02611168846487999,0.040501876056046174,46.27165169604982,1.2082772254943848,500000.0,continuous_27,27,continuous_naca,direct OpenFOAM-coefficient surrogate,0.08302168416976932,-1.4440853595733643,98852.140625,deeponet,surrogate estimate; validate top designs with OpenFOAM,46.27165169604982,0.3484035253524794,0.0,4415,0.06956886291503903
3.2402684450149426,0.0004857201403445189,0.02369437739253044,0.2060431510178247,49.90158727866229,1.1824369430541992,500000.0,continuous_28,28,continuous_naca,direct OpenFOAM-coefficient surrogate,0.08888120865821841,-1.3939883708953857,98854.5625,deeponet,surrogate estimate; validate top designs with OpenFOAM,49.90158727866229,0.3648613381385819,0.0,4415,0.07395320892333979
3.6788093686103673,-0.007549415429863656,0.029498767107725143,0.025429766542577257,45.05703014966389,1.329171895980835,500000.0,continuous_29,29,continuous_naca,direct OpenFOAM-coefficient surrogate,0.09,-1.6138460636138916,98841.3828125,deeponet,surrogate estimate; validate top designs with OpenFOAM,45.05703014966389,0.3198750460147878,0.0,4415,0.06087850570678724
3.684104460477813,-0.008028222171758836,0.026048438623547554,-0.050118943124253315,47.65831088353891,1.2414722442626953,500000.0,continuous_30,30,continuous_naca,direct OpenFOAM-coefficient surrogate,0.09,-1.4929701089859009,98847.03125,deeponet,surrogate estimate; validate top designs with OpenFOAM,47.65831088353891,0.3474348205328007,0.0,4415,0.06
3.401670768856989,0.00025260486516960476,0.02158128097653389,0.04885016567294723,49.65457957386272,1.0716590881347656,500000.0,continuous_31,31,continuous_naca,direct OpenFOAM-coefficient surrogate,0.08264763462543484,-1.243261456489563,98864.5546875,deeponet,surrogate estimate; validate top designs with OpenFOAM,49.65457957386272,0.38941605240106747,0.0,4415,0.0674158573150635
2.8900440141558477,-0.0019721279240986003,0.022563721984624863,0.21450113295249634,51.873152237492484,1.1705032587051392,500000.0,continuous_32,32,continuous_naca,direct OpenFOAM-coefficient surrogate,0.09,-1.3824727535247803,98856.2734375,deeponet,surrogate estimate; validate top designs with OpenFOAM,51.873152237492484,0.3588467596471334,0.0,4415,0.07112378597259528
2.2788747675716685,-0.010136342637978836,0.020432719960808754,0.2579065136898799,54.62414972934324,1.116174578666687,500000.0,continuous_33,33,continuous_naca,direct OpenFOAM-coefficient surrogate,0.09,-1.3111038208007812,98862.8984375,deeponet,surrogate estimate; validate top designs with OpenFOAM,54.62414972934324,0.3622967050224575,0.0,4415,0.07668567895889292
2.623649852350339,-0.00685450307969504,0.017917219549417496,0.12651885097198548,54.188540558303345,0.9709621667861938,500000.0,continuous_34,34,continuous_naca,direct OpenFOAM-coefficient surrogate,0.0857644216418266,-1.1098127365112305,98876.2421875,deeponet,surrogate estimate; validate top designs with OpenFOAM,54.188540558303345,0.41212941203266606,0.0,4415,0.07814886689186087
2.088127456419156,-0.009646289400437866,0.016936730593442917,0.1370471817138369,54.08021982829339,0.9159961938858032,500000.0,continuous_35,35,continuous_naca,direct OpenFOAM-coefficient surrogate,0.08364663246273993,-1.0412037372589111,98885.3125,deeponet,surrogate estimate; validate top designs with OpenFOAM,54.08021982829339,0.4169169332645857,0.0,4415,0.08810180604457854
1.713789491821064,-0.0032159694224311833,0.01812615431845188,0.051403637490886576,56.134516959337866,1.0175590515136719,500000.0,continuous_36,36,continuous_naca,direct OpenFOAM-coefficient surrogate,0.09,-1.150661826133728,98876.875,deeponet,surrogate estimate; validate top designs with OpenFOAM,56.134516959337866,0.38868614182807804,0.0,4415,0.09102892309427257
0.8698488533031021,-0.017326913633192952,0.017407182604074478,0.00340079558892804,55.31555690831272,0.9629433155059814,500000.0,continuous_37,37,continuous_naca,direct OpenFOAM-coefficient surrogate,0.09,-1.0934561491012573,98886.5078125,deeponet,surrogate estimate; validate top designs with OpenFOAM,55.31555690831272,0.38832118654158343,0.0,4415,0.10283545598387711
1.1119523390661712,-0.012721392737606661,0.015177125111222267,0.14607887441173048,54.58052235679613,0.8284299969673157,500000.0,continuous_38,38,continuous_naca,direct OpenFOAM-coefficient surrogate,0.08582431839406485,-0.9243642687797546,98899.8203125,deeponet,surrogate estimate; validate top designs with OpenFOAM,54.58052235679613,0.42515325793531167,0.0,4415,0.09302942857146268
1.7760057689854656,-0.012738282461047492,0.018377628177404404,0.2548022287507027,56.79410461564442,1.0437977313995361,500000.0,continuous_39,39,continuous_naca,direct OpenFOAM-coefficient surrogate,0.09,-1.2138139009475708,98871.1640625,deeponet,surrogate estimate; validate top designs with OpenFOAM,56.79410461564442,0.3772158251446709,0.0,4415,0.08134464271366595
1.6199449252686202,-0.014442067872837661,0.01904459111392498,0.2556977186965441,56.681766548121146,1.0795377492904663,500000.0,continuous_40,40,continuous_naca,direct OpenFOAM-coefficient surrogate,0.09,-1.2685734033584595,98868.015625,deeponet,surrogate estimate; validate top designs with OpenFOAM,56.681766548121146,0.3573652710847135,0.0,4415,0.07796606104820963
0.8166613313718454,-0.012586606837601273,0.01808212883770466,-0.006491020233586658,56.389771735588354,1.0197035074234009,500000.0,continuous_41,41,continuous_naca,direct OpenFOAM-coefficient surrogate,0.09,-1.1723995208740234,98879.4375,deeponet,surrogate estimate; validate top designs with OpenFOAM,56.389771735588354,0.36454655293259297,0.0,4415,0.09289546977728619
2.1807133408088504,0.0069524336687561295,0.024488093331456184,0.2439998910152761,50.81117787870813,1.2443196773529053,500000.0,continuous_42,42,continuous_naca,direct OpenFOAM-coefficient surrogate,0.09,-1.469787359237671,98856.3125,deeponet,surrogate estimate; validate top designs with OpenFOAM,50.81117787870813,0.32121935452858796,0.0,4415,0.07794792870059614
1.379142589501841,-0.018174437033945355,0.016496870666742325,0.13597045434807786,56.621427824887725,0.934132993221283,500000.0,continuous_43,43,continuous_naca,direct OpenFOAM-coefficient surrogate,0.08791215919703242,-1.0648142099380493,98885.046875,deeponet,surrogate estimate; validate top designs with OpenFOAM,56.621427824887725,0.39916978208363074,0.0,4415,0.08925905360374604
0.5639248232684393,-0.011411163096847294,0.01601366698741913,0.025270231203705446,54.84978499527601,0.8784010410308838,500000.0,continuous_44,44,continuous_naca,direct OpenFOAM-coefficient surrogate,0.08895607959851617,-0.9842641949653625,98896.1640625,deeponet,surrogate estimate; validate top designs with OpenFOAM,54.84978499527601,0.40251244597202884,0.0,4415,0.10057836563559247
0.9926623093442464,-0.005349545871094263,0.016651127487421036,-0.008056958475226967,56.44285058652343,0.9398935437202454,500000.0,continuous_45,45,continuous_naca,direct OpenFOAM-coefficient surrogate,0.08921705969888714,-1.0584373474121094,98887.75,deeponet,surrogate estimate; validate top designs with OpenFOAM,56.44285058652343,0.392458510734636,0.0,4415,0.09460519396641758
0.7684465077806353,-0.007280990713323609,0.01676112972199917,0.10250524998381647,57.21861868256126,0.959105908870697,500000.0,continuous_46,46,continuous_naca,direct OpenFOAM-coefficient surrogate,0.08856460944795977,-1.089439868927002,98886.4609375,deeponet,surrogate estimate; validate top designs with OpenFOAM,57.21861868256126,0.3780091936196872,0.0,4415,0.08802325693628532
0.29577501576042087,-0.022073123458405203,0.01595519855618477,0.19391017611228512,56.992661152468564,0.9093862175941467,500000.0,continuous_47,47,continuous_naca,direct OpenFOAM-coefficient surrogate,0.08784691417193963,-1.0498418807983398,98890.3046875,deeponet,surrogate estimate; validate top designs with OpenFOAM,56.992661152468564,0.3726707195154919,0.0,4415,0.0865204238572917
1.6414672564342485,-0.003443202669136899,0.016211707144975662,0.17195400237679456,57.00234145813272,0.9241622686386108,500000.0,continuous_48,48,continuous_naca,direct OpenFOAM-coefficient surrogate,0.08784691417193968,-1.0473219156265259,98885.296875,deeponet,surrogate estimate; validate top designs with OpenFOAM,57.00234145813272,0.40888010285871934,0.0,4415,0.08372060383277127
1.789868752006849,-0.0074045276386562,0.017160695046186447,0.1827870290884628,57.42400039645127,0.9854931831359863,500000.0,continuous_49,49,continuous_naca,direct OpenFOAM-coefficient surrogate,0.0879447817095788,-1.1454867124557495,98877.0234375,deeponet,surrogate estimate; validate top designs with OpenFOAM,57.42400039645127,0.3891789411187182,0.0,4415,0.07656858457681671
2.1884719733381504,-0.010094224378940734,0.017512578517198563,0.06530241705141286,57.01235032988567,0.9984902739524841,500000.0,continuous_50,50,continuous_naca,direct OpenFOAM-coefficient surrogate,0.08730864271492464,-1.1590372323989868,98874.5390625,deeponet,surrogate estimate; validate top designs with OpenFOAM,57.01235032988567,0.3875391563107593,0.0,4415,0.06755027988201626
1.608751553101758,-0.0029547787876184088,0.01750500127673149,0.17919101633850648,57.96793363797512,1.014786720275879,500000.0,continuous_51,51,continuous_naca,direct OpenFOAM-coefficient surrogate,0.08926599346770671,-1.176290512084961,98874.71875,deeponet,surrogate estimate; validate top designs with OpenFOAM,57.96793363797512,0.3774722492872671,0.0,4415,0.07556949042602358
1.7235560349017165,-0.002321395936895508,0.017820263281464577,0.18048330351833908,58.31449542385149,1.0392379760742188,500000.0,continuous_52,52,continuous_naca,direct OpenFOAM-coefficient surrogate,0.08994291060304385,-1.2250430583953857,98870.234375,deeponet,surrogate estimate; validate top designs with OpenFOAM,58.31449542385149,0.3666234828890853,0.0,4415,0.06872470883716233
1.185663506576259,-0.005054920322203255,0.01555751170963049,0.1393277350692118,58.24792819499888,0.906251072883606,500000.0,continuous_53,53,continuous_naca,direct OpenFOAM-coefficient surrogate,0.08714960796626106,-1.0450719594955444,98888.0625,deeponet,surrogate estimate; validate top designs with OpenFOAM,58.24792819499888,0.39413003509843403,0.0,4415,0.07717393437785189
1.0923001441984814,-0.004111751447443642,0.017434298992156982,0.17096684051145114,58.81665653642881,1.0254859924316406,500000.0,continuous_54,54,continuous_naca,direct OpenFOAM-coefficient surrogate,0.08895404069148205,-1.2011185884475708,98874.328125,deeponet,surrogate estimate; validate top designs with OpenFOAM,58.81665653642881,0.3550907235042431,0.0,4415,0.07152463853128685
0.8177165880805983,-0.008252295054462781,0.01874309964478016,0.15657173520530906,58.33822565221198,1.0934975147247314,500000.0,continuous_55,55,continuous_naca,direct OpenFOAM-coefficient surrogate,0.08950760395125323,-1.3051013946533203,98866.2890625,deeponet,surrogate estimate; validate top designs with OpenFOAM,58.33822565221198,0.3281960338270049,0.0,4415,0.06542665588054464
2.1272477110610177,0.0006148830616128277,0.017688889056444168,0.04000687134580774,57.89249126854361,1.0241117477416992,500000.0,continuous_56,56,continuous_naca,direct OpenFOAM-coefficient surrogate,0.08843106103722312,-1.1988190412521362,98871.140625,deeponet,surrogate estimate; validate top designs with OpenFOAM,57.89249126854361,0.37450239768555305,0.0,4415,0.06
1.2745149463618883,-0.008622888139064408,0.017156029120087624,0.05991982478680519,59.82063049101851,1.0263442993164062,500000.0,continuous_57,57,continuous_naca,direct OpenFOAM-coefficient surrogate,0.08929402843942626,-1.2159874439239502,98871.84375,deeponet,surrogate estimate; validate top designs with OpenFOAM,59.82063049101851,0.35599437846993953,0.0,4415,0.06214305629633381
1.0168380435394084,-0.005440090282209585,0.017764393240213394,-0.035881983961046325,59.790070200002724,1.0621941089630127,500000.0,continuous_58,58,continuous_naca,direct OpenFOAM-coefficient surrogate,0.08996865180435001,-1.272889256477356,98867.40625,deeponet,surrogate estimate; validate top designs with OpenFOAM,59.790070200002724,0.33940209714555025,0.0,4415,0.06
0.5107696049581549,-0.01622265677666136,0.01648406870663166,0.2216049778070503,58.628619778175114,0.9664968252182007,500000.0,continuous_59,59,continuous_naca,direct OpenFOAM-coefficient surrogate,0.08923923281288346,-1.1261616945266724,98882.09375,deeponet,surrogate estimate; validate top designs with OpenFOAM,58.628619778175114,0.36141691229529793,0.0,4415,0.07978316902131743
1.1149068586338613,-0.005841921071944113,0.019384190440177917,0.1323897494778845,57.68815691675915,1.1182959079742432,500000.0,continuous_60,60,continuous_naca,direct OpenFOAM-coefficient surrogate,0.09,-1.3363951444625854,98863.28125,deeponet,surrogate estimate; validate top designs with OpenFOAM,57.68815691675915,0.3254327134808489,0.0,4415,0.0639138519651983
1.1679743445906596,-0.004362444206502896,0.0164149459451437,0.15699966190902695,58.97032688671295,0.9680536985397339,500000.0,continuous_61,61,continuous_naca,direct OpenFOAM-coefficient surrogate,0.08825358055148498,-1.1325466632843018,98880.0546875,deeponet,surrogate estimate; validate top designs with OpenFOAM,58.97032688671295,0.3769557046940377,0.0,4415,0.07385891377468849
0.29922348515287567,-0.008004518500680707,0.016069820150732994,0.17217115800800015,58.99769813567603,0.9481413960456848,500000.0,continuous_62,62,continuous_naca,direct OpenFOAM-coefficient surrogate,0.08792753064459455,-1.104974627494812,98884.5703125,deeponet,surrogate estimate; validate top designs with OpenFOAM,58.99769813567603,0.35810537659267383,0.0,4415,0.07493017997465096
