AoA,Re,U_inf,ambient_pressure_Pa,case,fn,fp,min_pred_margin_Pa,min_truth_margin_Pa,model,naca,pred_risky_fraction,tn,tp,truth_risky_fraction
-4.0,100000.0,0.09999999999999999,2500.0,case_001,0,0,195.79638671875,192.9921875,unet,0006,0.0,8124,0,0.0
-4.0,100000.0,0.09999999999999999,3000.0,case_001,0,0,695.79638671875,692.9921875,unet,0006,0.0,8124,0,0.0
-4.0,100000.0,0.09999999999999999,5000.0,case_001,0,0,2695.79638671875,2692.9921875,unet,0006,0.0,8124,0,0.0
-4.0,100000.0,0.09999999999999999,10000.0,case_001,0,0,7695.7958984375,7692.9921875,unet,0006,0.0,8124,0,0.0
-4.0,100000.0,0.09999999999999999,25000.0,case_001,0,0,22695.796875,22692.9921875,unet,0006,0.0,8124,0,0.0
-4.0,100000.0,0.09999999999999999,101325.0,case_001,0,0,99020.796875,99017.9921875,unet,0006,0.0,8124,0,0.0
-4.0,200000.0,0.19999999999999998,2500.0,case_002,0,0,183.1875,172.225830078125,unet,0006,0.0,8124,0,0.0
-4.0,200000.0,0.19999999999999998,3000.0,case_002,0,0,683.1875,672.225830078125,unet,0006,0.0,8124,0,0.0
-4.0,200000.0,0.19999999999999998,5000.0,case_002,0,0,2683.1875,2672.22607421875,unet,0006,0.0,8124,0,0.0
-4.0,200000.0,0.19999999999999998,10000.0,case_002,0,0,7683.1875,7672.2255859375,unet,0006,0.0,8124,0,0.0
-4.0,200000.0,0.19999999999999998,25000.0,case_002,0,0,22683.1875,22672.2265625,unet,0006,0.0,8124,0,0.0
-4.0,200000.0,0.19999999999999998,101325.0,case_002,0,0,99008.1875,98997.2265625,unet,0006,0.0,8124,0,0.0
-4.0,500000.0,0.5,2500.0,case_003,0,0,94.974609375,25.133056640625,unet,0006,0.0,8124,0,0.0
-4.0,500000.0,0.5,3000.0,case_003,0,0,594.974609375,525.133056640625,unet,0006,0.0,8124,0,0.0
-4.0,500000.0,0.5,5000.0,case_003,0,0,2594.974609375,2525.13330078125,unet,0006,0.0,8124,0,0.0
-4.0,500000.0,0.5,10000.0,case_003,0,0,7594.974609375,7525.1328125,unet,0006,0.0,8124,0,0.0
-4.0,500000.0,0.5,25000.0,case_003,0,0,22594.974609375,22525.1328125,unet,0006,0.0,8124,0,0.0
-4.0,500000.0,0.5,101325.0,case_003,0,0,98919.9765625,98850.1328125,unet,0006,0.0,8124,0,0.0
-4.0,1000000.0,1.0,2500.0,case_004,12,3,-219.534912109375,-501.1776123046875,unet,0006,0.005292959133431807,8069,40,0.006400787789266372
-4.0,1000000.0,1.0,3000.0,case_004,1,0,280.465087890625,-1.177734375,unet,0006,0.0,8123,0,0.00012309207287050715
-4.0,1000000.0,1.0,5000.0,case_004,0,0,2280.46484375,1998.822265625,unet,0006,0.0,8124,0,0.0
-4.0,1000000.0,1.0,10000.0,case_004,0,0,7280.46484375,6998.822265625,unet,0006,0.0,8124,0,0.0
-4.0,1000000.0,1.0,25000.0,case_004,0,0,22280.46484375,21998.822265625,unet,0006,0.0,8124,0,0.0
-4.0,1000000.0,1.0,101325.0,case_004,0,0,98605.46875,98323.8203125,unet,0006,0.0,8124,0,0.0
-2.0,100000.0,0.09999999999999999,2500.0,case_005,0,0,196.067138671875,196.37646484375,unet,0006,0.0,8124,0,0.0
-2.0,100000.0,0.09999999999999999,3000.0,case_005,0,0,696.067138671875,696.37646484375,unet,0006,0.0,8124,0,0.0
-2.0,100000.0,0.09999999999999999,5000.0,case_005,0,0,2696.0673828125,2696.37646484375,unet,0006,0.0,8124,0,0.0
-2.0,100000.0,0.09999999999999999,10000.0,case_005,0,0,7696.0673828125,7696.3759765625,unet,0006,0.0,8124,0,0.0
-2.0,100000.0,0.09999999999999999,25000.0,case_005,0,0,22696.06640625,22696.376953125,unet,0006,0.0,8124,0,0.0
-2.0,100000.0,0.09999999999999999,101325.0,case_005,0,0,99021.0703125,99021.375,unet,0006,0.0,8124,0,0.0
-2.0,200000.0,0.19999999999999998,2500.0,case_006,0,0,184.364990234375,185.85888671875,unet,0006,0.0,8124,0,0.0
-2.0,200000.0,0.19999999999999998,3000.0,case_006,0,0,684.364990234375,685.85888671875,unet,0006,0.0,8124,0,0.0
-2.0,200000.0,0.19999999999999998,5000.0,case_006,0,0,2684.365234375,2685.85888671875,unet,0006,0.0,8124,0,0.0
-2.0,200000.0,0.19999999999999998,10000.0,case_006,0,0,7684.365234375,7685.859375,unet,0006,0.0,8124,0,0.0
-2.0,200000.0,0.19999999999999998,25000.0,case_006,0,0,22684.365234375,22685.859375,unet,0006,0.0,8124,0,0.0
-2.0,200000.0,0.19999999999999998,101325.0,case_006,0,0,99009.3671875,99010.859375,unet,0006,0.0,8124,0,0.0
-2.0,500000.0,0.5,2500.0,case_007,0,0,104.319091796875,110.822509765625,unet,0006,0.0,8124,0,0.0
-2.0,500000.0,0.5,3000.0,case_007,0,0,604.319091796875,610.822509765625,unet,0006,0.0,8124,0,0.0
-2.0,500000.0,0.5,5000.0,case_007,0,0,2604.3193359375,2610.822265625,unet,0006,0.0,8124,0,0.0
-2.0,500000.0,0.5,10000.0,case_007,0,0,7604.3193359375,7610.822265625,unet,0006,0.0,8124,0,0.0
-2.0,500000.0,0.5,25000.0,case_007,0,0,22604.318359375,22610.822265625,unet,0006,0.0,8124,0,0.0
-2.0,500000.0,0.5,101325.0,case_007,0,0,98929.3203125,98935.8203125,unet,0006,0.0,8124,0,0.0
-2.0,1000000.0,1.0,2500.0,case_008,3,17,-166.056396484375,-157.775146484375,unet,0006,0.002461841457410143,8101,3,0.0007385524372230429
-2.0,1000000.0,1.0,3000.0,case_008,0,0,333.943603515625,342.224853515625,unet,0006,0.0,8124,0,0.0
-2.0,1000000.0,1.0,5000.0,case_008,0,0,2333.943359375,2342.22509765625,unet,0006,0.0,8124,0,0.0
-2.0,1000000.0,1.0,10000.0,case_008,0,0,7333.943359375,7342.224609375,unet,0006,0.0,8124,0,0.0
-2.0,1000000.0,1.0,25000.0,case_008,0,0,22333.943359375,22342.224609375,unet,0006,0.0,8124,0,0.0
-2.0,1000000.0,1.0,101325.0,case_008,0,0,98658.9453125,98667.2265625,unet,0006,0.0,8124,0,0.0
0.0,100000.0,0.09999999999999999,2500.0,case_009,0,0,198.16650390625,198.991455078125,unet,0006,0.0,8124,0,0.0
0.0,100000.0,0.09999999999999999,3000.0,case_009,0,0,698.16650390625,698.991455078125,unet,0006,0.0,8124,0,0.0
0.0,100000.0,0.09999999999999999,5000.0,case_009,0,0,2698.16650390625,2698.9912109375,unet,0006,0.0,8124,0,0.0
0.0,100000.0,0.09999999999999999,10000.0,case_009,0,0,7698.166015625,7698.9912109375,unet,0006,0.0,8124,0,0.0
0.0,100000.0,0.09999999999999999,25000.0,case_009,0,0,22698.166015625,22698.9921875,unet,0006,0.0,8124,0,0.0
0.0,100000.0,0.09999999999999999,101325.0,case_009,0,0,99023.1640625,99023.9921875,unet,0006,0.0,8124,0,0.0
0.0,200000.0,0.19999999999999998,2500.0,case_010,0,0,192.87353515625,195.914306640625,unet,0006,0.0,8124,0,0.0
0.0,200000.0,0.19999999999999998,3000.0,case_010,0,0,692.87353515625,695.914306640625,unet,0006,0.0,8124,0,0.0
0.0,200000.0,0.19999999999999998,5000.0,case_010,0,0,2692.87353515625,2695.9140625,unet,0006,0.0,8124,0,0.0
0.0,200000.0,0.19999999999999998,10000.0,case_010,0,0,7692.8740234375,7695.9140625,unet,0006,0.0,8124,0,0.0
0.0,200000.0,0.19999999999999998,25000.0,case_010,0,0,22692.873046875,22695.9140625,unet,0006,0.0,8124,0,0.0
0.0,200000.0,0.19999999999999998,101325.0,case_010,0,0,99017.875,99020.9140625,unet,0006,0.0,8124,0,0.0
0.0,500000.0,0.5,2500.0,case_011,0,0,159.161376953125,174.264892578125,unet,0006,0.0,8124,0,0.0
0.0,500000.0,0.5,3000.0,case_011,0,0,659.161376953125,674.264892578125,unet,0006,0.0,8124,0,0.0
0.0,500000.0,0.5,5000.0,case_011,0,0,2659.1611328125,2674.26513671875,unet,0006,0.0,8124,0,0.0
0.0,500000.0,0.5,10000.0,case_011,0,0,7659.1611328125,7674.2646484375,unet,0006,0.0,8124,0,0.0
0.0,500000.0,0.5,25000.0,case_011,0,0,22659.162109375,22674.265625,unet,0006,0.0,8124,0,0.0
0.0,500000.0,0.5,101325.0,case_011,0,0,98984.1640625,98999.265625,unet,0006,0.0,8124,0,0.0
0.0,1000000.0,1.0,2500.0,case_012,0,0,50.985595703125,96.791015625,unet,0006,0.0,8124,0,0.0
0.0,1000000.0,1.0,3000.0,case_012,0,0,550.985595703125,596.791015625,unet,0006,0.0,8124,0,0.0
0.0,1000000.0,1.0,5000.0,case_012,0,0,2550.9853515625,2596.791015625,unet,0006,0.0,8124,0,0.0
0.0,1000000.0,1.0,10000.0,case_012,0,0,7550.9853515625,7596.791015625,unet,0006,0.0,8124,0,0.0
0.0,1000000.0,1.0,25000.0,case_012,0,0,22550.986328125,22596.791015625,unet,0006,0.0,8124,0,0.0
0.0,1000000.0,1.0,101325.0,case_012,0,0,98875.984375,98921.7890625,unet,0006,0.0,8124,0,0.0
2.0,100000.0,0.09999999999999999,2500.0,case_013,0,0,197.617431640625,196.831787109375,unet,0006,0.0,8124,0,0.0
2.0,100000.0,0.09999999999999999,3000.0,case_013,0,0,697.617431640625,696.831787109375,unet,0006,0.0,8124,0,0.0
2.0,100000.0,0.09999999999999999,5000.0,case_013,0,0,2697.6171875,2696.83154296875,unet,0006,0.0,8124,0,0.0
2.0,100000.0,0.09999999999999999,10000.0,case_013,0,0,7697.6171875,7696.83203125,unet,0006,0.0,8124,0,0.0
2.0,100000.0,0.09999999999999999,25000.0,case_013,0,0,22697.6171875,22696.83203125,unet,0006,0.0,8124,0,0.0
2.0,100000.0,0.09999999999999999,101325.0,case_013,0,0,99022.6171875,99021.828125,unet,0006,0.0,8124,0,0.0
2.0,200000.0,0.19999999999999998,2500.0,case_014,0,0,190.35302734375,187.179443359375,unet,0006,0.0,8124,0,0.0
2.0,200000.0,0.19999999999999998,3000.0,case_014,0,0,690.35302734375,687.179443359375,unet,0006,0.0,8124,0,0.0
2.0,200000.0,0.19999999999999998,5000.0,case_014,0,0,2690.35302734375,2687.1796875,unet,0006,0.0,8124,0,0.0
2.0,200000.0,0.19999999999999998,10000.0,case_014,0,0,7690.353515625,7687.1796875,unet,0006,0.0,8124,0,0.0
2.0,200000.0,0.19999999999999998,25000.0,case_014,0,0,22690.353515625,22687.1796875,unet,0006,0.0,8124,0,0.0
2.0,200000.0,0.19999999999999998,101325.0,case_014,0,0,99015.3515625,99012.1796875,unet,0006,0.0,8124,0,0.0
2.0,500000.0,0.5,2500.0,case_015,0,0,137.50537109375,119.328125,unet,0006,0.0,8124,0,0.0
2.0,500000.0,0.5,3000.0,case_015,0,0,637.50537109375,619.328125,unet,0006,0.0,8124,0,0.0
2.0,500000.0,0.5,5000.0,case_015,0,0,2637.50537109375,2619.328125,unet,0006,0.0,8124,0,0.0
2.0,500000.0,0.5,10000.0,case_015,0,0,7637.5048828125,7619.328125,unet,0006,0.0,8124,0,0.0
2.0,500000.0,0.5,25000.0,case_015,0,0,22637.505859375,22619.328125,unet,0006,0.0,8124,0,0.0
2.0,500000.0,0.5,101325.0,case_015,0,0,98962.5078125,98944.328125,unet,0006,0.0,8124,0,0.0
2.0,1000000.0,1.0,2500.0,case_016,2,1,-64.9609375,-123.40185546875,unet,0006,0.0002461841457410143,8120,1,0.00036927621861152144
2.0,1000000.0,1.0,3000.0,case_016,0,0,435.0390625,376.59814453125,unet,0006,0.0,8124,0,0.0
2.0,1000000.0,1.0,5000.0,case_016,0,0,2435.0390625,2376.59814453125,unet,0006,0.0,8124,0,0.0
2.0,1000000.0,1.0,10000.0,case_016,0,0,7435.0390625,7376.59765625,unet,0006,0.0,8124,0,0.0
2.0,1000000.0,1.0,25000.0,case_016,0,0,22435.0390625,22376.59765625,unet,0006,0.0,8124,0,0.0
2.0,1000000.0,1.0,101325.0,case_016,0,0,98760.0390625,98701.6015625,unet,0006,0.0,8124,0,0.0
4.0,100000.0,0.09999999999999999,2500.0,case_017,0,0,196.16259765625,193.541748046875,unet,0006,0.0,8124,0,0.0
4.0,100000.0,0.09999999999999999,3000.0,case_017,0,0,696.16259765625,693.541748046875,unet,0006,0.0,8124,0,0.0
4.0,100000.0,0.09999999999999999,5000.0,case_017,0,0,2696.16259765625,2693.5419921875,unet,0006,0.0,8124,0,0.0
4.0,100000.0,0.09999999999999999,10000.0,case_017,0,0,7696.162109375,7693.5419921875,unet,0006,0.0,8124,0,0.0
4.0,100000.0,0.09999999999999999,25000.0,case_017,0,0,22696.162109375,22693.541015625,unet,0006,0.0,8124,0,0.0
4.0,100000.0,0.09999999999999999,101325.0,case_017,0,0,99021.1640625,99018.5390625,unet,0006,0.0,8124,0,0.0
4.0,200000.0,0.19999999999999998,2500.0,case_018,0,0,184.45751953125,174.3515625,unet,0006,0.0,8124,0,0.0
4.0,200000.0,0.19999999999999998,3000.0,case_018,0,0,684.45751953125,674.3515625,unet,0006,0.0,8124,0,0.0
4.0,200000.0,0.19999999999999998,5000.0,case_018,0,0,2684.45751953125,2674.3515625,unet,0006,0.0,8124,0,0.0
4.0,200000.0,0.19999999999999998,10000.0,case_018,0,0,7684.45703125,7674.3515625,unet,0006,0.0,8124,0,0.0
4.0,200000.0,0.19999999999999998,25000.0,case_018,0,0,22684.45703125,22674.3515625,unet,0006,0.0,8124,0,0.0
4.0,200000.0,0.19999999999999998,101325.0,case_018,0,0,99009.4609375,98999.3515625,unet,0006,0.0,8124,0,0.0
4.0,500000.0,0.5,2500.0,case_019,0,0,99.125244140625,38.7353515625,unet,0006,0.0,8124,0,0.0
4.0,500000.0,0.5,3000.0,case_019,0,0,599.125244140625,538.7353515625,unet,0006,0.0,8124,0,0.0
4.0,500000.0,0.5,5000.0,case_019,0,0,2599.125,2538.7353515625,unet,0006,0.0,8124,0,0.0
4.0,500000.0,0.5,10000.0,case_019,0,0,7599.125,7538.7353515625,unet,0006,0.0,8124,0,0.0
4.0,500000.0,0.5,25000.0,case_019,0,0,22599.125,22538.734375,unet,0006,0.0,8124,0,0.0
4.0,500000.0,0.5,101325.0,case_019,0,0,98924.125,98863.734375,unet,0006,0.0,8124,0,0.0
4.0,1000000.0,1.0,2500.0,case_020,16,0,-230.1015625,-446.334228515625,unet,0006,0.002831117676021664,8085,23,0.0048005908419497785
4.0,1000000.0,1.0,3000.0,case_020,0,0,269.8984375,53.665771484375,unet,0006,0.0,8124,0,0.0
4.0,1000000.0,1.0,5000.0,case_020,0,0,2269.8984375,2053.66552734375,unet,0006,0.0,8124,0,0.0
4.0,1000000.0,1.0,10000.0,case_020,0,0,7269.8984375,7053.666015625,unet,0006,0.0,8124,0,0.0
4.0,1000000.0,1.0,25000.0,case_020,0,0,22269.8984375,22053.666015625,unet,0006,0.0,8124,0,0.0
4.0,1000000.0,1.0,101325.0,case_020,0,0,98594.8984375,98378.6640625,unet,0006,0.0,8124,0,0.0
6.0,100000.0,0.09999999999999999,2500.0,case_021,0,0,193.955810546875,190.330810546875,unet,0006,0.0,8124,0,0.0
6.0,100000.0,0.09999999999999999,3000.0,case_021,0,0,693.955810546875,690.330810546875,unet,0006,0.0,8124,0,0.0
6.0,100000.0,0.09999999999999999,5000.0,case_021,0,0,2693.95556640625,2690.3310546875,unet,0006,0.0,8124,0,0.0
6.0,100000.0,0.09999999999999999,10000.0,case_021,0,0,7693.9560546875,7690.3310546875,unet,0006,0.0,8124,0,0.0
6.0,100000.0,0.09999999999999999,25000.0,case_021,0,0,22693.955078125,22690.330078125,unet,0006,0.0,8124,0,0.0
6.0,100000.0,0.09999999999999999,101325.0,case_021,0,0,99018.953125,99015.328125,unet,0006,0.0,8124,0,0.0
6.0,200000.0,0.19999999999999998,2500.0,case_022,0,0,175.604248046875,160.87451171875,unet,0006,0.0,8124,0,0.0
6.0,200000.0,0.19999999999999998,3000.0,case_022,0,0,675.604248046875,660.87451171875,unet,0006,0.0,8124,0,0.0
6.0,200000.0,0.19999999999999998,5000.0,case_022,0,0,2675.6044921875,2660.87451171875,unet,0006,0.0,8124,0,0.0
6.0,200000.0,0.19999999999999998,10000.0,case_022,0,0,7675.6044921875,7660.8740234375,unet,0006,0.0,8124,0,0.0
6.0,200000.0,0.19999999999999998,25000.0,case_022,0,0,22675.603515625,22660.875,unet,0006,0.0,8124,0,0.0
6.0,200000.0,0.19999999999999998,101325.0,case_022,0,0,99000.6015625,98985.875,unet,0006,0.0,8124,0,0.0
6.0,500000.0,0.5,2500.0,case_023,1,0,43.483154296875,-45.92333984375,unet,0006,0.0,8123,0,0.00012309207287050715
6.0,500000.0,0.5,3000.0,case_023,0,0,543.483154296875,454.07666015625,unet,0006,0.0,8124,0,0.0
6.0,500000.0,0.5,5000.0,case_023,0,0,2543.4833984375,2454.07666015625,unet,0006,0.0,8124,0,0.0
6.0,500000.0,0.5,10000.0,case_023,0,0,7543.4833984375,7454.076171875,unet,0006,0.0,8124,0,0.0
6.0,500000.0,0.5,25000.0,case_023,0,0,22543.482421875,22454.076171875,unet,0006,0.0,8124,0,0.0
6.0,500000.0,0.5,101325.0,case_023,0,0,98868.484375,98779.078125,unet,0006,0.0,8124,0,0.0
6.0,1000000.0,1.0,2500.0,case_024,6,1,-452.1346435546875,-785.474365234375,unet,0006,0.013663220088626292,8007,110,0.014278680452978828
6.0,1000000.0,1.0,3000.0,case_024,1,0,47.865234375,-285.474365234375,unet,0006,0.0,8123,0,0.00012309207287050715
6.0,1000000.0,1.0,5000.0,case_024,0,0,2047.865234375,1714.525634765625,unet,0006,0.0,8124,0,0.0
6.0,1000000.0,1.0,10000.0,case_024,0,0,7047.865234375,6714.525390625,unet,0006,0.0,8124,0,0.0
6.0,1000000.0,1.0,25000.0,case_024,0,0,22047.865234375,21714.525390625,unet,0006,0.0,8124,0,0.0
6.0,1000000.0,1.0,101325.0,case_024,0,0,98372.8671875,98039.5234375,unet,0006,0.0,8124,0,0.0
8.0,100000.0,0.09999999999999999,2500.0,case_025,0,0,192.21875,188.382568359375,unet,0006,0.0,8124,0,0.0
8.0,100000.0,0.09999999999999999,3000.0,case_025,0,0,692.21875,688.382568359375,unet,0006,0.0,8124,0,0.0
8.0,100000.0,0.09999999999999999,5000.0,case_025,0,0,2692.21875,2688.38232421875,unet,0006,0.0,8124,0,0.0
8.0,100000.0,0.09999999999999999,10000.0,case_025,0,0,7692.21875,7688.3828125,unet,0006,0.0,8124,0,0.0
8.0,100000.0,0.09999999999999999,25000.0,case_025,0,0,22692.21875,22688.3828125,unet,0006,0.0,8124,0,0.0
8.0,100000.0,0.09999999999999999,101325.0,case_025,0,0,99017.21875,99013.3828125,unet,0006,0.0,8124,0,0.0
8.0,200000.0,0.19999999999999998,2500.0,case_026,0,0,168.714111328125,153.128662109375,unet,0006,0.0,8124,0,0.0
8.0,200000.0,0.19999999999999998,3000.0,case_026,0,0,668.714111328125,653.128662109375,unet,0006,0.0,8124,0,0.0
8.0,200000.0,0.19999999999999998,5000.0,case_026,0,0,2668.71435546875,2653.12890625,unet,0006,0.0,8124,0,0.0
8.0,200000.0,0.19999999999999998,10000.0,case_026,0,0,7668.7138671875,7653.12890625,unet,0006,0.0,8124,0,0.0
8.0,200000.0,0.19999999999999998,25000.0,case_026,0,0,22668.71484375,22653.12890625,unet,0006,0.0,8124,0,0.0
8.0,200000.0,0.19999999999999998,101325.0,case_026,0,0,98993.7109375,98978.125,unet,0006,0.0,8124,0,0.0
8.0,500000.0,0.5,2500.0,case_027,1,0,1.533935546875,-92.96923828125,unet,0006,0.0,8123,0,0.00012309207287050715
8.0,500000.0,0.5,3000.0,case_027,0,0,501.533935546875,407.03076171875,unet,0006,0.0,8124,0,0.0
8.0,500000.0,0.5,5000.0,case_027,0,0,2501.53369140625,2407.03076171875,unet,0006,0.0,8124,0,0.0
8.0,500000.0,0.5,10000.0,case_027,0,0,7501.5341796875,7407.03125,unet,0006,0.0,8124,0,0.0
8.0,500000.0,0.5,25000.0,case_027,0,0,22501.533203125,22407.03125,unet,0006,0.0,8124,0,0.0
8.0,500000.0,0.5,101325.0,case_027,0,0,98826.53125,98732.03125,unet,0006,0.0,8124,0,0.0
8.0,1000000.0,1.0,2500.0,case_028,0,79,-611.75439453125,-973.821044921875,unet,0006,0.03385032003938946,7849,196,0.0241260462826194
8.0,1000000.0,1.0,3000.0,case_028,0,2,-111.75439453125,-473.821044921875,unet,0006,0.0004923682914820286,8120,2,0.0002461841457410143
8.0,1000000.0,1.0,5000.0,case_028,0,0,1888.24560546875,1526.178955078125,unet,0006,0.0,8124,0,0.0
8.0,1000000.0,1.0,10000.0,case_028,0,0,6888.2451171875,6526.1787109375,unet,0006,0.0,8124,0,0.0
8.0,1000000.0,1.0,25000.0,case_028,0,0,21888.24609375,21526.1796875,unet,0006,0.0,8124,0,0.0
8.0,1000000.0,1.0,101325.0,case_028,0,0,98213.2421875,97851.1796875,unet,0006,0.0,8124,0,0.0
10.0,100000.0,0.09999999999999999,2500.0,case_029,0,0,191.683349609375,186.34228515625,unet,0006,0.0,8124,0,0.0
10.0,100000.0,0.09999999999999999,3000.0,case_029,0,0,691.683349609375,686.34228515625,unet,0006,0.0,8124,0,0.0
10.0,100000.0,0.09999999999999999,5000.0,case_029,0,0,2691.68359375,2686.34228515625,unet,0006,0.0,8124,0,0.0
10.0,100000.0,0.09999999999999999,10000.0,case_029,0,0,7691.68359375,7686.341796875,unet,0006,0.0,8124,0,0.0
10.0,100000.0,0.09999999999999999,25000.0,case_029,0,0,22691.68359375,22686.341796875,unet,0006,0.0,8124,0,0.0
10.0,100000.0,0.09999999999999999,101325.0,case_029,0,0,99016.6796875,99011.34375,unet,0006,0.0,8124,0,0.0
10.0,500000.0,0.5,2500.0,case_031,1,0,-7.165771484375,-114.152099609375,unet,0006,0.0002461841457410143,8121,2,0.00036927621861152144
10.0,500000.0,0.5,3000.0,case_031,0,0,492.834228515625,385.847900390625,unet,0006,0.0,8124,0,0.0
10.0,500000.0,0.5,5000.0,case_031,0,0,2492.833984375,2385.84765625,unet,0006,0.0,8124,0,0.0
10.0,500000.0,0.5,10000.0,case_031,0,0,7492.833984375,7385.84765625,unet,0006,0.0,8124,0,0.0
10.0,500000.0,0.5,25000.0,case_031,0,0,22492.833984375,22385.84765625,unet,0006,0.0,8124,0,0.0
10.0,500000.0,0.5,101325.0,case_031,0,0,98817.8359375,98710.8515625,unet,0006,0.0,8124,0,0.0
10.0,1000000.0,1.0,2500.0,case_032,61,11,-623.5079345703125,-1058.0819091796875,unet,0006,0.028188084687346134,7834,218,0.03434268833087149
10.0,1000000.0,1.0,3000.0,case_032,1,0,-123.5078125,-558.0819091796875,unet,0006,0.0004923682914820286,8119,4,0.0006154603643525357
10.0,1000000.0,1.0,5000.0,case_032,0,0,1876.4921875,1441.91796875,unet,0006,0.0,8124,0,0.0
10.0,1000000.0,1.0,10000.0,case_032,0,0,6876.4921875,6441.91796875,unet,0006,0.0,8124,0,0.0
10.0,1000000.0,1.0,25000.0,case_032,0,0,21876.4921875,21441.91796875,unet,0006,0.0,8124,0,0.0
10.0,1000000.0,1.0,101325.0,case_032,0,0,98201.4921875,97766.921875,unet,0006,0.0,8124,0,0.0
-4.0,200000.0,0.19999999999999998,2500.0,case_034,0,0,184.09130859375,182.07666015625,unet,0008,0.0,8088,0,0.0
-4.0,200000.0,0.19999999999999998,3000.0,case_034,0,0,684.09130859375,682.07666015625,unet,0008,0.0,8088,0,0.0
-4.0,200000.0,0.19999999999999998,5000.0,case_034,0,0,2684.09130859375,2682.07666015625,unet,0008,0.0,8088,0,0.0
-4.0,200000.0,0.19999999999999998,10000.0,case_034,0,0,7684.0908203125,7682.076171875,unet,0008,0.0,8088,0,0.0
-4.0,200000.0,0.19999999999999998,25000.0,case_034,0,0,22684.091796875,22682.076171875,unet,0008,0.0,8088,0,0.0
-4.0,200000.0,0.19999999999999998,101325.0,case_034,0,0,99009.09375,99007.078125,unet,0008,0.0,8088,0,0.0
-4.0,500000.0,0.5,2500.0,case_035,0,0,100.934814453125,87.228759765625,unet,0008,0.0,8088,0,0.0
-4.0,500000.0,0.5,3000.0,case_035,0,0,600.934814453125,587.228759765625,unet,0008,0.0,8088,0,0.0
-4.0,500000.0,0.5,5000.0,case_035,0,0,2600.9345703125,2587.22900390625,unet,0008,0.0,8088,0,0.0
-4.0,500000.0,0.5,10000.0,case_035,0,0,7600.9345703125,7587.228515625,unet,0008,0.0,8088,0,0.0
-4.0,500000.0,0.5,25000.0,case_035,0,0,22600.935546875,22587.228515625,unet,0008,0.0,8088,0,0.0
-4.0,500000.0,0.5,101325.0,case_035,0,0,98925.9375,98912.2265625,unet,0008,0.0,8088,0,0.0
-4.0,1000000.0,1.0,2500.0,case_036,5,10,-193.12939453125,-252.085693359375,unet,0008,0.009149357072205737,8009,64,0.008531157270029673
-4.0,1000000.0,1.0,3000.0,case_036,0,0,306.87060546875,247.914306640625,unet,0008,0.0,8088,0,0.0
-4.0,1000000.0,1.0,5000.0,case_036,0,0,2306.87060546875,2247.9140625,unet,0008,0.0,8088,0,0.0
-4.0,1000000.0,1.0,10000.0,case_036,0,0,7306.87109375,7247.9140625,unet,0008,0.0,8088,0,0.0
-4.0,1000000.0,1.0,25000.0,case_036,0,0,22306.87109375,22247.9140625,unet,0008,0.0,8088,0,0.0
-4.0,1000000.0,1.0,101325.0,case_036,0,0,98631.8671875,98572.9140625,unet,0008,0.0,8088,0,0.0
-2.0,100000.0,0.09999999999999999,2500.0,case_037,0,0,196.5546875,197.223876953125,unet,0008,0.0,8088,0,0.0
-2.0,100000.0,0.09999999999999999,3000.0,case_037,0,0,696.5546875,697.223876953125,unet,0008,0.0,8088,0,0.0
-2.0,100000.0,0.09999999999999999,5000.0,case_037,0,0,2696.5546875,2697.22412109375,unet,0008,0.0,8088,0,0.0
-2.0,100000.0,0.09999999999999999,10000.0,case_037,0,0,7696.5546875,7697.2236328125,unet,0008,0.0,8088,0,0.0
-2.0,100000.0,0.09999999999999999,25000.0,case_037,0,0,22696.5546875,22697.224609375,unet,0008,0.0,8088,0,0.0
-2.0,100000.0,0.09999999999999999,101325.0,case_037,0,0,99021.5546875,99022.2265625,unet,0008,0.0,8088,0,0.0
-2.0,200000.0,0.19999999999999998,2500.0,case_038,0,0,186.348388671875,188.842529296875,unet,0008,0.0,8088,0,0.0
-2.0,200000.0,0.19999999999999998,3000.0,case_038,0,0,686.348388671875,688.842529296875,unet,0008,0.0,8088,0,0.0
-2.0,200000.0,0.19999999999999998,5000.0,case_038,0,0,2686.3486328125,2688.8427734375,unet,0008,0.0,8088,0,0.0
-2.0,200000.0,0.19999999999999998,10000.0,case_038,0,0,7686.3486328125,7688.8427734375,unet,0008,0.0,8088,0,0.0
-2.0,200000.0,0.19999999999999998,25000.0,case_038,0,0,22686.34765625,22688.841796875,unet,0008,0.0,8088,0,0.0
-2.0,200000.0,0.19999999999999998,101325.0,case_038,0,0,99011.3515625,99013.84375,unet,0008,0.0,8088,0,0.0
-2.0,500000.0,0.5,2500.0,case_039,0,0,117.18408203125,129.72021484375,unet,0008,0.0,8088,0,0.0
-2.0,500000.0,0.5,3000.0,case_039,0,0,617.18408203125,629.72021484375,unet,0008,0.0,8088,0,0.0
-2.0,500000.0,0.5,5000.0,case_039,0,0,2617.18408203125,2629.72021484375,unet,0008,0.0,8088,0,0.0
-2.0,500000.0,0.5,10000.0,case_039,0,0,7617.1845703125,7629.7197265625,unet,0008,0.0,8088,0,0.0
-2.0,500000.0,0.5,25000.0,case_039,0,0,22617.18359375,22629.720703125,unet,0008,0.0,8088,0,0.0
-2.0,500000.0,0.5,101325.0,case_039,0,0,98942.1875,98954.71875,unet,0008,0.0,8088,0,0.0
-2.0,1000000.0,1.0,2500.0,case_040,1,28,-112.810546875,-81.84912109375,unet,0008,0.004821958456973294,8048,11,0.001483679525222552
-2.0,1000000.0,1.0,3000.0,case_040,0,0,387.189453125,418.15087890625,unet,0008,0.0,8088,0,0.0
-2.0,1000000.0,1.0,5000.0,case_040,0,0,2387.189453125,2418.15087890625,unet,0008,0.0,8088,0,0.0
-2.0,1000000.0,1.0,10000.0,case_040,0,0,7387.189453125,7418.1513671875,unet,0008,0.0,8088,0,0.0
-2.0,1000000.0,1.0,25000.0,case_040,0,0,22387.189453125,22418.150390625,unet,0008,0.0,8088,0,0.0
-2.0,1000000.0,1.0,101325.0,case_040,0,0,98712.1875,98743.1484375,unet,0008,0.0,8088,0,0.0
0.0,100000.0,0.09999999999999999,2500.0,case_041,0,0,198.20166015625,198.55224609375,unet,0008,0.0,8088,0,0.0
0.0,100000.0,0.09999999999999999,3000.0,case_041,0,0,698.20166015625,698.55224609375,unet,0008,0.0,8088,0,0.0
0.0,100000.0,0.09999999999999999,5000.0,case_041,0,0,2698.20166015625,2698.55224609375,unet,0008,0.0,8088,0,0.0
0.0,100000.0,0.09999999999999999,10000.0,case_041,0,0,7698.2021484375,7698.5517578125,unet,0008,0.0,8088,0,0.0
0.0,100000.0,0.09999999999999999,25000.0,case_041,0,0,22698.201171875,22698.552734375,unet,0008,0.0,8088,0,0.0
0.0,100000.0,0.09999999999999999,101325.0,case_041,0,0,99023.203125,99023.5546875,unet,0008,0.0,8088,0,0.0
0.0,200000.0,0.19999999999999998,2500.0,case_042,0,0,192.962890625,194.17236328125,unet,0008,0.0,8088,0,0.0
0.0,200000.0,0.19999999999999998,3000.0,case_042,0,0,692.962890625,694.17236328125,unet,0008,0.0,8088,0,0.0
0.0,200000.0,0.19999999999999998,5000.0,case_042,0,0,2692.962890625,2694.17236328125,unet,0008,0.0,8088,0,0.0
0.0,200000.0,0.19999999999999998,10000.0,case_042,0,0,7692.962890625,7694.1728515625,unet,0008,0.0,8088,0,0.0
0.0,200000.0,0.19999999999999998,25000.0,case_042,0,0,22692.962890625,22694.171875,unet,0008,0.0,8088,0,0.0
0.0,200000.0,0.19999999999999998,101325.0,case_042,0,0,99017.9609375,99019.171875,unet,0008,0.0,8088,0,0.0
0.0,500000.0,0.5,2500.0,case_043,0,0,158.885009765625,163.256103515625,unet,0008,0.0,8088,0,0.0
0.0,500000.0,0.5,3000.0,case_043,0,0,658.885009765625,663.256103515625,unet,0008,0.0,8088,0,0.0
0.0,500000.0,0.5,5000.0,case_043,0,0,2658.884765625,2663.255859375,unet,0008,0.0,8088,0,0.0
0.0,500000.0,0.5,10000.0,case_043,0,0,7658.884765625,7663.255859375,unet,0008,0.0,8088,0,0.0
0.0,500000.0,0.5,25000.0,case_043,0,0,22658.884765625,22663.255859375,unet,0008,0.0,8088,0,0.0
0.0,500000.0,0.5,101325.0,case_043,0,0,98983.8828125,98988.2578125,unet,0008,0.0,8088,0,0.0
0.0,1000000.0,1.0,2500.0,case_044,0,0,48.8125,52.593994140625,unet,0008,0.0,8088,0,0.0
0.0,1000000.0,1.0,3000.0,case_044,0,0,548.8125,552.593994140625,unet,0008,0.0,8088,0,0.0
0.0,1000000.0,1.0,5000.0,case_044,0,0,2548.8125,2552.59375,unet,0008,0.0,8088,0,0.0
0.0,1000000.0,1.0,10000.0,case_044,0,0,7548.8125,7552.59375,unet,0008,0.0,8088,0,0.0
0.0,1000000.0,1.0,25000.0,case_044,0,0,22548.8125,22552.59375,unet,0008,0.0,8088,0,0.0
0.0,1000000.0,1.0,101325.0,case_044,0,0,98873.8125,98877.59375,unet,0008,0.0,8088,0,0.0
2.0,100000.0,0.09999999999999999,2500.0,case_045,0,0,198.101806640625,197.52294921875,unet,0008,0.0,8088,0,0.0
2.0,100000.0,0.09999999999999999,3000.0,case_045,0,0,698.101806640625,697.52294921875,unet,0008,0.0,8088,0,0.0
2.0,100000.0,0.09999999999999999,5000.0,case_045,0,0,2698.1015625,2697.52294921875,unet,0008,0.0,8088,0,0.0
2.0,100000.0,0.09999999999999999,10000.0,case_045,0,0,7698.1015625,7697.5224609375,unet,0008,0.0,8088,0,0.0
2.0,100000.0,0.09999999999999999,25000.0,case_045,0,0,22698.1015625,22697.5234375,unet,0008,0.0,8088,0,0.0
2.0,100000.0,0.09999999999999999,101325.0,case_045,0,0,99023.1015625,99022.5234375,unet,0008,0.0,8088,0,0.0
2.0,200000.0,0.19999999999999998,2500.0,case_046,0,0,192.325927734375,189.97998046875,unet,0008,0.0,8088,0,0.0
2.0,200000.0,0.19999999999999998,3000.0,case_046,0,0,692.325927734375,689.97998046875,unet,0008,0.0,8088,0,0.0
2.0,200000.0,0.19999999999999998,5000.0,case_046,0,0,2692.326171875,2689.97998046875,unet,0008,0.0,8088,0,0.0
2.0,200000.0,0.19999999999999998,10000.0,case_046,0,0,7692.326171875,7689.98046875,unet,0008,0.0,8088,0,0.0
2.0,200000.0,0.19999999999999998,25000.0,case_046,0,0,22692.326171875,22689.98046875,unet,0008,0.0,8088,0,0.0
2.0,200000.0,0.19999999999999998,101325.0,case_046,0,0,99017.328125,99014.9765625,unet,0008,0.0,8088,0,0.0
2.0,500000.0,0.5,2500.0,case_047,0,0,150.410400390625,137.1142578125,unet,0008,0.0,8088,0,0.0
2.0,500000.0,0.5,3000.0,case_047,0,0,650.410400390625,637.1142578125,unet,0008,0.0,8088,0,0.0
2.0,500000.0,0.5,5000.0,case_047,0,0,2650.41064453125,2637.1142578125,unet,0008,0.0,8088,0,0.0
2.0,500000.0,0.5,10000.0,case_047,0,0,7650.41015625,7637.1142578125,unet,0008,0.0,8088,0,0.0
2.0,500000.0,0.5,25000.0,case_047,0,0,22650.41015625,22637.11328125,unet,0008,0.0,8088,0,0.0
2.0,500000.0,0.5,101325.0,case_047,0,0,98975.4140625,98962.1171875,unet,0008,0.0,8088,0,0.0
2.0,1000000.0,1.0,2500.0,case_048,3,0,-19.523193359375,-51.890380859375,unet,0008,0.0002472799208704253,8083,2,0.0006181998021760633
2.0,1000000.0,1.0,3000.0,case_048,0,0,480.476806640625,448.109619140625,unet,0008,0.0,8088,0,0.0
2.0,1000000.0,1.0,5000.0,case_048,0,0,2480.47705078125,2448.10986328125,unet,0008,0.0,8088,0,0.0
2.0,1000000.0,1.0,10000.0,case_048,0,0,7480.4765625,7448.109375,unet,0008,0.0,8088,0,0.0
2.0,1000000.0,1.0,25000.0,case_048,0,0,22480.4765625,22448.109375,unet,0008,0.0,8088,0,0.0
2.0,1000000.0,1.0,101325.0,case_048,0,0,98805.4765625,98773.109375,unet,0008,0.0,8088,0,0.0
4.0,100000.0,0.09999999999999999,2500.0,case_049,0,0,196.53564453125,195.832763671875,unet,0008,0.0,8088,0,0.0
4.0,100000.0,0.09999999999999999,3000.0,case_049,0,0,696.53564453125,695.832763671875,unet,0008,0.0,8088,0,0.0
4.0,100000.0,0.09999999999999999,5000.0,case_049,0,0,2696.53564453125,2695.8330078125,unet,0008,0.0,8088,0,0.0
4.0,100000.0,0.09999999999999999,10000.0,case_049,0,0,7696.5361328125,7695.8330078125,unet,0008,0.0,8088,0,0.0
4.0,100000.0,0.09999999999999999,25000.0,case_049,0,0,22696.53515625,22695.83203125,unet,0008,0.0,8088,0,0.0
4.0,100000.0,0.09999999999999999,101325.0,case_049,0,0,99021.5390625,99020.8359375,unet,0008,0.0,8088,0,0.0
4.0,200000.0,0.19999999999999998,2500.0,case_050,0,0,185.952880859375,183.196533203125,unet,0008,0.0,8088,0,0.0
4.0,200000.0,0.19999999999999998,3000.0,case_050,0,0,685.952880859375,683.196533203125,unet,0008,0.0,8088,0,0.0
4.0,200000.0,0.19999999999999998,5000.0,case_050,0,0,2685.95263671875,2683.19677734375,unet,0008,0.0,8088,0,0.0
4.0,200000.0,0.19999999999999998,10000.0,case_050,0,0,7685.953125,7683.1962890625,unet,0008,0.0,8088,0,0.0
4.0,200000.0,0.19999999999999998,25000.0,case_050,0,0,22685.953125,22683.197265625,unet,0008,0.0,8088,0,0.0
4.0,200000.0,0.19999999999999998,101325.0,case_050,0,0,99010.953125,99008.1953125,unet,0008,0.0,8088,0,0.0
4.0,500000.0,0.5,2500.0,case_051,0,0,108.572021484375,94.542724609375,unet,0008,0.0,8088,0,0.0
4.0,500000.0,0.5,3000.0,case_051,0,0,608.572021484375,594.542724609375,unet,0008,0.0,8088,0,0.0
4.0,500000.0,0.5,5000.0,case_051,0,0,2608.572265625,2594.54248046875,unet,0008,0.0,8088,0,0.0
4.0,500000.0,0.5,10000.0,case_051,0,0,7608.572265625,7594.54296875,unet,0008,0.0,8088,0,0.0
4.0,500000.0,0.5,25000.0,case_051,0,0,22608.572265625,22594.54296875,unet,0008,0.0,8088,0,0.0
4.0,500000.0,0.5,101325.0,case_051,0,0,98933.5703125,98919.5390625,unet,0008,0.0,8088,0,0.0
4.0,1000000.0,1.0,2500.0,case_052,21,0,-190.907470703125,-222.408203125,unet,0008,0.0035855588526211672,8038,29,0.006181998021760633
4.0,1000000.0,1.0,3000.0,case_052,0,0,309.092529296875,277.591796875,unet,0008,0.0,8088,0,0.0
4.0,1000000.0,1.0,5000.0,case_052,0,0,2309.0927734375,2277.591796875,unet,0008,0.0,8088,0,0.0
4.0,1000000.0,1.0,10000.0,case_052,0,0,7309.0927734375,7277.591796875,unet,0008,0.0,8088,0,0.0
4.0,1000000.0,1.0,25000.0,case_052,0,0,22309.091796875,22277.591796875,unet,0008,0.0,8088,0,0.0
4.0,1000000.0,1.0,101325.0,case_052,0,0,98634.09375,98602.59375,unet,0008,0.0,8088,0,0.0
6.0,100000.0,0.09999999999999999,2500.0,case_053,0,0,194.562744140625,193.80908203125,unet,0008,0.0,8088,0,0.0
6.0,100000.0,0.09999999999999999,3000.0,case_053,0,0,694.562744140625,693.80908203125,unet,0008,0.0,8088,0,0.0
6.0,100000.0,0.09999999999999999,5000.0,case_053,0,0,2694.5625,2693.80908203125,unet,0008,0.0,8088,0,0.0
6.0,100000.0,0.09999999999999999,10000.0,case_053,0,0,7694.5625,7693.80859375,unet,0008,0.0,8088,0,0.0
6.0,100000.0,0.09999999999999999,25000.0,case_053,0,0,22694.5625,22693.80859375,unet,0008,0.0,8088,0,0.0
6.0,100000.0,0.09999999999999999,101325.0,case_053,0,0,99019.5625,99018.8125,unet,0008,0.0,8088,0,0.0
6.0,200000.0,0.19999999999999998,2500.0,case_054,0,0,178.0126953125,174.634033203125,unet,0008,0.0,8088,0,0.0
6.0,200000.0,0.19999999999999998,3000.0,case_054,0,0,678.0126953125,674.634033203125,unet,0008,0.0,8088,0,0.0
6.0,200000.0,0.19999999999999998,5000.0,case_054,0,0,2678.0126953125,2674.63427734375,unet,0008,0.0,8088,0,0.0
6.0,200000.0,0.19999999999999998,10000.0,case_054,0,0,7678.0126953125,7674.6337890625,unet,0008,0.0,8088,0,0.0
6.0,200000.0,0.19999999999999998,25000.0,case_054,0,0,22678.013671875,22674.634765625,unet,0008,0.0,8088,0,0.0
6.0,200000.0,0.19999999999999998,101325.0,case_054,0,0,99003.015625,98999.6328125,unet,0008,0.0,8088,0,0.0
6.0,500000.0,0.5,2500.0,case_055,0,0,58.097412109375,43.85595703125,unet,0008,0.0,8088,0,0.0
6.0,500000.0,0.5,3000.0,case_055,0,0,558.097412109375,543.85595703125,unet,0008,0.0,8088,0,0.0
6.0,500000.0,0.5,5000.0,case_055,0,0,2558.09765625,2543.85595703125,unet,0008,0.0,8088,0,0.0
6.0,500000.0,0.5,10000.0,case_055,0,0,7558.09765625,7543.8564453125,unet,0008,0.0,8088,0,0.0
6.0,500000.0,0.5,25000.0,case_055,0,0,22558.09765625,22543.85546875,unet,0008,0.0,8088,0,0.0
6.0,500000.0,0.5,101325.0,case_055,0,0,98883.09375,98868.859375,unet,0008,0.0,8088,0,0.0
6.0,1000000.0,1.0,2500.0,case_056,2,19,-397.4114990234375,-425.4912109375,unet,0008,0.0175568743818002,7944,123,0.015454995054401583
6.0,1000000.0,1.0,3000.0,case_056,0,0,102.58837890625,74.5087890625,unet,0008,0.0,8088,0,0.0
6.0,1000000.0,1.0,5000.0,case_056,0,0,2102.58837890625,2074.5087890625,unet,0008,0.0,8088,0,0.0
6.0,1000000.0,1.0,10000.0,case_056,0,0,7102.5888671875,7074.5087890625,unet,0008,0.0,8088,0,0.0
6.0,1000000.0,1.0,25000.0,case_056,0,0,22102.587890625,22074.509765625,unet,0008,0.0,8088,0,0.0
6.0,1000000.0,1.0,101325.0,case_056,0,0,98427.5859375,98399.5078125,unet,0008,0.0,8088,0,0.0
8.0,100000.0,0.09999999999999999,2500.0,case_057,0,0,192.7529296875,191.6611328125,unet,0008,0.0,8088,0,0.0
8.0,100000.0,0.09999999999999999,3000.0,case_057,0,0,692.7529296875,691.6611328125,unet,0008,0.0,8088,0,0.0
8.0,100000.0,0.09999999999999999,5000.0,case_057,0,0,2692.7529296875,2691.6611328125,unet,0008,0.0,8088,0,0.0
8.0,100000.0,0.09999999999999999,10000.0,case_057,0,0,7692.7529296875,7691.6611328125,unet,0008,0.0,8088,0,0.0
8.0,100000.0,0.09999999999999999,25000.0,case_057,0,0,22692.75390625,22691.662109375,unet,0008,0.0,8088,0,0.0
8.0,100000.0,0.09999999999999999,101325.0,case_057,0,0,99017.75,99016.6640625,unet,0008,0.0,8088,0,0.0
8.0,200000.0,0.19999999999999998,2500.0,case_058,0,0,170.84521484375,166.403076171875,unet,0008,0.0,8088,0,0.0
8.0,200000.0,0.19999999999999998,3000.0,case_058,0,0,670.84521484375,666.403076171875,unet,0008,0.0,8088,0,0.0
8.0,200000.0,0.19999999999999998,5000.0,case_058,0,0,2670.84521484375,2666.4033203125,unet,0008,0.0,8088,0,0.0
8.0,200000.0,0.19999999999999998,10000.0,case_058,0,0,7670.8447265625,7666.4033203125,unet,0008,0.0,8088,0,0.0
8.0,200000.0,0.19999999999999998,25000.0,case_058,0,0,22670.845703125,22666.40234375,unet,0008,0.0,8088,0,0.0
8.0,200000.0,0.19999999999999998,101325.0,case_058,0,0,98995.84375,98991.40625,unet,0008,0.0,8088,0,0.0
8.0,500000.0,0.5,2500.0,case_059,1,0,14.69921875,-1.975830078125,unet,0008,0.0,8087,0,0.00012363996043521266
8.0,500000.0,0.5,3000.0,case_059,0,0,514.69921875,498.024169921875,unet,0008,0.0,8088,0,0.0
8.0,500000.0,0.5,5000.0,case_059,0,0,2514.69921875,2498.0244140625,unet,0008,0.0,8088,0,0.0
8.0,500000.0,0.5,10000.0,case_059,0,0,7514.69921875,7498.0244140625,unet,0008,0.0,8088,0,0.0
8.0,500000.0,0.5,25000.0,case_059,0,0,22514.69921875,22498.0234375,unet,0008,0.0,8088,0,0.0
8.0,500000.0,0.5,101325.0,case_059,0,0,98839.703125,98823.0234375,unet,0008,0.0,8088,0,0.0
8.0,1000000.0,1.0,2500.0,case_060,1,36,-561.201171875,-609.137939453125,unet,0008,0.029920870425321464,7845,206,0.02559347181008902
8.0,1000000.0,1.0,3000.0,case_060,1,0,-61.201171875,-109.137939453125,unet,0008,0.0002472799208704253,8085,2,0.000370919881305638
8.0,1000000.0,1.0,5000.0,case_060,0,0,1938.798828125,1890.8623046875,unet,0008,0.0,8088,0,0.0
8.0,1000000.0,1.0,10000.0,case_060,0,0,6938.798828125,6890.8623046875,unet,0008,0.0,8088,0,0.0
8.0,1000000.0,1.0,25000.0,case_060,0,0,21938.798828125,21890.861328125,unet,0008,0.0,8088,0,0.0
8.0,1000000.0,1.0,101325.0,case_060,0,0,98263.796875,98215.859375,unet,0008,0.0,8088,0,0.0
10.0,100000.0,0.09999999999999999,2500.0,case_061,0,0,191.643798828125,190.026611328125,unet,0008,0.0,8088,0,0.0
10.0,100000.0,0.09999999999999999,3000.0,case_061,0,0,691.643798828125,690.026611328125,unet,0008,0.0,8088,0,0.0
10.0,100000.0,0.09999999999999999,5000.0,case_061,0,0,2691.64404296875,2690.0263671875,unet,0008,0.0,8088,0,0.0
10.0,100000.0,0.09999999999999999,10000.0,case_061,0,0,7691.6435546875,7690.0263671875,unet,0008,0.0,8088,0,0.0
10.0,100000.0,0.09999999999999999,25000.0,case_061,0,0,22691.64453125,22690.02734375,unet,0008,0.0,8088,0,0.0
10.0,100000.0,0.09999999999999999,101325.0,case_061,0,0,99016.640625,99015.0234375,unet,0008,0.0,8088,0,0.0
10.0,200000.0,0.19999999999999998,2500.0,case_062,0,0,166.508544921875,162.6337890625,unet,0008,0.0,8088,0,0.0
10.0,200000.0,0.19999999999999998,3000.0,case_062,0,0,666.508544921875,662.6337890625,unet,0008,0.0,8088,0,0.0
10.0,200000.0,0.19999999999999998,5000.0,case_062,0,0,2666.50830078125,2662.6337890625,unet,0008,0.0,8088,0,0.0
10.0,200000.0,0.19999999999999998,10000.0,case_062,0,0,7666.5087890625,7662.6337890625,unet,0008,0.0,8088,0,0.0
10.0,200000.0,0.19999999999999998,25000.0,case_062,0,0,22666.5078125,22662.634765625,unet,0008,0.0,8088,0,0.0
10.0,200000.0,0.19999999999999998,101325.0,case_062,0,0,98991.5078125,98987.6328125,unet,0008,0.0,8088,0,0.0
10.0,500000.0,0.5,2500.0,case_063,1,0,-10.369384765625,-34.4384765625,unet,0008,0.0002472799208704253,8085,2,0.000370919881305638
10.0,500000.0,0.5,3000.0,case_063,0,0,489.630615234375,465.5615234375,unet,0008,0.0,8088,0,0.0
10.0,500000.0,0.5,5000.0,case_063,0,0,2489.63037109375,2465.5615234375,unet,0008,0.0,8088,0,0.0
10.0,500000.0,0.5,10000.0,case_063,0,0,7489.630859375,7465.5615234375,unet,0008,0.0,8088,0,0.0
10.0,500000.0,0.5,25000.0,case_063,0,0,22489.630859375,22465.560546875,unet,0008,0.0,8088,0,0.0
10.0,500000.0,0.5,101325.0,case_063,0,0,98814.6328125,98790.5625,unet,0008,0.0,8088,0,0.0
10.0,1000000.0,1.0,2500.0,case_064,5,34,-645.6064453125,-738.876708984375,unet,0008,0.04030662710187933,7757,292,0.03672106824925816
10.0,1000000.0,1.0,3000.0,case_064,3,0,-145.6064453125,-238.876708984375,unet,0008,0.000370919881305638,8082,3,0.000741839762611276
10.0,1000000.0,1.0,5000.0,case_064,0,0,1854.3935546875,1761.123291015625,unet,0008,0.0,8088,0,0.0
10.0,1000000.0,1.0,10000.0,case_064,0,0,6854.3935546875,6761.123046875,unet,0008,0.0,8088,0,0.0
10.0,1000000.0,1.0,25000.0,case_064,0,0,21854.39453125,21761.123046875,unet,0008,0.0,8088,0,0.0
10.0,1000000.0,1.0,101325.0,case_064,0,0,98179.390625,98086.125,unet,0008,0.0,8088,0,0.0
-4.0,100000.0,0.09999999999999999,2500.0,case_065,0,0,195.4501953125,194.7041015625,unet,0010,0.0,8068,0,0.0
-4.0,100000.0,0.09999999999999999,3000.0,case_065,0,0,695.4501953125,694.7041015625,unet,0010,0.0,8068,0,0.0
-4.0,100000.0,0.09999999999999999,5000.0,case_065,0,0,2695.4501953125,2694.7041015625,unet,0010,0.0,8068,0,0.0
-4.0,100000.0,0.09999999999999999,10000.0,case_065,0,0,7695.4501953125,7694.7041015625,unet,0010,0.0,8068,0,0.0
-4.0,100000.0,0.09999999999999999,25000.0,case_065,0,0,22695.44921875,22694.705078125,unet,0010,0.0,8068,0,0.0
-4.0,100000.0,0.09999999999999999,101325.0,case_065,0,0,99020.453125,99019.703125,unet,0010,0.0,8068,0,0.0
-4.0,200000.0,0.19999999999999998,2500.0,case_066,0,0,181.810546875,178.853759765625,unet,0010,0.0,8068,0,0.0
-4.0,200000.0,0.19999999999999998,3000.0,case_066,0,0,681.810546875,678.853759765625,unet,0010,0.0,8068,0,0.0
-4.0,200000.0,0.19999999999999998,5000.0,case_066,0,0,2681.810546875,2678.853515625,unet,0010,0.0,8068,0,0.0
-4.0,200000.0,0.19999999999999998,10000.0,case_066,0,0,7681.810546875,7678.853515625,unet,0010,0.0,8068,0,0.0
-4.0,200000.0,0.19999999999999998,25000.0,case_066,0,0,22681.810546875,22678.853515625,unet,0010,0.0,8068,0,0.0
-4.0,200000.0,0.19999999999999998,101325.0,case_066,0,0,99006.8125,99003.8515625,unet,0010,0.0,8068,0,0.0
-4.0,500000.0,0.5,2500.0,case_067,0,0,86.53857421875,66.75732421875,unet,0010,0.0,8068,0,0.0
-4.0,500000.0,0.5,3000.0,case_067,0,0,586.53857421875,566.75732421875,unet,0010,0.0,8068,0,0.0
-4.0,500000.0,0.5,5000.0,case_067,0,0,2586.53857421875,2566.75732421875,unet,0010,0.0,8068,0,0.0
-4.0,500000.0,0.5,10000.0,case_067,0,0,7586.5380859375,7566.7578125,unet,0010,0.0,8068,0,0.0
-4.0,500000.0,0.5,25000.0,case_067,0,0,22586.5390625,22566.7578125,unet,0010,0.0,8068,0,0.0
-4.0,500000.0,0.5,101325.0,case_067,0,0,98911.5390625,98891.7578125,unet,0010,0.0,8068,0,0.0
-4.0,1000000.0,1.0,2500.0,case_068,13,2,-251.833740234375,-334.4072265625,unet,0010,0.010411502231036193,7971,82,0.011774913237481408
-4.0,1000000.0,1.0,3000.0,case_068,0,0,248.166259765625,165.5927734375,unet,0010,0.0,8068,0,0.0
-4.0,1000000.0,1.0,5000.0,case_068,0,0,2248.166015625,2165.5927734375,unet,0010,0.0,8068,0,0.0
-4.0,1000000.0,1.0,10000.0,case_068,0,0,7248.166015625,7165.5927734375,unet,0010,0.0,8068,0,0.0
-4.0,1000000.0,1.0,25000.0,case_068,0,0,22248.166015625,22165.59375,unet,0010,0.0,8068,0,0.0
-4.0,1000000.0,1.0,101325.0,case_068,0,0,98573.1640625,98490.59375,unet,0010,0.0,8068,0,0.0
-2.0,100000.0,0.09999999999999999,2500.0,case_069,0,0,195.8564453125,196.5166015625,unet,0010,0.0,8068,0,0.0
-2.0,100000.0,0.09999999999999999,3000.0,case_069,0,0,695.8564453125,696.5166015625,unet,0010,0.0,8068,0,0.0
-2.0,100000.0,0.09999999999999999,5000.0,case_069,0,0,2695.8564453125,2696.5166015625,unet,0010,0.0,8068,0,0.0
-2.0,100000.0,0.09999999999999999,10000.0,case_069,0,0,7695.8564453125,7696.5166015625,unet,0010,0.0,8068,0,0.0
-2.0,100000.0,0.09999999999999999,25000.0,case_069,0,0,22695.85546875,22696.515625,unet,0010,0.0,8068,0,0.0
-2.0,100000.0,0.09999999999999999,101325.0,case_069,0,0,99020.859375,99021.515625,unet,0010,0.0,8068,0,0.0
-2.0,200000.0,0.19999999999999998,2500.0,case_070,0,0,183.544189453125,186.100830078125,unet,0010,0.0,8068,0,0.0
-2.0,200000.0,0.19999999999999998,3000.0,case_070,0,0,683.544189453125,686.100830078125,unet,0010,0.0,8068,0,0.0
-2.0,200000.0,0.19999999999999998,5000.0,case_070,0,0,2683.5439453125,2686.10107421875,unet,0010,0.0,8068,0,0.0
-2.0,200000.0,0.19999999999999998,10000.0,case_070,0,0,7683.5439453125,7686.1005859375,unet,0010,0.0,8068,0,0.0
-2.0,200000.0,0.19999999999999998,25000.0,case_070,0,0,22683.544921875,22686.1015625,unet,0010,0.0,8068,0,0.0
-2.0,200000.0,0.19999999999999998,101325.0,case_070,0,0,99008.546875,99011.1015625,unet,0010,0.0,8068,0,0.0
-2.0,500000.0,0.5,2500.0,case_071,0,0,99.662353515625,112.454833984375,unet,0010,0.0,8068,0,0.0
-2.0,500000.0,0.5,3000.0,case_071,0,0,599.662353515625,612.454833984375,unet,0010,0.0,8068,0,0.0
-2.0,500000.0,0.5,5000.0,case_071,0,0,2599.66259765625,2612.45458984375,unet,0010,0.0,8068,0,0.0
-2.0,500000.0,0.5,10000.0,case_071,0,0,7599.662109375,7612.455078125,unet,0010,0.0,8068,0,0.0
-2.0,500000.0,0.5,25000.0,case_071,0,0,22599.662109375,22612.455078125,unet,0010,0.0,8068,0,0.0
-2.0,500000.0,0.5,101325.0,case_071,0,0,98924.6640625,98937.453125,unet,0010,0.0,8068,0,0.0
-2.0,1000000.0,1.0,2500.0,case_072,6,19,-180.75146484375,-151.0810546875,unet,0010,0.0053296975706494795,8019,24,0.0037183936539414973
-2.0,1000000.0,1.0,3000.0,case_072,0,0,319.24853515625,348.9189453125,unet,0010,0.0,8068,0,0.0
-2.0,1000000.0,1.0,5000.0,case_072,0,0,2319.24853515625,2348.9189453125,unet,0010,0.0,8068,0,0.0
-2.0,1000000.0,1.0,10000.0,case_072,0,0,7319.2490234375,7348.9189453125,unet,0010,0.0,8068,0,0.0
-2.0,1000000.0,1.0,25000.0,case_072,0,0,22319.248046875,22348.91796875,unet,0010,0.0,8068,0,0.0
-2.0,1000000.0,1.0,101325.0,case_072,0,0,98644.25,98673.921875,unet,0010,0.0,8068,0,0.0
0.0,100000.0,0.09999999999999999,2500.0,case_073,0,0,197.77880859375,198.1845703125,unet,0010,0.0,8068,0,0.0
0.0,100000.0,0.09999999999999999,3000.0,case_073,0,0,697.77880859375,698.1845703125,unet,0010,0.0,8068,0,0.0
0.0,100000.0,0.09999999999999999,5000.0,case_073,0,0,2697.77880859375,2698.1845703125,unet,0010,0.0,8068,0,0.0
0.0,100000.0,0.09999999999999999,10000.0,case_073,0,0,7697.7783203125,7698.1845703125,unet,0010,0.0,8068,0,0.0
0.0,100000.0,0.09999999999999999,25000.0,case_073,0,0,22697.779296875,22698.185546875,unet,0010,0.0,8068,0,0.0
0.0,100000.0,0.09999999999999999,101325.0,case_073,0,0,99022.78125,99023.1875,unet,0010,0.0,8068,0,0.0
0.0,200000.0,0.19999999999999998,2500.0,case_074,0,0,191.343017578125,192.783447265625,unet,0010,0.0,8068,0,0.0
0.0,200000.0,0.19999999999999998,3000.0,case_074,0,0,691.343017578125,692.783447265625,unet,0010,0.0,8068,0,0.0
0.0,200000.0,0.19999999999999998,5000.0,case_074,0,0,2691.3427734375,2692.783203125,unet,0010,0.0,8068,0,0.0
0.0,200000.0,0.19999999999999998,10000.0,case_074,0,0,7691.3427734375,7692.783203125,unet,0010,0.0,8068,0,0.0
0.0,200000.0,0.19999999999999998,25000.0,case_074,0,0,22691.34375,22692.783203125,unet,0010,0.0,8068,0,0.0
0.0,200000.0,0.19999999999999998,101325.0,case_074,0,0,99016.34375,99017.78125,unet,0010,0.0,8068,0,0.0
0.0,500000.0,0.5,2500.0,case_075,0,0,150.147216796875,154.479736328125,unet,0010,0.0,8068,0,0.0
0.0,500000.0,0.5,3000.0,case_075,0,0,650.147216796875,654.479736328125,unet,0010,0.0,8068,0,0.0
0.0,500000.0,0.5,5000.0,case_075,0,0,2650.1474609375,2654.4794921875,unet,0010,0.0,8068,0,0.0
0.0,500000.0,0.5,10000.0,case_075,0,0,7650.1474609375,7654.4794921875,unet,0010,0.0,8068,0,0.0
0.0,500000.0,0.5,25000.0,case_075,0,0,22650.146484375,22654.48046875,unet,0010,0.0,8068,0,0.0
0.0,500000.0,0.5,101325.0,case_075,0,0,98975.1484375,98979.4765625,unet,0010,0.0,8068,0,0.0
0.0,1000000.0,1.0,2500.0,case_076,0,0,28.638671875,17.36376953125,unet,0010,0.0,8068,0,0.0
0.0,1000000.0,1.0,3000.0,case_076,0,0,528.638671875,517.36376953125,unet,0010,0.0,8068,0,0.0
0.0,1000000.0,1.0,5000.0,case_076,0,0,2528.638671875,2517.36376953125,unet,0010,0.0,8068,0,0.0
0.0,1000000.0,1.0,10000.0,case_076,0,0,7528.638671875,7517.3642578125,unet,0010,0.0,8068,0,0.0
0.0,1000000.0,1.0,25000.0,case_076,0,0,22528.638671875,22517.36328125,unet,0010,0.0,8068,0,0.0
0.0,1000000.0,1.0,101325.0,case_076,0,0,98853.640625,98842.3671875,unet,0010,0.0,8068,0,0.0
2.0,100000.0,0.09999999999999999,2500.0,case_077,0,0,197.625244140625,197.098388671875,unet,0010,0.0,8068,0,0.0
2.0,100000.0,0.09999999999999999,3000.0,case_077,0,0,697.625244140625,697.098388671875,unet,0010,0.0,8068,0,0.0
2.0,100000.0,0.09999999999999999,5000.0,case_077,0,0,2697.62548828125,2697.0986328125,unet,0010,0.0,8068,0,0.0
2.0,100000.0,0.09999999999999999,10000.0,case_077,0,0,7697.625,7697.0986328125,unet,0010,0.0,8068,0,0.0
2.0,100000.0,0.09999999999999999,25000.0,case_077,0,0,22697.625,22697.09765625,unet,0010,0.0,8068,0,0.0
2.0,100000.0,0.09999999999999999,101325.0,case_077,0,0,99022.625,99022.1015625,unet,0010,0.0,8068,0,0.0
2.0,200000.0,0.19999999999999998,2500.0,case_078,0,0,190.37841796875,188.18359375,unet,0010,0.0,8068,0,0.0
2.0,200000.0,0.19999999999999998,3000.0,case_078,0,0,690.37841796875,688.18359375,unet,0010,0.0,8068,0,0.0
2.0,200000.0,0.19999999999999998,5000.0,case_078,0,0,2690.37841796875,2688.18359375,unet,0010,0.0,8068,0,0.0
2.0,200000.0,0.19999999999999998,10000.0,case_078,0,0,7690.37890625,7688.18359375,unet,0010,0.0,8068,0,0.0
2.0,200000.0,0.19999999999999998,25000.0,case_078,0,0,22690.37890625,22688.18359375,unet,0010,0.0,8068,0,0.0
2.0,200000.0,0.19999999999999998,101325.0,case_078,0,0,99015.375,99013.1875,unet,0010,0.0,8068,0,0.0
2.0,500000.0,0.5,2500.0,case_079,0,0,137.561767578125,125.79296875,unet,0010,0.0,8068,0,0.0
2.0,500000.0,0.5,3000.0,case_079,0,0,637.561767578125,625.79296875,unet,0010,0.0,8068,0,0.0
2.0,500000.0,0.5,5000.0,case_079,0,0,2637.56201171875,2625.79296875,unet,0010,0.0,8068,0,0.0
2.0,500000.0,0.5,10000.0,case_079,0,0,7637.5615234375,7625.79296875,unet,0010,0.0,8068,0,0.0
2.0,500000.0,0.5,25000.0,case_079,0,0,22637.5625,22625.79296875,unet,0010,0.0,8068,0,0.0
2.0,500000.0,0.5,101325.0,case_079,0,0,98962.5625,98950.7890625,unet,0010,0.0,8068,0,0.0
2.0,1000000.0,1.0,2500.0,case_080,6,0,-65.191650390625,-97.29736328125,unet,0010,0.0011155180961824492,8053,9,0.0018591968269707486
2.0,1000000.0,1.0,3000.0,case_080,0,0,434.808349609375,402.70263671875,unet,0010,0.0,8068,0,0.0
2.0,1000000.0,1.0,5000.0,case_080,0,0,2434.80859375,2402.70263671875,unet,0010,0.0,8068,0,0.0
2.0,1000000.0,1.0,10000.0,case_080,0,0,7434.80859375,7402.703125,unet,0010,0.0,8068,0,0.0
2.0,1000000.0,1.0,25000.0,case_080,0,0,22434.80859375,22402.703125,unet,0010,0.0,8068,0,0.0
2.0,1000000.0,1.0,101325.0,case_080,0,0,98759.8046875,98727.703125,unet,0010,0.0,8068,0,0.0
4.0,100000.0,0.09999999999999999,2500.0,case_081,0,0,196.315673828125,195.19677734375,unet,0010,0.0,8068,0,0.0
4.0,100000.0,0.09999999999999999,3000.0,case_081,0,0,696.315673828125,695.19677734375,unet,0010,0.0,8068,0,0.0
4.0,100000.0,0.09999999999999999,5000.0,case_081,0,0,2696.3154296875,2695.19677734375,unet,0010,0.0,8068,0,0.0
4.0,100000.0,0.09999999999999999,10000.0,case_081,0,0,7696.3154296875,7695.1962890625,unet,0010,0.0,8068,0,0.0
4.0,100000.0,0.09999999999999999,25000.0,case_081,0,0,22696.31640625,22695.197265625,unet,0010,0.0,8068,0,0.0
4.0,100000.0,0.09999999999999999,101325.0,case_081,0,0,99021.3125,99020.1953125,unet,0010,0.0,8068,0,0.0
4.0,200000.0,0.19999999999999998,2500.0,case_082,0,0,185.066650390625,180.112548828125,unet,0010,0.0,8068,0,0.0
4.0,200000.0,0.19999999999999998,3000.0,case_082,0,0,685.066650390625,680.112548828125,unet,0010,0.0,8068,0,0.0
4.0,200000.0,0.19999999999999998,5000.0,case_082,0,0,2685.06689453125,2680.11279296875,unet,0010,0.0,8068,0,0.0
4.0,200000.0,0.19999999999999998,10000.0,case_082,0,0,7685.06640625,7680.1123046875,unet,0010,0.0,8068,0,0.0
4.0,200000.0,0.19999999999999998,25000.0,case_082,0,0,22685.06640625,22680.11328125,unet,0010,0.0,8068,0,0.0
4.0,200000.0,0.19999999999999998,101325.0,case_082,0,0,99010.0703125,99005.109375,unet,0010,0.0,8068,0,0.0
4.0,500000.0,0.5,2500.0,case_083,0,0,102.906005859375,77.823974609375,unet,0010,0.0,8068,0,0.0
4.0,500000.0,0.5,3000.0,case_083,0,0,602.906005859375,577.823974609375,unet,0010,0.0,8068,0,0.0
4.0,500000.0,0.5,5000.0,case_083,0,0,2602.90576171875,2577.82421875,unet,0010,0.0,8068,0,0.0
4.0,500000.0,0.5,10000.0,case_083,0,0,7602.90625,7577.82421875,unet,0010,0.0,8068,0,0.0
4.0,500000.0,0.5,25000.0,case_083,0,0,22602.90625,22577.82421875,unet,0010,0.0,8068,0,0.0
4.0,500000.0,0.5,101325.0,case_083,0,0,98927.90625,98902.8203125,unet,0010,0.0,8068,0,0.0
4.0,1000000.0,1.0,2500.0,case_084,31,0,-214.83642578125,-289.5675048828125,unet,0010,0.004462072384729797,8001,36,0.008304412493802676
4.0,1000000.0,1.0,3000.0,case_084,0,0,285.16357421875,210.4326171875,unet,0010,0.0,8068,0,0.0
4.0,1000000.0,1.0,5000.0,case_084,0,0,2285.16357421875,2210.4326171875,unet,0010,0.0,8068,0,0.0
4.0,1000000.0,1.0,10000.0,case_084,0,0,7285.1640625,7210.4326171875,unet,0010,0.0,8068,0,0.0
4.0,1000000.0,1.0,25000.0,case_084,0,0,22285.1640625,22210.431640625,unet,0010,0.0,8068,0,0.0
4.0,1000000.0,1.0,101325.0,case_084,0,0,98610.1640625,98535.4296875,unet,0010,0.0,8068,0,0.0
6.0,100000.0,0.09999999999999999,2500.0,case_085,0,0,194.2138671875,192.985595703125,unet,0010,0.0,8068,0,0.0
6.0,100000.0,0.09999999999999999,3000.0,case_085,0,0,694.2138671875,692.985595703125,unet,0010,0.0,8068,0,0.0
6.0,100000.0,0.09999999999999999,5000.0,case_085,0,0,2694.2138671875,2692.98583984375,unet,0010,0.0,8068,0,0.0
6.0,100000.0,0.09999999999999999,10000.0,case_085,0,0,7694.2138671875,7692.9853515625,unet,0010,0.0,8068,0,0.0
6.0,100000.0,0.09999999999999999,25000.0,case_085,0,0,22694.21484375,22692.986328125,unet,0010,0.0,8068,0,0.0
6.0,100000.0,0.09999999999999999,101325.0,case_085,0,0,99019.2109375,99017.984375,unet,0010,0.0,8068,0,0.0
6.0,200000.0,0.19999999999999998,2500.0,case_086,0,0,176.589111328125,171.697509765625,unet,0010,0.0,8068,0,0.0
6.0,200000.0,0.19999999999999998,3000.0,case_086,0,0,676.589111328125,671.697509765625,unet,0010,0.0,8068,0,0.0
6.0,200000.0,0.19999999999999998,5000.0,case_086,0,0,2676.58935546875,2671.69775390625,unet,0010,0.0,8068,0,0.0
6.0,200000.0,0.19999999999999998,10000.0,case_086,0,0,7676.5888671875,7671.697265625,unet,0010,0.0,8068,0,0.0
6.0,200000.0,0.19999999999999998,25000.0,case_086,0,0,22676.58984375,22671.697265625,unet,0010,0.0,8068,0,0.0
6.0,200000.0,0.19999999999999998,101325.0,case_086,0,0,99001.5859375,98996.6953125,unet,0010,0.0,8068,0,0.0
6.0,500000.0,0.5,2500.0,case_087,0,0,48.661865234375,26.041259765625,unet,0010,0.0,8068,0,0.0
6.0,500000.0,0.5,3000.0,case_087,0,0,548.661865234375,526.041259765625,unet,0010,0.0,8068,0,0.0
6.0,500000.0,0.5,5000.0,case_087,0,0,2548.66162109375,2526.04150390625,unet,0010,0.0,8068,0,0.0
6.0,500000.0,0.5,10000.0,case_087,0,0,7548.662109375,7526.041015625,unet,0010,0.0,8068,0,0.0
6.0,500000.0,0.5,25000.0,case_087,0,0,22548.662109375,22526.041015625,unet,0010,0.0,8068,0,0.0
6.0,500000.0,0.5,101325.0,case_087,0,0,98873.6640625,98851.0390625,unet,0010,0.0,8068,0,0.0
6.0,1000000.0,1.0,2500.0,case_088,1,5,-438.69140625,-497.142578125,unet,0010,0.018839861179970253,7915,147,0.01834407535944472
6.0,1000000.0,1.0,3000.0,case_088,0,0,61.30859375,2.857421875,unet,0010,0.0,8068,0,0.0
6.0,1000000.0,1.0,5000.0,case_088,0,0,2061.30859375,2002.857421875,unet,0010,0.0,8068,0,0.0
6.0,1000000.0,1.0,10000.0,case_088,0,0,7061.30859375,7002.857421875,unet,0010,0.0,8068,0,0.0
6.0,1000000.0,1.0,25000.0,case_088,0,0,22061.30859375,22002.857421875,unet,0010,0.0,8068,0,0.0
6.0,1000000.0,1.0,101325.0,case_088,0,0,98386.3046875,98327.859375,unet,0010,0.0,8068,0,0.0
8.0,100000.0,0.09999999999999999,2500.0,case_089,0,0,192.23583984375,190.936279296875,unet,0010,0.0,8068,0,0.0
8.0,100000.0,0.09999999999999999,3000.0,case_089,0,0,692.23583984375,690.936279296875,unet,0010,0.0,8068,0,0.0
8.0,100000.0,0.09999999999999999,5000.0,case_089,0,0,2692.23583984375,2690.93603515625,unet,0010,0.0,8068,0,0.0
8.0,100000.0,0.09999999999999999,10000.0,case_089,0,0,7692.236328125,7690.9365234375,unet,0010,0.0,8068,0,0.0
8.0,100000.0,0.09999999999999999,25000.0,case_089,0,0,22692.236328125,22690.935546875,unet,0010,0.0,8068,0,0.0
8.0,100000.0,0.09999999999999999,101325.0,case_089,0,0,99017.234375,99015.9375,unet,0010,0.0,8068,0,0.0
8.0,200000.0,0.19999999999999998,2500.0,case_090,0,0,168.765625,164.40283203125,unet,0010,0.0,8068,0,0.0
8.0,200000.0,0.19999999999999998,3000.0,case_090,0,0,668.765625,664.40283203125,unet,0010,0.0,8068,0,0.0
8.0,200000.0,0.19999999999999998,5000.0,case_090,0,0,2668.765625,2664.40283203125,unet,0010,0.0,8068,0,0.0
8.0,200000.0,0.19999999999999998,10000.0,case_090,0,0,7668.765625,7664.4033203125,unet,0010,0.0,8068,0,0.0
8.0,200000.0,0.19999999999999998,25000.0,case_090,0,0,22668.765625,22664.40234375,unet,0010,0.0,8068,0,0.0
8.0,200000.0,0.19999999999999998,101325.0,case_090,0,0,98993.765625,98989.40625,unet,0010,0.0,8068,0,0.0
8.0,500000.0,0.5,2500.0,case_091,1,0,1.528564453125,-20.565185546875,unet,0010,0.0,8067,0,0.00012394645513138323
8.0,500000.0,0.5,3000.0,case_091,0,0,501.528564453125,479.434814453125,unet,0010,0.0,8068,0,0.0
8.0,500000.0,0.5,5000.0,case_091,0,0,2501.5283203125,2479.43505859375,unet,0010,0.0,8068,0,0.0
8.0,500000.0,0.5,10000.0,case_091,0,0,7501.5283203125,7479.4345703125,unet,0010,0.0,8068,0,0.0
8.0,500000.0,0.5,25000.0,case_091,0,0,22501.529296875,22479.435546875,unet,0010,0.0,8068,0,0.0
8.0,500000.0,0.5,101325.0,case_091,0,0,98826.53125,98804.4375,unet,0010,0.0,8068,0,0.0
8.0,1000000.0,1.0,2500.0,case_092,7,21,-614.67333984375,-683.9564208984375,unet,0010,0.03061477441745166,7814,226,0.028879524045612295
8.0,1000000.0,1.0,3000.0,case_092,0,2,-114.67333984375,-183.95654296875,unet,0010,0.0006197322756569162,8063,3,0.0003718393653941497
8.0,1000000.0,1.0,5000.0,case_092,0,0,1885.32666015625,1816.04345703125,unet,0010,0.0,8068,0,0.0
8.0,1000000.0,1.0,10000.0,case_092,0,0,6885.326171875,6816.0439453125,unet,0010,0.0,8068,0,0.0
8.0,1000000.0,1.0,25000.0,case_092,0,0,21885.326171875,21816.04296875,unet,0010,0.0,8068,0,0.0
8.0,1000000.0,1.0,101325.0,case_092,0,0,98210.328125,98141.046875,unet,0010,0.0,8068,0,0.0
10.0,100000.0,0.09999999999999999,2500.0,case_093,0,0,191.10498046875,189.700927734375,unet,0010,0.0,8068,0,0.0
10.0,100000.0,0.09999999999999999,3000.0,case_093,0,0,691.10498046875,689.700927734375,unet,0010,0.0,8068,0,0.0
10.0,100000.0,0.09999999999999999,5000.0,case_093,0,0,2691.10498046875,2689.701171875,unet,0010,0.0,8068,0,0.0
10.0,100000.0,0.09999999999999999,10000.0,case_093,0,0,7691.1044921875,7689.701171875,unet,0010,0.0,8068,0,0.0
10.0,100000.0,0.09999999999999999,25000.0,case_093,0,0,22691.10546875,22689.701171875,unet,0010,0.0,8068,0,0.0
10.0,100000.0,0.09999999999999999,101325.0,case_093,0,0,99016.1015625,99014.703125,unet,0010,0.0,8068,0,0.0
10.0,200000.0,0.19999999999999998,2500.0,case_094,0,0,164.341064453125,159.192138671875,unet,0010,0.0,8068,0,0.0
10.0,200000.0,0.19999999999999998,3000.0,case_094,0,0,664.341064453125,659.192138671875,unet,0010,0.0,8068,0,0.0
10.0,200000.0,0.19999999999999998,5000.0,case_094,0,0,2664.34130859375,2659.1923828125,unet,0010,0.0,8068,0,0.0
10.0,200000.0,0.19999999999999998,10000.0,case_094,0,0,7664.3408203125,7659.1923828125,unet,0010,0.0,8068,0,0.0
10.0,200000.0,0.19999999999999998,25000.0,case_094,0,0,22664.341796875,22659.19140625,unet,0010,0.0,8068,0,0.0
10.0,200000.0,0.19999999999999998,101325.0,case_094,0,0,98989.34375,98984.1953125,unet,0010,0.0,8068,0,0.0
10.0,500000.0,0.5,2500.0,case_095,1,0,-24.16064453125,-56.9248046875,unet,0010,0.00024789291026276647,8065,2,0.0003718393653941497
10.0,500000.0,0.5,3000.0,case_095,0,0,475.83935546875,443.0751953125,unet,0010,0.0,8068,0,0.0
10.0,500000.0,0.5,5000.0,case_095,0,0,2475.83935546875,2443.0751953125,unet,0010,0.0,8068,0,0.0
10.0,500000.0,0.5,10000.0,case_095,0,0,7475.83984375,7443.0751953125,unet,0010,0.0,8068,0,0.0
10.0,500000.0,0.5,25000.0,case_095,0,0,22475.83984375,22443.076171875,unet,0010,0.0,8068,0,0.0
10.0,500000.0,0.5,101325.0,case_095,0,0,98800.8359375,98768.078125,unet,0010,0.0,8068,0,0.0
10.0,1000000.0,1.0,2500.0,case_096,0,23,-702.77197265625,-828.091064453125,unet,0010,0.042637580565195836,7724,321,0.039786812097174024
10.0,1000000.0,1.0,3000.0,case_096,1,1,-202.77197265625,-328.091064453125,unet,0010,0.0008676251859196827,8060,6,0.0008676251859196827
10.0,1000000.0,1.0,5000.0,case_096,0,0,1797.22802734375,1671.908935546875,unet,0010,0.0,8068,0,0.0
10.0,1000000.0,1.0,10000.0,case_096,0,0,6797.228515625,6671.9091796875,unet,0010,0.0,8068,0,0.0
10.0,1000000.0,1.0,25000.0,case_096,0,0,21797.228515625,21671.908203125,unet,0010,0.0,8068,0,0.0
10.0,1000000.0,1.0,101325.0,case_096,0,0,98122.2265625,97996.90625,unet,0010,0.0,8068,0,0.0
-4.0,100000.0,0.09999999999999999,2500.0,case_097,0,0,195.641845703125,194.01123046875,unet,0012,0.0,8050,0,0.0
-4.0,100000.0,0.09999999999999999,3000.0,case_097,0,0,695.641845703125,694.01123046875,unet,0012,0.0,8050,0,0.0
-4.0,100000.0,0.09999999999999999,5000.0,case_097,0,0,2695.64208984375,2694.01123046875,unet,0012,0.0,8050,0,0.0
-4.0,100000.0,0.09999999999999999,10000.0,case_097,0,0,7695.6416015625,7694.0107421875,unet,0012,0.0,8050,0,0.0
-4.0,100000.0,0.09999999999999999,25000.0,case_097,0,0,22695.642578125,22694.01171875,unet,0012,0.0,8050,0,0.0
-4.0,100000.0,0.09999999999999999,101325.0,case_097,0,0,99020.640625,99019.0078125,unet,0012,0.0,8050,0,0.0
-4.0,200000.0,0.19999999999999998,2500.0,case_098,0,0,182.590087890625,175.774658203125,unet,0012,0.0,8050,0,0.0
-4.0,200000.0,0.19999999999999998,3000.0,case_098,0,0,682.590087890625,675.774658203125,unet,0012,0.0,8050,0,0.0
-4.0,200000.0,0.19999999999999998,5000.0,case_098,0,0,2682.58984375,2675.7744140625,unet,0012,0.0,8050,0,0.0
-4.0,200000.0,0.19999999999999998,10000.0,case_098,0,0,7682.58984375,7675.7744140625,unet,0012,0.0,8050,0,0.0
-4.0,200000.0,0.19999999999999998,25000.0,case_098,0,0,22682.58984375,22675.775390625,unet,0012,0.0,8050,0,0.0
-4.0,200000.0,0.19999999999999998,101325.0,case_098,0,0,99007.59375,99000.7734375,unet,0012,0.0,8050,0,0.0
-4.0,500000.0,0.5,2500.0,case_099,0,0,91.671875,47.3837890625,unet,0012,0.0,8050,0,0.0
-4.0,500000.0,0.5,3000.0,case_099,0,0,591.671875,547.3837890625,unet,0012,0.0,8050,0,0.0
-4.0,500000.0,0.5,5000.0,case_099,0,0,2591.671875,2547.3837890625,unet,0012,0.0,8050,0,0.0
-4.0,500000.0,0.5,10000.0,case_099,0,0,7591.671875,7547.3837890625,unet,0012,0.0,8050,0,0.0
-4.0,500000.0,0.5,25000.0,case_099,0,0,22591.671875,22547.3828125,unet,0012,0.0,8050,0,0.0
-4.0,500000.0,0.5,101325.0,case_099,0,0,98916.671875,98872.3828125,unet,0012,0.0,8050,0,0.0
-4.0,1000000.0,1.0,2500.0,case_100,28,3,-229.05615234375,-412.073486328125,unet,0012,0.012546583850931678,7921,98,0.01565217391304348
-4.0,1000000.0,1.0,3000.0,case_100,0,0,270.94384765625,87.926513671875,unet,0012,0.0,8050,0,0.0
-4.0,1000000.0,1.0,5000.0,case_100,0,0,2270.94384765625,2087.9267578125,unet,0012,0.0,8050,0,0.0
-4.0,1000000.0,1.0,10000.0,case_100,0,0,7270.9443359375,7087.9267578125,unet,0012,0.0,8050,0,0.0
-4.0,1000000.0,1.0,25000.0,case_100,0,0,22270.943359375,22087.92578125,unet,0012,0.0,8050,0,0.0
-4.0,1000000.0,1.0,101325.0,case_100,0,0,98595.9453125,98412.9296875,unet,0012,0.0,8050,0,0.0
-2.0,100000.0,0.09999999999999999,2500.0,case_101,0,0,196.364501953125,196.232666015625,unet,0012,0.0,8050,0,0.0
-2.0,100000.0,0.09999999999999999,3000.0,case_101,0,0,696.364501953125,696.232666015625,unet,0012,0.0,8050,0,0.0
-2.0,100000.0,0.09999999999999999,5000.0,case_101,0,0,2696.36474609375,2696.232421875,unet,0012,0.0,8050,0,0.0
-2.0,100000.0,0.09999999999999999,10000.0,case_101,0,0,7696.3642578125,7696.232421875,unet,0012,0.0,8050,0,0.0
-2.0,100000.0,0.09999999999999999,25000.0,case_101,0,0,22696.365234375,22696.232421875,unet,0012,0.0,8050,0,0.0
-2.0,100000.0,0.09999999999999999,101325.0,case_101,0,0,99021.3671875,99021.234375,unet,0012,0.0,8050,0,0.0
-2.0,200000.0,0.19999999999999998,2500.0,case_102,0,0,185.629150390625,184.7197265625,unet,0012,0.0,8050,0,0.0
-2.0,200000.0,0.19999999999999998,3000.0,case_102,0,0,685.629150390625,684.7197265625,unet,0012,0.0,8050,0,0.0
-2.0,200000.0,0.19999999999999998,5000.0,case_102,0,0,2685.62890625,2684.7197265625,unet,0012,0.0,8050,0,0.0
-2.0,200000.0,0.19999999999999998,10000.0,case_102,0,0,7685.62890625,7684.7197265625,unet,0012,0.0,8050,0,0.0
-2.0,200000.0,0.19999999999999998,25000.0,case_102,0,0,22685.62890625,22684.720703125,unet,0012,0.0,8050,0,0.0
-2.0,200000.0,0.19999999999999998,101325.0,case_102,0,0,99010.6328125,99009.71875,unet,0012,0.0,8050,0,0.0
-2.0,500000.0,0.5,2500.0,case_103,0,0,113.605712890625,103.654296875,unet,0012,0.0,8050,0,0.0
-2.0,500000.0,0.5,3000.0,case_103,0,0,613.605712890625,603.654296875,unet,0012,0.0,8050,0,0.0
-2.0,500000.0,0.5,5000.0,case_103,0,0,2613.60546875,2603.654296875,unet,0012,0.0,8050,0,0.0
-2.0,500000.0,0.5,10000.0,case_103,0,0,7613.60546875,7603.654296875,unet,0012,0.0,8050,0,0.0
-2.0,500000.0,0.5,25000.0,case_103,0,0,22613.60546875,22603.654296875,unet,0012,0.0,8050,0,0.0
-2.0,500000.0,0.5,101325.0,case_103,0,0,98938.609375,98928.65625,unet,0012,0.0,8050,0,0.0
-2.0,1000000.0,1.0,2500.0,case_104,6,10,-119.742431640625,-186.510498046875,unet,0012,0.006583850931677019,7991,43,0.00608695652173913
-2.0,1000000.0,1.0,3000.0,case_104,0,0,380.257568359375,313.489501953125,unet,0012,0.0,8050,0,0.0
-2.0,1000000.0,1.0,5000.0,case_104,0,0,2380.2578125,2313.48974609375,unet,0012,0.0,8050,0,0.0
-2.0,1000000.0,1.0,10000.0,case_104,0,0,7380.2578125,7313.4892578125,unet,0012,0.0,8050,0,0.0
-2.0,1000000.0,1.0,25000.0,case_104,0,0,22380.2578125,22313.490234375,unet,0012,0.0,8050,0,0.0
-2.0,1000000.0,1.0,101325.0,case_104,0,0,98705.2578125,98638.4921875,unet,0012,0.0,8050,0,0.0
0.0,100000.0,0.09999999999999999,2500.0,case_105,0,0,197.99072265625,197.907958984375,unet,0012,0.0,8050,0,0.0
0.0,100000.0,0.09999999999999999,3000.0,case_105,0,0,697.99072265625,697.907958984375,unet,0012,0.0,8050,0,0.0
0.0,100000.0,0.09999999999999999,5000.0,case_105,0,0,2697.99072265625,2697.90771484375,unet,0012,0.0,8050,0,0.0
0.0,100000.0,0.09999999999999999,10000.0,case_105,0,0,7697.990234375,7697.908203125,unet,0012,0.0,8050,0,0.0
0.0,100000.0,0.09999999999999999,25000.0,case_105,0,0,22697.990234375,22697.908203125,unet,0012,0.0,8050,0,0.0
0.0,100000.0,0.09999999999999999,101325.0,case_105,0,0,99022.9921875,99022.90625,unet,0012,0.0,8050,0,0.0
0.0,200000.0,0.19999999999999998,2500.0,case_106,0,0,192.01708984375,191.534423828125,unet,0012,0.0,8050,0,0.0
0.0,200000.0,0.19999999999999998,3000.0,case_106,0,0,692.01708984375,691.534423828125,unet,0012,0.0,8050,0,0.0
0.0,200000.0,0.19999999999999998,5000.0,case_106,0,0,2692.01708984375,2691.5341796875,unet,0012,0.0,8050,0,0.0
0.0,200000.0,0.19999999999999998,10000.0,case_106,0,0,7692.0166015625,7691.5341796875,unet,0012,0.0,8050,0,0.0
0.0,200000.0,0.19999999999999998,25000.0,case_106,0,0,22692.017578125,22691.53515625,unet,0012,0.0,8050,0,0.0
0.0,200000.0,0.19999999999999998,101325.0,case_106,0,0,99017.015625,99016.53125,unet,0012,0.0,8050,0,0.0
0.0,500000.0,0.5,2500.0,case_107,0,0,151.085693359375,146.75634765625,unet,0012,0.0,8050,0,0.0
0.0,500000.0,0.5,3000.0,case_107,0,0,651.085693359375,646.75634765625,unet,0012,0.0,8050,0,0.0
0.0,500000.0,0.5,5000.0,case_107,0,0,2651.08544921875,2646.75634765625,unet,0012,0.0,8050,0,0.0
0.0,500000.0,0.5,10000.0,case_107,0,0,7651.0859375,7646.7568359375,unet,0012,0.0,8050,0,0.0
0.0,500000.0,0.5,25000.0,case_107,0,0,22651.0859375,22646.755859375,unet,0012,0.0,8050,0,0.0
0.0,500000.0,0.5,101325.0,case_107,0,0,98976.0859375,98971.7578125,unet,0012,0.0,8050,0,0.0
0.0,1000000.0,1.0,2500.0,case_108,6,0,10.4443359375,-13.424560546875,unet,0012,0.0,8044,0,0.0007453416149068323
0.0,1000000.0,1.0,3000.0,case_108,0,0,510.4443359375,486.575439453125,unet,0012,0.0,8050,0,0.0
0.0,1000000.0,1.0,5000.0,case_108,0,0,2510.4443359375,2486.5751953125,unet,0012,0.0,8050,0,0.0
0.0,1000000.0,1.0,10000.0,case_108,0,0,7510.4443359375,7486.5751953125,unet,0012,0.0,8050,0,0.0
0.0,1000000.0,1.0,25000.0,case_108,0,0,22510.443359375,22486.576171875,unet,0012,0.0,8050,0,0.0
0.0,1000000.0,1.0,101325.0,case_108,0,0,98835.4453125,98811.578125,unet,0012,0.0,8050,0,0.0
2.0,100000.0,0.09999999999999999,2500.0,case_109,0,0,197.31640625,196.817138671875,unet,0012,0.0,8050,0,0.0
2.0,100000.0,0.09999999999999999,3000.0,case_109,0,0,697.31640625,696.817138671875,unet,0012,0.0,8050,0,0.0
2.0,100000.0,0.09999999999999999,5000.0,case_109,0,0,2697.31640625,2696.8173828125,unet,0012,0.0,8050,0,0.0
2.0,100000.0,0.09999999999999999,10000.0,case_109,0,0,7697.31640625,7696.8173828125,unet,0012,0.0,8050,0,0.0
2.0,100000.0,0.09999999999999999,25000.0,case_109,0,0,22697.31640625,22696.81640625,unet,0012,0.0,8050,0,0.0
2.0,100000.0,0.09999999999999999,101325.0,case_109,0,0,99022.3125,99021.8203125,unet,0012,0.0,8050,0,0.0
2.0,200000.0,0.19999999999999998,2500.0,case_110,0,0,189.10205078125,187.204345703125,unet,0012,0.0,8050,0,0.0
2.0,200000.0,0.19999999999999998,3000.0,case_110,0,0,689.10205078125,687.204345703125,unet,0012,0.0,8050,0,0.0
2.0,200000.0,0.19999999999999998,5000.0,case_110,0,0,2689.10205078125,2687.20458984375,unet,0012,0.0,8050,0,0.0
2.0,200000.0,0.19999999999999998,10000.0,case_110,0,0,7689.1025390625,7687.2041015625,unet,0012,0.0,8050,0,0.0
2.0,200000.0,0.19999999999999998,25000.0,case_110,0,0,22689.1015625,22687.205078125,unet,0012,0.0,8050,0,0.0
2.0,200000.0,0.19999999999999998,101325.0,case_110,0,0,99014.1015625,99012.203125,unet,0012,0.0,8050,0,0.0
2.0,500000.0,0.5,2500.0,case_111,0,0,128.821044921875,119.629150390625,unet,0012,0.0,8050,0,0.0
2.0,500000.0,0.5,3000.0,case_111,0,0,628.821044921875,619.629150390625,unet,0012,0.0,8050,0,0.0
2.0,500000.0,0.5,5000.0,case_111,0,0,2628.82080078125,2619.62890625,unet,0012,0.0,8050,0,0.0
2.0,500000.0,0.5,10000.0,case_111,0,0,7628.8212890625,7619.62890625,unet,0012,0.0,8050,0,0.0
2.0,500000.0,0.5,25000.0,case_111,0,0,22628.8203125,22619.62890625,unet,0012,0.0,8050,0,0.0
2.0,500000.0,0.5,101325.0,case_111,0,0,98953.8203125,98944.6328125,unet,0012,0.0,8050,0,0.0
2.0,1000000.0,1.0,2500.0,case_112,18,0,-105.2607421875,-122.009033203125,unet,0012,0.0009937888198757764,8024,8,0.003229813664596273
2.0,1000000.0,1.0,3000.0,case_112,0,0,394.7392578125,377.990966796875,unet,0012,0.0,8050,0,0.0
2.0,1000000.0,1.0,5000.0,case_112,0,0,2394.7392578125,2377.9912109375,unet,0012,0.0,8050,0,0.0
2.0,1000000.0,1.0,10000.0,case_112,0,0,7394.7392578125,7377.9912109375,unet,0012,0.0,8050,0,0.0
2.0,1000000.0,1.0,25000.0,case_112,0,0,22394.73828125,22377.990234375,unet,0012,0.0,8050,0,0.0
2.0,1000000.0,1.0,101325.0,case_112,0,0,98719.7421875,98702.9921875,unet,0012,0.0,8050,0,0.0
4.0,100000.0,0.09999999999999999,2500.0,case_113,0,0,195.82421875,194.56591796875,unet,0012,0.0,8050,0,0.0
4.0,100000.0,0.09999999999999999,3000.0,case_113,0,0,695.82421875,694.56591796875,unet,0012,0.0,8050,0,0.0
4.0,100000.0,0.09999999999999999,5000.0,case_113,0,0,2695.82421875,2694.56591796875,unet,0012,0.0,8050,0,0.0
4.0,100000.0,0.09999999999999999,10000.0,case_113,0,0,7695.82421875,7694.56640625,unet,0012,0.0,8050,0,0.0
4.0,100000.0,0.09999999999999999,25000.0,case_113,0,0,22695.82421875,22694.56640625,unet,0012,0.0,8050,0,0.0
4.0,100000.0,0.09999999999999999,101325.0,case_113,0,0,99020.828125,99019.5625,unet,0012,0.0,8050,0,0.0
4.0,200000.0,0.19999999999999998,2500.0,case_114,0,0,183.12353515625,178.137939453125,unet,0012,0.0,8050,0,0.0
4.0,200000.0,0.19999999999999998,3000.0,case_114,0,0,683.12353515625,678.137939453125,unet,0012,0.0,8050,0,0.0
4.0,200000.0,0.19999999999999998,5000.0,case_114,0,0,2683.12353515625,2678.1376953125,unet,0012,0.0,8050,0,0.0
4.0,200000.0,0.19999999999999998,10000.0,case_114,0,0,7683.123046875,7678.1376953125,unet,0012,0.0,8050,0,0.0
4.0,200000.0,0.19999999999999998,25000.0,case_114,0,0,22683.123046875,22678.138671875,unet,0012,0.0,8050,0,0.0
4.0,200000.0,0.19999999999999998,101325.0,case_114,0,0,99008.125,99003.140625,unet,0012,0.0,8050,0,0.0
4.0,500000.0,0.5,2500.0,case_115,0,0,91.2041015625,62.58935546875,unet,0012,0.0,8050,0,0.0
4.0,500000.0,0.5,3000.0,case_115,0,0,591.2041015625,562.58935546875,unet,0012,0.0,8050,0,0.0
4.0,500000.0,0.5,5000.0,case_115,0,0,2591.2041015625,2562.58935546875,unet,0012,0.0,8050,0,0.0
4.0,500000.0,0.5,10000.0,case_115,0,0,7591.2041015625,7562.5888671875,unet,0012,0.0,8050,0,0.0
4.0,500000.0,0.5,25000.0,case_115,0,0,22591.203125,22562.58984375,unet,0012,0.0,8050,0,0.0
4.0,500000.0,0.5,101325.0,case_115,0,0,98916.203125,98887.5859375,unet,0012,0.0,8050,0,0.0
4.0,1000000.0,1.0,2500.0,case_116,49,0,-258.255859375,-350.66064453125,unet,0012,0.004596273291925466,7964,37,0.010683229813664596
4.0,1000000.0,1.0,3000.0,case_116,0,0,241.744140625,149.33935546875,unet,0012,0.0,8050,0,0.0
4.0,1000000.0,1.0,5000.0,case_116,0,0,2241.744140625,2149.33935546875,unet,0012,0.0,8050,0,0.0
4.0,1000000.0,1.0,10000.0,case_116,0,0,7241.744140625,7149.33984375,unet,0012,0.0,8050,0,0.0
4.0,1000000.0,1.0,25000.0,case_116,0,0,22241.744140625,22149.33984375,unet,0012,0.0,8050,0,0.0
4.0,1000000.0,1.0,101325.0,case_116,0,0,98566.7421875,98474.3359375,unet,0012,0.0,8050,0,0.0
6.0,100000.0,0.09999999999999999,2500.0,case_117,0,0,194.0439453125,192.16455078125,unet,0012,0.0,8050,0,0.0
6.0,100000.0,0.09999999999999999,3000.0,case_117,0,0,694.0439453125,692.16455078125,unet,0012,0.0,8050,0,0.0
6.0,100000.0,0.09999999999999999,5000.0,case_117,0,0,2694.0439453125,2692.16455078125,unet,0012,0.0,8050,0,0.0
6.0,100000.0,0.09999999999999999,10000.0,case_117,0,0,7694.0439453125,7692.1650390625,unet,0012,0.0,8050,0,0.0
6.0,100000.0,0.09999999999999999,25000.0,case_117,0,0,22694.04296875,22692.1640625,unet,0012,0.0,8050,0,0.0
6.0,100000.0,0.09999999999999999,101325.0,case_117,0,0,99019.046875,99017.1640625,unet,0012,0.0,8050,0,0.0
6.0,200000.0,0.19999999999999998,2500.0,case_118,0,0,175.938720703125,168.39990234375,unet,0012,0.0,8050,0,0.0
6.0,200000.0,0.19999999999999998,3000.0,case_118,0,0,675.938720703125,668.39990234375,unet,0012,0.0,8050,0,0.0
6.0,200000.0,0.19999999999999998,5000.0,case_118,0,0,2675.93896484375,2668.39990234375,unet,0012,0.0,8050,0,0.0
6.0,200000.0,0.19999999999999998,10000.0,case_118,0,0,7675.9384765625,7668.3994140625,unet,0012,0.0,8050,0,0.0
6.0,200000.0,0.19999999999999998,25000.0,case_118,0,0,22675.939453125,22668.400390625,unet,0012,0.0,8050,0,0.0
6.0,200000.0,0.19999999999999998,101325.0,case_118,0,0,99000.9375,98993.3984375,unet,0012,0.0,8050,0,0.0
6.0,500000.0,0.5,2500.0,case_119,0,0,45.11962890625,5.531982421875,unet,0012,0.0,8050,0,0.0
6.0,500000.0,0.5,3000.0,case_119,0,0,545.11962890625,505.531982421875,unet,0012,0.0,8050,0,0.0
6.0,500000.0,0.5,5000.0,case_119,0,0,2545.11962890625,2505.5322265625,unet,0012,0.0,8050,0,0.0
6.0,500000.0,0.5,10000.0,case_119,0,0,7545.119140625,7505.5322265625,unet,0012,0.0,8050,0,0.0
6.0,500000.0,0.5,25000.0,case_119,0,0,22545.119140625,22505.53125,unet,0012,0.0,8050,0,0.0
6.0,500000.0,0.5,101325.0,case_119,0,0,98870.1171875,98830.53125,unet,0012,0.0,8050,0,0.0
6.0,1000000.0,1.0,2500.0,case_120,22,0,-450.12353515625,-579.460205078125,unet,0012,0.018385093167701864,7880,148,0.02111801242236025
6.0,1000000.0,1.0,3000.0,case_120,1,0,49.87646484375,-79.460205078125,unet,0012,0.0,8049,0,0.00012422360248447205
6.0,1000000.0,1.0,5000.0,case_120,0,0,2049.87646484375,1920.53955078125,unet,0012,0.0,8050,0,0.0
6.0,1000000.0,1.0,10000.0,case_120,0,0,7049.8759765625,6920.5400390625,unet,0012,0.0,8050,0,0.0
6.0,1000000.0,1.0,25000.0,case_120,0,0,22049.876953125,21920.5390625,unet,0012,0.0,8050,0,0.0
6.0,1000000.0,1.0,101325.0,case_120,0,0,98374.875,98245.5390625,unet,0012,0.0,8050,0,0.0
8.0,100000.0,0.09999999999999999,2500.0,case_121,0,0,192.1259765625,189.905517578125,unet,0012,0.0,8050,0,0.0
8.0,100000.0,0.09999999999999999,3000.0,case_121,0,0,692.1259765625,689.905517578125,unet,0012,0.0,8050,0,0.0
8.0,100000.0,0.09999999999999999,5000.0,case_121,0,0,2692.1259765625,2689.90576171875,unet,0012,0.0,8050,0,0.0
8.0,100000.0,0.09999999999999999,10000.0,case_121,0,0,7692.1259765625,7689.9052734375,unet,0012,0.0,8050,0,0.0
8.0,100000.0,0.09999999999999999,25000.0,case_121,0,0,22692.125,22689.90625,unet,0012,0.0,8050,0,0.0
8.0,100000.0,0.09999999999999999,101325.0,case_121,0,0,99017.125,99014.90625,unet,0012,0.0,8050,0,0.0
8.0,200000.0,0.19999999999999998,2500.0,case_122,0,0,168.3115234375,159.871826171875,unet,0012,0.0,8050,0,0.0
8.0,200000.0,0.19999999999999998,3000.0,case_122,0,0,668.3115234375,659.871826171875,unet,0012,0.0,8050,0,0.0
8.0,200000.0,0.19999999999999998,5000.0,case_122,0,0,2668.3115234375,2659.87158203125,unet,0012,0.0,8050,0,0.0
8.0,200000.0,0.19999999999999998,10000.0,case_122,0,0,7668.3115234375,7659.8720703125,unet,0012,0.0,8050,0,0.0
8.0,200000.0,0.19999999999999998,25000.0,case_122,0,0,22668.3125,22659.87109375,unet,0012,0.0,8050,0,0.0
8.0,200000.0,0.19999999999999998,101325.0,case_122,0,0,98993.3125,98984.875,unet,0012,0.0,8050,0,0.0
8.0,500000.0,0.5,2500.0,case_123,1,0,-1.564208984375,-48.828125,unet,0012,0.00012422360248447205,8048,1,0.0002484472049689441
8.0,500000.0,0.5,3000.0,case_123,0,0,498.435791015625,451.171875,unet,0012,0.0,8050,0,0.0
8.0,500000.0,0.5,5000.0,case_123,0,0,2498.435546875,2451.171875,unet,0012,0.0,8050,0,0.0
8.0,500000.0,0.5,10000.0,case_123,0,0,7498.435546875,7451.171875,unet,0012,0.0,8050,0,0.0
8.0,500000.0,0.5,25000.0,case_123,0,0,22498.435546875,22451.171875,unet,0012,0.0,8050,0,0.0
8.0,500000.0,0.5,101325.0,case_123,0,0,98823.4375,98776.171875,unet,0012,0.0,8050,0,0.0
8.0,1000000.0,1.0,2500.0,case_124,20,17,-628.469970703125,-797.58740234375,unet,0012,0.03217391304347826,7771,242,0.032546583850931676
8.0,1000000.0,1.0,3000.0,case_124,0,2,-128.469970703125,-297.58740234375,unet,0012,0.0006211180124223603,8045,3,0.00037267080745341616
8.0,1000000.0,1.0,5000.0,case_124,0,0,1871.5302734375,1702.41259765625,unet,0012,0.0,8050,0,0.0
8.0,1000000.0,1.0,10000.0,case_124,0,0,6871.5302734375,6702.4130859375,unet,0012,0.0,8050,0,0.0
8.0,1000000.0,1.0,25000.0,case_124,0,0,21871.529296875,21702.412109375,unet,0012,0.0,8050,0,0.0
8.0,1000000.0,1.0,101325.0,case_124,0,0,98196.53125,98027.4140625,unet,0012,0.0,8050,0,0.0
10.0,100000.0,0.09999999999999999,2500.0,case_125,0,0,190.887939453125,188.190185546875,unet,0012,0.0,8050,0,0.0
10.0,100000.0,0.09999999999999999,3000.0,case_125,0,0,690.887939453125,688.190185546875,unet,0012,0.0,8050,0,0.0
10.0,100000.0,0.09999999999999999,5000.0,case_125,0,0,2690.8876953125,2688.1904296875,unet,0012,0.0,8050,0,0.0
10.0,100000.0,0.09999999999999999,10000.0,case_125,0,0,7690.8876953125,7688.1904296875,unet,0012,0.0,8050,0,0.0
10.0,100000.0,0.09999999999999999,25000.0,case_125,0,0,22690.888671875,22688.189453125,unet,0012,0.0,8050,0,0.0
10.0,100000.0,0.09999999999999999,101325.0,case_125,0,0,99015.890625,99013.1875,unet,0012,0.0,8050,0,0.0
10.0,200000.0,0.19999999999999998,2500.0,case_126,0,0,163.4326171875,152.173828125,unet,0012,0.0,8050,0,0.0
10.0,200000.0,0.19999999999999998,3000.0,case_126,0,0,663.4326171875,652.173828125,unet,0012,0.0,8050,0,0.0
10.0,200000.0,0.19999999999999998,5000.0,case_126,0,0,2663.4326171875,2652.173828125,unet,0012,0.0,8050,0,0.0
10.0,200000.0,0.19999999999999998,10000.0,case_126,0,0,7663.4326171875,7652.173828125,unet,0012,0.0,8050,0,0.0
10.0,200000.0,0.19999999999999998,25000.0,case_126,0,0,22663.43359375,22652.173828125,unet,0012,0.0,8050,0,0.0
10.0,200000.0,0.19999999999999998,101325.0,case_126,0,0,98988.4296875,98977.171875,unet,0012,0.0,8050,0,0.0
10.0,500000.0,0.5,2500.0,case_127,1,0,-30.693359375,-97.72216796875,unet,0012,0.0004968944099378882,8045,4,0.0006211180124223603
10.0,500000.0,0.5,3000.0,case_127,0,0,469.306640625,402.27783203125,unet,0012,0.0,8050,0,0.0
10.0,500000.0,0.5,5000.0,case_127,0,0,2469.306640625,2402.27783203125,unet,0012,0.0,8050,0,0.0
10.0,500000.0,0.5,10000.0,case_127,0,0,7469.306640625,7402.2783203125,unet,0012,0.0,8050,0,0.0
10.0,500000.0,0.5,25000.0,case_127,0,0,22469.306640625,22402.27734375,unet,0012,0.0,8050,0,0.0
10.0,500000.0,0.5,101325.0,case_127,0,0,98794.3046875,98727.28125,unet,0012,0.0,8050,0,0.0
10.0,1000000.0,1.0,2500.0,case_128,2,35,-735.9034423828125,-993.9029541015625,unet,0012,0.0475776397515528,7665,348,0.043478260869565216
10.0,1000000.0,1.0,3000.0,case_128,1,1,-235.9033203125,-493.9029541015625,unet,0012,0.0012422360248447205,8039,9,0.0012422360248447205
10.0,1000000.0,1.0,5000.0,case_128,0,0,1764.0966796875,1506.09716796875,unet,0012,0.0,8050,0,0.0
10.0,1000000.0,1.0,10000.0,case_128,0,0,6764.0966796875,6506.0966796875,unet,0012,0.0,8050,0,0.0
10.0,1000000.0,1.0,25000.0,case_128,0,0,21764.095703125,21506.09765625,unet,0012,0.0,8050,0,0.0
10.0,1000000.0,1.0,101325.0,case_128,0,0,98089.09375,97831.09375,unet,0012,0.0,8050,0,0.0
-4.0,100000.0,0.09999999999999999,2500.0,case_129,0,0,194.597412109375,194.35107421875,unet,0015,0.0,8008,0,0.0
-4.0,100000.0,0.09999999999999999,3000.0,case_129,0,0,694.597412109375,694.35107421875,unet,0015,0.0,8008,0,0.0
-4.0,100000.0,0.09999999999999999,5000.0,case_129,0,0,2694.59765625,2694.35107421875,unet,0015,0.0,8008,0,0.0
-4.0,100000.0,0.09999999999999999,10000.0,case_129,0,0,7694.59765625,7694.3505859375,unet,0015,0.0,8008,0,0.0
-4.0,100000.0,0.09999999999999999,25000.0,case_129,0,0,22694.59765625,22694.3515625,unet,0015,0.0,8008,0,0.0
-4.0,100000.0,0.09999999999999999,101325.0,case_129,0,0,99019.59375,99019.3515625,unet,0015,0.0,8008,0,0.0
-4.0,200000.0,0.19999999999999998,2500.0,case_130,0,0,178.4462890625,177.379638671875,unet,0015,0.0,8008,0,0.0
-4.0,200000.0,0.19999999999999998,3000.0,case_130,0,0,678.4462890625,677.379638671875,unet,0015,0.0,8008,0,0.0
-4.0,200000.0,0.19999999999999998,5000.0,case_130,0,0,2678.4462890625,2677.37939453125,unet,0015,0.0,8008,0,0.0
-4.0,200000.0,0.19999999999999998,10000.0,case_130,0,0,7678.4462890625,7677.3798828125,unet,0015,0.0,8008,0,0.0
-4.0,200000.0,0.19999999999999998,25000.0,case_130,0,0,22678.4453125,22677.37890625,unet,0015,0.0,8008,0,0.0
-4.0,200000.0,0.19999999999999998,101325.0,case_130,0,0,99003.4453125,99002.3828125,unet,0015,0.0,8008,0,0.0
-4.0,500000.0,0.5,2500.0,case_131,0,0,66.4609375,57.5546875,unet,0015,0.0,8008,0,0.0
-4.0,500000.0,0.5,3000.0,case_131,0,0,566.4609375,557.5546875,unet,0015,0.0,8008,0,0.0
-4.0,500000.0,0.5,5000.0,case_131,0,0,2566.4609375,2557.5546875,unet,0015,0.0,8008,0,0.0
-4.0,500000.0,0.5,10000.0,case_131,0,0,7566.4609375,7557.5546875,unet,0015,0.0,8008,0,0.0
-4.0,500000.0,0.5,25000.0,case_131,0,0,22566.4609375,22557.5546875,unet,0015,0.0,8008,0,0.0
-4.0,500000.0,0.5,101325.0,case_131,0,0,98891.4609375,98882.5546875,unet,0015,0.0,8008,0,0.0
-4.0,1000000.0,1.0,2500.0,case_132,43,1,-324.723876953125,-371.20068359375,unet,0015,0.01510989010989011,7844,120,0.020354645354645356
-4.0,1000000.0,1.0,3000.0,case_132,0,0,175.276123046875,128.79931640625,unet,0015,0.0,8008,0,0.0
-4.0,1000000.0,1.0,5000.0,case_132,0,0,2175.2763671875,2128.79931640625,unet,0015,0.0,8008,0,0.0
-4.0,1000000.0,1.0,10000.0,case_132,0,0,7175.2763671875,7128.7998046875,unet,0015,0.0,8008,0,0.0
-4.0,1000000.0,1.0,25000.0,case_132,0,0,22175.275390625,22128.798828125,unet,0015,0.0,8008,0,0.0
-4.0,1000000.0,1.0,101325.0,case_132,0,0,98500.2734375,98453.796875,unet,0015,0.0,8008,0,0.0
-2.0,100000.0,0.09999999999999999,2500.0,case_133,0,0,195.58837890625,195.881591796875,unet,0015,0.0,8008,0,0.0
-2.0,100000.0,0.09999999999999999,3000.0,case_133,0,0,695.58837890625,695.881591796875,unet,0015,0.0,8008,0,0.0
-2.0,100000.0,0.09999999999999999,5000.0,case_133,0,0,2695.58837890625,2695.88134765625,unet,0015,0.0,8008,0,0.0
-2.0,100000.0,0.09999999999999999,10000.0,case_133,0,0,7695.5888671875,7695.8818359375,unet,0015,0.0,8008,0,0.0
-2.0,100000.0,0.09999999999999999,25000.0,case_133,0,0,22695.587890625,22695.880859375,unet,0015,0.0,8008,0,0.0
-2.0,100000.0,0.09999999999999999,101325.0,case_133,0,0,99020.5859375,99020.8828125,unet,0015,0.0,8008,0,0.0
-2.0,200000.0,0.19999999999999998,2500.0,case_134,0,0,182.5361328125,183.510009765625,unet,0015,0.0,8008,0,0.0
-2.0,200000.0,0.19999999999999998,3000.0,case_134,0,0,682.5361328125,683.510009765625,unet,0015,0.0,8008,0,0.0
-2.0,200000.0,0.19999999999999998,5000.0,case_134,0,0,2682.5361328125,2683.509765625,unet,0015,0.0,8008,0,0.0
-2.0,200000.0,0.19999999999999998,10000.0,case_134,0,0,7682.5361328125,7683.509765625,unet,0015,0.0,8008,0,0.0
-2.0,200000.0,0.19999999999999998,25000.0,case_134,0,0,22682.537109375,22683.509765625,unet,0015,0.0,8008,0,0.0
-2.0,200000.0,0.19999999999999998,101325.0,case_134,0,0,99007.5390625,99008.5078125,unet,0015,0.0,8008,0,0.0
-2.0,500000.0,0.5,2500.0,case_135,0,0,94.475830078125,96.166015625,unet,0015,0.0,8008,0,0.0
-2.0,500000.0,0.5,3000.0,case_135,0,0,594.475830078125,596.166015625,unet,0015,0.0,8008,0,0.0
-2.0,500000.0,0.5,5000.0,case_135,0,0,2594.4755859375,2596.166015625,unet,0015,0.0,8008,0,0.0
-2.0,500000.0,0.5,10000.0,case_135,0,0,7594.4755859375,7596.166015625,unet,0015,0.0,8008,0,0.0
-2.0,500000.0,0.5,25000.0,case_135,0,0,22594.4765625,22596.166015625,unet,0015,0.0,8008,0,0.0
-2.0,500000.0,0.5,101325.0,case_135,0,0,98919.4765625,98921.1640625,unet,0015,0.0,8008,0,0.0
-2.0,1000000.0,1.0,2500.0,case_136,8,9,-195.48046875,-216.358642578125,unet,0015,0.01048951048951049,7916,75,0.010364635364635364
-2.0,1000000.0,1.0,3000.0,case_136,0,0,304.51953125,283.641357421875,unet,0015,0.0,8008,0,0.0
-2.0,1000000.0,1.0,5000.0,case_136,0,0,2304.51953125,2283.64111328125,unet,0015,0.0,8008,0,0.0
-2.0,1000000.0,1.0,10000.0,case_136,0,0,7304.51953125,7283.6416015625,unet,0015,0.0,8008,0,0.0
-2.0,1000000.0,1.0,25000.0,case_136,0,0,22304.51953125,22283.640625,unet,0015,0.0,8008,0,0.0
-2.0,1000000.0,1.0,101325.0,case_136,0,0,98629.5234375,98608.640625,unet,0015,0.0,8008,0,0.0
0.0,100000.0,0.09999999999999999,2500.0,case_137,0,0,197.502685546875,197.3544921875,unet,0015,0.0,8008,0,0.0
0.0,100000.0,0.09999999999999999,3000.0,case_137,0,0,697.502685546875,697.3544921875,unet,0015,0.0,8008,0,0.0
0.0,100000.0,0.09999999999999999,5000.0,case_137,0,0,2697.5029296875,2697.3544921875,unet,0015,0.0,8008,0,0.0
0.0,100000.0,0.09999999999999999,10000.0,case_137,0,0,7697.5029296875,7697.3544921875,unet,0015,0.0,8008,0,0.0
0.0,100000.0,0.09999999999999999,25000.0,case_137,0,0,22697.501953125,22697.353515625,unet,0015,0.0,8008,0,0.0
0.0,100000.0,0.09999999999999999,101325.0,case_137,0,0,99022.5,99022.3515625,unet,0015,0.0,8008,0,0.0
0.0,200000.0,0.19999999999999998,2500.0,case_138,0,0,190.21337890625,189.410400390625,unet,0015,0.0,8008,0,0.0
0.0,200000.0,0.19999999999999998,3000.0,case_138,0,0,690.21337890625,689.410400390625,unet,0015,0.0,8008,0,0.0
0.0,200000.0,0.19999999999999998,5000.0,case_138,0,0,2690.21337890625,2689.41015625,unet,0015,0.0,8008,0,0.0
0.0,200000.0,0.19999999999999998,10000.0,case_138,0,0,7690.212890625,7689.41015625,unet,0015,0.0,8008,0,0.0
0.0,200000.0,0.19999999999999998,25000.0,case_138,0,0,22690.212890625,22689.41015625,unet,0015,0.0,8008,0,0.0
0.0,200000.0,0.19999999999999998,101325.0,case_138,0,0,99015.2109375,99014.4140625,unet,0015,0.0,8008,0,0.0
0.0,500000.0,0.5,2500.0,case_139,0,0,140.342041015625,133.32568359375,unet,0015,0.0,8008,0,0.0
0.0,500000.0,0.5,3000.0,case_139,0,0,640.342041015625,633.32568359375,unet,0015,0.0,8008,0,0.0
0.0,500000.0,0.5,5000.0,case_139,0,0,2640.341796875,2633.32568359375,unet,0015,0.0,8008,0,0.0
0.0,500000.0,0.5,10000.0,case_139,0,0,7640.341796875,7633.3251953125,unet,0015,0.0,8008,0,0.0
0.0,500000.0,0.5,25000.0,case_139,0,0,22640.341796875,22633.326171875,unet,0015,0.0,8008,0,0.0
0.0,500000.0,0.5,101325.0,case_139,0,0,98965.34375,98958.328125,unet,0015,0.0,8008,0,0.0
0.0,1000000.0,1.0,2500.0,case_140,5,29,-58.7783203125,-67.346923828125,unet,0015,0.006368631368631369,7952,22,0.0033716283716283715
0.0,1000000.0,1.0,3000.0,case_140,0,0,441.2216796875,432.653076171875,unet,0015,0.0,8008,0,0.0
0.0,1000000.0,1.0,5000.0,case_140,0,0,2441.2216796875,2432.65283203125,unet,0015,0.0,8008,0,0.0
0.0,1000000.0,1.0,10000.0,case_140,0,0,7441.2216796875,7432.6533203125,unet,0015,0.0,8008,0,0.0
0.0,1000000.0,1.0,25000.0,case_140,0,0,22441.22265625,22432.65234375,unet,0015,0.0,8008,0,0.0
0.0,1000000.0,1.0,101325.0,case_140,0,0,98766.21875,98757.65625,unet,0015,0.0,8008,0,0.0
2.0,100000.0,0.09999999999999999,2500.0,case_141,0,0,196.357421875,196.626220703125,unet,0015,0.0,8008,0,0.0
2.0,100000.0,0.09999999999999999,3000.0,case_141,0,0,696.357421875,696.626220703125,unet,0015,0.0,8008,0,0.0
2.0,100000.0,0.09999999999999999,5000.0,case_141,0,0,2696.357421875,2696.6259765625,unet,0015,0.0,8008,0,0.0
2.0,100000.0,0.09999999999999999,10000.0,case_141,0,0,7696.357421875,7696.6259765625,unet,0015,0.0,8008,0,0.0
2.0,100000.0,0.09999999999999999,25000.0,case_141,0,0,22696.357421875,22696.626953125,unet,0015,0.0,8008,0,0.0
2.0,100000.0,0.09999999999999999,101325.0,case_141,0,0,99021.359375,99021.625,unet,0015,0.0,8008,0,0.0
2.0,200000.0,0.19999999999999998,2500.0,case_142,0,0,185.269775390625,186.32275390625,unet,0015,0.0,8008,0,0.0
2.0,200000.0,0.19999999999999998,3000.0,case_142,0,0,685.269775390625,686.32275390625,unet,0015,0.0,8008,0,0.0
2.0,200000.0,0.19999999999999998,5000.0,case_142,0,0,2685.26953125,2686.32275390625,unet,0015,0.0,8008,0,0.0
2.0,200000.0,0.19999999999999998,10000.0,case_142,0,0,7685.26953125,7686.322265625,unet,0015,0.0,8008,0,0.0
2.0,200000.0,0.19999999999999998,25000.0,case_142,0,0,22685.26953125,22686.322265625,unet,0015,0.0,8008,0,0.0
2.0,200000.0,0.19999999999999998,101325.0,case_142,0,0,99010.2734375,99011.3203125,unet,0015,0.0,8008,0,0.0
2.0,500000.0,0.5,2500.0,case_143,0,0,104.940673828125,114.163818359375,unet,0015,0.0,8008,0,0.0
2.0,500000.0,0.5,3000.0,case_143,0,0,604.940673828125,614.163818359375,unet,0015,0.0,8008,0,0.0
2.0,500000.0,0.5,5000.0,case_143,0,0,2604.94091796875,2614.1640625,unet,0015,0.0,8008,0,0.0
2.0,500000.0,0.5,10000.0,case_143,0,0,7604.9404296875,7614.1640625,unet,0015,0.0,8008,0,0.0
2.0,500000.0,0.5,25000.0,case_143,0,0,22604.94140625,22614.1640625,unet,0015,0.0,8008,0,0.0
2.0,500000.0,0.5,101325.0,case_143,0,0,98929.9375,98939.1640625,unet,0015,0.0,8008,0,0.0
2.0,1000000.0,1.0,2500.0,case_144,0,8,-200.262451171875,-143.816162109375,unet,0015,0.006743256743256743,7954,46,0.005744255744255744
2.0,1000000.0,1.0,3000.0,case_144,0,0,299.737548828125,356.183837890625,unet,0015,0.0,8008,0,0.0
2.0,1000000.0,1.0,5000.0,case_144,0,0,2299.73779296875,2356.18408203125,unet,0015,0.0,8008,0,0.0
2.0,1000000.0,1.0,10000.0,case_144,0,0,7299.7373046875,7356.18359375,unet,0015,0.0,8008,0,0.0
2.0,1000000.0,1.0,25000.0,case_144,0,0,22299.73828125,22356.18359375,unet,0015,0.0,8008,0,0.0
2.0,1000000.0,1.0,101325.0,case_144,0,0,98624.734375,98681.1875,unet,0015,0.0,8008,0,0.0
4.0,100000.0,0.09999999999999999,2500.0,case_145,0,0,194.95849609375,195.107177734375,unet,0015,0.0,8008,0,0.0
4.0,100000.0,0.09999999999999999,3000.0,case_145,0,0,694.95849609375,695.107177734375,unet,0015,0.0,8008,0,0.0
4.0,100000.0,0.09999999999999999,5000.0,case_145,0,0,2694.95849609375,2695.107421875,unet,0015,0.0,8008,0,0.0
4.0,100000.0,0.09999999999999999,10000.0,case_145,0,0,7694.9580078125,7695.107421875,unet,0015,0.0,8008,0,0.0
4.0,100000.0,0.09999999999999999,25000.0,case_145,0,0,22694.958984375,22695.107421875,unet,0015,0.0,8008,0,0.0
4.0,100000.0,0.09999999999999999,101325.0,case_145,0,0,99019.9609375,99020.109375,unet,0015,0.0,8008,0,0.0
4.0,200000.0,0.19999999999999998,2500.0,case_146,0,0,179.66650390625,180.282958984375,unet,0015,0.0,8008,0,0.0
4.0,200000.0,0.19999999999999998,3000.0,case_146,0,0,679.66650390625,680.282958984375,unet,0015,0.0,8008,0,0.0
4.0,200000.0,0.19999999999999998,5000.0,case_146,0,0,2679.66650390625,2680.283203125,unet,0015,0.0,8008,0,0.0
4.0,200000.0,0.19999999999999998,10000.0,case_146,0,0,7679.666015625,7680.283203125,unet,0015,0.0,8008,0,0.0
4.0,200000.0,0.19999999999999998,25000.0,case_146,0,0,22679.666015625,22680.283203125,unet,0015,0.0,8008,0,0.0
4.0,200000.0,0.19999999999999998,101325.0,case_146,0,0,99004.6640625,99005.28125,unet,0015,0.0,8008,0,0.0
4.0,500000.0,0.5,2500.0,case_147,0,0,69.741455078125,76.218505859375,unet,0015,0.0,8008,0,0.0
4.0,500000.0,0.5,3000.0,case_147,0,0,569.741455078125,576.218505859375,unet,0015,0.0,8008,0,0.0
4.0,500000.0,0.5,5000.0,case_147,0,0,2569.74169921875,2576.21875,unet,0015,0.0,8008,0,0.0
4.0,500000.0,0.5,10000.0,case_147,0,0,7569.7412109375,7576.21875,unet,0015,0.0,8008,0,0.0
4.0,500000.0,0.5,25000.0,case_147,0,0,22569.7421875,22576.21875,unet,0015,0.0,8008,0,0.0
4.0,500000.0,0.5,101325.0,case_147,0,0,98894.7421875,98901.21875,unet,0015,0.0,8008,0,0.0
4.0,1000000.0,1.0,2500.0,case_148,4,4,-342.71044921875,-295.1934814453125,unet,0015,0.013861138861138862,7893,107,0.013861138861138862
4.0,1000000.0,1.0,3000.0,case_148,0,0,157.28955078125,204.806640625,unet,0015,0.0,8008,0,0.0
4.0,1000000.0,1.0,5000.0,case_148,0,0,2157.28955078125,2204.806640625,unet,0015,0.0,8008,0,0.0
4.0,1000000.0,1.0,10000.0,case_148,0,0,7157.2900390625,7204.806640625,unet,0015,0.0,8008,0,0.0
4.0,1000000.0,1.0,25000.0,case_148,0,0,22157.2890625,22204.806640625,unet,0015,0.0,8008,0,0.0
4.0,1000000.0,1.0,101325.0,case_148,0,0,98482.2890625,98529.8046875,unet,0015,0.0,8008,0,0.0
6.0,100000.0,0.09999999999999999,2500.0,case_149,0,0,193.461181640625,193.47412109375,unet,0015,0.0,8008,0,0.0
6.0,100000.0,0.09999999999999999,3000.0,case_149,0,0,693.461181640625,693.47412109375,unet,0015,0.0,8008,0,0.0
6.0,100000.0,0.09999999999999999,5000.0,case_149,0,0,2693.4609375,2693.47412109375,unet,0015,0.0,8008,0,0.0
6.0,100000.0,0.09999999999999999,10000.0,case_149,0,0,7693.4609375,7693.4736328125,unet,0015,0.0,8008,0,0.0
6.0,100000.0,0.09999999999999999,25000.0,case_149,0,0,22693.4609375,22693.474609375,unet,0015,0.0,8008,0,0.0
6.0,100000.0,0.09999999999999999,101325.0,case_149,0,0,99018.4609375,99018.4765625,unet,0015,0.0,8008,0,0.0
6.0,200000.0,0.19999999999999998,2500.0,case_150,0,0,173.66015625,173.625244140625,unet,0015,0.0,8008,0,0.0
6.0,200000.0,0.19999999999999998,3000.0,case_150,0,0,673.66015625,673.625244140625,unet,0015,0.0,8008,0,0.0
6.0,200000.0,0.19999999999999998,5000.0,case_150,0,0,2673.66015625,2673.62548828125,unet,0015,0.0,8008,0,0.0
6.0,200000.0,0.19999999999999998,10000.0,case_150,0,0,7673.66015625,7673.625,unet,0015,0.0,8008,0,0.0
6.0,200000.0,0.19999999999999998,25000.0,case_150,0,0,22673.66015625,22673.625,unet,0015,0.0,8008,0,0.0
6.0,200000.0,0.19999999999999998,101325.0,case_150,0,0,98998.6640625,98998.625,unet,0015,0.0,8008,0,0.0
6.0,500000.0,0.5,2500.0,case_151,0,0,31.90576171875,38.3076171875,unet,0015,0.0,8008,0,0.0
6.0,500000.0,0.5,3000.0,case_151,0,0,531.90576171875,538.3076171875,unet,0015,0.0,8008,0,0.0
6.0,500000.0,0.5,5000.0,case_151,0,0,2531.90576171875,2538.3076171875,unet,0015,0.0,8008,0,0.0
6.0,500000.0,0.5,10000.0,case_151,0,0,7531.90625,7538.3076171875,unet,0015,0.0,8008,0,0.0
6.0,500000.0,0.5,25000.0,case_151,0,0,22531.90625,22538.30859375,unet,0015,0.0,8008,0,0.0
6.0,500000.0,0.5,101325.0,case_151,0,0,98856.90625,98863.3046875,unet,0015,0.0,8008,0,0.0
6.0,1000000.0,1.0,2500.0,case_152,4,7,-495.640380859375,-448.040283203125,unet,0015,0.024725274725274724,7806,191,0.024350649350649352
6.0,1000000.0,1.0,3000.0,case_152,0,0,4.359619140625,51.959716796875,unet,0015,0.0,8008,0,0.0
6.0,1000000.0,1.0,5000.0,case_152,0,0,2004.359375,2051.9599609375,unet,0015,0.0,8008,0,0.0
6.0,1000000.0,1.0,10000.0,case_152,0,0,7004.359375,7051.9599609375,unet,0015,0.0,8008,0,0.0
6.0,1000000.0,1.0,25000.0,case_152,0,0,22004.359375,22051.958984375,unet,0015,0.0,8008,0,0.0
6.0,1000000.0,1.0,101325.0,case_152,0,0,98329.359375,98376.9609375,unet,0015,0.0,8008,0,0.0
8.0,100000.0,0.09999999999999999,2500.0,case_153,0,0,192.01025390625,190.859130859375,unet,0015,0.0,8008,0,0.0
8.0,100000.0,0.09999999999999999,3000.0,case_153,0,0,692.01025390625,690.859130859375,unet,0015,0.0,8008,0,0.0
8.0,100000.0,0.09999999999999999,5000.0,case_153,0,0,2692.01025390625,2690.85888671875,unet,0015,0.0,8008,0,0.0
8.0,100000.0,0.09999999999999999,10000.0,case_153,0,0,7692.0107421875,7690.859375,unet,0015,0.0,8008,0,0.0
8.0,100000.0,0.09999999999999999,25000.0,case_153,0,0,22692.009765625,22690.859375,unet,0015,0.0,8008,0,0.0
8.0,100000.0,0.09999999999999999,101325.0,case_153,0,0,99017.0078125,99015.859375,unet,0015,0.0,8008,0,0.0
8.0,200000.0,0.19999999999999998,2500.0,case_154,0,0,167.88134765625,162.537841796875,unet,0015,0.0,8008,0,0.0
8.0,200000.0,0.19999999999999998,3000.0,case_154,0,0,667.88134765625,662.537841796875,unet,0015,0.0,8008,0,0.0
8.0,200000.0,0.19999999999999998,5000.0,case_154,0,0,2667.88134765625,2662.53759765625,unet,0015,0.0,8008,0,0.0
8.0,200000.0,0.19999999999999998,10000.0,case_154,0,0,7667.8818359375,7662.5380859375,unet,0015,0.0,8008,0,0.0
8.0,200000.0,0.19999999999999998,25000.0,case_154,0,0,22667.880859375,22662.537109375,unet,0015,0.0,8008,0,0.0
8.0,200000.0,0.19999999999999998,101325.0,case_154,0,0,98992.8828125,98987.5390625,unet,0015,0.0,8008,0,0.0
8.0,500000.0,0.5,2500.0,case_155,1,1,-3.68798828125,-31.507568359375,unet,0015,0.00024975024975024975,8005,1,0.00024975024975024975
8.0,500000.0,0.5,3000.0,case_155,0,0,496.31201171875,468.492431640625,unet,0015,0.0,8008,0,0.0
8.0,500000.0,0.5,5000.0,case_155,0,0,2496.31201171875,2468.49267578125,unet,0015,0.0,8008,0,0.0
8.0,500000.0,0.5,10000.0,case_155,0,0,7496.3115234375,7468.4921875,unet,0015,0.0,8008,0,0.0
8.0,500000.0,0.5,25000.0,case_155,0,0,22496.3125,22468.4921875,unet,0015,0.0,8008,0,0.0
8.0,500000.0,0.5,101325.0,case_155,0,0,98821.3125,98793.4921875,unet,0015,0.0,8008,0,0.0
8.0,1000000.0,1.0,2500.0,case_156,3,46,-633.6024169921875,-728.56640625,unet,0015,0.04208291708291708,7668,291,0.03671328671328671
8.0,1000000.0,1.0,3000.0,case_156,0,5,-133.6025390625,-228.56640625,unet,0015,0.001123876123876124,7999,4,0.0004995004995004995
8.0,1000000.0,1.0,5000.0,case_156,0,0,1866.3974609375,1771.43359375,unet,0015,0.0,8008,0,0.0
8.0,1000000.0,1.0,10000.0,case_156,0,0,6866.3974609375,6771.43359375,unet,0015,0.0,8008,0,0.0
8.0,1000000.0,1.0,25000.0,case_156,0,0,21866.3984375,21771.43359375,unet,0015,0.0,8008,0,0.0
8.0,1000000.0,1.0,101325.0,case_156,0,0,98191.3984375,98096.4296875,unet,0015,0.0,8008,0,0.0
10.0,100000.0,0.09999999999999999,2500.0,case_157,0,0,190.71142578125,187.646484375,unet,0015,0.0,8008,0,0.0
10.0,100000.0,0.09999999999999999,3000.0,case_157,0,0,690.71142578125,687.646484375,unet,0015,0.0,8008,0,0.0
10.0,100000.0,0.09999999999999999,5000.0,case_157,0,0,2690.71142578125,2687.646484375,unet,0015,0.0,8008,0,0.0
10.0,100000.0,0.09999999999999999,10000.0,case_157,0,0,7690.7109375,7687.646484375,unet,0015,0.0,8008,0,0.0
10.0,100000.0,0.09999999999999999,25000.0,case_157,0,0,22690.7109375,22687.646484375,unet,0015,0.0,8008,0,0.0
10.0,100000.0,0.09999999999999999,101325.0,case_157,0,0,99015.7109375,99012.6484375,unet,0015,0.0,8008,0,0.0
10.0,200000.0,0.19999999999999998,2500.0,case_158,0,0,162.705078125,150.0302734375,unet,0015,0.0,8008,0,0.0
10.0,200000.0,0.19999999999999998,3000.0,case_158,0,0,662.705078125,650.0302734375,unet,0015,0.0,8008,0,0.0
10.0,200000.0,0.19999999999999998,5000.0,case_158,0,0,2662.705078125,2650.0302734375,unet,0015,0.0,8008,0,0.0
10.0,200000.0,0.19999999999999998,10000.0,case_158,0,0,7662.705078125,7650.0302734375,unet,0015,0.0,8008,0,0.0
10.0,200000.0,0.19999999999999998,25000.0,case_158,0,0,22662.705078125,22650.029296875,unet,0015,0.0,8008,0,0.0
10.0,200000.0,0.19999999999999998,101325.0,case_158,0,0,98987.703125,98975.03125,unet,0015,0.0,8008,0,0.0
10.0,500000.0,0.5,2500.0,case_159,0,4,-35.597900390625,-101.2255859375,unet,0015,0.000999000999000999,8000,4,0.0004995004995004995
10.0,500000.0,0.5,3000.0,case_159,0,0,464.402099609375,398.7744140625,unet,0015,0.0,8008,0,0.0
10.0,500000.0,0.5,5000.0,case_159,0,0,2464.40185546875,2398.7744140625,unet,0015,0.0,8008,0,0.0
10.0,500000.0,0.5,10000.0,case_159,0,0,7464.40234375,7398.7744140625,unet,0015,0.0,8008,0,0.0
10.0,500000.0,0.5,25000.0,case_159,0,0,22464.40234375,22398.775390625,unet,0015,0.0,8008,0,0.0
10.0,500000.0,0.5,101325.0,case_159,0,0,98789.3984375,98723.7734375,unet,0015,0.0,8008,0,0.0
10.0,1000000.0,1.0,2500.0,case_160,3,119,-757.371826171875,-1008.3797607421875,unet,0015,0.06268731268731269,7503,383,0.0482017982017982
10.0,1000000.0,1.0,3000.0,case_160,0,6,-257.371826171875,-508.3797607421875,unet,0015,0.001998001998001998,7992,10,0.0012487512487512488
10.0,1000000.0,1.0,5000.0,case_160,0,0,1742.628173828125,1491.6201171875,unet,0015,0.0,8008,0,0.0
10.0,1000000.0,1.0,10000.0,case_160,0,0,6742.6279296875,6491.6201171875,unet,0015,0.0,8008,0,0.0
10.0,1000000.0,1.0,25000.0,case_160,0,0,21742.62890625,21491.62109375,unet,0015,0.0,8008,0,0.0
10.0,1000000.0,1.0,101325.0,case_160,0,0,98067.625,97816.6171875,unet,0015,0.0,8008,0,0.0
-4.0,100000.0,0.09999999999999999,2500.0,case_161,0,0,194.859375,193.923583984375,unet,0018,0.0,7970,0,0.0
-4.0,100000.0,0.09999999999999999,3000.0,case_161,0,0,694.859375,693.923583984375,unet,0018,0.0,7970,0,0.0
-4.0,100000.0,0.09999999999999999,5000.0,case_161,0,0,2694.859375,2693.923828125,unet,0018,0.0,7970,0,0.0
-4.0,100000.0,0.09999999999999999,10000.0,case_161,0,0,7694.859375,7693.923828125,unet,0018,0.0,7970,0,0.0
-4.0,100000.0,0.09999999999999999,25000.0,case_161,0,0,22694.859375,22693.923828125,unet,0018,0.0,7970,0,0.0
-4.0,100000.0,0.09999999999999999,101325.0,case_161,0,0,99019.859375,99018.921875,unet,0018,0.0,7970,0,0.0
-4.0,200000.0,0.19999999999999998,2500.0,case_162,0,0,179.47802734375,175.363525390625,unet,0018,0.0,7970,0,0.0
-4.0,200000.0,0.19999999999999998,3000.0,case_162,0,0,679.47802734375,675.363525390625,unet,0018,0.0,7970,0,0.0
-4.0,200000.0,0.19999999999999998,5000.0,case_162,0,0,2679.47802734375,2675.36376953125,unet,0018,0.0,7970,0,0.0
-4.0,200000.0,0.19999999999999998,10000.0,case_162,0,0,7679.478515625,7675.36328125,unet,0018,0.0,7970,0,0.0
-4.0,200000.0,0.19999999999999998,25000.0,case_162,0,0,22679.478515625,22675.36328125,unet,0018,0.0,7970,0,0.0
-4.0,200000.0,0.19999999999999998,101325.0,case_162,0,0,99004.4765625,99000.3671875,unet,0018,0.0,7970,0,0.0
-4.0,500000.0,0.5,2500.0,case_163,0,0,72.59521484375,46.363525390625,unet,0018,0.0,7970,0,0.0
-4.0,500000.0,0.5,3000.0,case_163,0,0,572.59521484375,546.363525390625,unet,0018,0.0,7970,0,0.0
-4.0,500000.0,0.5,5000.0,case_163,0,0,2572.59521484375,2546.36376953125,unet,0018,0.0,7970,0,0.0
-4.0,500000.0,0.5,10000.0,case_163,0,0,7572.595703125,7546.36328125,unet,0018,0.0,7970,0,0.0
-4.0,500000.0,0.5,25000.0,case_163,0,0,22572.595703125,22546.36328125,unet,0018,0.0,7970,0,0.0
-4.0,500000.0,0.5,101325.0,case_163,0,0,98897.59375,98871.3671875,unet,0018,0.0,7970,0,0.0
-4.0,1000000.0,1.0,2500.0,case_164,59,5,-302.4273681640625,-416.660400390625,unet,0018,0.018569636135508157,7763,143,0.02534504391468005
-4.0,1000000.0,1.0,3000.0,case_164,0,0,197.572509765625,83.339599609375,unet,0018,0.0,7970,0,0.0
-4.0,1000000.0,1.0,5000.0,case_164,0,0,2197.57275390625,2083.33935546875,unet,0018,0.0,7970,0,0.0
-4.0,1000000.0,1.0,10000.0,case_164,0,0,7197.572265625,7083.33984375,unet,0018,0.0,7970,0,0.0
-4.0,1000000.0,1.0,25000.0,case_164,0,0,22197.572265625,22083.33984375,unet,0018,0.0,7970,0,0.0
-4.0,1000000.0,1.0,101325.0,case_164,0,0,98522.5703125,98408.3359375,unet,0018,0.0,7970,0,0.0
-2.0,100000.0,0.09999999999999999,2500.0,case_165,0,0,195.57666015625,195.628173828125,unet,0018,0.0,7970,0,0.0
-2.0,100000.0,0.09999999999999999,3000.0,case_165,0,0,695.57666015625,695.628173828125,unet,0018,0.0,7970,0,0.0
-2.0,100000.0,0.09999999999999999,5000.0,case_165,0,0,2695.57666015625,2695.62841796875,unet,0018,0.0,7970,0,0.0
-2.0,100000.0,0.09999999999999999,10000.0,case_165,0,0,7695.5771484375,7695.6279296875,unet,0018,0.0,7970,0,0.0
-2.0,100000.0,0.09999999999999999,25000.0,case_165,0,0,22695.576171875,22695.62890625,unet,0018,0.0,7970,0,0.0
-2.0,100000.0,0.09999999999999999,101325.0,case_165,0,0,99020.578125,99020.625,unet,0018,0.0,7970,0,0.0
-2.0,200000.0,0.19999999999999998,2500.0,case_166,0,0,182.42041015625,182.422119140625,unet,0018,0.0,7970,0,0.0
-2.0,200000.0,0.19999999999999998,3000.0,case_166,0,0,682.42041015625,682.422119140625,unet,0018,0.0,7970,0,0.0
-2.0,200000.0,0.19999999999999998,5000.0,case_166,0,0,2682.42041015625,2682.42236328125,unet,0018,0.0,7970,0,0.0
-2.0,200000.0,0.19999999999999998,10000.0,case_166,0,0,7682.4208984375,7682.421875,unet,0018,0.0,7970,0,0.0
-2.0,200000.0,0.19999999999999998,25000.0,case_166,0,0,22682.419921875,22682.421875,unet,0018,0.0,7970,0,0.0
-2.0,200000.0,0.19999999999999998,101325.0,case_166,0,0,99007.421875,99007.421875,unet,0018,0.0,7970,0,0.0
-2.0,500000.0,0.5,2500.0,case_167,0,0,92.303466796875,89.1865234375,unet,0018,0.0,7970,0,0.0
-2.0,500000.0,0.5,3000.0,case_167,0,0,592.303466796875,589.1865234375,unet,0018,0.0,7970,0,0.0
-2.0,500000.0,0.5,5000.0,case_167,0,0,2592.30322265625,2589.1865234375,unet,0018,0.0,7970,0,0.0
-2.0,500000.0,0.5,10000.0,case_167,0,0,7592.3037109375,7589.1865234375,unet,0018,0.0,7970,0,0.0
-2.0,500000.0,0.5,25000.0,case_167,0,0,22592.302734375,22589.1875,unet,0018,0.0,7970,0,0.0
-2.0,500000.0,0.5,101325.0,case_167,0,0,98917.3046875,98914.1875,unet,0018,0.0,7970,0,0.0
-2.0,1000000.0,1.0,2500.0,case_168,22,6,-215.697998046875,-244.521240234375,unet,0018,0.012797992471769134,7846,96,0.014805520702634882
-2.0,1000000.0,1.0,3000.0,case_168,0,0,284.302001953125,255.478759765625,unet,0018,0.0,7970,0,0.0
-2.0,1000000.0,1.0,5000.0,case_168,0,0,2284.3017578125,2255.47900390625,unet,0018,0.0,7970,0,0.0
-2.0,1000000.0,1.0,10000.0,case_168,0,0,7284.3017578125,7255.478515625,unet,0018,0.0,7970,0,0.0
-2.0,1000000.0,1.0,25000.0,case_168,0,0,22284.302734375,22255.478515625,unet,0018,0.0,7970,0,0.0
-2.0,1000000.0,1.0,101325.0,case_168,0,0,98609.3046875,98580.4765625,unet,0018,0.0,7970,0,0.0
0.0,100000.0,0.09999999999999999,2500.0,case_169,0,0,196.6376953125,196.777587890625,unet,0018,0.0,7970,0,0.0
0.0,100000.0,0.09999999999999999,3000.0,case_169,0,0,696.6376953125,696.777587890625,unet,0018,0.0,7970,0,0.0
0.0,100000.0,0.09999999999999999,5000.0,case_169,0,0,2696.6376953125,2696.77734375,unet,0018,0.0,7970,0,0.0
0.0,100000.0,0.09999999999999999,10000.0,case_169,0,0,7696.6376953125,7696.77734375,unet,0018,0.0,7970,0,0.0
0.0,100000.0,0.09999999999999999,25000.0,case_169,0,0,22696.63671875,22696.77734375,unet,0018,0.0,7970,0,0.0
0.0,100000.0,0.09999999999999999,101325.0,case_169,0,0,99021.640625,99021.78125,unet,0018,0.0,7970,0,0.0
0.0,200000.0,0.19999999999999998,2500.0,case_170,0,0,186.681640625,187.0283203125,unet,0018,0.0,7970,0,0.0
0.0,200000.0,0.19999999999999998,3000.0,case_170,0,0,686.681640625,687.0283203125,unet,0018,0.0,7970,0,0.0
0.0,200000.0,0.19999999999999998,5000.0,case_170,0,0,2686.681640625,2687.0283203125,unet,0018,0.0,7970,0,0.0
0.0,200000.0,0.19999999999999998,10000.0,case_170,0,0,7686.681640625,7687.0283203125,unet,0018,0.0,7970,0,0.0
0.0,200000.0,0.19999999999999998,25000.0,case_170,0,0,22686.681640625,22687.029296875,unet,0018,0.0,7970,0,0.0
0.0,200000.0,0.19999999999999998,101325.0,case_170,0,0,99011.6796875,99012.03125,unet,0018,0.0,7970,0,0.0
0.0,500000.0,0.5,2500.0,case_171,0,0,119.216796875,118.266845703125,unet,0018,0.0,7970,0,0.0
0.0,500000.0,0.5,3000.0,case_171,0,0,619.216796875,618.266845703125,unet,0018,0.0,7970,0,0.0
0.0,500000.0,0.5,5000.0,case_171,0,0,2619.216796875,2618.2666015625,unet,0018,0.0,7970,0,0.0
0.0,500000.0,0.5,10000.0,case_171,0,0,7619.216796875,7618.2666015625,unet,0018,0.0,7970,0,0.0
0.0,500000.0,0.5,25000.0,case_171,0,0,22619.216796875,22618.267578125,unet,0018,0.0,7970,0,0.0
0.0,500000.0,0.5,101325.0,case_171,0,0,98944.21875,98943.265625,unet,0018,0.0,7970,0,0.0
0.0,1000000.0,1.0,2500.0,case_172,9,4,-106.782470703125,-127.8173828125,unet,0018,0.008030112923462986,7897,60,0.008657465495608531
0.0,1000000.0,1.0,3000.0,case_172,0,0,393.217529296875,372.1826171875,unet,0018,0.0,7970,0,0.0
0.0,1000000.0,1.0,5000.0,case_172,0,0,2393.2177734375,2372.1826171875,unet,0018,0.0,7970,0,0.0
0.0,1000000.0,1.0,10000.0,case_172,0,0,7393.2177734375,7372.1826171875,unet,0018,0.0,7970,0,0.0
0.0,1000000.0,1.0,25000.0,case_172,0,0,22393.216796875,22372.18359375,unet,0018,0.0,7970,0,0.0
0.0,1000000.0,1.0,101325.0,case_172,0,0,98718.21875,98697.1796875,unet,0018,0.0,7970,0,0.0
2.0,100000.0,0.09999999999999999,2500.0,case_173,0,0,196.146240234375,196.198974609375,unet,0018,0.0,7970,0,0.0
2.0,100000.0,0.09999999999999999,3000.0,case_173,0,0,696.146240234375,696.198974609375,unet,0018,0.0,7970,0,0.0
2.0,100000.0,0.09999999999999999,5000.0,case_173,0,0,2696.14599609375,2696.19921875,unet,0018,0.0,7970,0,0.0
2.0,100000.0,0.09999999999999999,10000.0,case_173,0,0,7696.146484375,7696.19921875,unet,0018,0.0,7970,0,0.0
2.0,100000.0,0.09999999999999999,25000.0,case_173,0,0,22696.146484375,22696.19921875,unet,0018,0.0,7970,0,0.0
2.0,100000.0,0.09999999999999999,101325.0,case_173,0,0,99021.1484375,99021.1953125,unet,0018,0.0,7970,0,0.0
2.0,200000.0,0.19999999999999998,2500.0,case_174,0,0,184.447509765625,184.7294921875,unet,0018,0.0,7970,0,0.0
2.0,200000.0,0.19999999999999998,3000.0,case_174,0,0,684.447509765625,684.7294921875,unet,0018,0.0,7970,0,0.0
2.0,200000.0,0.19999999999999998,5000.0,case_174,0,0,2684.44775390625,2684.7294921875,unet,0018,0.0,7970,0,0.0
2.0,200000.0,0.19999999999999998,10000.0,case_174,0,0,7684.447265625,7684.7294921875,unet,0018,0.0,7970,0,0.0
2.0,200000.0,0.19999999999999998,25000.0,case_174,0,0,22684.447265625,22684.728515625,unet,0018,0.0,7970,0,0.0
2.0,200000.0,0.19999999999999998,101325.0,case_174,0,0,99009.4453125,99009.7265625,unet,0018,0.0,7970,0,0.0
2.0,500000.0,0.5,2500.0,case_175,0,0,100.22998046875,104.596435546875,unet,0018,0.0,7970,0,0.0
2.0,500000.0,0.5,3000.0,case_175,0,0,600.22998046875,604.596435546875,unet,0018,0.0,7970,0,0.0
2.0,500000.0,0.5,5000.0,case_175,0,0,2600.22998046875,2604.5966796875,unet,0018,0.0,7970,0,0.0
2.0,500000.0,0.5,10000.0,case_175,0,0,7600.23046875,7604.5966796875,unet,0018,0.0,7970,0,0.0
2.0,500000.0,0.5,25000.0,case_175,0,0,22600.23046875,22604.595703125,unet,0018,0.0,7970,0,0.0
2.0,500000.0,0.5,101325.0,case_175,0,0,98925.2265625,98929.59375,unet,0018,0.0,7970,0,0.0
2.0,1000000.0,1.0,2500.0,case_176,18,8,-216.1552734375,-181.80224609375,unet,0018,0.008281053952321205,7886,58,0.009535759096612296
2.0,1000000.0,1.0,3000.0,case_176,0,0,283.8447265625,318.19775390625,unet,0018,0.0,7970,0,0.0
2.0,1000000.0,1.0,5000.0,case_176,0,0,2283.8447265625,2318.19775390625,unet,0018,0.0,7970,0,0.0
2.0,1000000.0,1.0,10000.0,case_176,0,0,7283.8447265625,7318.1982421875,unet,0018,0.0,7970,0,0.0
2.0,1000000.0,1.0,25000.0,case_176,0,0,22283.84375,22318.197265625,unet,0018,0.0,7970,0,0.0
2.0,1000000.0,1.0,101325.0,case_176,0,0,98608.84375,98643.1953125,unet,0018,0.0,7970,0,0.0
4.0,100000.0,0.09999999999999999,2500.0,case_177,0,0,194.948486328125,194.564697265625,unet,0018,0.0,7970,0,0.0
4.0,100000.0,0.09999999999999999,3000.0,case_177,0,0,694.948486328125,694.564697265625,unet,0018,0.0,7970,0,0.0
4.0,100000.0,0.09999999999999999,5000.0,case_177,0,0,2694.94873046875,2694.56494140625,unet,0018,0.0,7970,0,0.0
4.0,100000.0,0.09999999999999999,10000.0,case_177,0,0,7694.9482421875,7694.564453125,unet,0018,0.0,7970,0,0.0
4.0,100000.0,0.09999999999999999,25000.0,case_177,0,0,22694.94921875,22694.564453125,unet,0018,0.0,7970,0,0.0
4.0,100000.0,0.09999999999999999,101325.0,case_177,0,0,99019.9453125,99019.5625,unet,0018,0.0,7970,0,0.0
4.0,200000.0,0.19999999999999998,2500.0,case_178,0,0,179.64208984375,178.11181640625,unet,0018,0.0,7970,0,0.0
4.0,200000.0,0.19999999999999998,3000.0,case_178,0,0,679.64208984375,678.11181640625,unet,0018,0.0,7970,0,0.0
4.0,200000.0,0.19999999999999998,5000.0,case_178,0,0,2679.64208984375,2678.11181640625,unet,0018,0.0,7970,0,0.0
4.0,200000.0,0.19999999999999998,10000.0,case_178,0,0,7679.6416015625,7678.1123046875,unet,0018,0.0,7970,0,0.0
4.0,200000.0,0.19999999999999998,25000.0,case_178,0,0,22679.642578125,22678.111328125,unet,0018,0.0,7970,0,0.0
4.0,200000.0,0.19999999999999998,101325.0,case_178,0,0,99004.640625,99003.109375,unet,0018,0.0,7970,0,0.0
4.0,500000.0,0.5,2500.0,case_179,0,0,69.90478515625,62.71044921875,unet,0018,0.0,7970,0,0.0
4.0,500000.0,0.5,3000.0,case_179,0,0,569.90478515625,562.71044921875,unet,0018,0.0,7970,0,0.0
4.0,500000.0,0.5,5000.0,case_179,0,0,2569.90478515625,2562.71044921875,unet,0018,0.0,7970,0,0.0
4.0,500000.0,0.5,10000.0,case_179,0,0,7569.9052734375,7562.7109375,unet,0018,0.0,7970,0,0.0
4.0,500000.0,0.5,25000.0,case_179,0,0,22569.904296875,22562.7109375,unet,0018,0.0,7970,0,0.0
4.0,500000.0,0.5,101325.0,case_179,0,0,98894.90625,98887.7109375,unet,0018,0.0,7970,0,0.0
4.0,1000000.0,1.0,2500.0,case_180,6,3,-339.4852294921875,-349.804931640625,unet,0018,0.017189460476787956,7827,134,0.01756587202007528
4.0,1000000.0,1.0,3000.0,case_180,0,0,160.5146484375,150.195068359375,unet,0018,0.0,7970,0,0.0
4.0,1000000.0,1.0,5000.0,case_180,0,0,2160.5146484375,2150.19482421875,unet,0018,0.0,7970,0,0.0
4.0,1000000.0,1.0,10000.0,case_180,0,0,7160.5146484375,7150.1953125,unet,0018,0.0,7970,0,0.0
4.0,1000000.0,1.0,25000.0,case_180,0,0,22160.515625,22150.1953125,unet,0018,0.0,7970,0,0.0
4.0,1000000.0,1.0,101325.0,case_180,0,0,98485.515625,98475.1953125,unet,0018,0.0,7970,0,0.0
6.0,100000.0,0.09999999999999999,2500.0,case_181,0,0,193.603271484375,192.713623046875,unet,0018,0.0,7970,0,0.0
6.0,100000.0,0.09999999999999999,3000.0,case_181,0,0,693.603271484375,692.713623046875,unet,0018,0.0,7970,0,0.0
6.0,100000.0,0.09999999999999999,5000.0,case_181,0,0,2693.60302734375,2692.7138671875,unet,0018,0.0,7970,0,0.0
6.0,100000.0,0.09999999999999999,10000.0,case_181,0,0,7693.603515625,7692.7138671875,unet,0018,0.0,7970,0,0.0
6.0,100000.0,0.09999999999999999,25000.0,case_181,0,0,22693.603515625,22692.712890625,unet,0018,0.0,7970,0,0.0
6.0,100000.0,0.09999999999999999,101325.0,case_181,0,0,99018.6015625,99017.7109375,unet,0018,0.0,7970,0,0.0
6.0,200000.0,0.19999999999999998,2500.0,case_182,0,0,174.218994140625,170.652587890625,unet,0018,0.0,7970,0,0.0
6.0,200000.0,0.19999999999999998,3000.0,case_182,0,0,674.218994140625,670.652587890625,unet,0018,0.0,7970,0,0.0
6.0,200000.0,0.19999999999999998,5000.0,case_182,0,0,2674.21923828125,2670.65283203125,unet,0018,0.0,7970,0,0.0
6.0,200000.0,0.19999999999999998,10000.0,case_182,0,0,7674.21875,7670.65234375,unet,0018,0.0,7970,0,0.0
6.0,200000.0,0.19999999999999998,25000.0,case_182,0,0,22674.21875,22670.65234375,unet,0018,0.0,7970,0,0.0
6.0,200000.0,0.19999999999999998,101325.0,case_182,0,0,98999.21875,98995.65625,unet,0018,0.0,7970,0,0.0
6.0,500000.0,0.5,2500.0,case_183,0,0,35.239990234375,15.696533203125,unet,0018,0.0,7970,0,0.0
6.0,500000.0,0.5,3000.0,case_183,0,0,535.239990234375,515.696533203125,unet,0018,0.0,7970,0,0.0
6.0,500000.0,0.5,5000.0,case_183,0,0,2535.23974609375,2515.6962890625,unet,0018,0.0,7970,0,0.0
6.0,500000.0,0.5,10000.0,case_183,0,0,7535.240234375,7515.6962890625,unet,0018,0.0,7970,0,0.0
6.0,500000.0,0.5,25000.0,case_183,0,0,22535.240234375,22515.697265625,unet,0018,0.0,7970,0,0.0
6.0,500000.0,0.5,101325.0,case_183,0,0,98860.2421875,98840.6953125,unet,0018,0.0,7970,0,0.0
6.0,1000000.0,1.0,2500.0,case_184,0,8,-483.181884765625,-538.44677734375,unet,0018,0.02973651191969887,7733,229,0.028732747804265997
6.0,1000000.0,1.0,3000.0,case_184,1,0,16.818115234375,-38.44677734375,unet,0018,0.0,7969,0,0.00012547051442910915
6.0,1000000.0,1.0,5000.0,case_184,0,0,2016.818359375,1961.55322265625,unet,0018,0.0,7970,0,0.0
6.0,1000000.0,1.0,10000.0,case_184,0,0,7016.818359375,6961.552734375,unet,0018,0.0,7970,0,0.0
6.0,1000000.0,1.0,25000.0,case_184,0,0,22016.818359375,21961.552734375,unet,0018,0.0,7970,0,0.0
6.0,1000000.0,1.0,101325.0,case_184,0,0,98341.8203125,98286.5546875,unet,0018,0.0,7970,0,0.0
8.0,100000.0,0.09999999999999999,2500.0,case_185,0,0,192.13037109375,190.0263671875,unet,0018,0.0,7970,0,0.0
8.0,100000.0,0.09999999999999999,3000.0,case_185,0,0,692.13037109375,690.0263671875,unet,0018,0.0,7970,0,0.0
8.0,100000.0,0.09999999999999999,5000.0,case_185,0,0,2692.13037109375,2690.0263671875,unet,0018,0.0,7970,0,0.0
8.0,100000.0,0.09999999999999999,10000.0,case_185,0,0,7692.130859375,7690.0263671875,unet,0018,0.0,7970,0,0.0
8.0,100000.0,0.09999999999999999,25000.0,case_185,0,0,22692.130859375,22690.02734375,unet,0018,0.0,7970,0,0.0
8.0,100000.0,0.09999999999999999,101325.0,case_185,0,0,99017.1328125,99015.0234375,unet,0018,0.0,7970,0,0.0
8.0,200000.0,0.19999999999999998,2500.0,case_186,0,0,168.355224609375,161.822265625,unet,0018,0.0,7970,0,0.0
8.0,200000.0,0.19999999999999998,3000.0,case_186,0,0,668.355224609375,661.822265625,unet,0018,0.0,7970,0,0.0
8.0,200000.0,0.19999999999999998,5000.0,case_186,0,0,2668.35546875,2661.822265625,unet,0018,0.0,7970,0,0.0
8.0,200000.0,0.19999999999999998,10000.0,case_186,0,0,7668.35546875,7661.822265625,unet,0018,0.0,7970,0,0.0
8.0,200000.0,0.19999999999999998,25000.0,case_186,0,0,22668.35546875,22661.822265625,unet,0018,0.0,7970,0,0.0
8.0,200000.0,0.19999999999999998,101325.0,case_186,0,0,98993.3515625,98986.8203125,unet,0018,0.0,7970,0,0.0
8.0,500000.0,0.5,2500.0,case_187,2,0,-0.852783203125,-40.1259765625,unet,0018,0.00012547051442910915,7967,1,0.0003764115432873275
8.0,500000.0,0.5,3000.0,case_187,0,0,499.147216796875,459.8740234375,unet,0018,0.0,7970,0,0.0
8.0,500000.0,0.5,5000.0,case_187,0,0,2499.1474609375,2459.8740234375,unet,0018,0.0,7970,0,0.0
8.0,500000.0,0.5,10000.0,case_187,0,0,7499.1474609375,7459.8740234375,unet,0018,0.0,7970,0,0.0
8.0,500000.0,0.5,25000.0,case_187,0,0,22499.146484375,22459.875,unet,0018,0.0,7970,0,0.0
8.0,500000.0,0.5,101325.0,case_187,0,0,98824.1484375,98784.875,unet,0018,0.0,7970,0,0.0
8.0,1000000.0,1.0,2500.0,case_188,0,74,-623.2255859375,-763.091796875,unet,0018,0.04968632371392723,7574,322,0.04040150564617315
8.0,1000000.0,1.0,3000.0,case_188,0,4,-123.2255859375,-263.091796875,unet,0018,0.0013801756587202008,7959,7,0.0008782936010037642
8.0,1000000.0,1.0,5000.0,case_188,0,0,1876.7744140625,1736.908203125,unet,0018,0.0,7970,0,0.0
8.0,1000000.0,1.0,10000.0,case_188,0,0,6876.7744140625,6736.908203125,unet,0018,0.0,7970,0,0.0
8.0,1000000.0,1.0,25000.0,case_188,0,0,21876.775390625,21736.908203125,unet,0018,0.0,7970,0,0.0
8.0,1000000.0,1.0,101325.0,case_188,0,0,98201.7734375,98061.90625,unet,0018,0.0,7970,0,0.0
10.0,100000.0,0.09999999999999999,2500.0,case_189,0,0,191.0546875,186.980712890625,unet,0018,0.0,7970,0,0.0
10.0,100000.0,0.09999999999999999,3000.0,case_189,0,0,691.0546875,686.980712890625,unet,0018,0.0,7970,0,0.0
10.0,100000.0,0.09999999999999999,5000.0,case_189,0,0,2691.0546875,2686.98095703125,unet,0018,0.0,7970,0,0.0
10.0,100000.0,0.09999999999999999,10000.0,case_189,0,0,7691.0546875,7686.98046875,unet,0018,0.0,7970,0,0.0
10.0,100000.0,0.09999999999999999,25000.0,case_189,0,0,22691.0546875,22686.98046875,unet,0018,0.0,7970,0,0.0
10.0,100000.0,0.09999999999999999,101325.0,case_189,0,0,99016.0546875,99011.984375,unet,0018,0.0,7970,0,0.0
10.0,200000.0,0.19999999999999998,2500.0,case_190,0,0,164.115234375,147.224365234375,unet,0018,0.0,7970,0,0.0
10.0,200000.0,0.19999999999999998,3000.0,case_190,0,0,664.115234375,647.224365234375,unet,0018,0.0,7970,0,0.0
10.0,200000.0,0.19999999999999998,5000.0,case_190,0,0,2664.115234375,2647.224609375,unet,0018,0.0,7970,0,0.0
10.0,200000.0,0.19999999999999998,10000.0,case_190,0,0,7664.115234375,7647.224609375,unet,0018,0.0,7970,0,0.0
10.0,200000.0,0.19999999999999998,25000.0,case_190,0,0,22664.115234375,22647.224609375,unet,0018,0.0,7970,0,0.0
10.0,200000.0,0.19999999999999998,101325.0,case_190,0,0,98989.1171875,98972.2265625,unet,0018,0.0,7970,0,0.0
10.0,500000.0,0.5,2500.0,case_191,0,0,-26.14599609375,-119.437744140625,unet,0018,0.0008782936010037642,7963,7,0.0008782936010037642
10.0,500000.0,0.5,3000.0,case_191,0,0,473.85400390625,380.562255859375,unet,0018,0.0,7970,0,0.0
10.0,500000.0,0.5,5000.0,case_191,0,0,2473.85400390625,2380.56201171875,unet,0018,0.0,7970,0,0.0
10.0,500000.0,0.5,10000.0,case_191,0,0,7473.853515625,7380.5625,unet,0018,0.0,7970,0,0.0
10.0,500000.0,0.5,25000.0,case_191,0,0,22473.853515625,22380.5625,unet,0018,0.0,7970,0,0.0
10.0,500000.0,0.5,101325.0,case_191,0,0,98798.8515625,98705.5625,unet,0018,0.0,7970,0,0.0
10.0,1000000.0,1.0,2500.0,case_192,0,137,-715.94140625,-1081.675537109375,unet,0018,0.07076537013801756,7406,427,0.05357590966122961
10.0,1000000.0,1.0,3000.0,case_192,0,6,-215.94140625,-581.675537109375,unet,0018,0.0026348808030112925,7949,15,0.0018820577164366374
10.0,1000000.0,1.0,5000.0,case_192,0,0,1784.05859375,1418.324462890625,unet,0018,0.0,7970,0,0.0
10.0,1000000.0,1.0,10000.0,case_192,0,0,6784.05859375,6418.32421875,unet,0018,0.0,7970,0,0.0
10.0,1000000.0,1.0,25000.0,case_192,0,0,21784.05859375,21418.32421875,unet,0018,0.0,7970,0,0.0
10.0,1000000.0,1.0,101325.0,case_192,0,0,98109.0625,97743.328125,unet,0018,0.0,7970,0,0.0
-4.0,100000.0,0.09999999999999999,2500.0,case_193,0,0,195.007568359375,194.198974609375,unet,2412,0.0,8045,0,0.0
-4.0,100000.0,0.09999999999999999,3000.0,case_193,0,0,695.007568359375,694.198974609375,unet,2412,0.0,8045,0,0.0
-4.0,100000.0,0.09999999999999999,5000.0,case_193,0,0,2695.00732421875,2694.19921875,unet,2412,0.0,8045,0,0.0
-4.0,100000.0,0.09999999999999999,10000.0,case_193,0,0,7695.0078125,7694.19921875,unet,2412,0.0,8045,0,0.0
-4.0,100000.0,0.09999999999999999,25000.0,case_193,0,0,22695.0078125,22694.19921875,unet,2412,0.0,8045,0,0.0
-4.0,100000.0,0.09999999999999999,101325.0,case_193,0,0,99020.0078125,99019.1953125,unet,2412,0.0,8045,0,0.0
-4.0,200000.0,0.19999999999999998,2500.0,case_194,0,0,180.088623046875,176.61572265625,unet,2412,0.0,8045,0,0.0
-4.0,200000.0,0.19999999999999998,3000.0,case_194,0,0,680.088623046875,676.61572265625,unet,2412,0.0,8045,0,0.0
-4.0,200000.0,0.19999999999999998,5000.0,case_194,0,0,2680.0888671875,2676.61572265625,unet,2412,0.0,8045,0,0.0
-4.0,200000.0,0.19999999999999998,10000.0,case_194,0,0,7680.0888671875,7676.6162109375,unet,2412,0.0,8045,0,0.0
-4.0,200000.0,0.19999999999999998,25000.0,case_194,0,0,22680.087890625,22676.615234375,unet,2412,0.0,8045,0,0.0
-4.0,200000.0,0.19999999999999998,101325.0,case_194,0,0,99005.0859375,99001.6171875,unet,2412,0.0,8045,0,0.0
-4.0,500000.0,0.5,2500.0,case_195,0,0,76.86328125,53.1650390625,unet,2412,0.0,8045,0,0.0
-4.0,500000.0,0.5,3000.0,case_195,0,0,576.86328125,553.1650390625,unet,2412,0.0,8045,0,0.0
-4.0,500000.0,0.5,5000.0,case_195,0,0,2576.86328125,2553.1650390625,unet,2412,0.0,8045,0,0.0
-4.0,500000.0,0.5,10000.0,case_195,0,0,7576.86328125,7553.1650390625,unet,2412,0.0,8045,0,0.0
-4.0,500000.0,0.5,25000.0,case_195,0,0,22576.86328125,22553.166015625,unet,2412,0.0,8045,0,0.0
-4.0,500000.0,0.5,101325.0,case_195,0,0,98901.8671875,98878.1640625,unet,2412,0.0,8045,0,0.0
-4.0,1000000.0,1.0,2500.0,case_196,5,21,-280.593505859375,-371.87109375,unet,2412,0.008203853325046613,7974,45,0.006215040397762586
-4.0,1000000.0,1.0,3000.0,case_196,0,0,219.406494140625,128.12890625,unet,2412,0.0,8045,0,0.0
-4.0,1000000.0,1.0,5000.0,case_196,0,0,2219.40625,2128.12890625,unet,2412,0.0,8045,0,0.0
-4.0,1000000.0,1.0,10000.0,case_196,0,0,7219.40625,7128.12890625,unet,2412,0.0,8045,0,0.0
-4.0,1000000.0,1.0,25000.0,case_196,0,0,22219.40625,22128.12890625,unet,2412,0.0,8045,0,0.0
-4.0,1000000.0,1.0,101325.0,case_196,0,0,98544.40625,98453.125,unet,2412,0.0,8045,0,0.0
-2.0,100000.0,0.09999999999999999,2500.0,case_197,0,0,196.688720703125,196.49755859375,unet,2412,0.0,8045,0,0.0
-2.0,100000.0,0.09999999999999999,3000.0,case_197,0,0,696.688720703125,696.49755859375,unet,2412,0.0,8045,0,0.0
-2.0,100000.0,0.09999999999999999,5000.0,case_197,0,0,2696.6884765625,2696.49755859375,unet,2412,0.0,8045,0,0.0
-2.0,100000.0,0.09999999999999999,10000.0,case_197,0,0,7696.6884765625,7696.498046875,unet,2412,0.0,8045,0,0.0
-2.0,100000.0,0.09999999999999999,25000.0,case_197,0,0,22696.689453125,22696.498046875,unet,2412,0.0,8045,0,0.0
-2.0,100000.0,0.09999999999999999,101325.0,case_197,0,0,99021.6875,99021.5,unet,2412,0.0,8045,0,0.0
-2.0,200000.0,0.19999999999999998,2500.0,case_198,0,0,187.029296875,186.0244140625,unet,2412,0.0,8045,0,0.0
-2.0,200000.0,0.19999999999999998,3000.0,case_198,0,0,687.029296875,686.0244140625,unet,2412,0.0,8045,0,0.0
-2.0,200000.0,0.19999999999999998,5000.0,case_198,0,0,2687.029296875,2686.0244140625,unet,2412,0.0,8045,0,0.0
-2.0,200000.0,0.19999999999999998,10000.0,case_198,0,0,7687.029296875,7686.0244140625,unet,2412,0.0,8045,0,0.0
-2.0,200000.0,0.19999999999999998,25000.0,case_198,0,0,22687.029296875,22686.025390625,unet,2412,0.0,8045,0,0.0
-2.0,200000.0,0.19999999999999998,101325.0,case_198,0,0,99012.03125,99011.0234375,unet,2412,0.0,8045,0,0.0
-2.0,500000.0,0.5,2500.0,case_199,0,0,124.173095703125,112.22265625,unet,2412,0.0,8045,0,0.0
-2.0,500000.0,0.5,3000.0,case_199,0,0,624.173095703125,612.22265625,unet,2412,0.0,8045,0,0.0
-2.0,500000.0,0.5,5000.0,case_199,0,0,2624.17333984375,2612.22265625,unet,2412,0.0,8045,0,0.0
-2.0,500000.0,0.5,10000.0,case_199,0,0,7624.1728515625,7612.22265625,unet,2412,0.0,8045,0,0.0
-2.0,500000.0,0.5,25000.0,case_199,0,0,22624.173828125,22612.22265625,unet,2412,0.0,8045,0,0.0
-2.0,500000.0,0.5,101325.0,case_199,0,0,98949.171875,98937.2265625,unet,2412,0.0,8045,0,0.0
-2.0,1000000.0,1.0,2500.0,case_200,4,17,-67.82861328125,-151.690185546875,unet,2412,0.003107520198881293,8016,8,0.0014916096954630206
-2.0,1000000.0,1.0,3000.0,case_200,0,0,432.17138671875,348.309814453125,unet,2412,0.0,8045,0,0.0
-2.0,1000000.0,1.0,5000.0,case_200,0,0,2432.17138671875,2348.31005859375,unet,2412,0.0,8045,0,0.0
-2.0,1000000.0,1.0,10000.0,case_200,0,0,7432.1708984375,7348.3095703125,unet,2412,0.0,8045,0,0.0
-2.0,1000000.0,1.0,25000.0,case_200,0,0,22432.171875,22348.310546875,unet,2412,0.0,8045,0,0.0
-2.0,1000000.0,1.0,101325.0,case_200,0,0,98757.171875,98673.3125,unet,2412,0.0,8045,0,0.0
0.0,100000.0,0.09999999999999999,2500.0,case_201,0,0,196.94677734375,197.463134765625,unet,2412,0.0,8045,0,0.0
0.0,100000.0,0.09999999999999999,3000.0,case_201,0,0,696.94677734375,697.463134765625,unet,2412,0.0,8045,0,0.0
0.0,100000.0,0.09999999999999999,5000.0,case_201,0,0,2696.94677734375,2697.462890625,unet,2412,0.0,8045,0,0.0
0.0,100000.0,0.09999999999999999,10000.0,case_201,0,0,7696.947265625,7697.462890625,unet,2412,0.0,8045,0,0.0
0.0,100000.0,0.09999999999999999,25000.0,case_201,0,0,22696.947265625,22697.462890625,unet,2412,0.0,8045,0,0.0
0.0,100000.0,0.09999999999999999,101325.0,case_201,0,0,99021.9453125,99022.4609375,unet,2412,0.0,8045,0,0.0
0.0,200000.0,0.19999999999999998,2500.0,case_202,0,0,187.6806640625,189.9306640625,unet,2412,0.0,8045,0,0.0
0.0,200000.0,0.19999999999999998,3000.0,case_202,0,0,687.6806640625,689.9306640625,unet,2412,0.0,8045,0,0.0
0.0,200000.0,0.19999999999999998,5000.0,case_202,0,0,2687.6806640625,2689.9306640625,unet,2412,0.0,8045,0,0.0
0.0,200000.0,0.19999999999999998,10000.0,case_202,0,0,7687.6806640625,7689.9306640625,unet,2412,0.0,8045,0,0.0
0.0,200000.0,0.19999999999999998,25000.0,case_202,0,0,22687.681640625,22689.9296875,unet,2412,0.0,8045,0,0.0
0.0,200000.0,0.19999999999999998,101325.0,case_202,0,0,99012.6796875,99014.9296875,unet,2412,0.0,8045,0,0.0
0.0,500000.0,0.5,2500.0,case_203,0,0,120.985595703125,136.8232421875,unet,2412,0.0,8045,0,0.0
0.0,500000.0,0.5,3000.0,case_203,0,0,620.985595703125,636.8232421875,unet,2412,0.0,8045,0,0.0
0.0,500000.0,0.5,5000.0,case_203,0,0,2620.9853515625,2636.8232421875,unet,2412,0.0,8045,0,0.0
0.0,500000.0,0.5,10000.0,case_203,0,0,7620.9853515625,7636.8232421875,unet,2412,0.0,8045,0,0.0
0.0,500000.0,0.5,25000.0,case_203,0,0,22620.986328125,22636.82421875,unet,2412,0.0,8045,0,0.0
0.0,500000.0,0.5,101325.0,case_203,0,0,98945.984375,98961.8203125,unet,2412,0.0,8045,0,0.0
0.0,1000000.0,1.0,2500.0,case_204,1,10,-129.78173828125,-53.03076171875,unet,2412,0.004847731510254817,8005,29,0.0037290242386575512
0.0,1000000.0,1.0,3000.0,case_204,0,0,370.21826171875,446.96923828125,unet,2412,0.0,8045,0,0.0
0.0,1000000.0,1.0,5000.0,case_204,0,0,2370.21826171875,2446.96923828125,unet,2412,0.0,8045,0,0.0
0.0,1000000.0,1.0,10000.0,case_204,0,0,7370.2177734375,7446.96875,unet,2412,0.0,8045,0,0.0
0.0,1000000.0,1.0,25000.0,case_204,0,0,22370.21875,22446.96875,unet,2412,0.0,8045,0,0.0
0.0,1000000.0,1.0,101325.0,case_204,0,0,98695.21875,98771.96875,unet,2412,0.0,8045,0,0.0
2.0,100000.0,0.09999999999999999,2500.0,case_205,0,0,195.8896484375,196.541015625,unet,2412,0.0,8045,0,0.0
2.0,100000.0,0.09999999999999999,3000.0,case_205,0,0,695.8896484375,696.541015625,unet,2412,0.0,8045,0,0.0
2.0,100000.0,0.09999999999999999,5000.0,case_205,0,0,2695.8896484375,2696.541015625,unet,2412,0.0,8045,0,0.0
2.0,100000.0,0.09999999999999999,10000.0,case_205,0,0,7695.8896484375,7696.541015625,unet,2412,0.0,8045,0,0.0
2.0,100000.0,0.09999999999999999,25000.0,case_205,0,0,22695.890625,22696.541015625,unet,2412,0.0,8045,0,0.0
2.0,100000.0,0.09999999999999999,101325.0,case_205,0,0,99020.890625,99021.5390625,unet,2412,0.0,8045,0,0.0
2.0,200000.0,0.19999999999999998,2500.0,case_206,0,0,183.43017578125,186.239013671875,unet,2412,0.0,8045,0,0.0
2.0,200000.0,0.19999999999999998,3000.0,case_206,0,0,683.43017578125,686.239013671875,unet,2412,0.0,8045,0,0.0
2.0,200000.0,0.19999999999999998,5000.0,case_206,0,0,2683.43017578125,2686.2392578125,unet,2412,0.0,8045,0,0.0
2.0,200000.0,0.19999999999999998,10000.0,case_206,0,0,7683.4296875,7686.2392578125,unet,2412,0.0,8045,0,0.0
2.0,200000.0,0.19999999999999998,25000.0,case_206,0,0,22683.4296875,22686.23828125,unet,2412,0.0,8045,0,0.0
2.0,200000.0,0.19999999999999998,101325.0,case_206,0,0,99008.4296875,99011.2421875,unet,2412,0.0,8045,0,0.0
2.0,500000.0,0.5,2500.0,case_207,0,0,93.976806640625,113.4375,unet,2412,0.0,8045,0,0.0
2.0,500000.0,0.5,3000.0,case_207,0,0,593.976806640625,613.4375,unet,2412,0.0,8045,0,0.0
2.0,500000.0,0.5,5000.0,case_207,0,0,2593.9765625,2613.4375,unet,2412,0.0,8045,0,0.0
2.0,500000.0,0.5,10000.0,case_207,0,0,7593.9765625,7613.4375,unet,2412,0.0,8045,0,0.0
2.0,500000.0,0.5,25000.0,case_207,0,0,22593.9765625,22613.4375,unet,2412,0.0,8045,0,0.0
2.0,500000.0,0.5,101325.0,case_207,0,0,98918.9765625,98938.4375,unet,2412,0.0,8045,0,0.0
2.0,1000000.0,1.0,2500.0,case_208,7,5,-241.259033203125,-146.984619140625,unet,2412,0.011808576755748913,7943,90,0.012057178371659415
2.0,1000000.0,1.0,3000.0,case_208,0,0,258.740966796875,353.015380859375,unet,2412,0.0,8045,0,0.0
2.0,1000000.0,1.0,5000.0,case_208,0,0,2258.7412109375,2353.015625,unet,2412,0.0,8045,0,0.0
2.0,1000000.0,1.0,10000.0,case_208,0,0,7258.7412109375,7353.015625,unet,2412,0.0,8045,0,0.0
2.0,1000000.0,1.0,25000.0,case_208,0,0,22258.740234375,22353.015625,unet,2412,0.0,8045,0,0.0
2.0,1000000.0,1.0,101325.0,case_208,0,0,98583.7421875,98678.015625,unet,2412,0.0,8045,0,0.0
4.0,100000.0,0.09999999999999999,2500.0,case_209,0,0,194.5458984375,195.056396484375,unet,2412,0.0,8045,0,0.0
4.0,100000.0,0.09999999999999999,3000.0,case_209,0,0,694.5458984375,695.056396484375,unet,2412,0.0,8045,0,0.0
4.0,100000.0,0.09999999999999999,5000.0,case_209,0,0,2694.5458984375,2695.05615234375,unet,2412,0.0,8045,0,0.0
4.0,100000.0,0.09999999999999999,10000.0,case_209,0,0,7694.5458984375,7695.056640625,unet,2412,0.0,8045,0,0.0
4.0,100000.0,0.09999999999999999,25000.0,case_209,0,0,22694.544921875,22695.056640625,unet,2412,0.0,8045,0,0.0
4.0,100000.0,0.09999999999999999,101325.0,case_209,0,0,99019.546875,99020.0546875,unet,2412,0.0,8045,0,0.0
4.0,200000.0,0.19999999999999998,2500.0,case_210,0,0,178.006103515625,180.322021484375,unet,2412,0.0,8045,0,0.0
4.0,200000.0,0.19999999999999998,3000.0,case_210,0,0,678.006103515625,680.322021484375,unet,2412,0.0,8045,0,0.0
4.0,200000.0,0.19999999999999998,5000.0,case_210,0,0,2678.00634765625,2680.322265625,unet,2412,0.0,8045,0,0.0
4.0,200000.0,0.19999999999999998,10000.0,case_210,0,0,7678.005859375,7680.322265625,unet,2412,0.0,8045,0,0.0
4.0,200000.0,0.19999999999999998,25000.0,case_210,0,0,22678.005859375,22680.322265625,unet,2412,0.0,8045,0,0.0
4.0,200000.0,0.19999999999999998,101325.0,case_210,0,0,99003.0078125,99005.3203125,unet,2412,0.0,8045,0,0.0
4.0,500000.0,0.5,2500.0,case_211,0,0,59.138671875,76.150634765625,unet,2412,0.0,8045,0,0.0
4.0,500000.0,0.5,3000.0,case_211,0,0,559.138671875,576.150634765625,unet,2412,0.0,8045,0,0.0
4.0,500000.0,0.5,5000.0,case_211,0,0,2559.138671875,2576.15087890625,unet,2412,0.0,8045,0,0.0
4.0,500000.0,0.5,10000.0,case_211,0,0,7559.138671875,7576.150390625,unet,2412,0.0,8045,0,0.0
4.0,500000.0,0.5,25000.0,case_211,0,0,22559.138671875,22576.150390625,unet,2412,0.0,8045,0,0.0
4.0,500000.0,0.5,101325.0,case_211,0,0,98884.140625,98901.1484375,unet,2412,0.0,8045,0,0.0
4.0,1000000.0,1.0,2500.0,case_212,17,9,-387.075439453125,-296.5372314453125,unet,2412,0.02262274704785581,7846,173,0.023617153511497825
4.0,1000000.0,1.0,3000.0,case_212,0,0,112.924560546875,203.462646484375,unet,2412,0.0,8045,0,0.0
4.0,1000000.0,1.0,5000.0,case_212,0,0,2112.92431640625,2203.462890625,unet,2412,0.0,8045,0,0.0
4.0,1000000.0,1.0,10000.0,case_212,0,0,7112.9248046875,7203.462890625,unet,2412,0.0,8045,0,0.0
4.0,1000000.0,1.0,25000.0,case_212,0,0,22112.923828125,22203.462890625,unet,2412,0.0,8045,0,0.0
4.0,1000000.0,1.0,101325.0,case_212,0,0,98437.921875,98528.4609375,unet,2412,0.0,8045,0,0.0
6.0,100000.0,0.09999999999999999,2500.0,case_213,0,0,192.60546875,193.473876953125,unet,2412,0.0,8045,0,0.0
6.0,100000.0,0.09999999999999999,3000.0,case_213,0,0,692.60546875,693.473876953125,unet,2412,0.0,8045,0,0.0
6.0,100000.0,0.09999999999999999,5000.0,case_213,0,0,2692.60546875,2693.4736328125,unet,2412,0.0,8045,0,0.0
6.0,100000.0,0.09999999999999999,10000.0,case_213,0,0,7692.60546875,7693.4736328125,unet,2412,0.0,8045,0,0.0
6.0,100000.0,0.09999999999999999,25000.0,case_213,0,0,22692.60546875,22693.474609375,unet,2412,0.0,8045,0,0.0
6.0,100000.0,0.09999999999999999,101325.0,case_213,0,0,99017.6015625,99018.4765625,unet,2412,0.0,8045,0,0.0
6.0,200000.0,0.19999999999999998,2500.0,case_214,0,0,170.1005859375,174.086181640625,unet,2412,0.0,8045,0,0.0
6.0,200000.0,0.19999999999999998,3000.0,case_214,0,0,670.1005859375,674.086181640625,unet,2412,0.0,8045,0,0.0
6.0,200000.0,0.19999999999999998,5000.0,case_214,0,0,2670.1005859375,2674.0859375,unet,2412,0.0,8045,0,0.0
6.0,200000.0,0.19999999999999998,10000.0,case_214,0,0,7670.1005859375,7674.0859375,unet,2412,0.0,8045,0,0.0
6.0,200000.0,0.19999999999999998,25000.0,case_214,0,0,22670.099609375,22674.0859375,unet,2412,0.0,8045,0,0.0
6.0,200000.0,0.19999999999999998,101325.0,case_214,0,0,98995.1015625,98999.0859375,unet,2412,0.0,8045,0,0.0
6.0,500000.0,0.5,2500.0,case_215,0,0,7.122802734375,36.447265625,unet,2412,0.0,8045,0,0.0
6.0,500000.0,0.5,3000.0,case_215,0,0,507.122802734375,536.447265625,unet,2412,0.0,8045,0,0.0
6.0,500000.0,0.5,5000.0,case_215,0,0,2507.12255859375,2536.447265625,unet,2412,0.0,8045,0,0.0
6.0,500000.0,0.5,10000.0,case_215,0,0,7507.123046875,7536.447265625,unet,2412,0.0,8045,0,0.0
6.0,500000.0,0.5,25000.0,case_215,0,0,22507.123046875,22536.447265625,unet,2412,0.0,8045,0,0.0
6.0,500000.0,0.5,101325.0,case_215,0,0,98832.125,98861.4453125,unet,2412,0.0,8045,0,0.0
6.0,1000000.0,1.0,2500.0,case_216,10,38,-611.1405029296875,-456.31396484375,unet,2412,0.039776258545680544,7715,282,0.0362958359229335
6.0,1000000.0,1.0,3000.0,case_216,0,5,-111.140625,43.68603515625,unet,2412,0.0006215040397762585,8040,0,0.0
6.0,1000000.0,1.0,5000.0,case_216,0,0,1888.859375,2043.68603515625,unet,2412,0.0,8045,0,0.0
6.0,1000000.0,1.0,10000.0,case_216,0,0,6888.859375,7043.685546875,unet,2412,0.0,8045,0,0.0
6.0,1000000.0,1.0,25000.0,case_216,0,0,21888.859375,22043.685546875,unet,2412,0.0,8045,0,0.0
6.0,1000000.0,1.0,101325.0,case_216,0,0,98213.859375,98368.6875,unet,2412,0.0,8045,0,0.0
8.0,100000.0,0.09999999999999999,2500.0,case_217,0,0,190.238037109375,190.568115234375,unet,2412,0.0,8045,0,0.0
8.0,100000.0,0.09999999999999999,3000.0,case_217,0,0,690.238037109375,690.568115234375,unet,2412,0.0,8045,0,0.0
8.0,100000.0,0.09999999999999999,5000.0,case_217,0,0,2690.23779296875,2690.568359375,unet,2412,0.0,8045,0,0.0
8.0,100000.0,0.09999999999999999,10000.0,case_217,0,0,7690.23828125,7690.568359375,unet,2412,0.0,8045,0,0.0
8.0,100000.0,0.09999999999999999,25000.0,case_217,0,0,22690.23828125,22690.568359375,unet,2412,0.0,8045,0,0.0
8.0,100000.0,0.09999999999999999,101325.0,case_217,0,0,99015.234375,99015.5703125,unet,2412,0.0,8045,0,0.0
8.0,200000.0,0.19999999999999998,2500.0,case_218,0,0,160.7333984375,161.783447265625,unet,2412,0.0,8045,0,0.0
8.0,200000.0,0.19999999999999998,3000.0,case_218,0,0,660.7333984375,661.783447265625,unet,2412,0.0,8045,0,0.0
8.0,200000.0,0.19999999999999998,5000.0,case_218,0,0,2660.7333984375,2661.783203125,unet,2412,0.0,8045,0,0.0
8.0,200000.0,0.19999999999999998,10000.0,case_218,0,0,7660.7333984375,7661.783203125,unet,2412,0.0,8045,0,0.0
8.0,200000.0,0.19999999999999998,25000.0,case_218,0,0,22660.734375,22661.783203125,unet,2412,0.0,8045,0,0.0
8.0,200000.0,0.19999999999999998,101325.0,case_218,0,0,98985.734375,98986.78125,unet,2412,0.0,8045,0,0.0
8.0,500000.0,0.5,2500.0,case_219,0,8,-49.3359375,-29.9501953125,unet,2412,0.0011187072715972653,8036,1,0.0001243008079552517
8.0,500000.0,0.5,3000.0,case_219,0,0,450.6640625,470.0498046875,unet,2412,0.0,8045,0,0.0
8.0,500000.0,0.5,5000.0,case_219,0,0,2450.6640625,2470.0498046875,unet,2412,0.0,8045,0,0.0
8.0,500000.0,0.5,10000.0,case_219,0,0,7450.6640625,7470.0498046875,unet,2412,0.0,8045,0,0.0
8.0,500000.0,0.5,25000.0,case_219,0,0,22450.6640625,22470.048828125,unet,2412,0.0,8045,0,0.0
8.0,500000.0,0.5,101325.0,case_219,0,0,98775.6640625,98795.046875,unet,2412,0.0,8045,0,0.0
8.0,1000000.0,1.0,2500.0,case_220,4,136,-820.9609375,-722.595947265625,unet,2412,0.06687383467992541,7503,402,0.05046612802983219
8.0,1000000.0,1.0,3000.0,case_220,0,14,-320.9609375,-222.595947265625,unet,2412,0.0023617153511497823,8026,5,0.0006215040397762585
8.0,1000000.0,1.0,5000.0,case_220,0,0,1679.0390625,1777.404052734375,unet,2412,0.0,8045,0,0.0
8.0,1000000.0,1.0,10000.0,case_220,0,0,6679.0390625,6777.404296875,unet,2412,0.0,8045,0,0.0
8.0,1000000.0,1.0,25000.0,case_220,0,0,21679.0390625,21777.404296875,unet,2412,0.0,8045,0,0.0
8.0,1000000.0,1.0,101325.0,case_220,0,0,98004.0390625,98102.40625,unet,2412,0.0,8045,0,0.0
10.0,100000.0,0.09999999999999999,2500.0,case_221,0,0,189.183837890625,187.9287109375,unet,2412,0.0,8045,0,0.0
10.0,100000.0,0.09999999999999999,3000.0,case_221,0,0,689.183837890625,687.9287109375,unet,2412,0.0,8045,0,0.0
10.0,100000.0,0.09999999999999999,5000.0,case_221,0,0,2689.18359375,2687.9287109375,unet,2412,0.0,8045,0,0.0
10.0,100000.0,0.09999999999999999,10000.0,case_221,0,0,7689.18359375,7687.9287109375,unet,2412,0.0,8045,0,0.0
10.0,100000.0,0.09999999999999999,25000.0,case_221,0,0,22689.18359375,22687.927734375,unet,2412,0.0,8045,0,0.0
10.0,100000.0,0.09999999999999999,101325.0,case_221,0,0,99014.1875,99012.9296875,unet,2412,0.0,8045,0,0.0
10.0,200000.0,0.19999999999999998,2500.0,case_222,0,0,156.68603515625,153.3876953125,unet,2412,0.0,8045,0,0.0
10.0,200000.0,0.19999999999999998,3000.0,case_222,0,0,656.68603515625,653.3876953125,unet,2412,0.0,8045,0,0.0
10.0,200000.0,0.19999999999999998,5000.0,case_222,0,0,2656.68603515625,2653.3876953125,unet,2412,0.0,8045,0,0.0
10.0,200000.0,0.19999999999999998,10000.0,case_222,0,0,7656.6865234375,7653.3876953125,unet,2412,0.0,8045,0,0.0
10.0,200000.0,0.19999999999999998,25000.0,case_222,0,0,22656.685546875,22653.388671875,unet,2412,0.0,8045,0,0.0
10.0,200000.0,0.19999999999999998,101325.0,case_222,0,0,98981.6875,98978.390625,unet,2412,0.0,8045,0,0.0
10.0,500000.0,0.5,2500.0,case_223,0,7,-71.494140625,-90.552978515625,unet,2412,0.0014916096954630206,8033,5,0.0006215040397762585
10.0,500000.0,0.5,3000.0,case_223,0,0,428.505859375,409.447021484375,unet,2412,0.0,8045,0,0.0
10.0,500000.0,0.5,5000.0,case_223,0,0,2428.505859375,2409.447265625,unet,2412,0.0,8045,0,0.0
10.0,500000.0,0.5,10000.0,case_223,0,0,7428.505859375,7409.447265625,unet,2412,0.0,8045,0,0.0
10.0,500000.0,0.5,25000.0,case_223,0,0,22428.505859375,22409.447265625,unet,2412,0.0,8045,0,0.0
10.0,500000.0,0.5,101325.0,case_223,0,0,98753.5078125,98734.4453125,unet,2412,0.0,8045,0,0.0
10.0,1000000.0,1.0,2500.0,case_224,4,197,-889.39794921875,-965.6834716796875,unet,2412,0.08601615910503418,7349,495,0.0620261031696706
10.0,1000000.0,1.0,3000.0,case_224,1,11,-389.39794921875,-465.6834716796875,unet,2412,0.0028589185829707895,8021,12,0.0016159105034182723
10.0,1000000.0,1.0,5000.0,case_224,0,0,1610.60205078125,1534.31640625,unet,2412,0.0,8045,0,0.0
10.0,1000000.0,1.0,10000.0,case_224,0,0,6610.6015625,6534.31640625,unet,2412,0.0,8045,0,0.0
10.0,1000000.0,1.0,25000.0,case_224,0,0,21610.6015625,21534.31640625,unet,2412,0.0,8045,0,0.0
10.0,1000000.0,1.0,101325.0,case_224,0,0,97935.6015625,97859.3203125,unet,2412,0.0,8045,0,0.0
-4.0,100000.0,0.09999999999999999,2500.0,case_225,0,0,195.09326171875,194.0908203125,unet,2415,0.0,8012,0,0.0
-4.0,100000.0,0.09999999999999999,3000.0,case_225,0,0,695.09326171875,694.0908203125,unet,2415,0.0,8012,0,0.0
-4.0,100000.0,0.09999999999999999,5000.0,case_225,0,0,2695.09326171875,2694.0908203125,unet,2415,0.0,8012,0,0.0
-4.0,100000.0,0.09999999999999999,10000.0,case_225,0,0,7695.09375,7694.0908203125,unet,2415,0.0,8012,0,0.0
-4.0,100000.0,0.09999999999999999,25000.0,case_225,0,0,22695.09375,22694.08984375,unet,2415,0.0,8012,0,0.0
-4.0,100000.0,0.09999999999999999,101325.0,case_225,0,0,99020.09375,99019.09375,unet,2415,0.0,8012,0,0.0
-4.0,200000.0,0.19999999999999998,2500.0,case_226,0,0,180.40185546875,176.82080078125,unet,2415,0.0,8012,0,0.0
-4.0,200000.0,0.19999999999999998,3000.0,case_226,0,0,680.40185546875,676.82080078125,unet,2415,0.0,8012,0,0.0
-4.0,200000.0,0.19999999999999998,5000.0,case_226,0,0,2680.40185546875,2676.82080078125,unet,2415,0.0,8012,0,0.0
-4.0,200000.0,0.19999999999999998,10000.0,case_226,0,0,7680.40234375,7676.8212890625,unet,2415,0.0,8012,0,0.0
-4.0,200000.0,0.19999999999999998,25000.0,case_226,0,0,22680.40234375,22676.8203125,unet,2415,0.0,8012,0,0.0
-4.0,200000.0,0.19999999999999998,101325.0,case_226,0,0,99005.3984375,99001.8203125,unet,2415,0.0,8012,0,0.0
-4.0,500000.0,0.5,2500.0,case_227,0,0,78.128662109375,54.08203125,unet,2415,0.0,8012,0,0.0
-4.0,500000.0,0.5,3000.0,case_227,0,0,578.128662109375,554.08203125,unet,2415,0.0,8012,0,0.0
-4.0,500000.0,0.5,5000.0,case_227,0,0,2578.12890625,2554.08203125,unet,2415,0.0,8012,0,0.0
-4.0,500000.0,0.5,10000.0,case_227,0,0,7578.12890625,7554.08203125,unet,2415,0.0,8012,0,0.0
-4.0,500000.0,0.5,25000.0,case_227,0,0,22578.12890625,22554.08203125,unet,2415,0.0,8012,0,0.0
-4.0,500000.0,0.5,101325.0,case_227,0,0,98903.125,98879.0859375,unet,2415,0.0,8012,0,0.0
-4.0,1000000.0,1.0,2500.0,case_228,6,11,-282.2650146484375,-385.083251953125,unet,2415,0.010858711932101847,7919,76,0.010234648027958064
-4.0,1000000.0,1.0,3000.0,case_228,0,0,217.73486328125,114.916748046875,unet,2415,0.0,8012,0,0.0
-4.0,1000000.0,1.0,5000.0,case_228,0,0,2217.73486328125,2114.9169921875,unet,2415,0.0,8012,0,0.0
-4.0,1000000.0,1.0,10000.0,case_228,0,0,7217.7353515625,7114.9169921875,unet,2415,0.0,8012,0,0.0
-4.0,1000000.0,1.0,25000.0,case_228,0,0,22217.734375,22114.916015625,unet,2415,0.0,8012,0,0.0
-4.0,1000000.0,1.0,101325.0,case_228,0,0,98542.734375,98439.9140625,unet,2415,0.0,8012,0,0.0
-2.0,100000.0,0.09999999999999999,2500.0,case_229,0,0,195.6533203125,196.18115234375,unet,2415,0.0,8012,0,0.0
-2.0,100000.0,0.09999999999999999,3000.0,case_229,0,0,695.6533203125,696.18115234375,unet,2415,0.0,8012,0,0.0
-2.0,100000.0,0.09999999999999999,5000.0,case_229,0,0,2695.6533203125,2696.18115234375,unet,2415,0.0,8012,0,0.0
-2.0,100000.0,0.09999999999999999,10000.0,case_229,0,0,7695.6533203125,7696.1806640625,unet,2415,0.0,8012,0,0.0
-2.0,100000.0,0.09999999999999999,25000.0,case_229,0,0,22695.654296875,22696.181640625,unet,2415,0.0,8012,0,0.0
-2.0,100000.0,0.09999999999999999,101325.0,case_229,0,0,99020.65625,99021.1796875,unet,2415,0.0,8012,0,0.0
-2.0,200000.0,0.19999999999999998,2500.0,case_230,0,0,182.744873046875,184.583984375,unet,2415,0.0,8012,0,0.0
-2.0,200000.0,0.19999999999999998,3000.0,case_230,0,0,682.744873046875,684.583984375,unet,2415,0.0,8012,0,0.0
-2.0,200000.0,0.19999999999999998,5000.0,case_230,0,0,2682.74462890625,2684.583984375,unet,2415,0.0,8012,0,0.0
-2.0,200000.0,0.19999999999999998,10000.0,case_230,0,0,7682.7451171875,7684.583984375,unet,2415,0.0,8012,0,0.0
-2.0,200000.0,0.19999999999999998,25000.0,case_230,0,0,22682.744140625,22684.583984375,unet,2415,0.0,8012,0,0.0
-2.0,200000.0,0.19999999999999998,101325.0,case_230,0,0,99007.7421875,99009.5859375,unet,2415,0.0,8012,0,0.0
-2.0,500000.0,0.5,2500.0,case_231,0,0,94.91650390625,103.11474609375,unet,2415,0.0,8012,0,0.0
-2.0,500000.0,0.5,3000.0,case_231,0,0,594.91650390625,603.11474609375,unet,2415,0.0,8012,0,0.0
-2.0,500000.0,0.5,5000.0,case_231,0,0,2594.91650390625,2603.11474609375,unet,2415,0.0,8012,0,0.0
-2.0,500000.0,0.5,10000.0,case_231,0,0,7594.9169921875,7603.1142578125,unet,2415,0.0,8012,0,0.0
-2.0,500000.0,0.5,25000.0,case_231,0,0,22594.916015625,22603.115234375,unet,2415,0.0,8012,0,0.0
-2.0,500000.0,0.5,101325.0,case_231,0,0,98919.9140625,98928.1171875,unet,2415,0.0,8012,0,0.0
-2.0,1000000.0,1.0,2500.0,case_232,2,25,-197.81005859375,-188.255859375,unet,2415,0.007363954068896655,7951,34,0.0044932601098352475
-2.0,1000000.0,1.0,3000.0,case_232,0,0,302.18994140625,311.744140625,unet,2415,0.0,8012,0,0.0
-2.0,1000000.0,1.0,5000.0,case_232,0,0,2302.18994140625,2311.744140625,unet,2415,0.0,8012,0,0.0
-2.0,1000000.0,1.0,10000.0,case_232,0,0,7302.189453125,7311.744140625,unet,2415,0.0,8012,0,0.0
-2.0,1000000.0,1.0,25000.0,case_232,0,0,22302.189453125,22311.744140625,unet,2415,0.0,8012,0,0.0
-2.0,1000000.0,1.0,101325.0,case_232,0,0,98627.1875,98636.7421875,unet,2415,0.0,8012,0,0.0
0.0,100000.0,0.09999999999999999,2500.0,case_233,0,0,196.59228515625,197.145751953125,unet,2415,0.0,8012,0,0.0
0.0,100000.0,0.09999999999999999,3000.0,case_233,0,0,696.59228515625,697.145751953125,unet,2415,0.0,8012,0,0.0
0.0,100000.0,0.09999999999999999,5000.0,case_233,0,0,2696.59228515625,2697.1455078125,unet,2415,0.0,8012,0,0.0
0.0,100000.0,0.09999999999999999,10000.0,case_233,0,0,7696.591796875,7697.1455078125,unet,2415,0.0,8012,0,0.0
0.0,100000.0,0.09999999999999999,25000.0,case_233,0,0,22696.591796875,22697.146484375,unet,2415,0.0,8012,0,0.0
0.0,100000.0,0.09999999999999999,101325.0,case_233,0,0,99021.59375,99022.1484375,unet,2415,0.0,8012,0,0.0
0.0,200000.0,0.19999999999999998,2500.0,case_234,0,0,186.25048828125,188.47412109375,unet,2415,0.0,8012,0,0.0
0.0,200000.0,0.19999999999999998,3000.0,case_234,0,0,686.25048828125,688.47412109375,unet,2415,0.0,8012,0,0.0
0.0,200000.0,0.19999999999999998,5000.0,case_234,0,0,2686.25048828125,2688.47412109375,unet,2415,0.0,8012,0,0.0
0.0,200000.0,0.19999999999999998,10000.0,case_234,0,0,7686.2509765625,7688.4736328125,unet,2415,0.0,8012,0,0.0
0.0,200000.0,0.19999999999999998,25000.0,case_234,0,0,22686.25,22688.474609375,unet,2415,0.0,8012,0,0.0
0.0,200000.0,0.19999999999999998,101325.0,case_234,0,0,99011.25,99013.4765625,unet,2415,0.0,8012,0,0.0
0.0,500000.0,0.5,2500.0,case_235,0,0,111.868408203125,127.7041015625,unet,2415,0.0,8012,0,0.0
0.0,500000.0,0.5,3000.0,case_235,0,0,611.868408203125,627.7041015625,unet,2415,0.0,8012,0,0.0
0.0,500000.0,0.5,5000.0,case_235,0,0,2611.86865234375,2627.7041015625,unet,2415,0.0,8012,0,0.0
0.0,500000.0,0.5,10000.0,case_235,0,0,7611.8681640625,7627.7041015625,unet,2415,0.0,8012,0,0.0
0.0,500000.0,0.5,25000.0,case_235,0,0,22611.869140625,22627.703125,unet,2415,0.0,8012,0,0.0
0.0,500000.0,0.5,101325.0,case_235,0,0,98936.8671875,98952.703125,unet,2415,0.0,8012,0,0.0
0.0,1000000.0,1.0,2500.0,case_236,4,14,-166.966064453125,-89.52392578125,unet,2415,0.0074887668497254116,7948,46,0.006240639041437843
0.0,1000000.0,1.0,3000.0,case_236,0,0,333.033935546875,410.47607421875,unet,2415,0.0,8012,0,0.0
0.0,1000000.0,1.0,5000.0,case_236,0,0,2333.0341796875,2410.47607421875,unet,2415,0.0,8012,0,0.0
0.0,1000000.0,1.0,10000.0,case_236,0,0,7333.0341796875,7410.4765625,unet,2415,0.0,8012,0,0.0
0.0,1000000.0,1.0,25000.0,case_236,0,0,22333.033203125,22410.4765625,unet,2415,0.0,8012,0,0.0
0.0,1000000.0,1.0,101325.0,case_236,0,0,98658.03125,98735.4765625,unet,2415,0.0,8012,0,0.0
2.0,100000.0,0.09999999999999999,2500.0,case_237,0,0,195.6171875,196.078369140625,unet,2415,0.0,8012,0,0.0
2.0,100000.0,0.09999999999999999,3000.0,case_237,0,0,695.6171875,696.078369140625,unet,2415,0.0,8012,0,0.0
2.0,100000.0,0.09999999999999999,5000.0,case_237,0,0,2695.6171875,2696.078125,unet,2415,0.0,8012,0,0.0
2.0,100000.0,0.09999999999999999,10000.0,case_237,0,0,7695.6171875,7696.078125,unet,2415,0.0,8012,0,0.0
2.0,100000.0,0.09999999999999999,25000.0,case_237,0,0,22695.6171875,22696.078125,unet,2415,0.0,8012,0,0.0
2.0,100000.0,0.09999999999999999,101325.0,case_237,0,0,99020.6171875,99021.078125,unet,2415,0.0,8012,0,0.0
2.0,200000.0,0.19999999999999998,2500.0,case_238,0,0,182.359619140625,184.18896484375,unet,2415,0.0,8012,0,0.0
2.0,200000.0,0.19999999999999998,3000.0,case_238,0,0,682.359619140625,684.18896484375,unet,2415,0.0,8012,0,0.0
2.0,200000.0,0.19999999999999998,5000.0,case_238,0,0,2682.359375,2684.18896484375,unet,2415,0.0,8012,0,0.0
2.0,200000.0,0.19999999999999998,10000.0,case_238,0,0,7682.359375,7684.189453125,unet,2415,0.0,8012,0,0.0
2.0,200000.0,0.19999999999999998,25000.0,case_238,0,0,22682.359375,22684.189453125,unet,2415,0.0,8012,0,0.0
2.0,200000.0,0.19999999999999998,101325.0,case_238,0,0,99007.359375,99009.1875,unet,2415,0.0,8012,0,0.0
2.0,500000.0,0.5,2500.0,case_239,0,0,87.69189453125,100.73828125,unet,2415,0.0,8012,0,0.0
2.0,500000.0,0.5,3000.0,case_239,0,0,587.69189453125,600.73828125,unet,2415,0.0,8012,0,0.0
2.0,500000.0,0.5,5000.0,case_239,0,0,2587.69189453125,2600.73828125,unet,2415,0.0,8012,0,0.0
2.0,500000.0,0.5,10000.0,case_239,0,0,7587.6923828125,7600.73828125,unet,2415,0.0,8012,0,0.0
2.0,500000.0,0.5,25000.0,case_239,0,0,22587.69140625,22600.73828125,unet,2415,0.0,8012,0,0.0
2.0,500000.0,0.5,101325.0,case_239,0,0,98912.6953125,98925.734375,unet,2415,0.0,8012,0,0.0
2.0,1000000.0,1.0,2500.0,case_240,13,4,-263.150634765625,-197.62939453125,unet,2415,0.013979031452820768,7887,108,0.01510234648027958
2.0,1000000.0,1.0,3000.0,case_240,0,0,236.849365234375,302.37060546875,unet,2415,0.0,8012,0,0.0
2.0,1000000.0,1.0,5000.0,case_240,0,0,2236.84912109375,2302.37060546875,unet,2415,0.0,8012,0,0.0
2.0,1000000.0,1.0,10000.0,case_240,0,0,7236.849609375,7302.37109375,unet,2415,0.0,8012,0,0.0
2.0,1000000.0,1.0,25000.0,case_240,0,0,22236.849609375,22302.37109375,unet,2415,0.0,8012,0,0.0
2.0,1000000.0,1.0,101325.0,case_240,0,0,98561.8515625,98627.3671875,unet,2415,0.0,8012,0,0.0
4.0,100000.0,0.09999999999999999,2500.0,case_241,0,0,194.593017578125,194.690673828125,unet,2415,0.0,8012,0,0.0
4.0,100000.0,0.09999999999999999,3000.0,case_241,0,0,694.593017578125,694.690673828125,unet,2415,0.0,8012,0,0.0
4.0,100000.0,0.09999999999999999,5000.0,case_241,0,0,2694.5927734375,2694.69091796875,unet,2415,0.0,8012,0,0.0
4.0,100000.0,0.09999999999999999,10000.0,case_241,0,0,7694.5927734375,7694.6904296875,unet,2415,0.0,8012,0,0.0
4.0,100000.0,0.09999999999999999,25000.0,case_241,0,0,22694.59375,22694.69140625,unet,2415,0.0,8012,0,0.0
4.0,100000.0,0.09999999999999999,101325.0,case_241,0,0,99019.59375,99019.6875,unet,2415,0.0,8012,0,0.0
4.0,200000.0,0.19999999999999998,2500.0,case_242,0,0,178.224853515625,178.543701171875,unet,2415,0.0,8012,0,0.0
4.0,200000.0,0.19999999999999998,3000.0,case_242,0,0,678.224853515625,678.543701171875,unet,2415,0.0,8012,0,0.0
4.0,200000.0,0.19999999999999998,5000.0,case_242,0,0,2678.224609375,2678.54345703125,unet,2415,0.0,8012,0,0.0
4.0,200000.0,0.19999999999999998,10000.0,case_242,0,0,7678.224609375,7678.5439453125,unet,2415,0.0,8012,0,0.0
4.0,200000.0,0.19999999999999998,25000.0,case_242,0,0,22678.224609375,22678.54296875,unet,2415,0.0,8012,0,0.0
4.0,200000.0,0.19999999999999998,101325.0,case_242,0,0,99003.2265625,99003.546875,unet,2415,0.0,8012,0,0.0
4.0,500000.0,0.5,2500.0,case_243,0,0,61.117919921875,65.079833984375,unet,2415,0.0,8012,0,0.0
4.0,500000.0,0.5,3000.0,case_243,0,0,561.117919921875,565.079833984375,unet,2415,0.0,8012,0,0.0
4.0,500000.0,0.5,5000.0,case_243,0,0,2561.11767578125,2565.080078125,unet,2415,0.0,8012,0,0.0
4.0,500000.0,0.5,10000.0,case_243,0,0,7561.1181640625,7565.080078125,unet,2415,0.0,8012,0,0.0
4.0,500000.0,0.5,25000.0,case_243,0,0,22561.1171875,22565.080078125,unet,2415,0.0,8012,0,0.0
4.0,500000.0,0.5,101325.0,case_243,0,0,98886.1171875,98890.078125,unet,2415,0.0,8012,0,0.0
4.0,1000000.0,1.0,2500.0,case_244,13,1,-374.4931640625,-333.5380859375,unet,2415,0.025212181727408887,7797,201,0.02670993509735397
4.0,1000000.0,1.0,3000.0,case_244,0,0,125.5068359375,166.4619140625,unet,2415,0.0,8012,0,0.0
4.0,1000000.0,1.0,5000.0,case_244,0,0,2125.5068359375,2166.4619140625,unet,2415,0.0,8012,0,0.0
4.0,1000000.0,1.0,10000.0,case_244,0,0,7125.5068359375,7166.4619140625,unet,2415,0.0,8012,0,0.0
4.0,1000000.0,1.0,25000.0,case_244,0,0,22125.5078125,22166.462890625,unet,2415,0.0,8012,0,0.0
4.0,1000000.0,1.0,101325.0,case_244,0,0,98450.5078125,98491.4609375,unet,2415,0.0,8012,0,0.0
6.0,100000.0,0.09999999999999999,2500.0,case_245,0,0,193.031005859375,192.634765625,unet,2415,0.0,8012,0,0.0
6.0,100000.0,0.09999999999999999,3000.0,case_245,0,0,693.031005859375,692.634765625,unet,2415,0.0,8012,0,0.0
6.0,100000.0,0.09999999999999999,5000.0,case_245,0,0,2693.03125,2692.634765625,unet,2415,0.0,8012,0,0.0
6.0,100000.0,0.09999999999999999,10000.0,case_245,0,0,7693.03125,7692.634765625,unet,2415,0.0,8012,0,0.0
6.0,100000.0,0.09999999999999999,25000.0,case_245,0,0,22693.03125,22692.634765625,unet,2415,0.0,8012,0,0.0
6.0,100000.0,0.09999999999999999,101325.0,case_245,0,0,99018.03125,99017.6328125,unet,2415,0.0,8012,0,0.0
6.0,200000.0,0.19999999999999998,2500.0,case_246,0,0,171.918701171875,170.10791015625,unet,2415,0.0,8012,0,0.0
6.0,200000.0,0.19999999999999998,3000.0,case_246,0,0,671.918701171875,670.10791015625,unet,2415,0.0,8012,0,0.0
6.0,200000.0,0.19999999999999998,5000.0,case_246,0,0,2671.91845703125,2670.10791015625,unet,2415,0.0,8012,0,0.0
6.0,200000.0,0.19999999999999998,10000.0,case_246,0,0,7671.9189453125,7670.107421875,unet,2415,0.0,8012,0,0.0
6.0,200000.0,0.19999999999999998,25000.0,case_246,0,0,22671.91796875,22670.107421875,unet,2415,0.0,8012,0,0.0
6.0,200000.0,0.19999999999999998,101325.0,case_246,0,0,98996.921875,98995.109375,unet,2415,0.0,8012,0,0.0
6.0,500000.0,0.5,2500.0,case_247,0,0,20.629150390625,18.394775390625,unet,2415,0.0,8012,0,0.0
6.0,500000.0,0.5,3000.0,case_247,0,0,520.629150390625,518.394775390625,unet,2415,0.0,8012,0,0.0
6.0,500000.0,0.5,5000.0,case_247,0,0,2520.62890625,2518.39501953125,unet,2415,0.0,8012,0,0.0
6.0,500000.0,0.5,10000.0,case_247,0,0,7520.62890625,7518.39453125,unet,2415,0.0,8012,0,0.0
6.0,500000.0,0.5,25000.0,case_247,0,0,22520.62890625,22518.39453125,unet,2415,0.0,8012,0,0.0
6.0,500000.0,0.5,101325.0,case_247,0,0,98845.6328125,98843.3984375,unet,2415,0.0,8012,0,0.0
6.0,1000000.0,1.0,2500.0,case_248,5,19,-543.269287109375,-528.71240234375,unet,2415,0.042311532700948576,7668,320,0.04056415376934598
6.0,1000000.0,1.0,3000.0,case_248,1,3,-43.269287109375,-28.71240234375,unet,2415,0.0004992511233150275,8007,1,0.00024962556165751375
6.0,1000000.0,1.0,5000.0,case_248,0,0,1956.73046875,1971.28759765625,unet,2415,0.0,8012,0,0.0
6.0,1000000.0,1.0,10000.0,case_248,0,0,6956.73046875,6971.2880859375,unet,2415,0.0,8012,0,0.0
6.0,1000000.0,1.0,25000.0,case_248,0,0,21956.73046875,21971.287109375,unet,2415,0.0,8012,0,0.0
6.0,1000000.0,1.0,101325.0,case_248,0,0,98281.734375,98296.2890625,unet,2415,0.0,8012,0,0.0
8.0,100000.0,0.09999999999999999,2500.0,case_249,0,0,191.4287109375,189.682861328125,unet,2415,0.0,8012,0,0.0
8.0,100000.0,0.09999999999999999,3000.0,case_249,0,0,691.4287109375,689.682861328125,unet,2415,0.0,8012,0,0.0
8.0,100000.0,0.09999999999999999,5000.0,case_249,0,0,2691.4287109375,2689.6826171875,unet,2415,0.0,8012,0,0.0
8.0,100000.0,0.09999999999999999,10000.0,case_249,0,0,7691.4287109375,7689.6826171875,unet,2415,0.0,8012,0,0.0
8.0,100000.0,0.09999999999999999,25000.0,case_249,0,0,22691.4296875,22689.68359375,unet,2415,0.0,8012,0,0.0
8.0,100000.0,0.09999999999999999,101325.0,case_249,0,0,99016.4296875,99014.6796875,unet,2415,0.0,8012,0,0.0
8.0,200000.0,0.19999999999999998,2500.0,case_250,0,0,165.545166015625,158.51171875,unet,2415,0.0,8012,0,0.0
8.0,200000.0,0.19999999999999998,3000.0,case_250,0,0,665.545166015625,658.51171875,unet,2415,0.0,8012,0,0.0
8.0,200000.0,0.19999999999999998,5000.0,case_250,0,0,2665.54541015625,2658.51171875,unet,2415,0.0,8012,0,0.0
8.0,200000.0,0.19999999999999998,10000.0,case_250,0,0,7665.544921875,7658.51171875,unet,2415,0.0,8012,0,0.0
8.0,200000.0,0.19999999999999998,25000.0,case_250,0,0,22665.544921875,22658.51171875,unet,2415,0.0,8012,0,0.0
8.0,200000.0,0.19999999999999998,101325.0,case_250,0,0,98990.546875,98983.5078125,unet,2415,0.0,8012,0,0.0
8.0,500000.0,0.5,2500.0,case_251,0,3,-18.446044921875,-61.818115234375,unet,2415,0.0007488766849725411,8006,3,0.00037443834248627057
8.0,500000.0,0.5,3000.0,case_251,0,0,481.553955078125,438.181884765625,unet,2415,0.0,8012,0,0.0
8.0,500000.0,0.5,5000.0,case_251,0,0,2481.55419921875,2438.181640625,unet,2415,0.0,8012,0,0.0
8.0,500000.0,0.5,10000.0,case_251,0,0,7481.5537109375,7438.181640625,unet,2415,0.0,8012,0,0.0
8.0,500000.0,0.5,25000.0,case_251,0,0,22481.5546875,22438.181640625,unet,2415,0.0,8012,0,0.0
8.0,500000.0,0.5,101325.0,case_251,0,0,98806.5546875,98763.1796875,unet,2415,0.0,8012,0,0.0
8.0,1000000.0,1.0,2500.0,case_252,1,114,-693.222900390625,-850.598876953125,unet,2415,0.06877184223664504,7460,437,0.05466799800299551
8.0,1000000.0,1.0,3000.0,case_252,0,11,-193.222900390625,-350.598876953125,unet,2415,0.0023714428357463806,7993,8,0.000998502246630055
8.0,1000000.0,1.0,5000.0,case_252,0,0,1806.77734375,1649.401123046875,unet,2415,0.0,8012,0,0.0
8.0,1000000.0,1.0,10000.0,case_252,0,0,6806.77734375,6649.4013671875,unet,2415,0.0,8012,0,0.0
8.0,1000000.0,1.0,25000.0,case_252,0,0,21806.77734375,21649.400390625,unet,2415,0.0,8012,0,0.0
8.0,1000000.0,1.0,101325.0,case_252,0,0,98131.7734375,97974.3984375,unet,2415,0.0,8012,0,0.0
10.0,100000.0,0.09999999999999999,2500.0,case_253,0,0,190.4150390625,186.168212890625,unet,2415,0.0,8012,0,0.0
10.0,100000.0,0.09999999999999999,3000.0,case_253,0,0,690.4150390625,686.168212890625,unet,2415,0.0,8012,0,0.0
10.0,100000.0,0.09999999999999999,5000.0,case_253,0,0,2690.4150390625,2686.16796875,unet,2415,0.0,8012,0,0.0
10.0,100000.0,0.09999999999999999,10000.0,case_253,0,0,7690.4150390625,7686.16796875,unet,2415,0.0,8012,0,0.0
10.0,100000.0,0.09999999999999999,25000.0,case_253,0,0,22690.416015625,22686.16796875,unet,2415,0.0,8012,0,0.0
10.0,100000.0,0.09999999999999999,101325.0,case_253,0,0,99015.4140625,99011.171875,unet,2415,0.0,8012,0,0.0
10.0,200000.0,0.19999999999999998,2500.0,case_254,0,0,161.542236328125,143.892578125,unet,2415,0.0,8012,0,0.0
10.0,200000.0,0.19999999999999998,3000.0,case_254,0,0,661.542236328125,643.892578125,unet,2415,0.0,8012,0,0.0
10.0,200000.0,0.19999999999999998,5000.0,case_254,0,0,2661.5419921875,2643.892578125,unet,2415,0.0,8012,0,0.0
10.0,200000.0,0.19999999999999998,10000.0,case_254,0,0,7661.5419921875,7643.892578125,unet,2415,0.0,8012,0,0.0
10.0,200000.0,0.19999999999999998,25000.0,case_254,0,0,22661.54296875,22643.892578125,unet,2415,0.0,8012,0,0.0
10.0,200000.0,0.19999999999999998,101325.0,case_254,0,0,98986.5390625,98968.890625,unet,2415,0.0,8012,0,0.0
10.0,500000.0,0.5,2500.0,case_255,1,4,-42.442626953125,-139.90869140625,unet,2415,0.0016225661507738391,7998,9,0.0012481278082875687
10.0,500000.0,0.5,3000.0,case_255,0,0,457.557373046875,360.09130859375,unet,2415,0.0,8012,0,0.0
10.0,500000.0,0.5,5000.0,case_255,0,0,2457.5576171875,2360.09130859375,unet,2415,0.0,8012,0,0.0
10.0,500000.0,0.5,10000.0,case_255,0,0,7457.5576171875,7360.0908203125,unet,2415,0.0,8012,0,0.0
10.0,500000.0,0.5,25000.0,case_255,0,0,22457.556640625,22360.091796875,unet,2415,0.0,8012,0,0.0
10.0,500000.0,0.5,101325.0,case_255,0,0,98782.5546875,98685.09375,unet,2415,0.0,8012,0,0.0
10.0,1000000.0,1.0,2500.0,case_256,1,155,-781.9212646484375,-1164.138671875,unet,2415,0.08849226160758862,7302,554,0.06927109335996005
10.0,1000000.0,1.0,3000.0,case_256,0,10,-281.9212646484375,-664.138671875,unet,2415,0.003369945082376435,7985,17,0.002121817274088867
10.0,1000000.0,1.0,5000.0,case_256,0,0,1718.07861328125,1335.861328125,unet,2415,0.0,8012,0,0.0
10.0,1000000.0,1.0,10000.0,case_256,0,0,6718.0791015625,6335.861328125,unet,2415,0.0,8012,0,0.0
10.0,1000000.0,1.0,25000.0,case_256,0,0,21718.078125,21335.861328125,unet,2415,0.0,8012,0,0.0
10.0,1000000.0,1.0,101325.0,case_256,0,0,98043.078125,97660.859375,unet,2415,0.0,8012,0,0.0
-4.0,100000.0,0.09999999999999999,2500.0,case_257,0,0,196.204345703125,194.810546875,unet,4412,0.0,8048,0,0.0
-4.0,100000.0,0.09999999999999999,3000.0,case_257,0,0,696.204345703125,694.810546875,unet,4412,0.0,8048,0,0.0
-4.0,100000.0,0.09999999999999999,5000.0,case_257,0,0,2696.2041015625,2694.810546875,unet,4412,0.0,8048,0,0.0
-4.0,100000.0,0.09999999999999999,10000.0,case_257,0,0,7696.2041015625,7694.810546875,unet,4412,0.0,8048,0,0.0
-4.0,100000.0,0.09999999999999999,25000.0,case_257,0,0,22696.205078125,22694.810546875,unet,4412,0.0,8048,0,0.0
-4.0,100000.0,0.09999999999999999,101325.0,case_257,0,0,99021.203125,99019.8125,unet,4412,0.0,8048,0,0.0
-4.0,200000.0,0.19999999999999998,2500.0,case_258,0,0,184.8330078125,179.45556640625,unet,4412,0.0,8048,0,0.0
-4.0,200000.0,0.19999999999999998,3000.0,case_258,0,0,684.8330078125,679.45556640625,unet,4412,0.0,8048,0,0.0
-4.0,200000.0,0.19999999999999998,5000.0,case_258,0,0,2684.8330078125,2679.45556640625,unet,4412,0.0,8048,0,0.0
-4.0,200000.0,0.19999999999999998,10000.0,case_258,0,0,7684.8330078125,7679.4560546875,unet,4412,0.0,8048,0,0.0
-4.0,200000.0,0.19999999999999998,25000.0,case_258,0,0,22684.83203125,22679.455078125,unet,4412,0.0,8048,0,0.0
-4.0,200000.0,0.19999999999999998,101325.0,case_258,0,0,99009.8359375,99004.453125,unet,4412,0.0,8048,0,0.0
-4.0,500000.0,0.5,2500.0,case_259,0,0,105.57568359375,73.566650390625,unet,4412,0.0,8048,0,0.0
-4.0,500000.0,0.5,3000.0,case_259,0,0,605.57568359375,573.566650390625,unet,4412,0.0,8048,0,0.0
-4.0,500000.0,0.5,5000.0,case_259,0,0,2605.57568359375,2573.56689453125,unet,4412,0.0,8048,0,0.0
-4.0,500000.0,0.5,10000.0,case_259,0,0,7605.5751953125,7573.56640625,unet,4412,0.0,8048,0,0.0
-4.0,500000.0,0.5,25000.0,case_259,0,0,22605.576171875,22573.56640625,unet,4412,0.0,8048,0,0.0
-4.0,500000.0,0.5,101325.0,case_259,0,0,98930.578125,98898.5703125,unet,4412,0.0,8048,0,0.0
-4.0,1000000.0,1.0,2500.0,case_260,1,11,-174.209228515625,-306.2822265625,unet,4412,0.005094433399602386,8006,30,0.003851888667992048
-4.0,1000000.0,1.0,3000.0,case_260,0,0,325.790771484375,193.7177734375,unet,4412,0.0,8048,0,0.0
-4.0,1000000.0,1.0,5000.0,case_260,0,0,2325.79052734375,2193.7177734375,unet,4412,0.0,8048,0,0.0
-4.0,1000000.0,1.0,10000.0,case_260,0,0,7325.791015625,7193.7177734375,unet,4412,0.0,8048,0,0.0
-4.0,1000000.0,1.0,25000.0,case_260,0,0,22325.791015625,22193.71875,unet,4412,0.0,8048,0,0.0
-4.0,1000000.0,1.0,101325.0,case_260,0,0,98650.7890625,98518.71875,unet,4412,0.0,8048,0,0.0
-2.0,100000.0,0.09999999999999999,2500.0,case_261,0,0,196.77734375,196.876953125,unet,4412,0.0,8048,0,0.0
-2.0,100000.0,0.09999999999999999,3000.0,case_261,0,0,696.77734375,696.876953125,unet,4412,0.0,8048,0,0.0
-2.0,100000.0,0.09999999999999999,5000.0,case_261,0,0,2696.77734375,2696.876953125,unet,4412,0.0,8048,0,0.0
-2.0,100000.0,0.09999999999999999,10000.0,case_261,0,0,7696.77734375,7696.876953125,unet,4412,0.0,8048,0,0.0
-2.0,100000.0,0.09999999999999999,25000.0,case_261,0,0,22696.77734375,22696.876953125,unet,4412,0.0,8048,0,0.0
-2.0,100000.0,0.09999999999999999,101325.0,case_261,0,0,99021.78125,99021.875,unet,4412,0.0,8048,0,0.0
-2.0,200000.0,0.19999999999999998,2500.0,case_262,0,0,187.246826171875,187.481201171875,unet,4412,0.0,8048,0,0.0
-2.0,200000.0,0.19999999999999998,3000.0,case_262,0,0,687.246826171875,687.481201171875,unet,4412,0.0,8048,0,0.0
-2.0,200000.0,0.19999999999999998,5000.0,case_262,0,0,2687.2470703125,2687.4814453125,unet,4412,0.0,8048,0,0.0
-2.0,200000.0,0.19999999999999998,10000.0,case_262,0,0,7687.2470703125,7687.4814453125,unet,4412,0.0,8048,0,0.0
-2.0,200000.0,0.19999999999999998,25000.0,case_262,0,0,22687.24609375,22687.48046875,unet,4412,0.0,8048,0,0.0
-2.0,200000.0,0.19999999999999998,101325.0,case_262,0,0,99012.25,99012.484375,unet,4412,0.0,8048,0,0.0
-2.0,500000.0,0.5,2500.0,case_263,0,0,123.115966796875,123.233154296875,unet,4412,0.0,8048,0,0.0
-2.0,500000.0,0.5,3000.0,case_263,0,0,623.115966796875,623.233154296875,unet,4412,0.0,8048,0,0.0
-2.0,500000.0,0.5,5000.0,case_263,0,0,2623.11572265625,2623.2333984375,unet,4412,0.0,8048,0,0.0
-2.0,500000.0,0.5,10000.0,case_263,0,0,7623.1162109375,7623.2333984375,unet,4412,0.0,8048,0,0.0
-2.0,500000.0,0.5,25000.0,case_263,0,0,22623.115234375,22623.232421875,unet,4412,0.0,8048,0,0.0
-2.0,500000.0,0.5,101325.0,case_263,0,0,98948.1171875,98948.234375,unet,4412,0.0,8048,0,0.0
-2.0,1000000.0,1.0,2500.0,case_264,9,7,-84.791015625,-107.232666015625,unet,4412,0.005342942345924453,7996,36,0.005591451292246521
-2.0,1000000.0,1.0,3000.0,case_264,0,0,415.208984375,392.767333984375,unet,4412,0.0,8048,0,0.0
-2.0,1000000.0,1.0,5000.0,case_264,0,0,2415.208984375,2392.76708984375,unet,4412,0.0,8048,0,0.0
-2.0,1000000.0,1.0,10000.0,case_264,0,0,7415.208984375,7392.767578125,unet,4412,0.0,8048,0,0.0
-2.0,1000000.0,1.0,25000.0,case_264,0,0,22415.208984375,22392.767578125,unet,4412,0.0,8048,0,0.0
-2.0,1000000.0,1.0,101325.0,case_264,0,0,98740.2109375,98717.765625,unet,4412,0.0,8048,0,0.0
0.0,100000.0,0.09999999999999999,2500.0,case_265,0,0,196.74169921875,196.632568359375,unet,4412,0.0,8048,0,0.0
0.0,100000.0,0.09999999999999999,3000.0,case_265,0,0,696.74169921875,696.632568359375,unet,4412,0.0,8048,0,0.0
0.0,100000.0,0.09999999999999999,5000.0,case_265,0,0,2696.74169921875,2696.63232421875,unet,4412,0.0,8048,0,0.0
0.0,100000.0,0.09999999999999999,10000.0,case_265,0,0,7696.7421875,7696.6328125,unet,4412,0.0,8048,0,0.0
0.0,100000.0,0.09999999999999999,25000.0,case_265,0,0,22696.7421875,22696.6328125,unet,4412,0.0,8048,0,0.0
0.0,100000.0,0.09999999999999999,101325.0,case_265,0,0,99021.7421875,99021.6328125,unet,4412,0.0,8048,0,0.0
0.0,200000.0,0.19999999999999998,2500.0,case_266,0,0,186.85693359375,186.44091796875,unet,4412,0.0,8048,0,0.0
0.0,200000.0,0.19999999999999998,3000.0,case_266,0,0,686.85693359375,686.44091796875,unet,4412,0.0,8048,0,0.0
0.0,200000.0,0.19999999999999998,5000.0,case_266,0,0,2686.85693359375,2686.44091796875,unet,4412,0.0,8048,0,0.0
0.0,200000.0,0.19999999999999998,10000.0,case_266,0,0,7686.857421875,7686.4404296875,unet,4412,0.0,8048,0,0.0
0.0,200000.0,0.19999999999999998,25000.0,case_266,0,0,22686.857421875,22686.44140625,unet,4412,0.0,8048,0,0.0
0.0,200000.0,0.19999999999999998,101325.0,case_266,0,0,99011.859375,99011.4375,unet,4412,0.0,8048,0,0.0
0.0,500000.0,0.5,2500.0,case_267,0,0,115.79833984375,114.8115234375,unet,4412,0.0,8048,0,0.0
0.0,500000.0,0.5,3000.0,case_267,0,0,615.79833984375,614.8115234375,unet,4412,0.0,8048,0,0.0
0.0,500000.0,0.5,5000.0,case_267,0,0,2615.79833984375,2614.8115234375,unet,4412,0.0,8048,0,0.0
0.0,500000.0,0.5,10000.0,case_267,0,0,7615.7978515625,7614.8115234375,unet,4412,0.0,8048,0,0.0
0.0,500000.0,0.5,25000.0,case_267,0,0,22615.798828125,22614.810546875,unet,4412,0.0,8048,0,0.0
0.0,500000.0,0.5,101325.0,case_267,0,0,98940.796875,98939.8125,unet,4412,0.0,8048,0,0.0
0.0,1000000.0,1.0,2500.0,case_268,35,2,-150.507080078125,-141.338134765625,unet,4412,0.0091948310139165,7939,72,0.013295228628230616
0.0,1000000.0,1.0,3000.0,case_268,0,0,349.492919921875,358.661865234375,unet,4412,0.0,8048,0,0.0
0.0,1000000.0,1.0,5000.0,case_268,0,0,2349.49267578125,2358.662109375,unet,4412,0.0,8048,0,0.0
0.0,1000000.0,1.0,10000.0,case_268,0,0,7349.4931640625,7358.662109375,unet,4412,0.0,8048,0,0.0
0.0,1000000.0,1.0,25000.0,case_268,0,0,22349.4921875,22358.662109375,unet,4412,0.0,8048,0,0.0
0.0,1000000.0,1.0,101325.0,case_268,0,0,98674.4921875,98683.6640625,unet,4412,0.0,8048,0,0.0
2.0,100000.0,0.09999999999999999,2500.0,case_269,0,0,195.7802734375,195.83203125,unet,4412,0.0,8048,0,0.0
2.0,100000.0,0.09999999999999999,3000.0,case_269,0,0,695.7802734375,695.83203125,unet,4412,0.0,8048,0,0.0
2.0,100000.0,0.09999999999999999,5000.0,case_269,0,0,2695.7802734375,2695.83203125,unet,4412,0.0,8048,0,0.0
2.0,100000.0,0.09999999999999999,10000.0,case_269,0,0,7695.7802734375,7695.83203125,unet,4412,0.0,8048,0,0.0
2.0,100000.0,0.09999999999999999,25000.0,case_269,0,0,22695.78125,22695.83203125,unet,4412,0.0,8048,0,0.0
2.0,100000.0,0.09999999999999999,101325.0,case_269,0,0,99020.78125,99020.8359375,unet,4412,0.0,8048,0,0.0
2.0,200000.0,0.19999999999999998,2500.0,case_270,0,0,183.013671875,183.213623046875,unet,4412,0.0,8048,0,0.0
2.0,200000.0,0.19999999999999998,3000.0,case_270,0,0,683.013671875,683.213623046875,unet,4412,0.0,8048,0,0.0
2.0,200000.0,0.19999999999999998,5000.0,case_270,0,0,2683.013671875,2683.21337890625,unet,4412,0.0,8048,0,0.0
2.0,200000.0,0.19999999999999998,10000.0,case_270,0,0,7683.013671875,7683.2138671875,unet,4412,0.0,8048,0,0.0
2.0,200000.0,0.19999999999999998,25000.0,case_270,0,0,22683.013671875,22683.212890625,unet,4412,0.0,8048,0,0.0
2.0,200000.0,0.19999999999999998,101325.0,case_270,0,0,99008.015625,99008.2109375,unet,4412,0.0,8048,0,0.0
2.0,500000.0,0.5,2500.0,case_271,0,0,91.790771484375,94.41259765625,unet,4412,0.0,8048,0,0.0
2.0,500000.0,0.5,3000.0,case_271,0,0,591.790771484375,594.41259765625,unet,4412,0.0,8048,0,0.0
2.0,500000.0,0.5,5000.0,case_271,0,0,2591.79052734375,2594.41259765625,unet,4412,0.0,8048,0,0.0
2.0,500000.0,0.5,10000.0,case_271,0,0,7591.791015625,7594.412109375,unet,4412,0.0,8048,0,0.0
2.0,500000.0,0.5,25000.0,case_271,0,0,22591.791015625,22594.412109375,unet,4412,0.0,8048,0,0.0
2.0,500000.0,0.5,101325.0,case_271,0,0,98916.7890625,98919.4140625,unet,4412,0.0,8048,0,0.0
2.0,1000000.0,1.0,2500.0,case_272,42,1,-246.854248046875,-223.235595703125,unet,4412,0.01963220675944334,7848,157,0.024726640159045726
2.0,1000000.0,1.0,3000.0,case_272,0,0,253.145751953125,276.764404296875,unet,4412,0.0,8048,0,0.0
2.0,1000000.0,1.0,5000.0,case_272,0,0,2253.1455078125,2276.7646484375,unet,4412,0.0,8048,0,0.0
2.0,1000000.0,1.0,10000.0,case_272,0,0,7253.1455078125,7276.7646484375,unet,4412,0.0,8048,0,0.0
2.0,1000000.0,1.0,25000.0,case_272,0,0,22253.146484375,22276.763671875,unet,4412,0.0,8048,0,0.0
2.0,1000000.0,1.0,101325.0,case_272,0,0,98578.1484375,98601.765625,unet,4412,0.0,8048,0,0.0
4.0,100000.0,0.09999999999999999,2500.0,case_273,0,0,194.755615234375,194.681640625,unet,4412,0.0,8048,0,0.0
4.0,100000.0,0.09999999999999999,3000.0,case_273,0,0,694.755615234375,694.681640625,unet,4412,0.0,8048,0,0.0
4.0,100000.0,0.09999999999999999,5000.0,case_273,0,0,2694.75537109375,2694.681640625,unet,4412,0.0,8048,0,0.0
4.0,100000.0,0.09999999999999999,10000.0,case_273,0,0,7694.755859375,7694.681640625,unet,4412,0.0,8048,0,0.0
4.0,100000.0,0.09999999999999999,25000.0,case_273,0,0,22694.755859375,22694.681640625,unet,4412,0.0,8048,0,0.0
4.0,100000.0,0.09999999999999999,101325.0,case_273,0,0,99019.7578125,99019.6796875,unet,4412,0.0,8048,0,0.0
4.0,500000.0,0.5,2500.0,case_275,0,0,63.797119140625,65.295166015625,unet,4412,0.0,8048,0,0.0
4.0,500000.0,0.5,3000.0,case_275,0,0,563.797119140625,565.295166015625,unet,4412,0.0,8048,0,0.0
4.0,500000.0,0.5,5000.0,case_275,0,0,2563.79736328125,2565.29541015625,unet,4412,0.0,8048,0,0.0
4.0,500000.0,0.5,10000.0,case_275,0,0,7563.796875,7565.294921875,unet,4412,0.0,8048,0,0.0
4.0,500000.0,0.5,25000.0,case_275,0,0,22563.796875,22565.294921875,unet,4412,0.0,8048,0,0.0
4.0,500000.0,0.5,101325.0,case_275,0,0,98888.796875,98890.296875,unet,4412,0.0,8048,0,0.0
4.0,1000000.0,1.0,2500.0,case_276,41,0,-370.52099609375,-339.9896240234375,unet,4412,0.03367296222664016,7736,271,0.03876739562624255
4.0,1000000.0,1.0,3000.0,case_276,0,0,129.47900390625,160.01025390625,unet,4412,0.0,8048,0,0.0
4.0,1000000.0,1.0,5000.0,case_276,0,0,2129.47900390625,2160.01025390625,unet,4412,0.0,8048,0,0.0
4.0,1000000.0,1.0,10000.0,case_276,0,0,7129.478515625,7160.0107421875,unet,4412,0.0,8048,0,0.0
4.0,1000000.0,1.0,25000.0,case_276,0,0,22129.478515625,22160.009765625,unet,4412,0.0,8048,0,0.0
4.0,1000000.0,1.0,101325.0,case_276,0,0,98454.4765625,98485.0078125,unet,4412,0.0,8048,0,0.0
6.0,100000.0,0.09999999999999999,2500.0,case_277,0,0,193.061767578125,193.080810546875,unet,4412,0.0,8048,0,0.0
6.0,100000.0,0.09999999999999999,3000.0,case_277,0,0,693.061767578125,693.080810546875,unet,4412,0.0,8048,0,0.0
6.0,100000.0,0.09999999999999999,5000.0,case_277,0,0,2693.0615234375,2693.08056640625,unet,4412,0.0,8048,0,0.0
6.0,100000.0,0.09999999999999999,10000.0,case_277,0,0,7693.0615234375,7693.0810546875,unet,4412,0.0,8048,0,0.0
6.0,100000.0,0.09999999999999999,25000.0,case_277,0,0,22693.0625,22693.080078125,unet,4412,0.0,8048,0,0.0
6.0,100000.0,0.09999999999999999,101325.0,case_277,0,0,99018.0625,99018.078125,unet,4412,0.0,8048,0,0.0
6.0,200000.0,0.19999999999999998,2500.0,case_278,0,0,172.058837890625,172.11181640625,unet,4412,0.0,8048,0,0.0
6.0,200000.0,0.19999999999999998,3000.0,case_278,0,0,672.058837890625,672.11181640625,unet,4412,0.0,8048,0,0.0
6.0,200000.0,0.19999999999999998,5000.0,case_278,0,0,2672.05908203125,2672.11181640625,unet,4412,0.0,8048,0,0.0
6.0,200000.0,0.19999999999999998,10000.0,case_278,0,0,7672.05859375,7672.111328125,unet,4412,0.0,8048,0,0.0
6.0,200000.0,0.19999999999999998,25000.0,case_278,0,0,22672.05859375,22672.111328125,unet,4412,0.0,8048,0,0.0
6.0,200000.0,0.19999999999999998,101325.0,case_278,0,0,98997.0625,98997.109375,unet,4412,0.0,8048,0,0.0
6.0,500000.0,0.5,2500.0,case_279,0,0,21.8642578125,24.159912109375,unet,4412,0.0,8048,0,0.0
6.0,500000.0,0.5,3000.0,case_279,0,0,521.8642578125,524.159912109375,unet,4412,0.0,8048,0,0.0
6.0,500000.0,0.5,5000.0,case_279,0,0,2521.8642578125,2524.15966796875,unet,4412,0.0,8048,0,0.0
6.0,500000.0,0.5,10000.0,case_279,0,0,7521.8642578125,7524.16015625,unet,4412,0.0,8048,0,0.0
6.0,500000.0,0.5,25000.0,case_279,0,0,22521.86328125,22524.16015625,unet,4412,0.0,8048,0,0.0
6.0,500000.0,0.5,101325.0,case_279,0,0,98846.8671875,98849.15625,unet,4412,0.0,8048,0,0.0
6.0,1000000.0,1.0,2500.0,case_280,16,32,-535.5059814453125,-505.3856201171875,unet,4412,0.05728131212723658,7571,429,0.05529324055666004
6.0,1000000.0,1.0,3000.0,case_280,0,2,-35.505859375,-5.3857421875,unet,4412,0.0003727634194831014,8045,1,0.00012425447316103378
6.0,1000000.0,1.0,5000.0,case_280,0,0,1964.494140625,1994.6142578125,unet,4412,0.0,8048,0,0.0
6.0,1000000.0,1.0,10000.0,case_280,0,0,6964.494140625,6994.6142578125,unet,4412,0.0,8048,0,0.0
6.0,1000000.0,1.0,25000.0,case_280,0,0,21964.494140625,21994.615234375,unet,4412,0.0,8048,0,0.0
6.0,1000000.0,1.0,101325.0,case_280,0,0,98289.4921875,98319.6171875,unet,4412,0.0,8048,0,0.0
8.0,100000.0,0.09999999999999999,2500.0,case_281,0,0,191.51220703125,189.90283203125,unet,4412,0.0,8048,0,0.0
8.0,100000.0,0.09999999999999999,3000.0,case_281,0,0,691.51220703125,689.90283203125,unet,4412,0.0,8048,0,0.0
8.0,100000.0,0.09999999999999999,5000.0,case_281,0,0,2691.51220703125,2689.90283203125,unet,4412,0.0,8048,0,0.0
8.0,100000.0,0.09999999999999999,10000.0,case_281,0,0,7691.51171875,7689.9033203125,unet,4412,0.0,8048,0,0.0
8.0,100000.0,0.09999999999999999,25000.0,case_281,0,0,22691.51171875,22689.90234375,unet,4412,0.0,8048,0,0.0
8.0,100000.0,0.09999999999999999,101325.0,case_281,0,0,99016.515625,99014.90625,unet,4412,0.0,8048,0,0.0
8.0,200000.0,0.19999999999999998,2500.0,case_282,0,0,165.870849609375,160.802001953125,unet,4412,0.0,8048,0,0.0
8.0,200000.0,0.19999999999999998,3000.0,case_282,0,0,665.870849609375,660.802001953125,unet,4412,0.0,8048,0,0.0
8.0,200000.0,0.19999999999999998,5000.0,case_282,0,0,2665.87060546875,2660.8017578125,unet,4412,0.0,8048,0,0.0
8.0,200000.0,0.19999999999999998,10000.0,case_282,0,0,7665.87109375,7660.8017578125,unet,4412,0.0,8048,0,0.0
8.0,200000.0,0.19999999999999998,25000.0,case_282,0,0,22665.87109375,22660.802734375,unet,4412,0.0,8048,0,0.0
8.0,200000.0,0.19999999999999998,101325.0,case_282,0,0,98990.8671875,98985.8046875,unet,4412,0.0,8048,0,0.0
8.0,500000.0,0.5,2500.0,case_283,0,0,-16.525390625,-47.9169921875,unet,4412,0.0003727634194831014,8045,3,0.0003727634194831014
8.0,500000.0,0.5,3000.0,case_283,0,0,483.474609375,452.0830078125,unet,4412,0.0,8048,0,0.0
8.0,500000.0,0.5,5000.0,case_283,0,0,2483.474609375,2452.0830078125,unet,4412,0.0,8048,0,0.0
8.0,500000.0,0.5,10000.0,case_283,0,0,7483.474609375,7452.0830078125,unet,4412,0.0,8048,0,0.0
8.0,500000.0,0.5,25000.0,case_283,0,0,22483.474609375,22452.083984375,unet,4412,0.0,8048,0,0.0
8.0,500000.0,0.5,101325.0,case_283,0,0,98808.4765625,98777.0859375,unet,4412,0.0,8048,0,0.0
8.0,1000000.0,1.0,2500.0,case_284,7,125,-685.88232421875,-795.533935546875,unet,4412,0.08685387673956263,7342,574,0.07219184890656064
8.0,1000000.0,1.0,3000.0,case_284,0,9,-185.88232421875,-295.533935546875,unet,4412,0.0021123260437375746,8031,8,0.0009940357852882703
8.0,1000000.0,1.0,5000.0,case_284,0,0,1814.11767578125,1704.466064453125,unet,4412,0.0,8048,0,0.0
8.0,1000000.0,1.0,10000.0,case_284,0,0,6814.1171875,6704.4658203125,unet,4412,0.0,8048,0,0.0
8.0,1000000.0,1.0,25000.0,case_284,0,0,21814.1171875,21704.466796875,unet,4412,0.0,8048,0,0.0
8.0,1000000.0,1.0,101325.0,case_284,0,0,98139.1171875,98029.46875,unet,4412,0.0,8048,0,0.0
10.0,100000.0,0.09999999999999999,2500.0,case_285,0,0,190.563232421875,186.947998046875,unet,4412,0.0,8048,0,0.0
10.0,100000.0,0.09999999999999999,3000.0,case_285,0,0,690.563232421875,686.947998046875,unet,4412,0.0,8048,0,0.0
10.0,100000.0,0.09999999999999999,5000.0,case_285,0,0,2690.56298828125,2686.94775390625,unet,4412,0.0,8048,0,0.0
10.0,100000.0,0.09999999999999999,10000.0,case_285,0,0,7690.5634765625,7686.9482421875,unet,4412,0.0,8048,0,0.0
10.0,100000.0,0.09999999999999999,25000.0,case_285,0,0,22690.5625,22686.947265625,unet,4412,0.0,8048,0,0.0
10.0,100000.0,0.09999999999999999,101325.0,case_285,0,0,99015.5625,99011.9453125,unet,4412,0.0,8048,0,0.0
10.0,200000.0,0.19999999999999998,2500.0,case_286,0,0,162.188720703125,146.974853515625,unet,4412,0.0,8048,0,0.0
10.0,200000.0,0.19999999999999998,3000.0,case_286,0,0,662.188720703125,646.974853515625,unet,4412,0.0,8048,0,0.0
10.0,200000.0,0.19999999999999998,5000.0,case_286,0,0,2662.1884765625,2646.97509765625,unet,4412,0.0,8048,0,0.0
10.0,200000.0,0.19999999999999998,10000.0,case_286,0,0,7662.1884765625,7646.974609375,unet,4412,0.0,8048,0,0.0
10.0,200000.0,0.19999999999999998,25000.0,case_286,0,0,22662.189453125,22646.974609375,unet,4412,0.0,8048,0,0.0
10.0,200000.0,0.19999999999999998,101325.0,case_286,0,0,98987.1875,98971.9765625,unet,4412,0.0,8048,0,0.0
10.0,500000.0,0.5,2500.0,case_287,2,0,-37.4208984375,-119.119384765625,unet,4412,0.0009940357852882703,8038,8,0.001242544731610338
10.0,500000.0,0.5,3000.0,case_287,0,0,462.5791015625,380.880615234375,unet,4412,0.0,8048,0,0.0
10.0,500000.0,0.5,5000.0,case_287,0,0,2462.5791015625,2380.88037109375,unet,4412,0.0,8048,0,0.0
10.0,500000.0,0.5,10000.0,case_287,0,0,7462.5791015625,7380.880859375,unet,4412,0.0,8048,0,0.0
10.0,500000.0,0.5,25000.0,case_287,0,0,22462.580078125,22380.880859375,unet,4412,0.0,8048,0,0.0
10.0,500000.0,0.5,101325.0,case_287,0,0,98787.578125,98705.8828125,unet,4412,0.0,8048,0,0.0
10.0,1000000.0,1.0,2500.0,case_288,1,174,-755.7789306640625,-1081.343017578125,unet,4412,0.10797713717693837,7178,695,0.08648111332007952
10.0,1000000.0,1.0,3000.0,case_288,1,0,-255.7789306640625,-581.343017578125,unet,4412,0.0028578528827037774,8024,23,0.002982107355864811
10.0,1000000.0,1.0,5000.0,case_288,0,0,1744.22119140625,1418.656982421875,unet,4412,0.0,8048,0,0.0
10.0,1000000.0,1.0,10000.0,case_288,0,0,6744.220703125,6418.6572265625,unet,4412,0.0,8048,0,0.0
10.0,1000000.0,1.0,25000.0,case_288,0,0,21744.220703125,21418.65625,unet,4412,0.0,8048,0,0.0
10.0,1000000.0,1.0,101325.0,case_288,0,0,98069.21875,97743.65625,unet,4412,0.0,8048,0,0.0
-4.0,100000.0,0.09999999999999999,2500.0,case_289,0,0,195.39453125,193.83740234375,unet,4415,0.0,8008,0,0.0
-4.0,100000.0,0.09999999999999999,3000.0,case_289,0,0,695.39453125,693.83740234375,unet,4415,0.0,8008,0,0.0
-4.0,100000.0,0.09999999999999999,5000.0,case_289,0,0,2695.39453125,2693.83740234375,unet,4415,0.0,8008,0,0.0
-4.0,100000.0,0.09999999999999999,10000.0,case_289,0,0,7695.39453125,7693.837890625,unet,4415,0.0,8008,0,0.0
-4.0,100000.0,0.09999999999999999,25000.0,case_289,0,0,22695.39453125,22693.837890625,unet,4415,0.0,8008,0,0.0
-4.0,100000.0,0.09999999999999999,101325.0,case_289,0,0,99020.3984375,99018.8359375,unet,4415,0.0,8008,0,0.0
-4.0,200000.0,0.19999999999999998,2500.0,case_290,0,0,181.59228515625,175.251953125,unet,4415,0.0,8008,0,0.0
-4.0,200000.0,0.19999999999999998,3000.0,case_290,0,0,681.59228515625,675.251953125,unet,4415,0.0,8008,0,0.0
-4.0,200000.0,0.19999999999999998,5000.0,case_290,0,0,2681.59228515625,2675.251953125,unet,4415,0.0,8008,0,0.0
-4.0,200000.0,0.19999999999999998,10000.0,case_290,0,0,7681.5927734375,7675.251953125,unet,4415,0.0,8008,0,0.0
-4.0,200000.0,0.19999999999999998,25000.0,case_290,0,0,22681.591796875,22675.251953125,unet,4415,0.0,8008,0,0.0
-4.0,200000.0,0.19999999999999998,101325.0,case_290,0,0,99006.59375,99000.25,unet,4415,0.0,8008,0,0.0
-4.0,500000.0,0.5,2500.0,case_291,0,0,85.290283203125,44.803955078125,unet,4415,0.0,8008,0,0.0
-4.0,500000.0,0.5,3000.0,case_291,0,0,585.290283203125,544.803955078125,unet,4415,0.0,8008,0,0.0
-4.0,500000.0,0.5,5000.0,case_291,0,0,2585.29052734375,2544.8037109375,unet,4415,0.0,8008,0,0.0
-4.0,500000.0,0.5,10000.0,case_291,0,0,7585.2900390625,7544.8037109375,unet,4415,0.0,8008,0,0.0
-4.0,500000.0,0.5,25000.0,case_291,0,0,22585.291015625,22544.8046875,unet,4415,0.0,8008,0,0.0
-4.0,500000.0,0.5,101325.0,case_291,0,0,98910.2890625,98869.8046875,unet,4415,0.0,8008,0,0.0
-4.0,1000000.0,1.0,2500.0,case_292,4,16,-255.448486328125,-421.4857177734375,unet,4415,0.007992007992007992,7940,48,0.006493506493506494
-4.0,1000000.0,1.0,3000.0,case_292,0,0,244.551513671875,78.51416015625,unet,4415,0.0,8008,0,0.0
-4.0,1000000.0,1.0,5000.0,case_292,0,0,2244.5517578125,2078.51416015625,unet,4415,0.0,8008,0,0.0
-4.0,1000000.0,1.0,10000.0,case_292,0,0,7244.5517578125,7078.5146484375,unet,4415,0.0,8008,0,0.0
-4.0,1000000.0,1.0,25000.0,case_292,0,0,22244.55078125,22078.513671875,unet,4415,0.0,8008,0,0.0
-4.0,1000000.0,1.0,101325.0,case_292,0,0,98569.5546875,98403.515625,unet,4415,0.0,8008,0,0.0
-2.0,100000.0,0.09999999999999999,2500.0,case_293,0,0,195.94482421875,195.973876953125,unet,4415,0.0,8008,0,0.0
-2.0,100000.0,0.09999999999999999,3000.0,case_293,0,0,695.94482421875,695.973876953125,unet,4415,0.0,8008,0,0.0
-2.0,100000.0,0.09999999999999999,5000.0,case_293,0,0,2695.94482421875,2695.97412109375,unet,4415,0.0,8008,0,0.0
-2.0,100000.0,0.09999999999999999,10000.0,case_293,0,0,7695.9443359375,7695.9736328125,unet,4415,0.0,8008,0,0.0
-2.0,100000.0,0.09999999999999999,25000.0,case_293,0,0,22695.9453125,22695.974609375,unet,4415,0.0,8008,0,0.0
-2.0,100000.0,0.09999999999999999,101325.0,case_293,0,0,99020.9453125,99020.9765625,unet,4415,0.0,8008,0,0.0
-2.0,200000.0,0.19999999999999998,2500.0,case_294,0,0,183.87890625,183.830322265625,unet,4415,0.0,8008,0,0.0
-2.0,200000.0,0.19999999999999998,3000.0,case_294,0,0,683.87890625,683.830322265625,unet,4415,0.0,8008,0,0.0
-2.0,200000.0,0.19999999999999998,5000.0,case_294,0,0,2683.87890625,2683.830078125,unet,4415,0.0,8008,0,0.0
-2.0,200000.0,0.19999999999999998,10000.0,case_294,0,0,7683.87890625,7683.830078125,unet,4415,0.0,8008,0,0.0
-2.0,200000.0,0.19999999999999998,25000.0,case_294,0,0,22683.87890625,22683.830078125,unet,4415,0.0,8008,0,0.0
-2.0,200000.0,0.19999999999999998,101325.0,case_294,0,0,99008.8828125,99008.828125,unet,4415,0.0,8008,0,0.0
-2.0,500000.0,0.5,2500.0,case_295,0,0,101.3251953125,100.044921875,unet,4415,0.0,8008,0,0.0
-2.0,500000.0,0.5,3000.0,case_295,0,0,601.3251953125,600.044921875,unet,4415,0.0,8008,0,0.0
-2.0,500000.0,0.5,5000.0,case_295,0,0,2601.3251953125,2600.044921875,unet,4415,0.0,8008,0,0.0
-2.0,500000.0,0.5,10000.0,case_295,0,0,7601.3251953125,7600.044921875,unet,4415,0.0,8008,0,0.0
-2.0,500000.0,0.5,25000.0,case_295,0,0,22601.32421875,22600.044921875,unet,4415,0.0,8008,0,0.0
-2.0,500000.0,0.5,101325.0,case_295,0,0,98926.328125,98925.046875,unet,4415,0.0,8008,0,0.0
-2.0,1000000.0,1.0,2500.0,case_296,8,14,-177.723388671875,-200.03173828125,unet,4415,0.010114885114885114,7919,67,0.009365634365634366
-2.0,1000000.0,1.0,3000.0,case_296,0,0,322.276611328125,299.96826171875,unet,4415,0.0,8008,0,0.0
-2.0,1000000.0,1.0,5000.0,case_296,0,0,2322.27685546875,2299.96826171875,unet,4415,0.0,8008,0,0.0
-2.0,1000000.0,1.0,10000.0,case_296,0,0,7322.2763671875,7299.9677734375,unet,4415,0.0,8008,0,0.0
-2.0,1000000.0,1.0,25000.0,case_296,0,0,22322.27734375,22299.96875,unet,4415,0.0,8008,0,0.0
-2.0,1000000.0,1.0,101325.0,case_296,0,0,98647.2734375,98624.96875,unet,4415,0.0,8008,0,0.0
0.0,100000.0,0.09999999999999999,2500.0,case_297,0,0,196.135986328125,196.201416015625,unet,4415,0.0,8008,0,0.0
0.0,100000.0,0.09999999999999999,3000.0,case_297,0,0,696.135986328125,696.201416015625,unet,4415,0.0,8008,0,0.0
0.0,100000.0,0.09999999999999999,5000.0,case_297,0,0,2696.1357421875,2696.20166015625,unet,4415,0.0,8008,0,0.0
0.0,100000.0,0.09999999999999999,10000.0,case_297,0,0,7696.1357421875,7696.201171875,unet,4415,0.0,8008,0,0.0
0.0,100000.0,0.09999999999999999,25000.0,case_297,0,0,22696.13671875,22696.201171875,unet,4415,0.0,8008,0,0.0
0.0,100000.0,0.09999999999999999,101325.0,case_297,0,0,99021.1328125,99021.203125,unet,4415,0.0,8008,0,0.0
0.0,200000.0,0.19999999999999998,2500.0,case_298,0,0,184.42822265625,184.704345703125,unet,4415,0.0,8008,0,0.0
0.0,200000.0,0.19999999999999998,3000.0,case_298,0,0,684.42822265625,684.704345703125,unet,4415,0.0,8008,0,0.0
0.0,200000.0,0.19999999999999998,5000.0,case_298,0,0,2684.42822265625,2684.7041015625,unet,4415,0.0,8008,0,0.0
0.0,200000.0,0.19999999999999998,10000.0,case_298,0,0,7684.427734375,7684.7041015625,unet,4415,0.0,8008,0,0.0
0.0,200000.0,0.19999999999999998,25000.0,case_298,0,0,22684.427734375,22684.705078125,unet,4415,0.0,8008,0,0.0
0.0,200000.0,0.19999999999999998,101325.0,case_298,0,0,99009.4296875,99009.703125,unet,4415,0.0,8008,0,0.0
0.0,500000.0,0.5,2500.0,case_299,0,0,100.50341796875,103.7392578125,unet,4415,0.0,8008,0,0.0
0.0,500000.0,0.5,3000.0,case_299,0,0,600.50341796875,603.7392578125,unet,4415,0.0,8008,0,0.0
0.0,500000.0,0.5,5000.0,case_299,0,0,2600.50341796875,2603.7392578125,unet,4415,0.0,8008,0,0.0
0.0,500000.0,0.5,10000.0,case_299,0,0,7600.5029296875,7603.7392578125,unet,4415,0.0,8008,0,0.0
0.0,500000.0,0.5,25000.0,case_299,0,0,22600.50390625,22603.73828125,unet,4415,0.0,8008,0,0.0
0.0,500000.0,0.5,101325.0,case_299,0,0,98925.5,98928.7421875,unet,4415,0.0,8008,0,0.0
0.0,1000000.0,1.0,2500.0,case_300,31,2,-212.5869140625,-185.92578125,unet,4415,0.013486513486513486,7869,106,0.017107892107892108
0.0,1000000.0,1.0,3000.0,case_300,0,0,287.4130859375,314.07421875,unet,4415,0.0,8008,0,0.0
0.0,1000000.0,1.0,5000.0,case_300,0,0,2287.4130859375,2314.07421875,unet,4415,0.0,8008,0,0.0
0.0,1000000.0,1.0,10000.0,case_300,0,0,7287.4130859375,7314.07421875,unet,4415,0.0,8008,0,0.0
0.0,1000000.0,1.0,25000.0,case_300,0,0,22287.4140625,22314.07421875,unet,4415,0.0,8008,0,0.0
0.0,1000000.0,1.0,101325.0,case_300,0,0,98612.4140625,98639.0703125,unet,4415,0.0,8008,0,0.0
2.0,100000.0,0.09999999999999999,2500.0,case_301,0,0,195.148193359375,195.21240234375,unet,4415,0.0,8008,0,0.0
2.0,100000.0,0.09999999999999999,3000.0,case_301,0,0,695.148193359375,695.21240234375,unet,4415,0.0,8008,0,0.0
2.0,100000.0,0.09999999999999999,5000.0,case_301,0,0,2695.1484375,2695.21240234375,unet,4415,0.0,8008,0,0.0
2.0,100000.0,0.09999999999999999,10000.0,case_301,0,0,7695.1484375,7695.212890625,unet,4415,0.0,8008,0,0.0
2.0,100000.0,0.09999999999999999,25000.0,case_301,0,0,22695.1484375,22695.212890625,unet,4415,0.0,8008,0,0.0
2.0,100000.0,0.09999999999999999,101325.0,case_301,0,0,99020.1484375,99020.2109375,unet,4415,0.0,8008,0,0.0
2.0,200000.0,0.19999999999999998,2500.0,case_302,0,0,180.4794921875,180.712646484375,unet,4415,0.0,8008,0,0.0
2.0,200000.0,0.19999999999999998,3000.0,case_302,0,0,680.4794921875,680.712646484375,unet,4415,0.0,8008,0,0.0
2.0,200000.0,0.19999999999999998,5000.0,case_302,0,0,2680.4794921875,2680.71240234375,unet,4415,0.0,8008,0,0.0
2.0,200000.0,0.19999999999999998,10000.0,case_302,0,0,7680.4794921875,7680.712890625,unet,4415,0.0,8008,0,0.0
2.0,200000.0,0.19999999999999998,25000.0,case_302,0,0,22680.48046875,22680.712890625,unet,4415,0.0,8008,0,0.0
2.0,200000.0,0.19999999999999998,101325.0,case_302,0,0,99005.4765625,99005.7109375,unet,4415,0.0,8008,0,0.0
2.0,500000.0,0.5,2500.0,case_303,0,0,75.84423828125,78.5830078125,unet,4415,0.0,8008,0,0.0
2.0,500000.0,0.5,3000.0,case_303,0,0,575.84423828125,578.5830078125,unet,4415,0.0,8008,0,0.0
2.0,500000.0,0.5,5000.0,case_303,0,0,2575.84423828125,2578.5830078125,unet,4415,0.0,8008,0,0.0
2.0,500000.0,0.5,10000.0,case_303,0,0,7575.84375,7578.5830078125,unet,4415,0.0,8008,0,0.0
2.0,500000.0,0.5,25000.0,case_303,0,0,22575.84375,22578.583984375,unet,4415,0.0,8008,0,0.0
2.0,500000.0,0.5,101325.0,case_303,0,0,98900.84375,98903.5859375,unet,4415,0.0,8008,0,0.0
2.0,1000000.0,1.0,2500.0,case_304,25,1,-311.9652099609375,-286.8304443359375,unet,4415,0.025849150849150848,7776,206,0.028846153846153848
2.0,1000000.0,1.0,3000.0,case_304,0,0,188.034912109375,213.169677734375,unet,4415,0.0,8008,0,0.0
2.0,1000000.0,1.0,5000.0,case_304,0,0,2188.03466796875,2213.16943359375,unet,4415,0.0,8008,0,0.0
2.0,1000000.0,1.0,10000.0,case_304,0,0,7188.03515625,7213.169921875,unet,4415,0.0,8008,0,0.0
2.0,1000000.0,1.0,25000.0,case_304,0,0,22188.03515625,22213.169921875,unet,4415,0.0,8008,0,0.0
2.0,1000000.0,1.0,101325.0,case_304,0,0,98513.03125,98538.171875,unet,4415,0.0,8008,0,0.0
4.0,100000.0,0.09999999999999999,2500.0,case_305,0,0,193.87255859375,194.215087890625,unet,4415,0.0,8008,0,0.0
4.0,100000.0,0.09999999999999999,3000.0,case_305,0,0,693.87255859375,694.215087890625,unet,4415,0.0,8008,0,0.0
4.0,100000.0,0.09999999999999999,5000.0,case_305,0,0,2693.87255859375,2694.21533203125,unet,4415,0.0,8008,0,0.0
4.0,100000.0,0.09999999999999999,10000.0,case_305,0,0,7693.8720703125,7694.21484375,unet,4415,0.0,8008,0,0.0
4.0,100000.0,0.09999999999999999,25000.0,case_305,0,0,22693.873046875,22694.21484375,unet,4415,0.0,8008,0,0.0
4.0,100000.0,0.09999999999999999,101325.0,case_305,0,0,99018.875,99019.21875,unet,4415,0.0,8008,0,0.0
4.0,200000.0,0.19999999999999998,2500.0,case_306,0,0,175.31298828125,176.703125,unet,4415,0.0,8008,0,0.0
4.0,200000.0,0.19999999999999998,3000.0,case_306,0,0,675.31298828125,676.703125,unet,4415,0.0,8008,0,0.0
4.0,200000.0,0.19999999999999998,5000.0,case_306,0,0,2675.31298828125,2676.703125,unet,4415,0.0,8008,0,0.0
4.0,200000.0,0.19999999999999998,10000.0,case_306,0,0,7675.3125,7676.703125,unet,4415,0.0,8008,0,0.0
4.0,200000.0,0.19999999999999998,25000.0,case_306,0,0,22675.3125,22676.703125,unet,4415,0.0,8008,0,0.0
4.0,200000.0,0.19999999999999998,101325.0,case_306,0,0,99000.3125,99001.703125,unet,4415,0.0,8008,0,0.0
4.0,500000.0,0.5,2500.0,case_307,0,0,42.393310546875,53.306640625,unet,4415,0.0,8008,0,0.0
4.0,500000.0,0.5,3000.0,case_307,0,0,542.393310546875,553.306640625,unet,4415,0.0,8008,0,0.0
4.0,500000.0,0.5,5000.0,case_307,0,0,2542.39306640625,2553.306640625,unet,4415,0.0,8008,0,0.0
4.0,500000.0,0.5,10000.0,case_307,0,0,7542.3935546875,7553.306640625,unet,4415,0.0,8008,0,0.0
4.0,500000.0,0.5,25000.0,case_307,0,0,22542.392578125,22553.306640625,unet,4415,0.0,8008,0,0.0
4.0,500000.0,0.5,101325.0,case_307,0,0,98867.390625,98878.3046875,unet,4415,0.0,8008,0,0.0
4.0,1000000.0,1.0,2500.0,case_308,12,5,-452.394775390625,-388.2222900390625,unet,4415,0.04220779220779221,7658,333,0.04308191808191808
4.0,1000000.0,1.0,3000.0,case_308,0,0,47.605224609375,111.77783203125,unet,4415,0.0,8008,0,0.0
4.0,1000000.0,1.0,5000.0,case_308,0,0,2047.60546875,2111.77783203125,unet,4415,0.0,8008,0,0.0
4.0,1000000.0,1.0,10000.0,case_308,0,0,7047.60546875,7111.77734375,unet,4415,0.0,8008,0,0.0
4.0,1000000.0,1.0,25000.0,case_308,0,0,22047.60546875,22111.77734375,unet,4415,0.0,8008,0,0.0
4.0,1000000.0,1.0,101325.0,case_308,0,0,98372.6015625,98436.78125,unet,4415,0.0,8008,0,0.0
6.0,100000.0,0.09999999999999999,2500.0,case_309,0,0,192.406982421875,192.8759765625,unet,4415,0.0,8008,0,0.0
6.0,100000.0,0.09999999999999999,3000.0,case_309,0,0,692.406982421875,692.8759765625,unet,4415,0.0,8008,0,0.0
6.0,100000.0,0.09999999999999999,5000.0,case_309,0,0,2692.40673828125,2692.8759765625,unet,4415,0.0,8008,0,0.0
6.0,100000.0,0.09999999999999999,10000.0,case_309,0,0,7692.4072265625,7692.8759765625,unet,4415,0.0,8008,0,0.0
6.0,100000.0,0.09999999999999999,25000.0,case_309,0,0,22692.40625,22692.876953125,unet,4415,0.0,8008,0,0.0
6.0,100000.0,0.09999999999999999,101325.0,case_309,0,0,99017.40625,99017.875,unet,4415,0.0,8008,0,0.0
6.0,200000.0,0.19999999999999998,2500.0,case_310,0,0,169.44189453125,171.18603515625,unet,4415,0.0,8008,0,0.0
6.0,200000.0,0.19999999999999998,3000.0,case_310,0,0,669.44189453125,671.18603515625,unet,4415,0.0,8008,0,0.0
6.0,200000.0,0.19999999999999998,5000.0,case_310,0,0,2669.44189453125,2671.18603515625,unet,4415,0.0,8008,0,0.0
6.0,200000.0,0.19999999999999998,10000.0,case_310,0,0,7669.4423828125,7671.185546875,unet,4415,0.0,8008,0,0.0
6.0,200000.0,0.19999999999999998,25000.0,case_310,0,0,22669.44140625,22671.185546875,unet,4415,0.0,8008,0,0.0
6.0,200000.0,0.19999999999999998,101325.0,case_310,0,0,98994.4453125,98996.1875,unet,4415,0.0,8008,0,0.0
6.0,500000.0,0.5,2500.0,case_311,0,0,5.58740234375,21.34423828125,unet,4415,0.0,8008,0,0.0
6.0,500000.0,0.5,3000.0,case_311,0,0,505.58740234375,521.34423828125,unet,4415,0.0,8008,0,0.0
6.0,500000.0,0.5,5000.0,case_311,0,0,2505.58740234375,2521.34423828125,unet,4415,0.0,8008,0,0.0
6.0,500000.0,0.5,10000.0,case_311,0,0,7505.5869140625,7521.34375,unet,4415,0.0,8008,0,0.0
6.0,500000.0,0.5,25000.0,case_311,0,0,22505.587890625,22521.34375,unet,4415,0.0,8008,0,0.0
6.0,500000.0,0.5,101325.0,case_311,0,0,98830.5859375,98846.34375,unet,4415,0.0,8008,0,0.0
6.0,1000000.0,1.0,2500.0,case_312,1,72,-599.6611328125,-516.543701171875,unet,4415,0.06718281718281718,7469,466,0.05831668331668332
6.0,1000000.0,1.0,3000.0,case_312,0,9,-99.6611328125,-16.543701171875,unet,4415,0.0013736263736263737,7997,2,0.00024975024975024975
6.0,1000000.0,1.0,5000.0,case_312,0,0,1900.3388671875,1983.4560546875,unet,4415,0.0,8008,0,0.0
6.0,1000000.0,1.0,10000.0,case_312,0,0,6900.3388671875,6983.4560546875,unet,4415,0.0,8008,0,0.0
6.0,1000000.0,1.0,25000.0,case_312,0,0,21900.33984375,21983.45703125,unet,4415,0.0,8008,0,0.0
6.0,1000000.0,1.0,101325.0,case_312,0,0,98225.3359375,98308.453125,unet,4415,0.0,8008,0,0.0
8.0,100000.0,0.09999999999999999,2500.0,case_313,0,0,191.177490234375,190.748779296875,unet,4415,0.0,8008,0,0.0
8.0,100000.0,0.09999999999999999,3000.0,case_313,0,0,691.177490234375,690.748779296875,unet,4415,0.0,8008,0,0.0
8.0,100000.0,0.09999999999999999,5000.0,case_313,0,0,2691.177734375,2690.7490234375,unet,4415,0.0,8008,0,0.0
8.0,100000.0,0.09999999999999999,10000.0,case_313,0,0,7691.177734375,7690.7490234375,unet,4415,0.0,8008,0,0.0
8.0,100000.0,0.09999999999999999,25000.0,case_313,0,0,22691.177734375,22690.748046875,unet,4415,0.0,8008,0,0.0
8.0,100000.0,0.09999999999999999,101325.0,case_313,0,0,99016.1796875,99015.75,unet,4415,0.0,8008,0,0.0
8.0,200000.0,0.19999999999999998,2500.0,case_314,0,0,164.601318359375,163.7763671875,unet,4415,0.0,8008,0,0.0
8.0,200000.0,0.19999999999999998,3000.0,case_314,0,0,664.601318359375,663.7763671875,unet,4415,0.0,8008,0,0.0
8.0,200000.0,0.19999999999999998,5000.0,case_314,0,0,2664.6015625,2663.7763671875,unet,4415,0.0,8008,0,0.0
8.0,200000.0,0.19999999999999998,10000.0,case_314,0,0,7664.6015625,7663.7763671875,unet,4415,0.0,8008,0,0.0
8.0,200000.0,0.19999999999999998,25000.0,case_314,0,0,22664.6015625,22663.77734375,unet,4415,0.0,8008,0,0.0
8.0,200000.0,0.19999999999999998,101325.0,case_314,0,0,98989.6015625,98988.7734375,unet,4415,0.0,8008,0,0.0
8.0,500000.0,0.5,2500.0,case_315,0,3,-23.26806640625,-28.700927734375,unet,4415,0.000999000999000999,8000,5,0.0006243756243756244
8.0,500000.0,0.5,3000.0,case_315,0,0,476.73193359375,471.299072265625,unet,4415,0.0,8008,0,0.0
8.0,500000.0,0.5,5000.0,case_315,0,0,2476.73193359375,2471.29931640625,unet,4415,0.0,8008,0,0.0
8.0,500000.0,0.5,10000.0,case_315,0,0,7476.732421875,7471.298828125,unet,4415,0.0,8008,0,0.0
8.0,500000.0,0.5,25000.0,case_315,0,0,22476.732421875,22471.298828125,unet,4415,0.0,8008,0,0.0
8.0,500000.0,0.5,101325.0,case_315,0,0,98801.734375,98796.296875,unet,4415,0.0,8008,0,0.0
8.0,1000000.0,1.0,2500.0,case_316,1,159,-711.1353759765625,-717.94873046875,unet,4415,0.09502997002997003,7246,602,0.0752997002997003
8.0,1000000.0,1.0,3000.0,case_316,0,14,-211.13525390625,-217.94873046875,unet,4415,0.0036213786213786215,7979,15,0.0018731268731268732
8.0,1000000.0,1.0,5000.0,case_316,0,0,1788.86474609375,1782.05126953125,unet,4415,0.0,8008,0,0.0
8.0,1000000.0,1.0,10000.0,case_316,0,0,6788.8642578125,6782.0517578125,unet,4415,0.0,8008,0,0.0
8.0,1000000.0,1.0,25000.0,case_316,0,0,21788.865234375,21782.05078125,unet,4415,0.0,8008,0,0.0
8.0,1000000.0,1.0,101325.0,case_316,0,0,98113.8671875,98107.0546875,unet,4415,0.0,8008,0,0.0
10.0,100000.0,0.09999999999999999,2500.0,case_317,0,0,190.392578125,188.31005859375,unet,4415,0.0,8008,0,0.0
10.0,100000.0,0.09999999999999999,3000.0,case_317,0,0,690.392578125,688.31005859375,unet,4415,0.0,8008,0,0.0
10.0,100000.0,0.09999999999999999,5000.0,case_317,0,0,2690.392578125,2688.31005859375,unet,4415,0.0,8008,0,0.0
10.0,100000.0,0.09999999999999999,10000.0,case_317,0,0,7690.392578125,7688.310546875,unet,4415,0.0,8008,0,0.0
10.0,100000.0,0.09999999999999999,25000.0,case_317,0,0,22690.392578125,22688.310546875,unet,4415,0.0,8008,0,0.0
10.0,100000.0,0.09999999999999999,101325.0,case_317,0,0,99015.390625,99013.3125,unet,4415,0.0,8008,0,0.0
10.0,200000.0,0.19999999999999998,2500.0,case_318,0,0,161.513671875,152.28564453125,unet,4415,0.0,8008,0,0.0
10.0,200000.0,0.19999999999999998,3000.0,case_318,0,0,661.513671875,652.28564453125,unet,4415,0.0,8008,0,0.0
10.0,200000.0,0.19999999999999998,5000.0,case_318,0,0,2661.513671875,2652.28564453125,unet,4415,0.0,8008,0,0.0
10.0,200000.0,0.19999999999999998,10000.0,case_318,0,0,7661.513671875,7652.2861328125,unet,4415,0.0,8008,0,0.0
10.0,200000.0,0.19999999999999998,25000.0,case_318,0,0,22661.513671875,22652.28515625,unet,4415,0.0,8008,0,0.0
10.0,200000.0,0.19999999999999998,101325.0,case_318,0,0,98986.515625,98977.2890625,unet,4415,0.0,8008,0,0.0
10.0,500000.0,0.5,2500.0,case_319,2,0,-41.51611328125,-96.640869140625,unet,4415,0.0016233766233766235,7993,13,0.0018731268731268732
10.0,500000.0,0.5,3000.0,case_319,0,0,458.48388671875,403.359130859375,unet,4415,0.0,8008,0,0.0
10.0,500000.0,0.5,5000.0,case_319,0,0,2458.48388671875,2403.35888671875,unet,4415,0.0,8008,0,0.0
10.0,500000.0,0.5,10000.0,case_319,0,0,7458.4833984375,7403.359375,unet,4415,0.0,8008,0,0.0
10.0,500000.0,0.5,25000.0,case_319,0,0,22458.484375,22403.359375,unet,4415,0.0,8008,0,0.0
10.0,500000.0,0.5,101325.0,case_319,0,0,98783.484375,98728.359375,unet,4415,0.0,8008,0,0.0
10.0,1000000.0,1.0,2500.0,case_320,1,142,-771.3880615234375,-991.3204345703125,unet,4415,0.11026473526473526,7124,741,0.09265734265734266
10.0,1000000.0,1.0,3000.0,case_320,2,4,-271.3880615234375,-491.3204345703125,unet,4415,0.004370629370629371,7971,31,0.004120879120879121
10.0,1000000.0,1.0,5000.0,case_320,0,0,1728.61181640625,1508.6796875,unet,4415,0.0,8008,0,0.0
10.0,1000000.0,1.0,10000.0,case_320,0,0,6728.6123046875,6508.6796875,unet,4415,0.0,8008,0,0.0
10.0,1000000.0,1.0,25000.0,case_320,0,0,21728.611328125,21508.6796875,unet,4415,0.0,8008,0,0.0
10.0,1000000.0,1.0,101325.0,case_320,0,0,98053.609375,97833.6796875,unet,4415,0.0,8008,0,0.0
-4.0,100000.0,0.09999999999999999,2500.0,case_321,0,0,195.6904296875,195.163818359375,unet,4418,0.0,7975,0,0.0
-4.0,100000.0,0.09999999999999999,3000.0,case_321,0,0,695.6904296875,695.163818359375,unet,4418,0.0,7975,0,0.0
-4.0,100000.0,0.09999999999999999,5000.0,case_321,0,0,2695.6904296875,2695.1640625,unet,4418,0.0,7975,0,0.0
-4.0,100000.0,0.09999999999999999,10000.0,case_321,0,0,7695.6904296875,7695.1640625,unet,4418,0.0,7975,0,0.0
-4.0,100000.0,0.09999999999999999,25000.0,case_321,0,0,22695.689453125,22695.1640625,unet,4418,0.0,7975,0,0.0
-4.0,100000.0,0.09999999999999999,101325.0,case_321,0,0,99020.6875,99020.1640625,unet,4418,0.0,7975,0,0.0
-4.0,200000.0,0.19999999999999998,2500.0,case_322,0,0,182.78369140625,180.60693359375,unet,4418,0.0,7975,0,0.0
-4.0,200000.0,0.19999999999999998,3000.0,case_322,0,0,682.78369140625,680.60693359375,unet,4418,0.0,7975,0,0.0
-4.0,200000.0,0.19999999999999998,5000.0,case_322,0,0,2682.78369140625,2680.60693359375,unet,4418,0.0,7975,0,0.0
-4.0,200000.0,0.19999999999999998,10000.0,case_322,0,0,7682.783203125,7680.6064453125,unet,4418,0.0,7975,0,0.0
-4.0,200000.0,0.19999999999999998,25000.0,case_322,0,0,22682.783203125,22680.607421875,unet,4418,0.0,7975,0,0.0
-4.0,200000.0,0.19999999999999998,101325.0,case_322,0,0,99007.78125,99005.609375,unet,4418,0.0,7975,0,0.0
-4.0,500000.0,0.5,2500.0,case_323,0,0,92.85302734375,78.342529296875,unet,4418,0.0,7975,0,0.0
-4.0,500000.0,0.5,3000.0,case_323,0,0,592.85302734375,578.342529296875,unet,4418,0.0,7975,0,0.0
-4.0,500000.0,0.5,5000.0,case_323,0,0,2592.85302734375,2578.34228515625,unet,4418,0.0,7975,0,0.0
-4.0,500000.0,0.5,10000.0,case_323,0,0,7592.853515625,7578.3427734375,unet,4418,0.0,7975,0,0.0
-4.0,500000.0,0.5,25000.0,case_323,0,0,22592.853515625,22578.341796875,unet,4418,0.0,7975,0,0.0
-4.0,500000.0,0.5,101325.0,case_323,0,0,98917.8515625,98903.34375,unet,4418,0.0,7975,0,0.0
-4.0,1000000.0,1.0,2500.0,case_324,6,9,-224.98095703125,-287.235107421875,unet,4418,0.012789968652037617,7867,93,0.012413793103448275
-4.0,1000000.0,1.0,3000.0,case_324,0,0,275.01904296875,212.764892578125,unet,4418,0.0,7975,0,0.0
-4.0,1000000.0,1.0,5000.0,case_324,0,0,2275.01904296875,2212.76513671875,unet,4418,0.0,7975,0,0.0
-4.0,1000000.0,1.0,10000.0,case_324,0,0,7275.01953125,7212.7646484375,unet,4418,0.0,7975,0,0.0
-4.0,1000000.0,1.0,25000.0,case_324,0,0,22275.01953125,22212.765625,unet,4418,0.0,7975,0,0.0
-4.0,1000000.0,1.0,101325.0,case_324,0,0,98600.015625,98537.765625,unet,4418,0.0,7975,0,0.0
-2.0,100000.0,0.09999999999999999,2500.0,case_325,0,0,196.121826171875,196.4130859375,unet,4418,0.0,7975,0,0.0
-2.0,100000.0,0.09999999999999999,3000.0,case_325,0,0,696.121826171875,696.4130859375,unet,4418,0.0,7975,0,0.0
-2.0,100000.0,0.09999999999999999,5000.0,case_325,0,0,2696.1220703125,2696.4130859375,unet,4418,0.0,7975,0,0.0
-2.0,100000.0,0.09999999999999999,10000.0,case_325,0,0,7696.1220703125,7696.4130859375,unet,4418,0.0,7975,0,0.0
-2.0,100000.0,0.09999999999999999,25000.0,case_325,0,0,22696.12109375,22696.4140625,unet,4418,0.0,7975,0,0.0
-2.0,100000.0,0.09999999999999999,101325.0,case_325,0,0,99021.125,99021.4140625,unet,4418,0.0,7975,0,0.0
-2.0,200000.0,0.19999999999999998,2500.0,case_326,0,0,184.589599609375,185.549072265625,unet,4418,0.0,7975,0,0.0
-2.0,200000.0,0.19999999999999998,3000.0,case_326,0,0,684.589599609375,685.549072265625,unet,4418,0.0,7975,0,0.0
-2.0,200000.0,0.19999999999999998,5000.0,case_326,0,0,2684.58984375,2685.548828125,unet,4418,0.0,7975,0,0.0
-2.0,200000.0,0.19999999999999998,10000.0,case_326,0,0,7684.58984375,7685.548828125,unet,4418,0.0,7975,0,0.0
-2.0,200000.0,0.19999999999999998,25000.0,case_326,0,0,22684.58984375,22685.548828125,unet,4418,0.0,7975,0,0.0
-2.0,200000.0,0.19999999999999998,101325.0,case_326,0,0,99009.5859375,99010.546875,unet,4418,0.0,7975,0,0.0
-2.0,500000.0,0.5,2500.0,case_327,0,0,105.785888671875,109.31884765625,unet,4418,0.0,7975,0,0.0
-2.0,500000.0,0.5,3000.0,case_327,0,0,605.785888671875,609.31884765625,unet,4418,0.0,7975,0,0.0
-2.0,500000.0,0.5,5000.0,case_327,0,0,2605.78564453125,2609.31884765625,unet,4418,0.0,7975,0,0.0
-2.0,500000.0,0.5,10000.0,case_327,0,0,7605.7861328125,7609.3193359375,unet,4418,0.0,7975,0,0.0
-2.0,500000.0,0.5,25000.0,case_327,0,0,22605.78515625,22609.318359375,unet,4418,0.0,7975,0,0.0
-2.0,500000.0,0.5,101325.0,case_327,0,0,98930.7890625,98934.3203125,unet,4418,0.0,7975,0,0.0
-2.0,1000000.0,1.0,2500.0,case_328,18,5,-172.58447265625,-163.20556640625,unet,4418,0.012664576802507837,7856,96,0.014294670846394984
-2.0,1000000.0,1.0,3000.0,case_328,0,0,327.41552734375,336.79443359375,unet,4418,0.0,7975,0,0.0
-2.0,1000000.0,1.0,5000.0,case_328,0,0,2327.41552734375,2336.79443359375,unet,4418,0.0,7975,0,0.0
-2.0,1000000.0,1.0,10000.0,case_328,0,0,7327.416015625,7336.794921875,unet,4418,0.0,7975,0,0.0
-2.0,1000000.0,1.0,25000.0,case_328,0,0,22327.416015625,22336.794921875,unet,4418,0.0,7975,0,0.0
-2.0,1000000.0,1.0,101325.0,case_328,0,0,98652.4140625,98661.796875,unet,4418,0.0,7975,0,0.0
0.0,100000.0,0.09999999999999999,2500.0,case_329,0,0,195.564697265625,195.641357421875,unet,4418,0.0,7975,0,0.0
0.0,100000.0,0.09999999999999999,3000.0,case_329,0,0,695.564697265625,695.641357421875,unet,4418,0.0,7975,0,0.0
0.0,100000.0,0.09999999999999999,5000.0,case_329,0,0,2695.56494140625,2695.6416015625,unet,4418,0.0,7975,0,0.0
0.0,100000.0,0.09999999999999999,10000.0,case_329,0,0,7695.564453125,7695.6416015625,unet,4418,0.0,7975,0,0.0
0.0,100000.0,0.09999999999999999,25000.0,case_329,0,0,22695.564453125,22695.640625,unet,4418,0.0,7975,0,0.0
0.0,100000.0,0.09999999999999999,101325.0,case_329,0,0,99020.5625,99020.640625,unet,4418,0.0,7975,0,0.0
0.0,200000.0,0.19999999999999998,2500.0,case_330,0,0,182.1416015625,182.413818359375,unet,4418,0.0,7975,0,0.0
0.0,200000.0,0.19999999999999998,3000.0,case_330,0,0,682.1416015625,682.413818359375,unet,4418,0.0,7975,0,0.0
0.0,200000.0,0.19999999999999998,5000.0,case_330,0,0,2682.1416015625,2682.4140625,unet,4418,0.0,7975,0,0.0
0.0,200000.0,0.19999999999999998,10000.0,case_330,0,0,7682.1416015625,7682.4140625,unet,4418,0.0,7975,0,0.0
0.0,200000.0,0.19999999999999998,25000.0,case_330,0,0,22682.140625,22682.4140625,unet,4418,0.0,7975,0,0.0
0.0,200000.0,0.19999999999999998,101325.0,case_330,0,0,99007.140625,99007.4140625,unet,4418,0.0,7975,0,0.0
0.0,500000.0,0.5,2500.0,case_331,0,0,86.185302734375,89.517578125,unet,4418,0.0,7975,0,0.0
0.0,500000.0,0.5,3000.0,case_331,0,0,586.185302734375,589.517578125,unet,4418,0.0,7975,0,0.0
0.0,500000.0,0.5,5000.0,case_331,0,0,2586.18505859375,2589.517578125,unet,4418,0.0,7975,0,0.0
0.0,500000.0,0.5,10000.0,case_331,0,0,7586.185546875,7589.517578125,unet,4418,0.0,7975,0,0.0
0.0,500000.0,0.5,25000.0,case_331,0,0,22586.185546875,22589.517578125,unet,4418,0.0,7975,0,0.0
0.0,500000.0,0.5,101325.0,case_331,0,0,98911.1875,98914.515625,unet,4418,0.0,7975,0,0.0
0.0,1000000.0,1.0,2500.0,case_332,41,1,-269.874267578125,-244.50146484375,unet,4418,0.016927899686520375,7799,134,0.0219435736677116
0.0,1000000.0,1.0,3000.0,case_332,0,0,230.125732421875,255.49853515625,unet,4418,0.0,7975,0,0.0
0.0,1000000.0,1.0,5000.0,case_332,0,0,2230.1259765625,2255.49853515625,unet,4418,0.0,7975,0,0.0
0.0,1000000.0,1.0,10000.0,case_332,0,0,7230.1259765625,7255.4990234375,unet,4418,0.0,7975,0,0.0
0.0,1000000.0,1.0,25000.0,case_332,0,0,22230.125,22255.498046875,unet,4418,0.0,7975,0,0.0
0.0,1000000.0,1.0,101325.0,case_332,0,0,98555.125,98580.5,unet,4418,0.0,7975,0,0.0
2.0,100000.0,0.09999999999999999,2500.0,case_333,0,0,194.58544921875,194.81201171875,unet,4418,0.0,7975,0,0.0
2.0,100000.0,0.09999999999999999,3000.0,case_333,0,0,694.58544921875,694.81201171875,unet,4418,0.0,7975,0,0.0
2.0,100000.0,0.09999999999999999,5000.0,case_333,0,0,2694.58544921875,2694.81201171875,unet,4418,0.0,7975,0,0.0
2.0,100000.0,0.09999999999999999,10000.0,case_333,0,0,7694.5859375,7694.8115234375,unet,4418,0.0,7975,0,0.0
2.0,100000.0,0.09999999999999999,25000.0,case_333,0,0,22694.5859375,22694.8125,unet,4418,0.0,7975,0,0.0
2.0,100000.0,0.09999999999999999,101325.0,case_333,0,0,99019.5859375,99019.8125,unet,4418,0.0,7975,0,0.0
2.0,200000.0,0.19999999999999998,2500.0,case_334,0,0,178.217041015625,179.06689453125,unet,4418,0.0,7975,0,0.0
2.0,200000.0,0.19999999999999998,3000.0,case_334,0,0,678.217041015625,679.06689453125,unet,4418,0.0,7975,0,0.0
2.0,200000.0,0.19999999999999998,5000.0,case_334,0,0,2678.21728515625,2679.06689453125,unet,4418,0.0,7975,0,0.0
2.0,200000.0,0.19999999999999998,10000.0,case_334,0,0,7678.216796875,7679.0673828125,unet,4418,0.0,7975,0,0.0
2.0,200000.0,0.19999999999999998,25000.0,case_334,0,0,22678.216796875,22679.06640625,unet,4418,0.0,7975,0,0.0
2.0,200000.0,0.19999999999999998,101325.0,case_334,0,0,99003.21875,99004.0703125,unet,4418,0.0,7975,0,0.0
2.0,500000.0,0.5,2500.0,case_335,0,0,61.506591796875,68.273681640625,unet,4418,0.0,7975,0,0.0
2.0,500000.0,0.5,3000.0,case_335,0,0,561.506591796875,568.273681640625,unet,4418,0.0,7975,0,0.0
2.0,500000.0,0.5,5000.0,case_335,0,0,2561.50634765625,2568.2734375,unet,4418,0.0,7975,0,0.0
2.0,500000.0,0.5,10000.0,case_335,0,0,7561.5068359375,7568.2734375,unet,4418,0.0,7975,0,0.0
2.0,500000.0,0.5,25000.0,case_335,0,0,22561.505859375,22568.2734375,unet,4418,0.0,7975,0,0.0
2.0,500000.0,0.5,101325.0,case_335,0,0,98886.5078125,98893.2734375,unet,4418,0.0,7975,0,0.0
2.0,1000000.0,1.0,2500.0,case_336,43,1,-369.7724609375,-328.09521484375,unet,4418,0.02821316614420063,7707,224,0.03347962382445141
2.0,1000000.0,1.0,3000.0,case_336,0,0,130.2275390625,171.90478515625,unet,4418,0.0,7975,0,0.0
2.0,1000000.0,1.0,5000.0,case_336,0,0,2130.2275390625,2171.90478515625,unet,4418,0.0,7975,0,0.0
2.0,1000000.0,1.0,10000.0,case_336,0,0,7130.2275390625,7171.904296875,unet,4418,0.0,7975,0,0.0
2.0,1000000.0,1.0,25000.0,case_336,0,0,22130.2265625,22171.904296875,unet,4418,0.0,7975,0,0.0
2.0,1000000.0,1.0,101325.0,case_336,0,0,98455.2265625,98496.90625,unet,4418,0.0,7975,0,0.0
4.0,100000.0,0.09999999999999999,2500.0,case_337,0,0,193.421142578125,193.659423828125,unet,4418,0.0,7975,0,0.0
4.0,100000.0,0.09999999999999999,3000.0,case_337,0,0,693.421142578125,693.659423828125,unet,4418,0.0,7975,0,0.0
4.0,100000.0,0.09999999999999999,5000.0,case_337,0,0,2693.42138671875,2693.6591796875,unet,4418,0.0,7975,0,0.0
4.0,100000.0,0.09999999999999999,10000.0,case_337,0,0,7693.4208984375,7693.6591796875,unet,4418,0.0,7975,0,0.0
4.0,100000.0,0.09999999999999999,25000.0,case_337,0,0,22693.421875,22693.66015625,unet,4418,0.0,7975,0,0.0
4.0,100000.0,0.09999999999999999,101325.0,case_337,0,0,99018.421875,99018.65625,unet,4418,0.0,7975,0,0.0
4.0,200000.0,0.19999999999999998,2500.0,case_338,0,0,173.5302734375,174.443359375,unet,4418,0.0,7975,0,0.0
4.0,200000.0,0.19999999999999998,3000.0,case_338,0,0,673.5302734375,674.443359375,unet,4418,0.0,7975,0,0.0
4.0,200000.0,0.19999999999999998,5000.0,case_338,0,0,2673.5302734375,2674.443359375,unet,4418,0.0,7975,0,0.0
4.0,200000.0,0.19999999999999998,10000.0,case_338,0,0,7673.5302734375,7674.443359375,unet,4418,0.0,7975,0,0.0
4.0,200000.0,0.19999999999999998,25000.0,case_338,0,0,22673.529296875,22674.443359375,unet,4418,0.0,7975,0,0.0
4.0,200000.0,0.19999999999999998,101325.0,case_338,0,0,98998.53125,98999.4453125,unet,4418,0.0,7975,0,0.0
4.0,500000.0,0.5,2500.0,case_339,0,0,31.6591796875,39.06787109375,unet,4418,0.0,7975,0,0.0
4.0,500000.0,0.5,3000.0,case_339,0,0,531.6591796875,539.06787109375,unet,4418,0.0,7975,0,0.0
4.0,500000.0,0.5,5000.0,case_339,0,0,2531.6591796875,2539.06787109375,unet,4418,0.0,7975,0,0.0
4.0,500000.0,0.5,10000.0,case_339,0,0,7531.6591796875,7539.068359375,unet,4418,0.0,7975,0,0.0
4.0,500000.0,0.5,25000.0,case_339,0,0,22531.658203125,22539.068359375,unet,4418,0.0,7975,0,0.0
4.0,500000.0,0.5,101325.0,case_339,0,0,98856.65625,98864.0703125,unet,4418,0.0,7975,0,0.0
4.0,1000000.0,1.0,2500.0,case_340,18,5,-492.777587890625,-445.319091796875,unet,4418,0.046144200626959245,7589,363,0.047774294670846394
4.0,1000000.0,1.0,3000.0,case_340,0,0,7.222412109375,54.680908203125,unet,4418,0.0,7975,0,0.0
4.0,1000000.0,1.0,5000.0,case_340,0,0,2007.22216796875,2054.68115234375,unet,4418,0.0,7975,0,0.0
4.0,1000000.0,1.0,10000.0,case_340,0,0,7007.22265625,7054.6806640625,unet,4418,0.0,7975,0,0.0
4.0,1000000.0,1.0,25000.0,case_340,0,0,22007.22265625,22054.681640625,unet,4418,0.0,7975,0,0.0
4.0,1000000.0,1.0,101325.0,case_340,0,0,98332.21875,98379.6796875,unet,4418,0.0,7975,0,0.0
6.0,100000.0,0.09999999999999999,2500.0,case_341,0,0,192.18798828125,192.252197265625,unet,4418,0.0,7975,0,0.0
6.0,100000.0,0.09999999999999999,3000.0,case_341,0,0,692.18798828125,692.252197265625,unet,4418,0.0,7975,0,0.0
6.0,100000.0,0.09999999999999999,5000.0,case_341,0,0,2692.18798828125,2692.25244140625,unet,4418,0.0,7975,0,0.0
6.0,100000.0,0.09999999999999999,10000.0,case_341,0,0,7692.1884765625,7692.251953125,unet,4418,0.0,7975,0,0.0
6.0,100000.0,0.09999999999999999,25000.0,case_341,0,0,22692.1875,22692.251953125,unet,4418,0.0,7975,0,0.0
6.0,100000.0,0.09999999999999999,101325.0,case_341,0,0,99017.1875,99017.25,unet,4418,0.0,7975,0,0.0
6.0,200000.0,0.19999999999999998,2500.0,case_342,0,0,168.616943359375,168.659912109375,unet,4418,0.0,7975,0,0.0
6.0,200000.0,0.19999999999999998,3000.0,case_342,0,0,668.616943359375,668.659912109375,unet,4418,0.0,7975,0,0.0
6.0,200000.0,0.19999999999999998,5000.0,case_342,0,0,2668.6171875,2668.66015625,unet,4418,0.0,7975,0,0.0
6.0,200000.0,0.19999999999999998,10000.0,case_342,0,0,7668.6171875,7668.66015625,unet,4418,0.0,7975,0,0.0
6.0,200000.0,0.19999999999999998,25000.0,case_342,0,0,22668.6171875,22668.66015625,unet,4418,0.0,7975,0,0.0
6.0,200000.0,0.19999999999999998,101325.0,case_342,0,0,98993.6171875,98993.65625,unet,4418,0.0,7975,0,0.0
6.0,500000.0,0.5,2500.0,case_343,0,0,1.367431640625,5.263671875,unet,4418,0.0,7975,0,0.0
6.0,500000.0,0.5,3000.0,case_343,0,0,501.367431640625,505.263671875,unet,4418,0.0,7975,0,0.0
6.0,500000.0,0.5,5000.0,case_343,0,0,2501.3671875,2505.263671875,unet,4418,0.0,7975,0,0.0
6.0,500000.0,0.5,10000.0,case_343,0,0,7501.3671875,7505.263671875,unet,4418,0.0,7975,0,0.0
6.0,500000.0,0.5,25000.0,case_343,0,0,22501.3671875,22505.263671875,unet,4418,0.0,7975,0,0.0
6.0,500000.0,0.5,101325.0,case_343,0,0,98826.3671875,98830.265625,unet,4418,0.0,7975,0,0.0
6.0,1000000.0,1.0,2500.0,case_344,9,72,-610.4193115234375,-589.1917724609375,unet,4418,0.07310344827586207,7383,511,0.0652037617554859
6.0,1000000.0,1.0,3000.0,case_344,0,9,-110.41943359375,-89.19189453125,unet,4418,0.002006269592476489,7959,7,0.0008777429467084639
6.0,1000000.0,1.0,5000.0,case_344,0,0,1889.58056640625,1910.80810546875,unet,4418,0.0,7975,0,0.0
6.0,1000000.0,1.0,10000.0,case_344,0,0,6889.5810546875,6910.80859375,unet,4418,0.0,7975,0,0.0
6.0,1000000.0,1.0,25000.0,case_344,0,0,21889.580078125,21910.80859375,unet,4418,0.0,7975,0,0.0
6.0,1000000.0,1.0,101325.0,case_344,0,0,98214.578125,98235.8046875,unet,4418,0.0,7975,0,0.0
8.0,100000.0,0.09999999999999999,2500.0,case_345,0,0,191.240478515625,190.67626953125,unet,4418,0.0,7975,0,0.0
8.0,100000.0,0.09999999999999999,3000.0,case_345,0,0,691.240478515625,690.67626953125,unet,4418,0.0,7975,0,0.0
8.0,100000.0,0.09999999999999999,5000.0,case_345,0,0,2691.240234375,2690.67626953125,unet,4418,0.0,7975,0,0.0
8.0,100000.0,0.09999999999999999,10000.0,case_345,0,0,7691.240234375,7690.6767578125,unet,4418,0.0,7975,0,0.0
8.0,100000.0,0.09999999999999999,25000.0,case_345,0,0,22691.240234375,22690.67578125,unet,4418,0.0,7975,0,0.0
8.0,100000.0,0.09999999999999999,101325.0,case_345,0,0,99016.2421875,99015.6796875,unet,4418,0.0,7975,0,0.0
8.0,200000.0,0.19999999999999998,2500.0,case_346,0,0,164.87744140625,163.216796875,unet,4418,0.0,7975,0,0.0
8.0,200000.0,0.19999999999999998,3000.0,case_346,0,0,664.87744140625,663.216796875,unet,4418,0.0,7975,0,0.0
8.0,200000.0,0.19999999999999998,5000.0,case_346,0,0,2664.87744140625,2663.216796875,unet,4418,0.0,7975,0,0.0
8.0,200000.0,0.19999999999999998,10000.0,case_346,0,0,7664.8779296875,7663.216796875,unet,4418,0.0,7975,0,0.0
8.0,200000.0,0.19999999999999998,25000.0,case_346,0,0,22664.876953125,22663.216796875,unet,4418,0.0,7975,0,0.0
8.0,200000.0,0.19999999999999998,101325.0,case_346,0,0,98989.875,98988.21875,unet,4418,0.0,7975,0,0.0
8.0,500000.0,0.5,2500.0,case_347,0,6,-21.0,-32.08056640625,unet,4418,0.0015047021943573667,7963,6,0.0007523510971786833
8.0,500000.0,0.5,3000.0,case_347,0,0,479.0,467.91943359375,unet,4418,0.0,7975,0,0.0
8.0,500000.0,0.5,5000.0,case_347,0,0,2479.0,2467.91943359375,unet,4418,0.0,7975,0,0.0
8.0,500000.0,0.5,10000.0,case_347,0,0,7479.0,7467.919921875,unet,4418,0.0,7975,0,0.0
8.0,500000.0,0.5,25000.0,case_347,0,0,22479.0,22467.919921875,unet,4418,0.0,7975,0,0.0
8.0,500000.0,0.5,101325.0,case_347,0,0,98804.0,98792.921875,unet,4418,0.0,7975,0,0.0
8.0,1000000.0,1.0,2500.0,case_348,6,163,-692.690673828125,-731.254150390625,unet,4418,0.1006896551724138,7166,640,0.08100313479623825
8.0,1000000.0,1.0,3000.0,case_348,1,12,-192.690673828125,-231.254150390625,unet,4418,0.004137931034482759,7941,21,0.002758620689655172
8.0,1000000.0,1.0,5000.0,case_348,0,0,1807.3095703125,1768.745849609375,unet,4418,0.0,7975,0,0.0
8.0,1000000.0,1.0,10000.0,case_348,0,0,6807.3095703125,6768.74609375,unet,4418,0.0,7975,0,0.0
8.0,1000000.0,1.0,25000.0,case_348,0,0,21807.30859375,21768.74609375,unet,4418,0.0,7975,0,0.0
8.0,1000000.0,1.0,101325.0,case_348,0,0,98132.3125,98093.7421875,unet,4418,0.0,7975,0,0.0
10.0,100000.0,0.09999999999999999,2500.0,case_349,0,0,190.8916015625,188.794677734375,unet,4418,0.0,7975,0,0.0
10.0,100000.0,0.09999999999999999,3000.0,case_349,0,0,690.8916015625,688.794677734375,unet,4418,0.0,7975,0,0.0
10.0,100000.0,0.09999999999999999,5000.0,case_349,0,0,2690.8916015625,2688.794921875,unet,4418,0.0,7975,0,0.0
10.0,100000.0,0.09999999999999999,10000.0,case_349,0,0,7690.8916015625,7688.794921875,unet,4418,0.0,7975,0,0.0
10.0,100000.0,0.09999999999999999,25000.0,case_349,0,0,22690.890625,22688.794921875,unet,4418,0.0,7975,0,0.0
10.0,100000.0,0.09999999999999999,101325.0,case_349,0,0,99015.890625,99013.796875,unet,4418,0.0,7975,0,0.0
10.0,200000.0,0.19999999999999998,2500.0,case_350,0,0,163.551513671875,155.97265625,unet,4418,0.0,7975,0,0.0
10.0,200000.0,0.19999999999999998,3000.0,case_350,0,0,663.551513671875,655.97265625,unet,4418,0.0,7975,0,0.0
10.0,200000.0,0.19999999999999998,5000.0,case_350,0,0,2663.5517578125,2655.97265625,unet,4418,0.0,7975,0,0.0
10.0,200000.0,0.19999999999999998,10000.0,case_350,0,0,7663.5517578125,7655.97265625,unet,4418,0.0,7975,0,0.0
10.0,200000.0,0.19999999999999998,25000.0,case_350,0,0,22663.55078125,22655.97265625,unet,4418,0.0,7975,0,0.0
10.0,200000.0,0.19999999999999998,101325.0,case_350,0,0,98988.5546875,98980.9765625,unet,4418,0.0,7975,0,0.0
10.0,500000.0,0.5,2500.0,case_351,5,0,-28.024658203125,-77.8056640625,unet,4418,0.0018808777429467085,7955,15,0.0025078369905956114
10.0,500000.0,0.5,3000.0,case_351,0,0,471.975341796875,422.1943359375,unet,4418,0.0,7975,0,0.0
10.0,500000.0,0.5,5000.0,case_351,0,0,2471.9755859375,2422.1943359375,unet,4418,0.0,7975,0,0.0
10.0,500000.0,0.5,10000.0,case_351,0,0,7471.9755859375,7422.1943359375,unet,4418,0.0,7975,0,0.0
10.0,500000.0,0.5,25000.0,case_351,0,0,22471.974609375,22422.1953125,unet,4418,0.0,7975,0,0.0
10.0,500000.0,0.5,101325.0,case_351,0,0,98796.9765625,98747.1953125,unet,4418,0.0,7975,0,0.0
10.0,1000000.0,1.0,2500.0,case_352,7,103,-712.92724609375,-914.831787109375,unet,4418,0.11084639498432602,7084,781,0.09880877742946709
10.0,1000000.0,1.0,3000.0,case_352,4,0,-212.92724609375,-414.831787109375,unet,4418,0.0045141065830721005,7935,36,0.005015673981191223
10.0,1000000.0,1.0,5000.0,case_352,0,0,1787.07275390625,1585.168212890625,unet,4418,0.0,7975,0,0.0
10.0,1000000.0,1.0,10000.0,case_352,0,0,6787.072265625,6585.16796875,unet,4418,0.0,7975,0,0.0
10.0,1000000.0,1.0,25000.0,case_352,0,0,21787.072265625,21585.16796875,unet,4418,0.0,7975,0,0.0
10.0,1000000.0,1.0,101325.0,case_352,0,0,98112.0703125,97910.171875,unet,4418,0.0,7975,0,0.0
-4.0,100000.0,0.09999999999999999,2500.0,case_353,0,0,194.83740234375,194.055419921875,unet,4421,0.0,7934,0,0.0
-4.0,100000.0,0.09999999999999999,3000.0,case_353,0,0,694.83740234375,694.055419921875,unet,4421,0.0,7934,0,0.0
-4.0,100000.0,0.09999999999999999,5000.0,case_353,0,0,2694.83740234375,2694.05517578125,unet,4421,0.0,7934,0,0.0
-4.0,100000.0,0.09999999999999999,10000.0,case_353,0,0,7694.837890625,7694.0556640625,unet,4421,0.0,7934,0,0.0
-4.0,100000.0,0.09999999999999999,25000.0,case_353,0,0,22694.837890625,22694.0546875,unet,4421,0.0,7934,0,0.0
-4.0,100000.0,0.09999999999999999,101325.0,case_353,0,0,99019.8359375,99019.0546875,unet,4421,0.0,7934,0,0.0
-4.0,200000.0,0.19999999999999998,2500.0,case_354,0,0,179.380615234375,176.024169921875,unet,4421,0.0,7934,0,0.0
-4.0,200000.0,0.19999999999999998,3000.0,case_354,0,0,679.380615234375,676.024169921875,unet,4421,0.0,7934,0,0.0
-4.0,200000.0,0.19999999999999998,5000.0,case_354,0,0,2679.380859375,2676.02392578125,unet,4421,0.0,7934,0,0.0
-4.0,200000.0,0.19999999999999998,10000.0,case_354,0,0,7679.380859375,7676.0244140625,unet,4421,0.0,7934,0,0.0
-4.0,200000.0,0.19999999999999998,25000.0,case_354,0,0,22679.380859375,22676.0234375,unet,4421,0.0,7934,0,0.0
-4.0,200000.0,0.19999999999999998,101325.0,case_354,0,0,99004.3828125,99001.0234375,unet,4421,0.0,7934,0,0.0
-4.0,500000.0,0.5,2500.0,case_355,0,0,71.759521484375,52.4892578125,unet,4421,0.0,7934,0,0.0
-4.0,500000.0,0.5,3000.0,case_355,0,0,571.759521484375,552.4892578125,unet,4421,0.0,7934,0,0.0
-4.0,500000.0,0.5,5000.0,case_355,0,0,2571.759765625,2552.4892578125,unet,4421,0.0,7934,0,0.0
-4.0,500000.0,0.5,10000.0,case_355,0,0,7571.759765625,7552.4892578125,unet,4421,0.0,7934,0,0.0
-4.0,500000.0,0.5,25000.0,case_355,0,0,22571.759765625,22552.490234375,unet,4421,0.0,7934,0,0.0
-4.0,500000.0,0.5,101325.0,case_355,0,0,98896.7578125,98877.4921875,unet,4421,0.0,7934,0,0.0
-4.0,1000000.0,1.0,2500.0,case_356,29,7,-307.9521484375,-391.12109375,unet,4421,0.01487269977312831,7787,111,0.017645576002016636
-4.0,1000000.0,1.0,3000.0,case_356,0,0,192.0478515625,108.87890625,unet,4421,0.0,7934,0,0.0
-4.0,1000000.0,1.0,5000.0,case_356,0,0,2192.0478515625,2108.87890625,unet,4421,0.0,7934,0,0.0
-4.0,1000000.0,1.0,10000.0,case_356,0,0,7192.0478515625,7108.87890625,unet,4421,0.0,7934,0,0.0
-4.0,1000000.0,1.0,25000.0,case_356,0,0,22192.046875,22108.87890625,unet,4421,0.0,7934,0,0.0
-4.0,1000000.0,1.0,101325.0,case_356,0,0,98517.046875,98433.875,unet,4421,0.0,7934,0,0.0
-2.0,100000.0,0.09999999999999999,2500.0,case_357,0,0,195.369384765625,195.863037109375,unet,4421,0.0,7934,0,0.0
-2.0,100000.0,0.09999999999999999,3000.0,case_357,0,0,695.369384765625,695.863037109375,unet,4421,0.0,7934,0,0.0
-2.0,100000.0,0.09999999999999999,5000.0,case_357,0,0,2695.36962890625,2695.86279296875,unet,4421,0.0,7934,0,0.0
-2.0,100000.0,0.09999999999999999,10000.0,case_357,0,0,7695.369140625,7695.86328125,unet,4421,0.0,7934,0,0.0
-2.0,100000.0,0.09999999999999999,25000.0,case_357,0,0,22695.369140625,22695.86328125,unet,4421,0.0,7934,0,0.0
-2.0,100000.0,0.09999999999999999,101325.0,case_357,0,0,99020.3671875,99020.859375,unet,4421,0.0,7934,0,0.0
-2.0,200000.0,0.19999999999999998,2500.0,case_358,0,0,181.59912109375,183.114990234375,unet,4421,0.0,7934,0,0.0
-2.0,200000.0,0.19999999999999998,3000.0,case_358,0,0,681.59912109375,683.114990234375,unet,4421,0.0,7934,0,0.0
-2.0,200000.0,0.19999999999999998,5000.0,case_358,0,0,2681.59912109375,2683.11474609375,unet,4421,0.0,7934,0,0.0
-2.0,200000.0,0.19999999999999998,10000.0,case_358,0,0,7681.599609375,7683.115234375,unet,4421,0.0,7934,0,0.0
-2.0,200000.0,0.19999999999999998,25000.0,case_358,0,0,22681.599609375,22683.115234375,unet,4421,0.0,7934,0,0.0
-2.0,200000.0,0.19999999999999998,101325.0,case_358,0,0,99006.6015625,99008.1171875,unet,4421,0.0,7934,0,0.0
-2.0,500000.0,0.5,2500.0,case_359,0,0,87.450439453125,96.83984375,unet,4421,0.0,7934,0,0.0
-2.0,500000.0,0.5,3000.0,case_359,0,0,587.450439453125,596.83984375,unet,4421,0.0,7934,0,0.0
-2.0,500000.0,0.5,5000.0,case_359,0,0,2587.4501953125,2596.83984375,unet,4421,0.0,7934,0,0.0
-2.0,500000.0,0.5,10000.0,case_359,0,0,7587.4501953125,7596.83984375,unet,4421,0.0,7934,0,0.0
-2.0,500000.0,0.5,25000.0,case_359,0,0,22587.451171875,22596.83984375,unet,4421,0.0,7934,0,0.0
-2.0,500000.0,0.5,101325.0,case_359,0,0,98912.453125,98921.84375,unet,4421,0.0,7934,0,0.0
-2.0,1000000.0,1.0,2500.0,case_360,38,6,-231.449951171875,-213.081298828125,unet,4421,0.015502898916057474,7773,117,0.019536173430804132
-2.0,1000000.0,1.0,3000.0,case_360,0,0,268.550048828125,286.918701171875,unet,4421,0.0,7934,0,0.0
-2.0,1000000.0,1.0,5000.0,case_360,0,0,2268.55029296875,2286.9189453125,unet,4421,0.0,7934,0,0.0
-2.0,1000000.0,1.0,10000.0,case_360,0,0,7268.5498046875,7286.9189453125,unet,4421,0.0,7934,0,0.0
-2.0,1000000.0,1.0,25000.0,case_360,0,0,22268.55078125,22286.91796875,unet,4421,0.0,7934,0,0.0
-2.0,1000000.0,1.0,101325.0,case_360,0,0,98593.546875,98611.921875,unet,4421,0.0,7934,0,0.0
0.0,100000.0,0.09999999999999999,2500.0,case_361,0,0,195.270263671875,195.320556640625,unet,4421,0.0,7934,0,0.0
0.0,100000.0,0.09999999999999999,3000.0,case_361,0,0,695.270263671875,695.320556640625,unet,4421,0.0,7934,0,0.0
0.0,100000.0,0.09999999999999999,5000.0,case_361,0,0,2695.2705078125,2695.32080078125,unet,4421,0.0,7934,0,0.0
0.0,100000.0,0.09999999999999999,10000.0,case_361,0,0,7695.2705078125,7695.3203125,unet,4421,0.0,7934,0,0.0
0.0,100000.0,0.09999999999999999,25000.0,case_361,0,0,22695.26953125,22695.3203125,unet,4421,0.0,7934,0,0.0
0.0,100000.0,0.09999999999999999,101325.0,case_361,0,0,99020.2734375,99020.3203125,unet,4421,0.0,7934,0,0.0
0.0,200000.0,0.19999999999999998,2500.0,case_362,0,0,180.97900390625,181.122314453125,unet,4421,0.0,7934,0,0.0
0.0,200000.0,0.19999999999999998,3000.0,case_362,0,0,680.97900390625,681.122314453125,unet,4421,0.0,7934,0,0.0
0.0,200000.0,0.19999999999999998,5000.0,case_362,0,0,2680.97900390625,2681.1220703125,unet,4421,0.0,7934,0,0.0
0.0,200000.0,0.19999999999999998,10000.0,case_362,0,0,7680.9794921875,7681.1220703125,unet,4421,0.0,7934,0,0.0
0.0,200000.0,0.19999999999999998,25000.0,case_362,0,0,22680.978515625,22681.123046875,unet,4421,0.0,7934,0,0.0
0.0,200000.0,0.19999999999999998,101325.0,case_362,0,0,99005.9765625,99006.125,unet,4421,0.0,7934,0,0.0
0.0,500000.0,0.5,2500.0,case_363,0,0,79.195068359375,81.4111328125,unet,4421,0.0,7934,0,0.0
0.0,500000.0,0.5,3000.0,case_363,0,0,579.195068359375,581.4111328125,unet,4421,0.0,7934,0,0.0
0.0,500000.0,0.5,5000.0,case_363,0,0,2579.1953125,2581.4111328125,unet,4421,0.0,7934,0,0.0
0.0,500000.0,0.5,10000.0,case_363,0,0,7579.1953125,7581.4111328125,unet,4421,0.0,7934,0,0.0
0.0,500000.0,0.5,25000.0,case_363,0,0,22579.1953125,22581.41015625,unet,4421,0.0,7934,0,0.0
0.0,500000.0,0.5,101325.0,case_363,0,0,98904.1953125,98906.4140625,unet,4421,0.0,7934,0,0.0
0.0,1000000.0,1.0,2500.0,case_364,55,0,-296.166259765625,-275.1463623046875,unet,4421,0.019536173430804132,7724,155,0.026468364003024956
0.0,1000000.0,1.0,3000.0,case_364,0,0,203.833740234375,224.853515625,unet,4421,0.0,7934,0,0.0
0.0,1000000.0,1.0,5000.0,case_364,0,0,2203.833984375,2224.853515625,unet,4421,0.0,7934,0,0.0
0.0,1000000.0,1.0,10000.0,case_364,0,0,7203.833984375,7224.853515625,unet,4421,0.0,7934,0,0.0
0.0,1000000.0,1.0,25000.0,case_364,0,0,22203.833984375,22224.853515625,unet,4421,0.0,7934,0,0.0
0.0,1000000.0,1.0,101325.0,case_364,0,0,98528.8359375,98549.8515625,unet,4421,0.0,7934,0,0.0
2.0,100000.0,0.09999999999999999,2500.0,case_365,0,0,194.391845703125,194.20361328125,unet,4421,0.0,7934,0,0.0
2.0,100000.0,0.09999999999999999,3000.0,case_365,0,0,694.391845703125,694.20361328125,unet,4421,0.0,7934,0,0.0
2.0,100000.0,0.09999999999999999,5000.0,case_365,0,0,2694.39208984375,2694.20361328125,unet,4421,0.0,7934,0,0.0
2.0,100000.0,0.09999999999999999,10000.0,case_365,0,0,7694.3916015625,7694.203125,unet,4421,0.0,7934,0,0.0
2.0,100000.0,0.09999999999999999,25000.0,case_365,0,0,22694.392578125,22694.203125,unet,4421,0.0,7934,0,0.0
2.0,100000.0,0.09999999999999999,101325.0,case_365,0,0,99019.390625,99019.203125,unet,4421,0.0,7934,0,0.0
2.0,200000.0,0.19999999999999998,2500.0,case_366,0,0,177.458740234375,176.790283203125,unet,4421,0.0,7934,0,0.0
2.0,200000.0,0.19999999999999998,3000.0,case_366,0,0,677.458740234375,676.790283203125,unet,4421,0.0,7934,0,0.0
2.0,200000.0,0.19999999999999998,5000.0,case_366,0,0,2677.45849609375,2676.7900390625,unet,4421,0.0,7934,0,0.0
2.0,200000.0,0.19999999999999998,10000.0,case_366,0,0,7677.458984375,7676.7900390625,unet,4421,0.0,7934,0,0.0
2.0,200000.0,0.19999999999999998,25000.0,case_366,0,0,22677.458984375,22676.791015625,unet,4421,0.0,7934,0,0.0
2.0,200000.0,0.19999999999999998,101325.0,case_366,0,0,99002.4609375,99001.7890625,unet,4421,0.0,7934,0,0.0
2.0,500000.0,0.5,2500.0,case_367,0,0,57.039306640625,53.83642578125,unet,4421,0.0,7934,0,0.0
2.0,500000.0,0.5,3000.0,case_367,0,0,557.039306640625,553.83642578125,unet,4421,0.0,7934,0,0.0
2.0,500000.0,0.5,5000.0,case_367,0,0,2557.0390625,2553.83642578125,unet,4421,0.0,7934,0,0.0
2.0,500000.0,0.5,10000.0,case_367,0,0,7557.0390625,7553.8369140625,unet,4421,0.0,7934,0,0.0
2.0,500000.0,0.5,25000.0,case_367,0,0,22557.0390625,22553.8359375,unet,4421,0.0,7934,0,0.0
2.0,500000.0,0.5,101325.0,case_367,0,0,98882.0390625,98878.8359375,unet,4421,0.0,7934,0,0.0
2.0,1000000.0,1.0,2500.0,case_368,49,0,-387.559814453125,-386.089111328125,unet,4421,0.030501638517771615,7643,242,0.03667759011847744
2.0,1000000.0,1.0,3000.0,case_368,0,0,112.440185546875,113.910888671875,unet,4421,0.0,7934,0,0.0
2.0,1000000.0,1.0,5000.0,case_368,0,0,2112.4404296875,2113.9111328125,unet,4421,0.0,7934,0,0.0
2.0,1000000.0,1.0,10000.0,case_368,0,0,7112.4404296875,7113.9111328125,unet,4421,0.0,7934,0,0.0
2.0,1000000.0,1.0,25000.0,case_368,0,0,22112.439453125,22113.91015625,unet,4421,0.0,7934,0,0.0
2.0,1000000.0,1.0,101325.0,case_368,0,0,98437.4375,98438.9140625,unet,4421,0.0,7934,0,0.0
4.0,100000.0,0.09999999999999999,2500.0,case_369,0,0,193.37353515625,193.08447265625,unet,4421,0.0,7934,0,0.0
4.0,100000.0,0.09999999999999999,3000.0,case_369,0,0,693.37353515625,693.08447265625,unet,4421,0.0,7934,0,0.0
4.0,100000.0,0.09999999999999999,5000.0,case_369,0,0,2693.37353515625,2693.08447265625,unet,4421,0.0,7934,0,0.0
4.0,100000.0,0.09999999999999999,10000.0,case_369,0,0,7693.373046875,7693.0849609375,unet,4421,0.0,7934,0,0.0
4.0,100000.0,0.09999999999999999,25000.0,case_369,0,0,22693.373046875,22693.083984375,unet,4421,0.0,7934,0,0.0
4.0,100000.0,0.09999999999999999,101325.0,case_369,0,0,99018.375,99018.0859375,unet,4421,0.0,7934,0,0.0
4.0,200000.0,0.19999999999999998,2500.0,case_370,0,0,173.368896484375,172.399658203125,unet,4421,0.0,7934,0,0.0
4.0,200000.0,0.19999999999999998,3000.0,case_370,0,0,673.368896484375,672.399658203125,unet,4421,0.0,7934,0,0.0
4.0,200000.0,0.19999999999999998,5000.0,case_370,0,0,2673.36865234375,2672.3994140625,unet,4421,0.0,7934,0,0.0
4.0,200000.0,0.19999999999999998,10000.0,case_370,0,0,7673.369140625,7672.3994140625,unet,4421,0.0,7934,0,0.0
4.0,200000.0,0.19999999999999998,25000.0,case_370,0,0,22673.369140625,22672.400390625,unet,4421,0.0,7934,0,0.0
4.0,200000.0,0.19999999999999998,101325.0,case_370,0,0,98998.3671875,98997.3984375,unet,4421,0.0,7934,0,0.0
4.0,500000.0,0.5,2500.0,case_371,0,0,31.209716796875,26.00341796875,unet,4421,0.0,7934,0,0.0
4.0,500000.0,0.5,3000.0,case_371,0,0,531.209716796875,526.00341796875,unet,4421,0.0,7934,0,0.0
4.0,500000.0,0.5,5000.0,case_371,0,0,2531.20947265625,2526.00341796875,unet,4421,0.0,7934,0,0.0
4.0,500000.0,0.5,10000.0,case_371,0,0,7531.2099609375,7526.00390625,unet,4421,0.0,7934,0,0.0
4.0,500000.0,0.5,25000.0,case_371,0,0,22531.208984375,22526.00390625,unet,4421,0.0,7934,0,0.0
4.0,500000.0,0.5,101325.0,case_371,0,0,98856.2109375,98851.0,unet,4421,0.0,7934,0,0.0
4.0,1000000.0,1.0,2500.0,case_372,26,1,-490.767333984375,-497.9439697265625,unet,4421,0.04764305520544492,7530,377,0.05079405092009075
4.0,1000000.0,1.0,3000.0,case_372,0,0,9.232666015625,2.05615234375,unet,4421,0.0,7934,0,0.0
4.0,1000000.0,1.0,5000.0,case_372,0,0,2009.23291015625,2002.05615234375,unet,4421,0.0,7934,0,0.0
4.0,1000000.0,1.0,10000.0,case_372,0,0,7009.232421875,7002.0556640625,unet,4421,0.0,7934,0,0.0
4.0,1000000.0,1.0,25000.0,case_372,0,0,22009.232421875,22002.056640625,unet,4421,0.0,7934,0,0.0
4.0,1000000.0,1.0,101325.0,case_372,0,0,98334.234375,98327.0546875,unet,4421,0.0,7934,0,0.0
6.0,100000.0,0.09999999999999999,2500.0,case_373,0,0,192.30126953125,191.972900390625,unet,4421,0.0,7934,0,0.0
6.0,100000.0,0.09999999999999999,3000.0,case_373,0,0,692.30126953125,691.972900390625,unet,4421,0.0,7934,0,0.0
6.0,100000.0,0.09999999999999999,5000.0,case_373,0,0,2692.30126953125,2691.97314453125,unet,4421,0.0,7934,0,0.0
6.0,100000.0,0.09999999999999999,10000.0,case_373,0,0,7692.3017578125,7691.97265625,unet,4421,0.0,7934,0,0.0
6.0,100000.0,0.09999999999999999,25000.0,case_373,0,0,22692.30078125,22691.97265625,unet,4421,0.0,7934,0,0.0
6.0,100000.0,0.09999999999999999,101325.0,case_373,0,0,99017.3046875,99016.9765625,unet,4421,0.0,7934,0,0.0
6.0,200000.0,0.19999999999999998,2500.0,case_374,0,0,169.08056640625,167.510498046875,unet,4421,0.0,7934,0,0.0
6.0,200000.0,0.19999999999999998,3000.0,case_374,0,0,669.08056640625,667.510498046875,unet,4421,0.0,7934,0,0.0
6.0,200000.0,0.19999999999999998,5000.0,case_374,0,0,2669.08056640625,2667.5107421875,unet,4421,0.0,7934,0,0.0
6.0,200000.0,0.19999999999999998,10000.0,case_374,0,0,7669.080078125,7667.5107421875,unet,4421,0.0,7934,0,0.0
6.0,200000.0,0.19999999999999998,25000.0,case_374,0,0,22669.080078125,22667.509765625,unet,4421,0.0,7934,0,0.0
6.0,200000.0,0.19999999999999998,101325.0,case_374,0,0,98994.078125,98992.5078125,unet,4421,0.0,7934,0,0.0
6.0,500000.0,0.5,2500.0,case_375,1,0,4.448486328125,-1.529052734375,unet,4421,0.0,7933,0,0.00012603982858583313
6.0,500000.0,0.5,3000.0,case_375,0,0,504.448486328125,498.470947265625,unet,4421,0.0,7934,0,0.0
6.0,500000.0,0.5,5000.0,case_375,0,0,2504.4482421875,2498.47119140625,unet,4421,0.0,7934,0,0.0
6.0,500000.0,0.5,10000.0,case_375,0,0,7504.4482421875,7498.470703125,unet,4421,0.0,7934,0,0.0
6.0,500000.0,0.5,25000.0,case_375,0,0,22504.44921875,22498.470703125,unet,4421,0.0,7934,0,0.0
6.0,500000.0,0.5,101325.0,case_375,0,0,98829.4453125,98823.46875,unet,4421,0.0,7934,0,0.0
6.0,1000000.0,1.0,2500.0,case_376,8,68,-596.97509765625,-608.5853271484375,unet,4421,0.07360725989412654,7342,516,0.06604487017897656
6.0,1000000.0,1.0,3000.0,case_376,0,10,-96.97509765625,-108.58544921875,unet,4421,0.0025207965717166624,7914,10,0.0012603982858583312
6.0,1000000.0,1.0,5000.0,case_376,0,0,1903.02490234375,1891.41455078125,unet,4421,0.0,7934,0,0.0
6.0,1000000.0,1.0,10000.0,case_376,0,0,6903.0244140625,6891.4150390625,unet,4421,0.0,7934,0,0.0
6.0,1000000.0,1.0,25000.0,case_376,0,0,21903.025390625,21891.4140625,unet,4421,0.0,7934,0,0.0
6.0,1000000.0,1.0,101325.0,case_376,0,0,98228.0234375,98216.4140625,unet,4421,0.0,7934,0,0.0
8.0,100000.0,0.09999999999999999,2500.0,case_377,0,0,191.474365234375,190.576416015625,unet,4421,0.0,7934,0,0.0
8.0,100000.0,0.09999999999999999,3000.0,case_377,0,0,691.474365234375,690.576416015625,unet,4421,0.0,7934,0,0.0
8.0,100000.0,0.09999999999999999,5000.0,case_377,0,0,2691.474609375,2690.57666015625,unet,4421,0.0,7934,0,0.0
8.0,100000.0,0.09999999999999999,10000.0,case_377,0,0,7691.474609375,7690.576171875,unet,4421,0.0,7934,0,0.0
8.0,100000.0,0.09999999999999999,25000.0,case_377,0,0,22691.474609375,22690.576171875,unet,4421,0.0,7934,0,0.0
8.0,100000.0,0.09999999999999999,101325.0,case_377,0,0,99016.4765625,99015.578125,unet,4421,0.0,7934,0,0.0
8.0,200000.0,0.19999999999999998,2500.0,case_378,0,0,165.811279296875,161.784912109375,unet,4421,0.0,7934,0,0.0
8.0,200000.0,0.19999999999999998,3000.0,case_378,0,0,665.811279296875,661.784912109375,unet,4421,0.0,7934,0,0.0
8.0,200000.0,0.19999999999999998,5000.0,case_378,0,0,2665.8115234375,2661.78466796875,unet,4421,0.0,7934,0,0.0
8.0,200000.0,0.19999999999999998,10000.0,case_378,0,0,7665.8115234375,7661.78515625,unet,4421,0.0,7934,0,0.0
8.0,200000.0,0.19999999999999998,25000.0,case_378,0,0,22665.810546875,22661.78515625,unet,4421,0.0,7934,0,0.0
8.0,200000.0,0.19999999999999998,101325.0,case_378,0,0,98990.8125,98986.78125,unet,4421,0.0,7934,0,0.0
8.0,500000.0,0.5,2500.0,case_379,1,2,-15.221435546875,-34.330810546875,unet,4421,0.0015124779430299975,7921,10,0.0013864381144441643
8.0,500000.0,0.5,3000.0,case_379,0,0,484.778564453125,465.669189453125,unet,4421,0.0,7934,0,0.0
8.0,500000.0,0.5,5000.0,case_379,0,0,2484.77880859375,2465.66943359375,unet,4421,0.0,7934,0,0.0
8.0,500000.0,0.5,10000.0,case_379,0,0,7484.7783203125,7465.6689453125,unet,4421,0.0,7934,0,0.0
8.0,500000.0,0.5,25000.0,case_379,0,0,22484.779296875,22465.669921875,unet,4421,0.0,7934,0,0.0
8.0,500000.0,0.5,101325.0,case_379,0,0,98809.78125,98790.671875,unet,4421,0.0,7934,0,0.0
8.0,1000000.0,1.0,2500.0,case_380,4,136,-670.127197265625,-740.7806396484375,unet,4421,0.09868918578270734,7147,647,0.08205192840937736
8.0,1000000.0,1.0,3000.0,case_380,0,7,-170.127197265625,-240.78076171875,unet,4421,0.004285354171918326,7900,27,0.0034030753718174945
8.0,1000000.0,1.0,5000.0,case_380,0,0,1829.873046875,1759.21923828125,unet,4421,0.0,7934,0,0.0
8.0,1000000.0,1.0,10000.0,case_380,0,0,6829.873046875,6759.2197265625,unet,4421,0.0,7934,0,0.0
8.0,1000000.0,1.0,25000.0,case_380,0,0,21829.873046875,21759.21875,unet,4421,0.0,7934,0,0.0
8.0,1000000.0,1.0,101325.0,case_380,0,0,98154.875,98084.21875,unet,4421,0.0,7934,0,0.0
10.0,100000.0,0.09999999999999999,2500.0,case_381,0,0,191.070068359375,188.969970703125,unet,4421,0.0,7934,0,0.0
10.0,100000.0,0.09999999999999999,3000.0,case_381,0,0,691.070068359375,688.969970703125,unet,4421,0.0,7934,0,0.0
10.0,100000.0,0.09999999999999999,5000.0,case_381,0,0,2691.06982421875,2688.97021484375,unet,4421,0.0,7934,0,0.0
10.0,100000.0,0.09999999999999999,10000.0,case_381,0,0,7691.0703125,7688.9697265625,unet,4421,0.0,7934,0,0.0
10.0,100000.0,0.09999999999999999,25000.0,case_381,0,0,22691.0703125,22688.970703125,unet,4421,0.0,7934,0,0.0
10.0,100000.0,0.09999999999999999,101325.0,case_381,0,0,99016.0703125,99013.96875,unet,4421,0.0,7934,0,0.0
10.0,200000.0,0.19999999999999998,2500.0,case_382,0,0,164.25634765625,155.2451171875,unet,4421,0.0,7934,0,0.0
10.0,200000.0,0.19999999999999998,3000.0,case_382,0,0,664.25634765625,655.2451171875,unet,4421,0.0,7934,0,0.0
10.0,200000.0,0.19999999999999998,5000.0,case_382,0,0,2664.25634765625,2655.2451171875,unet,4421,0.0,7934,0,0.0
10.0,200000.0,0.19999999999999998,10000.0,case_382,0,0,7664.2568359375,7655.2451171875,unet,4421,0.0,7934,0,0.0
10.0,200000.0,0.19999999999999998,25000.0,case_382,0,0,22664.255859375,22655.244140625,unet,4421,0.0,7934,0,0.0
10.0,200000.0,0.19999999999999998,101325.0,case_382,0,0,98989.2578125,98980.2421875,unet,4421,0.0,7934,0,0.0
10.0,500000.0,0.5,2500.0,case_383,5,1,-24.03955078125,-73.640380859375,unet,4421,0.0026468364003024956,7908,20,0.003150995714645828
10.0,500000.0,0.5,3000.0,case_383,0,0,475.96044921875,426.359619140625,unet,4421,0.0,7934,0,0.0
10.0,500000.0,0.5,5000.0,case_383,0,0,2475.96044921875,2426.35986328125,unet,4421,0.0,7934,0,0.0
10.0,500000.0,0.5,10000.0,case_383,0,0,7475.9599609375,7426.359375,unet,4421,0.0,7934,0,0.0
10.0,500000.0,0.5,25000.0,case_383,0,0,22475.9609375,22426.359375,unet,4421,0.0,7934,0,0.0
10.0,500000.0,0.5,101325.0,case_383,0,0,98800.9609375,98751.359375,unet,4421,0.0,7934,0,0.0
10.0,1000000.0,1.0,2500.0,case_384,4,83,-700.62158203125,-898.7900390625,unet,4421,0.10927653138391732,7063,784,0.0993193849256365
10.0,1000000.0,1.0,3000.0,case_384,6,0,-200.62158203125,-398.7900390625,unet,4421,0.004915553314847491,7889,39,0.00567179228636249
10.0,1000000.0,1.0,5000.0,case_384,0,0,1799.37841796875,1601.2099609375,unet,4421,0.0,7934,0,0.0
10.0,1000000.0,1.0,10000.0,case_384,0,0,6799.3779296875,6601.2099609375,unet,4421,0.0,7934,0,0.0
10.0,1000000.0,1.0,25000.0,case_384,0,0,21799.37890625,21601.2109375,unet,4421,0.0,7934,0,0.0
10.0,1000000.0,1.0,101325.0,case_384,0,0,98124.375,97926.2109375,unet,4421,0.0,7934,0,0.0
